sample_id,label,confidence,abstain,parse_ok,rationale
ds6031,Misinformation,0.9,False,True,"The image is confirmed to be AI-generated, which categorically classifies it as misinformation regardless of the context or claim about 'project ribbit thunder'. The surreal combination of a tank and a floating frog further supports the conclusion that this image does not represent a real declassified military image."
3397,Misinformation,0.9,False,True,"The image is confirmed to be AI-generated, which leads to the classification of the claim as misinformation regardless of the content of the headline. Additionally, the evidence indicates that Planet Hollywood Las Vegas is owned by Caesars Entertainment, not a corporation based in Paris, Texas."
ds2700,Not Misinformation,0.9,False,True,"The image depicts a scaled quail standing on one leg, which is consistent with the behavior of these birds as noted in field observations. Additionally, the visual veracity assessment indicates that the image is not AI-generated. The claim aligns well with the observed behavior of scaled quails."
ds4880,Not Misinformation,0.9,False,True,"Lindsay Lohan was indeed spotted wearing a hijab at the London Modest Fashion Week, which aligns with the claim. The image is confirmed to be a genuine photograph, and there are multiple sources discussing her appearance and the mixed reactions it has generated on social media. The evidence supports the claim that she wore a hijab and that it sparked discussions online."
ds8852,Not Misinformation,0.6,False,True,"The image shows three teddy bears, which aligns with part of the claim. However, there is no confirmation of a stuffed cat or that the setting is a bedroom wall, leading to partial alignment with the claim. The visual veracity indicates that the image is not AI-generated, which supports the claim's authenticity."
7551,Not Misinformation,0.9,False,True,"The claim about snow falling in Kielder Water, Northumberland, is supported by multiple sources confirming snowfall in the area and predictions for more snow over the weekend. The image aligns with the claim, depicting a snowy landscape, and there is no indication that it is AI-generated. Additionally, evidence from reliable sources such as the BBC confirms snowfall in parts of the UK, including Kielder Water."
365,Misinformation,0.9,False,True,"The image is confirmed to be AI-generated, which categorically classifies it as misinformation regardless of the alignment with the headline. The visual veracity confidence is above the threshold, indicating manipulation or generation of the image."
ds4717,Misinformation,0.9,False,True,"The claim that Khloe Kardashian was forced by Tristan Thompson to follow a strict pregnancy diet after a binge on cookies and ice cream is supported by multiple sources indicating that Tristan has indeed influenced Khloe's diet during her pregnancy. The evidence suggests that she has struggled with binge eating and has made dietary adjustments, which aligns with the claim."
4718,Not Misinformation,0.9,False,True,"The claim about Jennifer Lopez potentially taking a break from Alex Rodriguez is supported by evidence that they did indeed take a break and eventually broke up. The image is confirmed to be genuine and not AI-generated, which supports the credibility of the claim."
ds4306,Not Misinformation,0.9,False,True,"The claim that Eric Trump stated it would be 'foolish' for his father to release tax returns is supported by multiple credible sources. Eric Trump made this statement during interviews in August 2016, emphasizing that releasing the tax returns while under audit would lead to uninformed assumptions. The image of Eric Trump aligns with the context of the claim, and there are no indications of AI generation."
ds1370,Not Misinformation,0.9,False,True,"The image depicts Kris and Bruce Jenner at the Academy of Country Music Awards, which aligns with the claim. Evidence confirms their attendance at the event in 2009."
ds2101,Not Misinformation,0.9,False,True,"The image accurately depicts a table with two wine glasses and a centerpiece, which aligns with the claim. Additionally, there are no indications that the image is AI-generated, and the description of the table setting is consistent with common knowledge about centerpieces and table decor."
5000,Misinformation,0.9,False,True,"The claim that Obama admitted to a secret deal with China to hand over U.S. territory to settle debt is unfounded and misleading. There is no evidence supporting such a deal, and the context of U.S.-China relations during Obama's presidency involved complex diplomatic engagements rather than any territorial handover. Additionally, the claim misrepresents the nature of U.S. debt to China and the historical context of Hong Kong's status. The image does not provide any relevant context to support the claim."
ds4724,Not Misinformation,0.9,False,True,"The claim that George and Amal Clooney are sleeping in separate bedrooms is not supported by credible evidence. Reports indicate that while there are rumors of marital issues, they have been seen together publicly and are described as a happy couple. Additionally, the specific claim about their sleeping arrangements has been refuted by sources stating that they have adapted to each other's habits over the years."
ds6329,Misinformation,0.9,False,True,"The image is confirmed to be AI-generated, which is a definitive indicator of misinformation. Additionally, the content of the image does not relate to the subjects mentioned in the headline, further supporting the classification as misinformation."
ds1157,Not Misinformation,0.9,False,True,"The image does not appear to be AI-generated and shows a banner related to the pope, which aligns with the claim about a person holding a banner during the pope's procession. The evidence confirms that the pope has visited Fifth Avenue and St. Patrick's Cathedral, supporting the context of the claim."
5013,Not Misinformation,0.9,False,True,"The image does not depict Brooke Burke or any specific event related to her dating revelation or divorce, but the headline is supported by evidence regarding her current engagement and past relationship status. The visual veracity indicates the image is genuine, and the claims in the headline are substantiated by multiple sources discussing her relationship with Scott Rigsby and her divorce from David Charvet."
3983,Misinformation,0.9,False,True,"The image is confirmed to be AI-generated, which is a definitive indicator of misinformation. Additionally, the claim about the film's director and release year is accurate, but the image does not support the claim and is unrelated to the film."
ds9980,Not Misinformation,0.6,False,True,"The image depicts a child who appears to be smiling, which aligns with the claim about an Iraqi girl. However, the specific context of settling in a field near a Kurdish checkpoint is not clearly supported by the evidence. The visual veracity indicates that the image is not AI-generated, but the lack of direct evidence linking the image to the specific claim reduces confidence."
ds2354,Not Misinformation,0.9,False,True,"The image depicts a big plane flying low on a cloudy sky, which aligns with the claim. There are no indications that the image is AI-generated, and the context of low-flying planes is supported by recent reports and explanations regarding flight behavior in cloudy conditions."
ds9501,Misinformation,0.9,False,True,"The claim that Ford's reelection campaign was brilliant is misleading, as historical evidence shows that Gerald Ford's 1976 presidential campaign was unsuccessful. He lost to Jimmy Carter, and the campaign faced significant challenges, including public cynicism due to the Watergate scandal. This contradicts the assertion of brilliance in the campaign."
ds4,Not Misinformation,0.9,False,True,"The claim that Charlie Hebdo's surviving staff left their Paris offices for a temporary home at Liberation newspaper is supported by multiple sources. After the attacks in January 2015, the staff did indeed move into the offices of Liberation temporarily before relocating to rented office space later. This is corroborated by evidence from reputable sources such as The New York Times and ABC News. The image does not appear to be AI-generated and depicts a memorial related to the events, which aligns with the context of the claim."
ds3871,Misinformation,0.9,False,True,"The image is confirmed to be AI-generated, which leads to the classification of the claim as misinformation. Additionally, Meghan Markle's actual birth date is August 4, 1981, not July."
8830,Not Misinformation,0.6,False,True,"The image does not appear to be AI-generated and depicts a traditional clock. However, the context of the clock being against a barn is not supported by the evidence, as the image does not show a barn. While there are instances of clocks on barns, the specific claim lacks direct visual support."
ds5053,Not Misinformation,0.9,False,True,"The claim that drinking green tea daily may increase lifespan is supported by multiple studies indicating potential health benefits, including reduced risk of cardiovascular disease and longevity. The evidence suggests a correlation between green tea consumption and increased lifespan, particularly in elderly populations. The image is relevant to the claim as it depicts tea leaves, which are directly related to green tea."
ds2437,Not Misinformation,0.6,False,True,"The image does not depict an animal food tray or cage, but rather a disc golf basket, which is unrelated to the claim. The visual veracity indicates that the image is genuine, and while the claim about an empty animal food tray is plausible, it is not supported by the image provided."
ds6090,Misinformation,0.9,False,True,"The image is confirmed to be AI-generated, which categorically qualifies it as misinformation. Additionally, the claim about Outside Lands being fun is misleading since the festival did not occur in 2023, with the next event scheduled for 2026."
ds742,Not Misinformation,0.6,False,True,"The image depicts a protest scene with demonstrators holding a banner that says 'WALL OFF TRUMP,' which aligns with the claim about demonstrators forming a barrier against Trump. However, the evidence does not confirm that demonstrators specifically blocked Trump at Quicken Loans Arena, as sources indicate protests occurred nearby but do not detail any obstruction of Trump himself. The visual veracity indicates the image is not AI-generated, supporting its authenticity."
ds1754,Not Misinformation,0.9,False,True,"The image and headline accurately depict Benedict Cumberbatch portraying Julian Assange in the film 'The Fifth Estate.' The evidence confirms that Cumberbatch plays this role in a biographical thriller about WikiLeaks, aligning with the claim made in the headline."
4580,Not Misinformation,0.6,False,True,"The image does not confirm the specific subjects mentioned in the headline, and while it shows three women, it does not provide evidence that Kourtney Kardashian explicitly picks Kylie Jenner's lip kit over Kim Kardashian's contour sticks. The context of the headline is not represented in the image. However, there are connections between Kourtney and Kylie in the beauty industry, as seen in the Kourt X Kylie Collection, which suggests a relationship but does not confirm the claim. The visual veracity indicates the image is genuine and not AI-generated."
ds50,Not Misinformation,0.9,False,True,"The claim that Rachael Drouet has still not tracked down the owners of the decorations is supported by multiple sources. The evidence confirms that Rachael Drouet's cat, Theo, has been stealing Christmas decorations, and she has not been able to find the owners of these items. This is corroborated by articles from UPI and BBC News, which specifically mention her ongoing efforts to locate the rightful owners."
8392,Not Misinformation,0.9,False,True,"The image does not appear to be AI-generated and is a genuine photograph. The headline accurately reflects the allegations made by Oregon Attorney General Ellen Rosenblum against GNC regarding the sale of supplements containing synthetic chemicals. The evidence supports the claim that GNC was sued for selling products with illegal ingredients, specifically BMPEA and picamilon."
ds7878,Not Misinformation,0.9,False,True,"The image depicts a realistic scene of individuals wading through floodwaters, which aligns with the claim of a family in a flood situation. The evidence confirms that significant flooding has occurred in Harinagar, Satkhira, due to heavy rainfall and embankment collapses, affecting local communities. The claim about a Bangladeshi family wading through flood water is plausible given the context of recent flooding in the area."
ds4278,Misinformation,0.9,False,True,"The claim that Russian mansions seized by Obama were meant as illegal gifts to Sasha and Malia is false. There is no evidence supporting the idea that these mansions were intended as gifts to the Obama daughters. The mansions in question were seized as part of sanctions against Russia for election interference, not as gifts. Additionally, the sources confirm that the properties were diplomatic compounds and not related to personal gifts to the Obamas."
ds6954,Misinformation,0.9,False,True,"The image is AI-generated, depicting a surreal scene that does not relate to the claim about Prof Martin Hairer. The visual veracity confidence is high, indicating that the image is indeed AI-generated. Additionally, the claim about Prof Hairer's teaching position is misleading as he teaches at EPFL and Imperial College London, not the University of Warwick."
ds3520,Misinformation,0.9,False,True,Ice-T did not sign with Sire Records at the age of 18 in 1987; he was actually 29 years old at that time. The claim is factually incorrect based on multiple sources confirming his birth date and the year he signed with the label.
7044,Not Misinformation,0.9,False,True,"The image does not appear to be AI-generated, and there is substantial evidence confirming that Hillary Clinton has spoken at rallies in Columbus, Ohio. The context of her being at a rally aligns with historical events, particularly in 2016. The image shows a woman resembling Hillary Clinton, and while the specific rally context is not confirmed, the claim is supported by evidence of her past rallies in Columbus."
ds9094,Misinformation,0.9,False,True,"The image is confirmed to be AI-generated, as indicated by the nonsensical text present in the image. This directly violates the claim's integrity, regardless of the relevance of the visual content to the headline."
ds3303,Not Misinformation,0.9,False,True,"The claim that Scandinavia includes the remote Norwegian islands of Svalbard and Jan Mayen is not accurate. While Svalbard is part of the Kingdom of Norway, it is not considered part of geographical Norway or the Scandinavian region, which traditionally includes only Norway, Sweden, and Denmark. This is supported by multiple sources that clarify the distinction between Nordic and Scandinavian regions."
ds7131,Not Misinformation,0.6,False,True,"While the image shows a singer performing, which aligns with the context of the headline, there is no specific evidence confirming the details about the dress and jewels worn by Karen O. The performance is confirmed, but the specifics about her attire are not verifiable from the provided sources."
ds7823,Misinformation,0.9,False,True,"The image does not depict the Berlaymont building, which is the subject of the claim. The description in the headline is not supported by the visual content, indicating a mismatch between the image and the claim."
1047,Not Misinformation,0.9,False,True,"The evidence confirms that Governor Matt Bevin did address the Kentucky Chamber of Commerce dinner on January 7, 2016. Multiple sources corroborate this event, including a specific mention in a news article and a Wikipedia entry. The image does not appear to be AI-generated, further supporting the authenticity of the claim."
ds8744,Not Misinformation,0.6,False,True,"The image shows a shirtless man on a skateboard in mid-air, which aligns with the claim. However, the context regarding the people below him is unclear. The visual veracity indicates that the image is not AI-generated, but the confidence in the overall claim is moderate due to the lack of clarity about the surrounding context."
ds9896,Not Misinformation,0.9,False,True,"The image is confirmed to be a genuine photograph, and there is no evidence supporting the claim that Alan Johnson has a bad case of any health issue. Recent news indicates he is in a positive personal situation, having recently married, and there are no current reports of health issues. The claim appears to be unfounded."
ds3482,Not Misinformation,0.9,False,True,"The claim that 'Gotham City Sirens failed to be published' is incorrect. Evidence shows that the series has been published and continues to have new issues released, with ongoing developments as of 2024. The image aligns with the subject matter, depicting comic book covers related to 'Gotham City Sirens'."
3081,Misinformation,0.9,False,True,"The claim that 'Story of My Life' was recorded exclusively by a girl band is false. The song is primarily known for being recorded by the boy band One Direction, and there is no evidence supporting that a girl band recorded it. Additionally, the evidence confirms that One Direction is the group associated with this song."
6149,Misinformation,0.9,False,True,"The image is identified as AI-generated with a confidence of 0.8, which meets the definitive rule for misinformation. The surreal depiction of a dog reading a book, along with nonsensical text, indicates manipulation typical of AI-generated content. Additionally, the headline 'sometimes it's better not to know' does not align with the image, further supporting the classification as misinformation."
ds6053,Misinformation,0.9,False,True,"The image is confirmed to be AI-generated with a high confidence level (0.9), which indicates that it does not represent a real scenario. The surreal nature of a rabbit riding a pink tricycle further supports this classification as misinformation."
5357,Not Misinformation,0.6,False,True,"The image is confirmed to be a genuine photograph, and while the connection to the headline is weak, it does relate to the topic of education. The retrieved evidence supports the claim regarding the Education Secretary's controversial plan and the financial risks associated with new education policies. However, the relevancy of the image to the specific details in the headline is not strong enough to assert high confidence."
ds3839,Misinformation,0.9,False,True,"The image is AI-generated, which confirms it as misinformation regardless of the claim's context. Additionally, while Dev Patel did star in 'Chappie', the claim that it is an animated movie is misleading as it is a live-action film with animated elements."
7469,Not Misinformation,0.9,False,True,"The image shows Donald Trump speaking at an event, which aligns with the claim that he spoke at a rally in Bangor, Maine on October 15, 2016. Multiple sources confirm that Trump held a rally in Bangor on that date, discussing various political issues. The visual veracity indicates that the image is genuine and not AI-generated."
ds3252,Misinformation,0.9,False,True,"The claim that 'Little Dorrit' was only published in the 1980s is false. The novel was originally published in serial form between 1855 and 1857, as confirmed by multiple sources. Additionally, the image is identified as AI-generated, which further supports the classification of misinformation."
ds3976,Misinformation,0.9,False,True,"The claim that the United States is one of the ABC Islands is false. The ABC Islands, which include Aruba, Bonaire, and Curaçao, are part of the Kingdom of the Netherlands and not associated with the United States. Additionally, the image is AI-generated, which further supports the classification of misinformation."
9974,Not Misinformation,0.9,False,True,"The image is confirmed to be a genuine photograph, and the headline relates to Kanye West, who is featured in the image. The context of the tweet is not fully visible, but there is no indication of misinformation regarding the claim about Kanye's tweeting activity."
4125,Not Misinformation,0.9,False,True,Kevin Hart did appear in a J. Cole music video where he played a role reflecting his real-life cheating scandal. This is supported by multiple sources confirming his participation and the thematic connection to his personal experiences.
ds2506,Not Misinformation,0.9,False,True,"The image shows a building with a protective fence underneath, which aligns with the claim about safety measures for pedestrians. Additionally, there is evidence that fencing has been installed around buildings in Warsaw to catch falling bricks, supporting the claim's context. The visual veracity indicates that the image is not AI-generated, further reinforcing the credibility of the claim."
ds6253,Misinformation,0.9,False,True,"The image is confirmed to be AI-generated with a high confidence level (0.9), which categorically qualifies it as misinformation. The surreal elements and nonsensical text further support this classification."
ds6291,Misinformation,0.9,False,True,"The image is confirmed to be AI-generated, which indicates manipulation and unreliability. The visual veracity confidence is high, and the claim about a statue riding a gazelle is not supported by real-world evidence."
ds9638,Not Misinformation,0.9,False,True,"The image shows two presenters on YouTube, which aligns with the claim that they discussed a staged story. The evidence confirms that Tania Reza and Enrique Tovar appeared on YouTube to clarify that the incident was staged, and they were indeed involved in a controversy regarding a sexual harassment incident that was later revealed to be a hoax. The visual veracity indicates that the image is genuine and not AI-generated."
ds994,Not Misinformation,0.9,False,True,"The image accurately depicts performers forming the Olympic rings during the closing ceremony, which aligns with the claim. The evidence supports the occurrence of this event during the ceremony, confirming the visual and contextual accuracy."
ds5728,Not Misinformation,0.9,False,True,"The image features Jenny McCarthy, aligning with the headline about her rise to fame. The context provided in the evidence supports her career milestones and achievements since her debut in the entertainment industry. The visual veracity indicates that the image is not AI-generated, further supporting the authenticity of the claim."
2731,Not Misinformation,0.9,False,True,"The image depicts a toy doll in a car window, which aligns with the innovative take on the 'baby on board' sticker mentioned in the headline. The signals indicate that the image is not AI-generated and is a genuine photograph. The relevancy and visual veracity confidence levels support the claim that this is a humorous or creative interpretation of a traditional safety sticker."
ds2331,Not Misinformation,0.9,False,True,"The image depicts a man on a tennis court holding a racquet, which aligns with the claim. The visual veracity indicates that the image is not AI-generated, and the evidence supports the existence of such images in stock photo collections."
9107,Misinformation,0.9,False,True,"The image is confirmed to be AI-generated with a confidence level of 0.8, which directly leads to the classification of misinformation regardless of the claim's content. The visual anomalies noted further support this classification."
ds3649,Misinformation,0.9,False,True,"The claim that 'An Educated' was created only by journalist Nora Ephron is false. The correct title is 'Educated,' a memoir by Tara Westover, and there is no evidence linking Nora Ephron to this work. Additionally, the evidence confirms that Ephron was not involved in creating 'An Educated.'"
7187,Not Misinformation,0.9,False,True,"The claim that Supreme Leader Ayatollah Ali Khamenei waved during a meeting in Tehran last September is supported by multiple sources confirming his public appearances on September 17 and September 21, 2022. The image is not AI-generated and aligns with the events described."
ds5161,Not Misinformation,0.9,False,True,"The image is confirmed to be genuine and not AI-generated. The claims regarding Mike Pence's ties to a Russian spy agency are not supported by credible evidence, as the sources indicate no direct connections. Instead, they highlight Pence's opposition to Russian aggression and his support for NATO, which contradicts the headline's implication of secret ties."
ds4423,Misinformation,0.9,False,True,"The claim that Floyd Mayweather Jr. donated a significant sum of money to Houston after a hurricane is false. Multiple sources confirm that he did not make such a donation, specifically stating that the claim of a $200 million donation is fake news. The image does not provide context to support the claim, and the evidence clearly refutes it."
8155,Misinformation,0.9,False,True,"The claim that Charlie Pierce made a phone call in the doorway of a wire factory in Ohio in 2012 is unsupported by evidence. Charlie Pierce did not work for Mitt Romney, and there is no record of such a phone call occurring in that context. Additionally, the image does not relate to the claim and depicts a disaster scene, which further discredits the assertion."
ds7055,Not Misinformation,0.6,False,True,"The image does not depict the specific subjects or event mentioned in the headline, as it shows a person outside a building rather than the family described. However, there is evidence that Leeroy Murray existed in 1947 and that the family is historically relevant. The visual veracity indicates the image is not AI-generated, but the connection to the claim is weak."
8165,Not Misinformation,0.9,False,True,"The claim that Emily Cruse Elliott danced in Club Sizzle at the Blue Ribbon Bacon Fest in Des Moines is supported by multiple pieces of evidence confirming both the event's occurrence and her participation. The image shows a group of people dancing, which aligns with the context of the festival. Additionally, the evidence confirms that the Blue Ribbon Bacon Festival took place and that Emily Cruse Elliott performed there."
1449,Not Misinformation,0.9,False,True,"The claim about Hinchliffe Stadium opening in 1932, hosting Negro League games, and being abandoned aligns with the historical context and recent renovations. The evidence confirms the stadium's history and its recent reopening after being abandoned for many years."
4647,Not Misinformation,0.9,False,True,"The claim that Angelina Jolie and Jennifer Aniston did not have a face-to-face meeting is supported by evidence indicating that they did meet in 2004. Aniston has described this meeting as friendly, although it occurred during a tumultuous time. The image of Angelina Jolie is relevant but does not confirm or deny the specifics of the meeting with Aniston. Therefore, the claim is not misinformation, as it accurately reflects the context of their interaction."
ds4064,Not Misinformation,0.9,False,True,"The image is a genuine photograph of Brad Pitt, and the claims about his net worth are supported by multiple credible sources. The estimates of his net worth being around $300 million to $400 million are consistent across various reputable articles."
ds2877,Not Misinformation,0.9,False,True,"The image depicts a decomposing leaf, which aligns with the claim about finding such leaves offshore at a local reservoir. The evidence supports the claim, indicating that decomposing leaves can be found in such environments. Additionally, the visual veracity assessment confirms that the image is not AI-generated."
7330,Misinformation,0.9,False,True,"The image does not depict Jonathan Jones or the Millennium Bridge in central London, as it shows a group of people in a different setting. Additionally, there is no evidence linking Jonathan Jones to the Millennium Bridge. The sources confirm that Jonathan Jones is not associated with the bridge, and the image context is unrelated to the claim."
ds5062,Misinformation,0.9,False,True,"The claim that the COVID-19 vaccine alters DNA and increases the risk of genetic mutations is false. Multiple reputable sources confirm that COVID-19 vaccines, particularly mRNA vaccines, do not alter human DNA and there is no evidence linking them to increased genetic mutations or cancer risk."
ds5124,Misinformation,0.9,False,True,"The claim that Biden admitted to plotting election fraud with foreign powers is false. Multiple sources confirm that Biden did not make such admissions, and the context of his statements has been misrepresented. The image does not relate to Biden or the specific claim, further indicating misinformation."
6119,Misinformation,0.9,False,True,"The image is confirmed to be AI-generated with a confidence level of 0.8, which meets the definitive rule for misinformation. The visual elements are bizarre and surreal, lacking coherence, which further supports the classification as misinformation."
5317,Misinformation,0.9,False,True,"The claim that herbal tea from the Amazon rainforest can eradicate COVID-19 is misleading and unsupported by scientific evidence. Multiple sources confirm that herbal tea does not cure or prevent COVID-19, and claims to the contrary have been debunked. Additionally, the World Health Organization and other health authorities emphasize that there is no known cure for COVID-19. The image, while not AI-generated, does not provide any evidence to support the claim made in the headline."
ds8378,Not Misinformation,0.9,False,True,"The claim that Richard Dawkins and Rowan Williams debated the role of religion in the 21st century is accurate. They indeed participated in a debate on January 31, 2013, at the Cambridge Union, where the motion was 'this house believes religion has no place in the 21st century.' Dawkins supported the motion but ultimately lost the debate, as the majority voted in favor of the opposing view that religion does have a place in modern society. This is corroborated by multiple sources."
8719,Misinformation,0.9,False,True,"The image is confirmed to be AI-generated, which directly leads to the classification of misinformation regardless of the content of the headline. The visual veracity indicates a high confidence that the image is not a real photograph."
6563,Misinformation,0.9,False,True,"The image is confirmed to be AI-generated, which directly leads to the classification of misinformation regardless of the context or details provided in the headline."
ds3412,Misinformation,0.9,False,True,"The claim that Castlevania came out in Japan in 1990 is false. The original Castlevania game was released in Japan on September 26, 1986. The confusion may stem from the release of a different game, Kid Dracula, which was released in 1990. This is supported by multiple sources confirming the original release date of Castlevania."
966,Misinformation,0.9,False,True,"The claim that Marco Rubio grilled at the Iowa State Fair in 2015 is not supported by evidence. Multiple sources confirm that there is no record of Rubio grilling at the event, despite the context of the Iowa Pork Producers Pork Tent being relevant to the fair. The image does not provide definitive proof of the claim."
ds5156,Misinformation,0.9,False,True,"The claim that the COVID-19 vaccine causes permanent memory loss is not supported by any credible evidence. The retrieved sources do not mention any link between COVID-19 vaccines and memory loss, focusing instead on other side effects and concerns. Additionally, the image is not AI-generated, but the claim itself is misleading and lacks scientific backing."
ds2814,Not Misinformation,0.9,False,True,"The image depicts a handwritten Father's Day note, which aligns with the claim of finding such a note in a used bookstore. The context of the note being used as a placeholder in a fishing book is plausible given the nature of used bookstores. The visual veracity indicates that the image is not AI-generated, further supporting the authenticity of the claim."
ds6955,Misinformation,0.9,False,True,"The image is confirmed to be AI-generated, which directly leads to the classification of the claim as misinformation. Additionally, there is no evidence supporting any association between Henry Kissinger and Sepp Blatter."
ds6481,Not Misinformation,0.9,False,True,"The image depicts Vladimir Putin and Borut Pahor, which is consistent with the claim. The context of their meeting aligns with the evidence provided, confirming the authenticity of the image and the event."
5084,Misinformation,0.9,False,True,"The image is confirmed to be AI-generated, which directly leads to the classification of the claim as misinformation. Additionally, there is no evidence supporting the claim that the Senate voted to ban independent media, as the retrieved evidence indicates that the Senate has not taken such action."
ds1963,Not Misinformation,0.9,False,True,"The image depicts heavy traffic on a motorway, which aligns with the claim about heavy traffic on the M5 motorway during a busy Easter getaway. The evidence supports the occurrence of heavy traffic on the M5 during Easter, with multiple sources confirming significant delays and congestion during this period."
9347,Not Misinformation,0.9,False,True,"The image depicts a man wearing glasses and a purple scarf, which is similar to a lavender shirt. The visual veracity indicates that the image is not AI-generated, and the details align closely with the claim. The evidence supports the existence of men wearing lavender shirts and glasses in fashion trends."
ds4921,Not Misinformation,0.9,False,True,"The image does not appear to be AI-generated, and the context of the headline aligns with the evidence that Justin Bieber and Kourtney Kardashian have maintained a friendship. Reports indicate they still communicate, and there are no indications that Selena Gomez or Younes Bendjima should be concerned about their relationship. The evidence supports the claim that they are 'just friends' and that there are no romantic implications."
3169,Misinformation,0.9,False,True,"The claim that Ian Gillan was born on May 19, 1945, is false; he was actually born on August 19, 1945. Additionally, the image is identified as AI-generated with a high confidence level, which further supports the classification of this claim as misinformation."
2004,Not Misinformation,0.9,False,True,"The image clearly depicts a basketball game in progress, which aligns with the claim. Additionally, the sources confirm that there are various basketball games happening currently, supporting the claim that a basketball game is ongoing."
4046,Misinformation,0.9,False,True,"The claim that George H.W. Bush has died at 94 is true, as he passed away on November 30, 2018. The image does not depict the event of his death, showing him alive and smiling, which is inconsistent with the headline. Additionally, the image is confirmed to be genuine and not AI-generated."
8531,Not Misinformation,0.9,False,True,"The image depicts a kitchen with decorative elements, aligning with the claim of a decorated interior. The visual veracity indicates that the image is not AI-generated, and the relevancy score supports the idea that it represents a smaller kitchen. The evidence retrieved also discusses trends and ideas for small kitchen designs, reinforcing the claim's validity."
ds8617,Misinformation,0.9,False,True,"The image is confirmed to be AI-generated, which directly leads to the classification of misinformation regardless of the relevance of the content. The visual veracity confidence is above the threshold, indicating a strong likelihood of AI generation."
1052,Not Misinformation,0.9,False,True,"The claim about the iPhone 5C being displayed during an Apple product announcement at the Apple campus in Cupertino, California, and its release date of September 20, 2013, is accurate. The image aligns with the context of the announcement, and the visual veracity confirms it is not AI-generated. Additionally, the evidence supports the claim regarding the announcement and release date."
2929,Not Misinformation,0.9,False,True,"The image depicts a nurse with colorful hair, which aligns with the subject of the headline. The nurse's response to criticism about her appearance has been widely reported, confirming the authenticity of the claim. The evidence supports that the nurse's colorful hair does not affect her professional capabilities."
5939,Misinformation,0.9,False,True,"The image is confirmed to be AI-generated, which directly leads to the classification of misinformation regardless of the claim's content. Additionally, the claim about Vic Mensa's roots in Houston, Texas is false, as he was born and raised in Chicago, Illinois."
ds3503,Misinformation,0.9,False,True,"The image is confirmed to be AI-generated, which leads to the classification of the claim as misinformation. Additionally, while 'The Hunger Games' is not originally based on a play, there is a stage adaptation titled 'The Hunger Games: On Stage' that is based on the original novel. This further supports the misinformation aspect of the claim."
ds6940,Misinformation,0.9,False,True,"The image is confirmed to be AI-generated, which categorically classifies it as misinformation. The unusual elements in the image, such as a child reading a book alongside a skeleton, further support this classification. Additionally, the text on the book appears garbled, indicating manipulation. The claim about an Indonesian girl reading a comic book related to trafficking cannot be substantiated with the provided evidence, which does not confirm the existence of such a comic in Indonesia."
ds8840,Misinformation,0.9,False,True,"The image is confirmed to be AI-generated with a high confidence level, which categorizes it as misinformation regardless of the claim's other aspects. The claim about the yellow dump truck sitting on green asphalt is also misleading, as the truck is actually on grass, not asphalt."
ds4482,Misinformation,0.9,False,True,"The claim that the San Juan Teamsters didn't show up for work to distribute relief supplies is contradicted by evidence indicating that the Teamsters are actively involved in relief efforts in Puerto Rico. Sources confirm that the Teamsters are working to assist members and communities, particularly in disaster relief efforts, rather than skipping work. Additionally, there is no specific news indicating that they failed to distribute relief supplies."
ds4702,Not Misinformation,0.6,False,True,"While there are rumors about Gwen Stefani being pregnant, there is no confirmed news or official statement regarding her pregnancy. The image shows Gwen Stefani and Blake Shelton together, which is relevant to the headline, but does not provide definitive evidence of a pregnancy. The evidence indicates speculation rather than confirmed information."
1231,Not Misinformation,0.6,False,True,"The image shows a player running during pregame warmups, which aligns with the context of the headline. However, the specific identification of Robert Griffin III cannot be confirmed, hence the partial alignment. There is no definitive evidence confirming that Robert Griffin III warmed up at Raymond James Stadium, but he did play there during his time with the Redskins."
4217,Not Misinformation,0.6,False,True,"The image is not AI-generated and appears to depict a genuine moment involving J.Lo. However, the connection to the headline about 'passionate kisses' is weak, as recent evidence suggests that J.Lo and A-Rod are no longer together and there are no confirmed details about them making out. The claim lacks strong support from the evidence."
992,Not Misinformation,0.9,False,True,"The image depicts a flooded area that aligns with the claim about high water overrunning homes and businesses near the Shiawassee River and Shiawassee National Wildlife Refuge in Michigan. The evidence supports the occurrence of flooding in this region due to heavy rainfall, which has affected local properties."
ds6586,Misinformation,0.9,False,True,"The image is confirmed to be AI-generated, depicting a surreal scene with jellyfish in a bedroom, which is not a natural occurrence. This aligns with the definitive rule that any AI-generated image is classified as misinformation regardless of other signals."
ds1582,Misinformation,0.9,False,True,"The claim states that Norway won against England in the European Under-21 Championship, but evidence shows that Norway lost to England with a score of 1-2 in a different match context (FIFA World Cup). Additionally, the image does not confirm the identity of the goalkeeper as Nyland Haskjold, nor does it verify the specific match referenced in the claim."
ds6549,Misinformation,0.9,False,True,"The image is confirmed to be AI-generated with a confidence level of 0.8, which meets the definitive rule for misinformation. The surreal element of angel wings on the mother further supports this classification."
ds1547,Not Misinformation,0.6,False,True,"While the claim states that the Martutjarra Luritja people are custodians of the land in Watarrka National Park, evidence indicates that the park is primarily recognized as being under the custodianship of the Anangu Aboriginal people. The Martutjarra Luritja people are indeed Indigenous Australians, but their specific custodianship over Watarrka National Park is not confirmed by the evidence. Therefore, the claim is partially accurate but lacks full verification."
ds9027,Misinformation,0.9,False,True,"The image is confirmed to be AI-generated, which categorically makes the claim misinformation regardless of the content of the headline. The visual veracity confidence is high due to the unnatural appearance of the pizza."
ds8208,Not Misinformation,0.9,False,True,"The image depicts a protest that aligns with the claim about activists protesting the Summer Olympics in Brazil. Evidence supports that activists did protest the Olympics, citing issues like corruption and mismanagement. The protests were specifically related to concerns about water pollution and broken promises regarding environmental commitments, which are relevant to the claim."
ds1877,Not Misinformation,0.9,False,True,"The claim that Gordon Taylor settled into his role as chairman at the Professional Footballers Association in November 1978 and later became chief executive in 1981 is supported by multiple reliable sources. The image is confirmed to be genuine and not AI-generated, and the historical context aligns with the evidence provided."
ds1998,Not Misinformation,0.9,False,True,"The image depicts a protest scene that aligns with the claim about spending cuts likely sparking protests. The evidence supports the assertion that spending cuts lead to public dissent, particularly in recent protests in France against proposed budget cuts. The visual context and the retrieved evidence confirm the relationship between spending cuts and protests."
578,Not Misinformation,0.9,False,True,"The image shows a person working with a pump in a flooded area, which aligns with the context of trying to keep floodwaters out of a property. While the specific identity of the person as Bob Bailey and the exact location as Clarksville, Mo, cannot be confirmed, the overall scenario is plausible and supported by evidence of flooding in the area. The visual veracity indicates that the image is not AI-generated."
ds4435,Not Misinformation,0.9,False,True,"The claim that Trump is removing Marines from the Navy is not supported by the evidence. The sources indicate that there are no actions taken by Trump regarding the removal of Marines from the Navy, and discussions are focused on other military topics. Additionally, the image does not appear to be AI-generated, further supporting the authenticity of the claim's context."
4186,Misinformation,0.9,False,True,"The claim that Katie Holmes reignites a friendship with James Van Der Beek to make Jamie jealous is misleading. James Van Der Beek has recently passed away, and the context of their relationship is one of mourning rather than rekindling a friendship. Additionally, there is no evidence to support the notion that Jamie is jealous of this supposed friendship. The image does not depict the subjects mentioned in the headline, further indicating a lack of relevance."
ds5919,Misinformation,0.9,False,True,"The claim that Ares is a nephew of Zeus is incorrect; Ares is actually the son of Zeus and Hera, making him Zeus's child rather than his nephew. This is supported by multiple sources that confirm Ares' lineage as the son of Zeus and Hera (e.g., https://en.wikipedia.org/wiki/Ares, https://www.theoi.com/Olympios/AresFamily.html)."
ds379,Misinformation,0.9,False,True,"The claim states that three people died during a police raid in Saint-Denis five days after the attacks. Evidence confirms that two suspects were killed during the raid, and a woman detonated an explosive device, resulting in her death, which aligns with the claim of three deaths. Therefore, the claim is misleading as it does not accurately represent the details of the incident."
ds3753,Not Misinformation,0.9,False,True,"The Icelandic Coast Guard actively performs various services, including search and rescue, maritime safety, and surveillance. The evidence clearly supports that the Coast Guard is involved in numerous operations and maintains a continuous watch for emergencies, contradicting the claim that they rarely perform a service."
ds6032,Not Misinformation,0.9,False,True,"The image depicts a real ostrich interacting with a person, which aligns with the humorous claim about the ostrich's table manners. There are no indications that the image is AI-generated, and the context supports the headline's playful nature regarding ostrich behavior."
3980,Not Misinformation,0.6,False,True,"The claim that 'Touch My Body is a law' is incorrect, as 'Touch My Body' refers to a song by Mariah Carey and not a legal statute. The evidence supports that laws regarding physical contact are related to assault, battery, or harassment, not a specific law named 'Touch My Body'. However, the image does not appear to be AI-generated, and the relevance of the image to the claim is low, leading to a medium confidence in the assessment."
ds2845,Not Misinformation,0.6,False,True,"The image shows a premium gas pump, which aligns with the subject of the headline. However, there is no visible indication that it is located in a secluded part of Arkansas or that it has a spider web on it. While the claim about a spider web on a gas pump in Arkansas lacks specific evidence, the existence of premium pumps in the state is confirmed. Therefore, the claim is not definitively false, but lacks strong supporting evidence."
1318,Not Misinformation,0.9,False,True,"The image depicts patrons relaxing in a social setting, which aligns with the claim about patrons in theater seats or at a bar. While it does not confirm bocce being played, the context of the image is consistent with the activities described in the headline. Additionally, there are venues that combine bars and bocce, supporting the claim's plausibility."
ds2773,Not Misinformation,0.9,False,True,"The image shows a Bible and a Book of Mormon in a hotel drawer, which aligns with the claim about a hotel in Detroit having these items. This practice is common in many hotels, especially those affiliated with the Marriott chain, due to their historical ties to the Church of Jesus Christ of Latter-day Saints."
ds8795,Not Misinformation,0.9,False,True,"The image depicts two men in formal attire, likely at night, which aligns with the claim. While the specific detail of them wearing sunglasses is not confirmed, the context of men crossing the street at night is supported by evidence. The visual veracity indicates that the image is not AI-generated, further supporting the claim's validity."
6395,Misinformation,0.9,False,True,"The image is confirmed to be AI-generated, which categorically classifies it as misinformation regardless of the context or resemblance to Beyoncé. The visual veracity signal indicates a high confidence in the AI generation of the image."
ds5285,Not Misinformation,0.9,False,True,"Hillary Clinton has publicly denied any intention to run for president in 2024, stating that she is not running and focusing on supporting other Democratic candidates. This is supported by multiple sources confirming her lack of plans for a 2024 campaign."
ds7674,Not Misinformation,0.6,False,True,"The claim about the Highlands attracting 80% of its visitors from other parts of the UK is not directly supported by the evidence provided. While the evidence indicates that the Highlands attract many visitors due to their scenery and culture, it does not specify the exact percentage of visitors from the UK. The visual veracity indicates that the image is not AI-generated, but the relevancy is low as the image does not depict anything related to tourism in the Highlands."
2728,Not Misinformation,0.9,False,True,"The claim that an activist faced years in prison for helping migrants and that jurors wouldn't convict him is supported by multiple sources. Specifically, Scott Daniel Warren faced charges for providing aid to migrants, and jurors did not reach a verdict, indicating a refusal to convict him. This aligns with the evidence found in the retrieved snippets."
ds8721,Not Misinformation,0.9,False,True,"The image shows a bowl of white rice and broccoli, which aligns with the general context of the headline about a bowl of rice and a vegetable dish. While the specific mention of beef is not confirmed in the image, the overall context is still relevant. Additionally, the visual veracity indicates that the image is not AI-generated."
ds9200,Misinformation,0.9,False,True,"The image is confirmed to be AI-generated with a high confidence level (0.9), which indicates manipulation and raises significant doubts about its authenticity. This aligns with the definitive rule that any AI-generated content is classified as misinformation."
ds3723,Misinformation,0.9,False,True,"The claim that 'The Originals' began airing on The CW in October of 2005 is false. The series actually premiered on October 3, 2013. Additionally, the image is confirmed to be AI-generated, which further supports the classification of misinformation."
7601,Not Misinformation,0.9,False,True,"The image depicts Bangladeshi security personnel standing guard near a restaurant that was attacked by gunmen in Dhaka on July 1, 2016. This aligns with the historical event where security forces responded to the attack at the Holey Artisan Bakery, confirming the context of the claim. The visual veracity indicates that the image is not AI-generated, further supporting the authenticity of the claim."
9081,Not Misinformation,0.9,False,True,"The image shows a lunch box that contains sandwiches and carrots, which aligns with the claim. Although it does not clearly show a muffin or a salad, the overall contents are consistent with typical lunch box items. The visual veracity indicates that the image is not AI-generated, supporting the authenticity of the claim."
ds2006,Not Misinformation,0.6,False,True,"The image shows people lined up near an airplane, which partially aligns with the claim. However, there is uncertainty regarding the presence of individuals in military uniform, as the visibility of details is limited. The visual veracity indicates that the image is not AI-generated, but the confidence in the claim's accuracy is moderate due to the lack of specific evidence confirming military uniforms."
ds6266,Misinformation,0.9,False,True,"The image is confirmed to be AI-generated, depicting an unrealistic scenario of a turkey flying over a cityscape, which does not align with the context of the headline. This indicates that the image is misleading and not a genuine representation of reality."
708,Not Misinformation,0.9,False,True,"The image is confirmed to be a genuine photograph of Carmelo Anthony and La La Vazquez Anthony, aligning with the claim about their relationship and the context of the 2011 trade rumors. The evidence supports that La La did not force Carmelo to seek a trade, but rather that the trade contributed to the unraveling of their marriage."
ds354,Not Misinformation,0.9,False,True,"The claim that Aon was unveiled as the sponsor of Manchester United in July 2010 is accurate. Aon signed a four-year sponsorship deal in June 2009, which took effect from the start of the 2010/11 season, and the new kit featuring Aon's logo was revealed in July 2010. This aligns with the evidence that confirms the timeline and details of the sponsorship."
7119,Misinformation,0.9,False,True,"The image is confirmed to be genuine and features Julian Assange, but the claim that he is calling for the threat of arrest to be lifted is not supported by the evidence. Multiple sources indicate that there is no recent statement from Assange regarding lifting any arrest threats, and his legal troubles continue to be a focus of discussion."
6424,Misinformation,0.9,False,True,"The image is confirmed to be AI-generated with a high confidence level (0.9), which categorically indicates misinformation regardless of the claim's relevance. The surreal nature of the creature depicted further supports this conclusion."
5060,Not Misinformation,0.6,False,True,"While the claim about harmful radiation exposure from smartphones is debated, the current scientific consensus suggests that there is insufficient evidence to definitively link smartphone use to cancer. The image does not depict AI generation, and the connection to the claim is weak but not entirely unfounded. Experts have mixed views, and ongoing research is recommended."
3899,Not Misinformation,0.9,False,True,"The Tenth Doctor is indeed accompanied by Rose Tyler, as she is a well-known companion of both the Ninth and Tenth Doctors. The evidence confirms their relationship and presence together during the series. Additionally, the image does not appear to be AI-generated, further supporting the claim's validity."
ds511,Not Misinformation,0.9,False,True,"The image and headline accurately represent Whiskey Down, a gaming lounge located in MGM Grand, Las Vegas, which offers a wide selection of whiskies. The evidence confirms its existence and features, aligning with the claim."
3537,Misinformation,0.9,False,True,"The image is confirmed to be AI-generated, which categorically leads to misinformation regardless of the claim's content. Additionally, the claim that action films are a subgenre of martial arts films is misleading, as action films encompass a broader range of themes and styles beyond just martial arts."
ds9777,Not Misinformation,0.9,False,True,"Des Warren and Ricky Tomlinson were indeed blacklisted due to their union activities, as confirmed by multiple sources. The image does not appear to be AI-generated and aligns with the historical context of their activism and subsequent blacklisting."
5524,Not Misinformation,0.6,False,True,"The image does not appear to be AI-generated, and while the claim about Jennifer Aniston sabotaging Brad Pitt's Hollywood comeback is not substantiated by evidence, the context of their past relationship and the nature of their divorce is accurately reflected in the retrieved evidence. However, the specific claim of sabotage lacks direct support."
ds4669,Not Misinformation,0.9,False,True,"The image does not depict Bradley Cooper or Lady Gaga, but it is not AI-generated. The claim about 'A Star Is Born' being a remake is accurate, and the film features the mentioned stars. The evidence supports the existence of the film and its main actors."
2169,Not Misinformation,0.9,False,True,"The image accurately depicts various items mentioned in the claim, including shoes, a cap, and an iPod. The visual veracity indicates that the image is not AI-generated, supporting the authenticity of the claim. Additionally, the items listed are commonly found in bags, and the significance of name tags aligns with the context provided."
889,Not Misinformation,0.9,False,True,"The claim about migrants being seen on the shore in Rhodes, Greece, aligns with the current situation reported in various sources. There is evidence of a significant number of migrants on the island, and the image shows a plausible scene of people on a shore, which could be consistent with the context of migrants. Additionally, the visual veracity indicates that the image is not AI-generated, further supporting the claim's validity."
ds4772,Not Misinformation,0.6,False,True,"While the claim suggests that Ed Sheeran attributes his dating success to Taylor Swift, the evidence does not support this specific assertion. Ed Sheeran has made comments about Taylor Swift, but there are no direct quotes or statements from him that explicitly link his ability to date attractive women to her influence. The image does not appear to be AI-generated, and the context of the relationship between Sheeran and Swift is more about friendship and collaboration rather than dating advice or influence."
ds372,Not Misinformation,0.6,False,True,"The image depicts a rusting emergency vehicle, which is relevant to the claim about the 1970 protests at Jackson State College. However, while the vehicle aligns with the subject, there is insufficient evidence to definitively confirm that this specific vehicle was used during the protests. The visual veracity indicates that the image is not AI-generated, which supports the claim's authenticity. The confidence is moderate due to the lack of direct evidence linking the vehicle to the specific events mentioned."
6440,Misinformation,0.9,False,True,"The image is confirmed to be AI-generated, which is a definitive indicator of misinformation. The surreal nature of the image, depicting a leader with mechanical legs, further supports this classification. Additionally, the claim about Kim Jong-un taking a smoke break is true, but the context of the image is misleading due to its AI-generated nature."
ds2864,Not Misinformation,0.6,False,True,"The claim about dye leaking and giving the egg a polka dot appearance is partially supported by evidence of dye leaks affecting water supply, but it does not directly confirm that the speckled egg in the image is a result of such a leak. The visual evidence does not indicate AI generation, and the image aligns with the claim's context. However, the connection between the dye leak and the specific egg's appearance remains unclear."
ds9049,Not Misinformation,0.6,False,True,"The image depicts a living room setting with a table and chairs, which aligns with the claim. However, the absence of a fireplace means it does not fully meet the specifics of the claim. The visual veracity indicates that the image is genuine and not AI-generated."
1505,Not Misinformation,0.6,False,True,"The claim that business rates have added about 500m to retailers' costs in the past three years is supported by evidence indicating significant increases in business rates impacting retailers. However, the specific figure of 500m is not directly confirmed by the evidence provided, leading to a medium confidence level."
ds1418,Not Misinformation,0.6,False,True,"While the image depicts a live music performance with a crowd, it does not provide definitive evidence that it is specifically related to the 'Alternative Olympic Opening Ceremonies' or that it features Brazilian music stars. The claim about the event being free is also not substantiated by the evidence. However, the visual veracity indicates that the image is not AI-generated, which supports the authenticity of the event depicted."
690,Misinformation,0.9,False,True,"The claim that Gus Malzahn is on the sideline during the third quarter is misleading because he is not the current coach of Auburn, having been replaced after the 2020 season. The image does not confirm the identity of the individual in the center as Malzahn, and the context of the game is not specified. Additionally, the evidence confirms that Malzahn is currently the head coach at the University of Central Florida, not Auburn."
ds7963,Not Misinformation,0.9,False,True,"The claim that ninety-six people died at the 1989 FA Cup semifinal at Hillsborough stadium is accurate. The evidence confirms that 96 people died as a result of the Hillsborough disaster, which occurred during the FA Cup semifinal on April 15, 1989. This is supported by multiple sources, including Wikipedia and BBC News, which state that 96 Liverpool fans lost their lives due to overcrowding at the stadium."
ds9935,Not Misinformation,0.6,False,True,"The image does not depict David Cameron celebrating himself, nor does it clearly show him heading to the EU summit in Brussels. While he did attend an EU summit, the context of the image does not align with the claim made in the headline. Additionally, the image is confirmed to be genuine and not AI-generated."
4960,Not Misinformation,0.9,False,True,"The image and headline align well with the themes of love, beauty, and redemption associated with Jennifer Lopez and Alex Rodriguez. The image is confirmed to be a photograph, not AI-generated, and the context supports the claim about their relationship. Additionally, the retrieved evidence corroborates the connection between the couple and the themes mentioned in the headline."
5286,Misinformation,0.9,False,True,"The claim that Biden accepted illegitimate votes in the 2020 election is widely disputed and lacks credible evidence. Numerous investigations and court rulings have confirmed the legitimacy of the election results, and claims of widespread voter fraud have been debunked. Additionally, the evidence suggests that while some individuals believe the election was illegitimate, these beliefs are not supported by factual findings."
ds6300,Misinformation,0.9,False,True,"The image is confirmed to be AI-generated, which indicates manipulation and unreliability. The presence of a cartoon character in a supposedly real event further supports this conclusion. Therefore, the claim about Hillary Clinton breaking ground at Goldman's Pharmacy is misleading."
ds9486,Misinformation,0.9,False,True,"The image is confirmed to be AI-generated, which indicates that it does not represent real cats or a real scene. The unusual anatomical features and poses of the cats further support this conclusion. Therefore, the claim about two striped cats lying with two sneakers is misleading."
ds252,Not Misinformation,0.9,False,True,"Dave Lee Travis was indeed one of broadcasting's biggest stars in the 70s and 80s, as confirmed by multiple sources. He was a prominent figure on BBC Radio 1 and hosted 'Top of the Pops', which solidifies his status during that era. The image is not AI-generated, further supporting the authenticity of the claim."
7904,Not Misinformation,0.6,False,True,"The image does not depict boys from the Mandari tribe or the specific context of fishing in Terekeka, South Sudan. While the Mandari tribe is primarily focused on pastoralism and agriculture, there is no evidence that they fish by the Nile. The Terekeka fishing community was engaged in traditional fish smoking in September 2012, but the image does not provide a clear connection to this activity. Therefore, the claim lacks sufficient evidence to be considered accurate."
ds4659,Not Misinformation,0.9,False,True,"The claim that Kanye West auditioned for American Idol in San Francisco is supported by multiple sources confirming the event. The image does not appear to be AI-generated, and the details align with the evidence provided."
6609,Misinformation,0.9,False,True,"The image is confirmed to be AI-generated, depicting a scenario that is impossible in reality, such as a horse levitating on a rocking chair. This aligns with the definitive rule that any AI-generated image is classified as misinformation."
5292,Misinformation,0.9,False,True,"The claim that Biden promised to abolish the Second Amendment is false. Evidence shows that Biden has not made such a promise and instead advocates for responsible gun laws while respecting the Second Amendment. Additionally, the image is confirmed to be genuine and not AI-generated."
5049,Not Misinformation,0.9,False,True,"The image does not appear to be AI-generated, and the content of the headline aligns with ongoing discussions and controversies surrounding 'The Bachelorette' franchise, particularly regarding rankings and fan reactions. The evidence supports the claim of controversy and fan outrage over rankings, as seen in multiple sources discussing the manipulation tactics and fan dissatisfaction."
ds8246,Not Misinformation,0.6,False,True,"The claim discusses Tony Abbott's stance on taxes and budgetary decisions. While there are conflicting views on his commitment to lower taxes, the evidence suggests that he has made such claims in the past, but there are also critiques of his record. The image does not depict Abbott, but it is not AI-generated. Therefore, the claim is not definitively misinformation, but the connection to the image is weak."
5575,Misinformation,0.9,False,True,"The claim that Bradley Cooper and Lady Gaga were spotted kissing in Italy is not substantiated by any credible sources. While they have shared romantic moments in the past, there is no confirmed report of them kissing in Italy. The evidence indicates that their relationship is more of a close friendship rather than a romantic one at this time."
561,Not Misinformation,0.9,False,True,"The claim that Hurricane Matthew was photographed from the International Space Station on October 3, 2016, is supported by multiple sources confirming that the ISS captured images of the hurricane during that timeframe. The image is not AI-generated and depicts a real event."
1970,Not Misinformation,0.9,False,True,The image is a bar graph that accurately represents the data related to the claim about younger patients being more informed about financial help compared to older patients. The evidence supports the claim and the visual veracity indicates that the image is not AI-generated.
ds1060,Not Misinformation,0.9,False,True,"The image aligns with the claim of a man holding his son during a candlelight vigil in New York. The evidence confirms that candlelight vigils have occurred in New York for various causes, including the recent vigil for Lobga Rangzen and the Nepali community's vigil for Inisa BK. The visual veracity indicates that the image is not AI-generated, further supporting the authenticity of the claim."
ds3938,Misinformation,0.9,False,True,"The claim that Northwestern University is a founding member of the Big Ten Conference starting in 1893 is incorrect. The Big Ten Conference was actually founded in 1896, not 1893. While Northwestern is indeed a charter member of the conference, the founding year is a critical detail that makes the claim false."
6399,Misinformation,0.9,False,True,"The image is confirmed to be AI-generated, which directly leads to the classification of the claim as misinformation. The surreal combination of police officers and Ninja Turtles is not a realistic scenario, further supporting this classification."
6807,Misinformation,0.9,False,True,"The image is confirmed to be AI-generated, depicting a dragon with a bowl of vegetables, which is a surreal and fantastical scenario that does not align with real-world contexts. This directly contradicts the claim of a simple large bowl with vegetables and broccoli."
ds9233,Not Misinformation,0.9,False,True,"The image depicts a scene at a bus terminal with people waiting, which aligns with the claim. The visual veracity signals indicate that the image is not AI-generated, and the evidence supports the claim that people frequently wait at bus terminals. Additionally, the presence of a bus stop sign and benches in the image further corroborates the context of the claim."
7506,Misinformation,0.9,False,True,"The claim that 'coach parties from Shenzhen arrive and stay until autumn' is directly supported by evidence from a 2015 article, which states that these coach parties do indeed visit Dedham Vale during this time. Additionally, the image does not contradict this claim, as it depicts a scene that could be associated with the area. Therefore, the claim is accurate and not misinformation."
251,Misinformation,0.9,False,True,"The claim states that Sameena Jabeen Ahmed received her best newcomer award from actor James Corden. This is confirmed by multiple sources, including a report from the BBC which explicitly states that 'Sameena Jabeen Ahmed received her best newcomer award from actor James Corden.' Additionally, the BFI website also notes her recognition at the London Film Festival, further supporting the claim."
ds1760,Not Misinformation,0.9,False,True,"The claim about a 400 km long human chain is supported by historical events such as the Baltic Way, which involved approximately two million people forming a human chain that spanned 675 kilometers across the Baltic states. The image aligns with the context of a human chain event, although it does not provide specific details about the event mentioned in the headline. The visual veracity indicates that the image is not AI-generated, further supporting the authenticity of the claim."
ds5403,Not Misinformation,0.9,False,True,"The image depicts a genuine protest scene related to the topic of impeachment, which aligns with the headline discussing political strategy and public discourse manipulation. The visual veracity indicates that the image is not AI-generated, and the evidence supports the ongoing discussions about impeachment in politics, as well as the role of political elites in shaping public discourse."
ds8604,Misinformation,0.9,False,True,"The image is confirmed to be AI-generated, which directly leads to the classification of misinformation regardless of the claim's content. The unnatural anatomy of the zebras in the image supports this conclusion."
ds8578,Not Misinformation,0.6,False,True,"The image depicts a man leaning over the back of a truck, which aligns with the claim. However, the specific location being in front of a Walmart is not definitively confirmed. The visual veracity indicates that the image is not AI-generated, but the confidence in the claim's accuracy regarding the location is moderate due to lack of clear evidence."
6114,Misinformation,0.9,False,True,"The image is confirmed to be AI-generated, which categorically qualifies it as misinformation. Additionally, the design does not align with the claim of a mail order Mickey Mouse watch from Russia, as it features a person in a uniform instead of Mickey Mouse."
8341,Not Misinformation,0.9,False,True,"The Riverside Museum was indeed awarded the European Museum of the Year in 2013, and there is evidence indicating a drop in visitor numbers, likely due to post-pandemic trends affecting museums. The image does not contradict the claim and is not AI-generated."
1152,Not Misinformation,0.9,False,True,"The image aligns with the claim that Howard Stern and his wife Beth Ostrosky were in attendance at an event. Evidence confirms their recent attendance at the North Shore Animal League America's 'Get Your Rescue On' Gala, which supports the claim. Additionally, the image does not appear to be AI-generated, further supporting its authenticity."
ds5714,Misinformation,0.9,False,True,"The image is confirmed to be AI-generated with a confidence level of 0.8, which categorically classifies it as misinformation. Additionally, while Babur's contributions to education are acknowledged in historical contexts, the specific claim of him being a renowned educator paving the way for educational excellence lacks direct evidence and is not substantiated by the sources."
ds9888,Not Misinformation,0.9,False,True,"The image and headline are consistent with Jerzy Janowicz winning the first set on a tiebreak, as supported by the scoreboard and the celebratory context in the image. Additionally, Janowicz has indeed won sets in tiebreaks in various matches, confirming the claim's validity."
7531,Not Misinformation,0.9,False,True,"The image and claim accurately depict the Occupy protest that occurred at St Paul's Cathedral in London. The evidence confirms that the Occupy London protests took place at this location, including significant events such as protesters chaining themselves to the pulpit. The visual veracity indicates that the image is not AI-generated, further supporting the authenticity of the claim."
1795,Not Misinformation,0.9,False,True,"The claim that Justin Fashanu is described as intelligent, witty, honest, and articulate in Nick Baker's 'Forbidden Forward' is supported by evidence from the book's reviews and descriptions. The book is noted for its detailed research and candid portrayal of Fashanu's life, which aligns with the positive attributes mentioned in the claim. Additionally, the image of Fashanu is confirmed to be a genuine photograph, further supporting the authenticity of the claim."
7759,Not Misinformation,0.6,False,True,"The image is confirmed to be a genuine photograph of a power plant, and the claim about Dong Energy's gas-fired power station in Newport aligns with the evidence regarding the government's stance on gas as a bridging technology. However, the specific details about the Newport power station and the government's proposals are not fully substantiated."
5697,Misinformation,0.9,False,True,"The image is confirmed to be AI-generated, which directly leads to the classification of the claim as misinformation. Additionally, the claim about NASA revealing a second moon is misleading, as the only recent discovery pertains to a temporary mini-moon, not a permanent second moon or one that is potentially habitable."
3769,Misinformation,0.9,False,True,"The image is confirmed to be AI-generated, which categorically makes the claim misinformation. Additionally, the claim that 'Tangled' is a shoelace is factually incorrect, as 'Tangled' is a well-known animated film produced by Disney."
4905,Not Misinformation,0.9,False,True,"The claim that Lindsay Shookus is not pregnant is supported by multiple sources indicating that there are no credible reports confirming her pregnancy. The evidence suggests that while there have been rumors, they have not been substantiated. Additionally, the image does not depict either Lindsay Shookus or Ben Affleck, further disassociating it from the claim."
6026,Misinformation,0.9,False,True,"The image is confirmed to be AI-generated with a confidence level of 0.8, which meets the definitive rule for misinformation. Additionally, the headline does not align with the content of the image, which depicts a talk show setting without any context related to 'killing everybody.'"
5977,Misinformation,0.9,False,True,"The claim about Konidela Production Company emerging as a key player in the Chinese entertainment industry is unsupported by evidence. The company is primarily focused on Indian film production, with no specific information regarding its expansion or involvement in China. The retrieved evidence consistently indicates that Konidela Production Company operates mainly in India and does not have notable projects in China."
104,Not Misinformation,0.9,False,True,"The claim that there are hundreds of commercial airlines globally and that not all of them have inflight connectivity or access to the internet is supported by evidence. Approximately 70% of airlines provide some form of connectivity, but many low-cost and regional airlines still lack Wi-Fi on parts of their fleets. Additionally, there are over 5,000 airlines globally, which aligns with the claim."
ds9954,Misinformation,0.9,False,True,"The claim that Jinyun and Yahong are celebrating in Morecambe Bay is not supported by the evidence. The sources indicate that Jinyun and Yahong were involved in a tragic event where their husbands died while working as cocklepickers in Morecambe Bay, rather than a celebration. Additionally, the image does not provide clear evidence linking it to the individuals or the event mentioned."
ds9091,Not Misinformation,0.6,False,True,"The claim describes an image that does not match the provided signals, as the image does not depict a colorful umbrella in a black and white city scene. The visual veracity indicates a low confidence in AI generation, and the evidence supports the existence of similar images but does not confirm the specific claim. Therefore, the claim is not definitively misinformation, but the confidence is medium due to the lack of direct evidence."
ds1846,Misinformation,0.9,False,True,"The claim that a vehicle belonging to Correa's security detail was set on fire by rioting police is misleading. Evidence indicates that it was protesters who set a police car on fire during anti-government demonstrations, not police setting a vehicle on fire. Additionally, the image does not confirm the specific details of the vehicle's ownership or the context of the incident."
ds2126,Not Misinformation,0.9,False,True,"The image depicts two street signs labeled 'EAST ST', which aligns with the claim about identical street signs. While the signs are not clearly pointing in opposite directions, the context of the claim is partially supported by the evidence of similar occurrences in Swansea. The visual veracity indicates that the image is genuine and not AI-generated."
ds8631,Misinformation,0.9,False,True,"The image is confirmed to be AI-generated, which directly leads to the classification of misinformation. The visual content does not align with the claim of depicting apples, oranges, and a tree with branches in front of potted plants, as it features bananas instead of oranges and lacks the described tree and potted plants."
ds6054,Not Misinformation,0.6,False,True,"The claim about dachshunds not working over water is partially supported by evidence indicating that dachshunds are generally not good swimmers due to their physical build. However, the image does not definitively prove or disprove the claim, as it depicts a fictional scenario. The visual veracity indicates that the image is not AI-generated, which supports the claim's validity. The evidence suggests that while dachshunds can swim, they are not typically known for their swimming abilities."
595,Not Misinformation,0.9,False,True,"The image is a genuine photograph of the Cleveland skyline taken from Edgewater Park, as supported by the high relevancy and visual veracity confidence scores. The sources confirm that Edgewater Park provides views of the Cleveland skyline, and the image aligns with this context."
ds4857,Not Misinformation,0.9,False,True,"The image does not appear to be AI-generated and depicts a group of people at a dining table, which does not directly relate to Kourtney Kardashian's pregnancy scare or her interactions with Scott Disick or Younes Bendjima. However, the claim about Kourtney's pregnancy scare is supported by multiple sources, confirming that she did experience a pregnancy scare recently. Additionally, the dynamics of her relationship with Scott Disick are also corroborated by reliable sources."
8858,Not Misinformation,0.6,False,True,"The image does not depict a man walking on his back in the snow, but rather a skier in a snowy environment. The description does not match the visual content, indicating a discrepancy between the claim and the image. However, the image is not AI-generated, and the confidence in the visual veracity is low, leading to a medium confidence in the overall assessment."
ds4896,Not Misinformation,0.6,False,True,"While the image does not definitively confirm the claim about Nicole Richie pleading with Sofia to end her romance with Scott Disick, there is evidence that Nicole has advised Sofia in the past regarding her public life. However, there is no direct evidence supporting the specific claim made in the headline. The visual context does not provide clear confirmation of the event described."
8916,Not Misinformation,0.6,False,True,"The image shows a white toilet, but it does not depict a black mirror or a tiled floor as described in the headline. The background is primarily black tiles, which does not align with the claim of a tiled floor. However, the image is not AI-generated, and the visual elements do exist in bathroom design contexts, making it not outright misinformation."
ds562,Not Misinformation,0.9,False,True,"The claim about Hawaii hosting a Spam festival with approximately 30,000 attendees is supported by multiple reliable sources. The Waikiki Spam Jam is indeed an annual event that celebrates Spam and attracts a large crowd, with attendance figures consistently reported around this number. The image aligns with the event's theme and context."
ds5647,Misinformation,0.9,False,True,"The claim that the Pfizer CEO secretly admitted the COVID-19 vaccine causes permanent brain damage is false. There is no credible evidence supporting this assertion, and it has been debunked by multiple sources. The Pfizer CEO has not made any statements indicating that the vaccine causes brain damage. Additionally, claims of permanent brain damage from COVID-19 vaccines lack scientific support and are often attributed to other factors."
160,Misinformation,0.9,False,True,"The claim about Dorothy the cat being shot is not supported by any credible evidence. The retrieved snippets do not mention a cat named Dorothy being shot, and the focus is on unrelated topics. Additionally, the image does not provide specific confirmation of the injuries mentioned in the headline."
ds7704,Not Misinformation,0.6,False,True,"The image does not depict the River Severn winding through Leighton in Shropshire, as it shows a golf course instead. However, the River Severn does flow through Shropshire, and aerial views of the river in this area are common. The image's relevance to the claim is low, but it is not definitively misinformation."
ds451,Misinformation,0.9,False,True,"The claim that Paul Wilson ran away from the scene after hitting Alwyn Pritchard is supported by multiple credible sources. Evidence confirms that Paul Wilson was involved in a hit-and-run incident that resulted in the death of Alwyn Pritchard, who was riding his motorbike at the time. Wilson fled the scene after the collision, which aligns with the claim made in the headline."
ds4380,Misinformation,0.9,False,True,"The claim that Nancy Pelosi is resigning is false. PolitiFact confirmed that the headline from NRTOnline is misleading and that there are no credible reports indicating she plans to step down. Although she has resigned from her leadership position, she remains a member of Congress. The image is not AI-generated, but the headline is misleading."
1204,Not Misinformation,0.9,False,True,"The claim about the ambush of police officers in Jalisco is supported by multiple credible sources detailing the incident where 15 police officers were killed. The image aligns with the context of police presence on a road, which is relevant to the claim. Additionally, the visual veracity indicates that the image is not AI-generated, further supporting the authenticity of the claim."
ds5364,Not Misinformation,0.9,False,True,"The image is a genuine photograph of Don Lemon, who is relevant to the claims made in the headline regarding his controversial remarks and the resulting media backlash. The evidence supports that Lemon has made controversial statements and faced backlash, aligning with the claims in the headline."
ds8199,Not Misinformation,0.9,False,True,"The claim that the death of former Putin aide at a DC hotel is ruled accidental is supported by multiple credible sources. U.S. authorities have indeed ruled the death of Mikhail Lesin as accidental, attributing it to head injuries sustained from falls after excessive alcohol consumption. This is corroborated by several news articles and official reports."
ds9128,Misinformation,0.9,False,True,"The image is identified as AI-generated with a confidence of 0.8, which indicates manipulation and lack of authenticity. The unusual context and unnatural lighting further support this classification."
ds8717,Not Misinformation,0.9,False,True,"The image depicts a bed with a blanket and multiple pillows, which aligns with the claim. The visual veracity indicates that the image is not AI-generated, further supporting the authenticity of the claim."
ds1226,Misinformation,0.9,False,True,"The claim about Matt Hampton carrying belongings out of his floodwater-destroyed office in Hoboken, NJ, lacks specific evidence confirming his identity or the exact location. While the image aligns with the context of flooding, it does not provide definitive proof of the claim. Additionally, there is no specific information regarding a flood at Matt Hampton's web design office, which raises doubts about the accuracy of the claim."
ds4978,Misinformation,0.9,False,True,"The claim states that Nicole Kidman won an Emmy for Outstanding Lead Actress in a Limited Series or Movie at the 69th Emmy Awards. While it is true that she has won two Primetime Emmy Awards, the specific claim about her winning at the 69th Emmy Awards is misleading. The 69th Emmy Awards took place in 2017, and the notable winners included Nicole Kidman for her role in 'Big Little Lies', which aligns with the evidence. However, the claim does not specify the year, which could lead to confusion. Additionally, the image is confirmed to be genuine and not AI-generated, supporting the context of the claim."
6327,Misinformation,0.9,False,True,"The image is confirmed to be AI-generated with a high confidence level (0.9), which indicates manipulation and lack of authenticity. This directly leads to the classification of the content as misinformation, regardless of the alignment with the headline."
ds1360,Not Misinformation,0.6,False,True,"The image shows a bishop in traditional attire, which aligns with the subject of the headline. However, there is no definitive evidence confirming the specific event of Franz-Peter Tebartz-van Elst walking out of the cathedral on the stated date. The retrieved evidence indicates that he was suspended but does not confirm his presence at the cathedral on that date."
ds3180,Misinformation,0.9,False,True,"The claim that Watertown, Massachusetts is in Vermont is false. Watertown is located in Middlesex County, Massachusetts, and is part of Greater Boston. This is supported by multiple sources confirming its location in Massachusetts, such as Wikipedia and other geographic resources."
ds6722,Misinformation,0.9,False,True,"The image is confirmed to be AI-generated, which categorically qualifies it as misinformation regardless of the alignment with the headline. The visual elements, such as the surreal green laser-like effect and unnatural brightness in the eyes, further support this classification."
ds4618,Not Misinformation,0.9,False,True,"The claim that Justin Bieber accidentally hit a photographer with his pick-up truck after church service is supported by multiple credible sources. The incident occurred on July 27, 2017, and was widely reported, confirming the details of the accident. The image is not AI-generated, and the context aligns with the claim."
ds2707,Not Misinformation,0.6,False,True,"The claim about two palm trees 'stealing a private moment' can be interpreted metaphorically, as the image shows two palm trees that may appear close together. However, the idea of them 'giggling' is anthropomorphic and not applicable to trees, which do not exhibit human-like behavior. The visual veracity indicates that the image is not AI-generated, but the interpretation of the trees' actions is subjective and not factual."
ds4910,Not Misinformation,0.9,False,True,"The image depicts a genuine scene of Gwen Stefani and Blake Shelton, which aligns with the headline about their relationship. The evidence supports that they are still in love and enjoying their marriage, with no indication that Gwen has tried to change Blake. Reports confirm their affection and the dynamics of their relationship without any claims of attempts to change one another."
ds1096,Not Misinformation,0.9,False,True,"The image depicts lab technicians in a laboratory setting, which aligns with the context of processing tests. While it does not confirm that they are specifically processing Zika tests at the CDC's dengue branch in San Juan, the evidence supports that Zika tests are indeed processed in Puerto Rico and that the CDC Dengue Branch is involved in related operations. The information about Zika testing and the CDC's focus on dengue is corroborated by multiple sources."
ds803,Not Misinformation,0.9,False,True,The claim regarding Johnny Maurice Avery being accused of shooting Mildred Martin is supported by evidence indicating that he was indeed indicted for her murder. The image is confirmed to be a standard mugshot and not AI-generated. The sources provide clear information about the incident and the individuals involved.
9249,Misinformation,0.9,False,True,"The image is confirmed to be AI-generated, which directly leads to the classification of misinformation regardless of the claim's content. The visual characteristics of the elephants in the image do not align with real elephants, indicating manipulation."
ds4946,Misinformation,0.9,False,True,"The claim about J.J. Watt, Tyler Perry, and Jamie Foxx donating to Texas flood relief lacks substantial evidence. Multiple sources indicate that claims of celebrity donations for Texas flood relief are often exaggerated or false, with no confirmed contributions from the mentioned celebrities. Additionally, the image does not provide specific evidence to support the claim."
1436,Not Misinformation,0.9,False,True,"The claim that musician Buddy Guy arrived at the Kennedy Center Honors reception at the White House is supported by multiple sources confirming his attendance at the event on December 2, 2012. The image is not AI-generated and depicts a formal event consistent with the Kennedy Center Honors."
ds1062,Not Misinformation,0.9,False,True,"The image and claim are relevant to the SafeTrack initiative, specifically regarding the Yellow Line. The image appears to be a genuine photograph, and the information aligns with the historical context of SafeTrack's fourth surge. The evidence supports the claim about the Yellow Line's service disruptions during this period."
ds1686,Not Misinformation,0.9,False,True,The claim about John McCririck's loyalty to Channel 4 Racing is supported by evidence of his long tenure and his own statements regarding his dedication. The image is confirmed to be genuine and not AI-generated.
7439,Misinformation,0.9,False,True,"The claim states that President Obama had a campaign event in Roanoke earlier this month, but there is no record of such an event in October 2023. The evidence confirms that the last notable campaign event in Roanoke involving Obama was in 2012, and there are no recent activities reported for October 2023."
8870,Not Misinformation,0.9,False,True,"The image depicts a normal bathroom scene, and there is no indication that it is AI-generated. The claim about a bath towel in a small bathroom aligns with common knowledge about towel storage in such spaces. The evidence supports the idea that bath towels are indeed common in small bathrooms and that there are various arrangements for them."
ds8989,Not Misinformation,0.9,False,True,"The image shows two women near a table with fruit, which aligns with the claim. Additionally, evidence confirms that two women are indeed sitting by a window, supporting the claim's accuracy. The visual veracity indicates that the image is not AI-generated, further solidifying its authenticity."
7101,Not Misinformation,0.9,False,True,"The claim that Rafael Nadal played against Facundo Bagnis during their second-round match is supported by multiple sources confirming the match details, including the date and the outcome. The image is not AI-generated, and the context aligns with the retrieved evidence."
ds7980,Misinformation,0.9,False,True,"The claim that Japanese fans will have more reason to look forward to hosting the next World Cup in 2019 is false, as Japan did not host the FIFA World Cup in 2019. Instead, Japan hosted the Rugby World Cup in that year. The image does not provide any evidence that supports the claim about the World Cup, and the context is misleading."
ds9213,Misinformation,0.9,False,True,"The image is confirmed to be AI-generated, which directly leads to the classification of the claim as misinformation. The visual veracity analysis indicates a high confidence level in the AI generation of the image, which undermines the authenticity of the claim regarding a plane in the sky."
ds8942,Not Misinformation,0.9,False,True,"The image depicts an old-fashioned kitchen that aligns well with the claim of being set up for guests. The description of the kitchen matches the characteristics of traditional and old-style kitchens, which are known for their welcoming and functional designs. Additionally, the evidence supports the popularity and appeal of old-fashioned kitchens for gatherings and events."
2649,Not Misinformation,0.9,False,True,"The image aligns with the claim of trees growing through old farm equipment, which is a plausible scenario in nature. The visual veracity indicates that the image is not AI-generated, and the context is supported by evidence of nature reclaiming old machinery and the presence of abandoned farm equipment in wooded areas."
ds8677,Misinformation,0.9,False,True,"The image is confirmed to be AI-generated with a high confidence level (0.8). This indicates that the visual content does not represent a real photograph, which directly contradicts the claim of depicting an orange slice with a fork and various fruits on a plate. The surreal arrangement of the items further supports this conclusion."
2915,Not Misinformation,0.9,False,True,"The image shows a restroom map that may be intended for navigation, but it is unclear if it is specifically designed for the blind. The evidence indicates that while tactile maps for the blind are being developed, they are not common. The visual veracity indicates that the image is not AI-generated, supporting the claim's validity."
4752,Misinformation,0.9,False,True,"The image is confirmed to be AI-generated, which directly leads to the classification of misinformation. Additionally, the image does not depict Robert Pattinson or Kristen Stewart, nor does it relate to the claim about buzz cuts, further supporting the misinformation label."
ds8815,Misinformation,0.9,False,True,"The image is AI-generated, depicting a bear's head under a blanket, which is not a realistic scenario. This confirms the claim is misleading as it does not represent a baby blanket or comforter as stated in the headline."
3855,Misinformation,0.9,False,True,"The claim that 'Maximum Overdrive' is only a 1980 romance film is false. 'Maximum Overdrive' is actually a 1986 science fiction action horror film directed by Stephen King. The image is confirmed to be AI-generated, which further supports the classification of the claim as misinformation."
2756,Misinformation,0.9,False,True,"The image is confirmed to be AI-generated with a high confidence level (0.9), which directly leads to the classification of the claim as misinformation. Additionally, the claim about the 'tree man' being cured is misleading as recent reports indicate that his condition has returned, contradicting the claim of a cure."
ds7291,Not Misinformation,0.9,False,True,"The image depicts Nicky Henderson with Sprinter Sacre, which aligns with the claim about an open day at Seven Barrows in February 2013. Evidence confirms that Nicky Henderson hosted an open day and that Sprinter Sacre was present at Seven Barrows during that time."
ds7399,Misinformation,0.9,False,True,"The image does not depict Julia Stiles, Paul Greengrass, or Matt Damon, nor does it show the premiere of The Bourne Ultimatum. Therefore, there is no meaningful connection to the subject/event described in the headline."
9058,Misinformation,0.9,False,True,"The image is confirmed to be AI-generated with a confidence of 0.8, which indicates it does not depict real food accurately. Additionally, the claim about broccoli is not supported by the image, which shows a variety of other foods instead. This discrepancy between the claim and the visual content further solidifies the misinformation."
ds2311,Not Misinformation,0.9,False,True,"The image depicts a cat sitting in a bowl, which aligns with the claim. The behavior of cats sitting in small spaces, including bowls, is well-documented and part of their natural instincts. There are no indications that the image is AI-generated, and the context matches the description provided in the claim."
ds3931,Misinformation,0.9,False,True,"The claim that Toy Story 2 was produced by DreamWorks is false. Toy Story 2 was produced by Pixar Animation Studios, as confirmed by multiple sources. The image does not change the fact that the claim is incorrect."
ds2471,Not Misinformation,0.9,False,True,"The image depicts a woman sitting on a chair with an umbrella, which aligns with the claim. The visual veracity indicates that the image is not AI-generated, and the evidence supports the existence of similar images. Therefore, the claim is accurate."
9577,Not Misinformation,0.9,False,True,"The claim that Brian and Eileen Maguire said it was an excellent waiting to happen is supported by evidence indicating that they referred to their son's death as 'an accident waiting to happen' due to inadequate safety measures. This aligns with the context of the headline. The image is confirmed to be genuine and not AI-generated, further supporting the authenticity of the claim."
ds7360,Not Misinformation,0.9,False,True,"The image shows Bernie Sanders speaking, which aligns with the claim that he appeals to students on big issues at George Mason University. Evidence confirms that he did speak at George Mason University on October 28, 2015, addressing various political issues relevant to students."
ds8806,Misinformation,0.9,False,True,"The image is confirmed to be AI-generated, as indicated by the presence of human-like legs on the elephants, which is anatomically impossible. This manipulation suggests that the image does not represent a real scenario, thus making the claim misleading."
ds9145,Misinformation,0.9,False,True,"The image is confirmed to be AI-generated, which categorically qualifies it as misinformation regardless of the context or details provided in the claim. The visual veracity confidence is high, indicating a strong likelihood that the image does not represent a real vase with purple irises and a ceramic pitcher."
ds137,Not Misinformation,0.9,False,True,"The image depicts police activity, which aligns with the claim about an arrest related to a building society raid. The retrieved evidence confirms that there were arrests made in connection with a building society raid, specifically mentioning the Nationwide Building Society in Wallsend. Additionally, the visual veracity indicates that the image is not AI-generated, further supporting the authenticity of the claim."
ds5761,Misinformation,0.9,False,True,"The image is confirmed to be AI-generated, which categorically classifies it as misinformation regardless of the content's relevance or accuracy. The visual veracity signal indicates a high confidence that the image is not real, which is a definitive rule for labeling misinformation."
ds2309,Not Misinformation,0.9,False,True,"The image depicts a pizza pie being enjoyed in a cafe-like setting, which aligns with the claim. The visual veracity indicates that the image is not AI-generated, and the evidence supports the popularity of pizza in cafes."
7826,Not Misinformation,0.6,False,True,"The image does not depict a woman or the specific items mentioned in the claim. It shows a damaged building with flags, which does not support the assertion that a woman returned from Mecca. Additionally, there is no evidence confirming the claim about the green flag and towel. The sources retrieved do not provide specific information about a woman returning from Mecca to Novosasitli or the significance of the flags in this context."
ds8646,Misinformation,0.9,False,True,"The image is confirmed to be AI-generated, which categorically classifies it as misinformation regardless of the relevancy of the content. The visual veracity confidence is high due to the unnatural appearance of the subjects."
ds5661,Misinformation,0.9,False,True,"The image is confirmed to be AI-generated, which directly leads to the classification of the claim as misinformation. Additionally, the claim that dogs can speak three human words is misleading, as current research indicates that while dogs can understand certain words, they do not possess the ability to speak human language in the same way humans do."
ds2066,Not Misinformation,0.9,False,True,"The image depicts a giraffe in a zoo exhibit, which is consistent with the claim. The visual veracity indicates that the image is not AI-generated, and the evidence supports the presence of giraffes in zoo exhibits."
1750,Not Misinformation,0.6,False,True,"The image does not appear to be AI-generated, and while it does not directly support the claim about Scarlett Johansson panicking over a band poster, there is no definitive evidence that contradicts the claim either. The context of the headline is not represented in the image, and the sources do not provide specific comments from Johansson regarding a band poster."
ds5872,Misinformation,0.9,False,True,"The image is confirmed to be AI-generated, which directly leads to the classification of misinformation regardless of the claim's content. The visual manipulation and nonsensical elements in the text further support this classification."
8442,Not Misinformation,0.9,False,True,"The claim accurately describes an event where Ben Stokes was dismissed by Peter Siddle during the Fifth Test of the Ashes series. The evidence confirms that Stokes misjudged a delivery from Siddle, leading to his dismissal for 47 runs. The image, while not depicting the specific moment, is consistent with the context of a cricket match. Additionally, the retrieved evidence supports the claim about Stokes' dismissal."
ds7662,Not Misinformation,0.9,False,True,"The claim about the receding water line of Lake Hodges is supported by multiple credible sources indicating that the water levels are indeed decreasing due to drought conditions and safety regulations. The image, while not directly related to Lake Hodges, does not contradict the claim. The evidence confirms the receding water levels at Lake Hodges."
ds6690,Misinformation,0.9,False,True,"The image is confirmed to be AI-generated, which directly leads to the classification of misinformation regardless of the other signals. The presence of a fictional character like Spider-Man further supports the notion that the image does not represent a real-world scenario."
8225,Not Misinformation,0.9,False,True,"The image does not depict Charles Kennedy, but the claim about him being on the campaign trail in 2005 shortly after the birth of his son Donald is accurate. Charles Kennedy did have a son named Donald, and he was a significant figure during the 2005 campaign. The evidence supports the claim about his family and campaign activities during that time."
ds9362,Not Misinformation,0.9,False,True,"The image depicts a surfer riding a white surfboard, which aligns with the claim. Although the description of the shorts is slightly misaligned (black and red instead of red and black), the main subject of the claim is accurate. The visual veracity indicates that the image is not AI-generated, further supporting its authenticity."
ds9100,Misinformation,0.9,False,True,"The image is confirmed to be AI-generated, which directly leads to the classification of misinformation regardless of the context or content of the claim. The visual elements described do not align with a typical kitchen setting, further supporting the misinformation label."
2273,Not Misinformation,0.9,False,True,"The image depicts a modern bathroom with a white toilet, aligning with the claim of a simple and modern design. The visual elements are consistent with current bathroom design trends that emphasize minimalism and functionality. Additionally, the evidence supports the popularity of white toilets in modern homes, reinforcing the claim's validity."
ds7198,Not Misinformation,0.9,False,True,"The image shows a golfer holding a trophy, which aligns with Rory McIlroy's known victories in the FedEx Cup and Tour Championship. The evidence confirms that McIlroy has won both titles multiple times, including a recent win in 2022. The visual veracity indicates that the image is not AI-generated, supporting the authenticity of the claim."
ds1099,Not Misinformation,0.9,False,True,The image aligns with the headline about Pakistani rescue workers removing a body from the site of a bombing in Lahore. The context of the scene and the details provided in the evidence support the claim that this is a genuine event related to a bombing incident.
540,Misinformation,0.9,False,True,"The claim that Serena Williams questioned a call is not supported by the evidence, which indicates that she did not dispute any calls during her matches. Additionally, the claim about her advancing to the final is misleading as her last match was a loss, marking the end of her career. The image is not AI-generated, but the context of the claims is inaccurate."
3405,Misinformation,0.9,False,True,"The image is confirmed to be AI-generated, which leads to the classification of the claim as misinformation regardless of the accuracy of the headline. The visual veracity assessment indicates a high confidence that the image is not real."
6581,Misinformation,0.9,False,True,"The image is confirmed to be AI-generated, which directly leads to the classification of misinformation regardless of the other signals. The unusual context of the cat wearing glasses and a jacket further supports this conclusion."
4642,Not Misinformation,0.9,False,True,"The image does not appear to be AI-generated and aligns with the subjects mentioned in the headline, as it depicts a model-like figure that could represent either Cindy Crawford or her daughter Kaia Gerber. Additionally, the retrieved evidence supports the claim about Cindy Crawford discussing her daughter Kaia's modeling future and her relationship with Kendall Jenner."
ds3953,Misinformation,0.9,False,True,"The image is confirmed to be AI-generated, which directly leads to the classification of misinformation regardless of the claim's historical accuracy. The visual veracity signal indicates a high confidence that the image is not authentic due to garbled text and an overly perfect composition. This is supported by the evidence that the Ukrainian Soviet Socialist Republic did exist, but the image itself cannot be trusted."
4893,Misinformation,0.9,False,True,"The claim that Mark Wahlberg teased Mel Gibson about his weight and offered to become his personal trainer is supported by evidence indicating that this was reported in tabloids, but Gossip Cop has indicated that it may not be entirely accurate. Therefore, the claim lacks definitive support and is misleading."
ds8357,Not Misinformation,0.9,False,True,"The image does not depict Christian Grey or Anastasia Steele, nor does it relate to the themes of their relationship. The visual veracity indicates that the image is not AI-generated, and the content of the claim aligns with the established character traits of Christian Grey, who is known for his non-vanilla tastes due to his BDSM preferences. The evidence supports that Christian Grey's character is complex and primarily non-vanilla."
ds9069,Not Misinformation,0.6,False,True,"The image shows a box of doughnuts, which is related to the subject of the headline about doughnuts. However, it does not depict a rack with doughnuts in a glass case, which is a specific detail mentioned in the claim. The visual veracity indicates that the image is not AI-generated, but the relevancy is only partial due to the mismatch in specifics."
4230,Not Misinformation,0.9,False,True,"The image is a genuine photograph of Amber Heard, and the headline accurately reflects her recent comments regarding her marriage to Johnny Depp. Multiple sources confirm that she has discussed the impact of their relationship and the trial on her life, indicating that the claim is substantiated."
ds7600,Not Misinformation,0.6,False,True,"The image depicts a realistic scene of traders monitoring multiple screens, which aligns with the financial context of the claim. While the image does not specifically confirm the gains in Shanghai shares, the retrieved evidence indicates that Shanghai shares have recently seen significant increases, particularly due to positive earnings reports and share repurchase plans. However, the connection to the specific claim about Shanghai shares leading gains in Asia is not definitively established."
6611,Misinformation,0.9,False,True,"The image is confirmed to be AI-generated, featuring surreal elements that do not align with reality, such as human bodies with shark-like heads. This indicates that the image does not represent a real event or scenario, making it misinformation."
ds7016,Not Misinformation,0.9,False,True,"The claim accurately reflects the events surrounding Oscar Pistorius, who shot Reeva Steenkamp and was tried for murder. The image is confirmed to be genuine and not AI-generated. The evidence supports the claim that Pistorius was involved in the shooting and faced legal consequences for it."
ds5610,Misinformation,0.9,False,True,"The image is confirmed to be AI-generated with a confidence of 0.8, which directly leads to the classification of the claim as misinformation. Additionally, the claim about plants communicating telepathically is not scientifically supported, as current research indicates that while plants can communicate through chemical signals, this does not equate to telepathy."
5834,Misinformation,0.9,False,True,"The image is confirmed to be AI-generated, which directly leads to the classification of the claim as misinformation. Additionally, the claim that cats were involved in the design of the iPhone 4 is false, as it was designed by a team at Apple, not by cats."
8196,Not Misinformation,0.9,False,True,"Guy Scott did indeed become the interim president of Zambia after the death of Michael Sata, and he is of Scottish descent. This is supported by multiple reliable sources."
ds9433,Not Misinformation,0.6,False,True,"The image does not depict a big long train with storage containers as described in the headline. However, the claim about long trains carrying storage containers is accurate, as intermodal trains are designed for this purpose. The visual veracity indicates that the image is genuine, but the relevancy is low due to the mismatch between the image and the claim."
ds6106,Misinformation,0.9,False,True,"The image is confirmed to be AI-generated, which directly leads to the classification of misinformation regardless of the context or relevance of the headline. The surreal nature of the image, depicting a child with a grenade, further supports this classification."
1901,Not Misinformation,0.9,False,True,"The claim about Venice's San Michele island cemetery gaining a pontoon for scattering ashes is supported by evidence of a temporary floating bridge being revived for All Souls' Day, which facilitates access to the cemetery. Additionally, regulations allow for scattering ashes in designated areas within the cemetery. The image is confirmed to be genuine and not AI-generated."
ds1009,Not Misinformation,0.9,False,True,"The image depicts two individuals in a court setting, which aligns with the context of the claim regarding Capt Yevgeny Yerofeyev and Sgt Alexander Alexandrov appearing in a Ukrainian court. The evidence confirms that both individuals were indeed tried in Ukraine for their involvement in the conflict, and the image does not appear to be AI-generated."
978,Not Misinformation,0.9,False,True,"The Power Play chairs are indeed designed by Frank Gehry, and the image aligns with the claim about their stylish presence in the Winter Garden. The evidence confirms the design and features of the chairs, as well as their association with Gehry. Additionally, the location of the Winter Garden is accurately identified in the retrieved evidence."
9323,Not Misinformation,0.6,False,True,"The image does not depict a sink with a cabinet on legs, as the description suggests. Instead, it features a toilet and a storage unit, which does not align with the claim. However, the image is confirmed to be genuine and not AI-generated, which supports the conclusion that it is not misinformation."
4284,Not Misinformation,0.6,False,True,"The image does not confirm the specific event of Caitlyn Jenner escorting Sophia Hutchins to Nobu Malibu in her purple Porsche, but it does show Caitlyn Jenner, and there is evidence that she was at Nobu with Hutchins. However, the details about the car and the specific event are not fully substantiated."
1972,Not Misinformation,0.6,False,True,"The claim that the new Chrysler 300C is softer looking than the outgoing model is not supported by evidence. Reviews indicate that the Chrysler 300C is characterized by bold styling and a luxurious appearance, rather than a softer look. The image appears to be a genuine photograph of a car, and while it may not align perfectly with the claim, it does not indicate misinformation."
ds3859,Misinformation,0.9,False,True,"The claim states that Korn released 'See You on the Other Side' in 2002, which is incorrect. The album was actually released on December 6, 2005. This is supported by multiple sources confirming the release date."
8063,Not Misinformation,0.6,False,True,"While the image shows Taiko drummers, there is no definitive evidence confirming that this performance is specifically from the Deep River festival in Ontario, Canada. The sources do not provide clear information about the festival or the presence of Taiko drummers at it. However, the image itself is not AI-generated, which supports the claim's validity to some extent."
9677,Not Misinformation,0.9,False,True,"The image depicts two cricketers celebrating, which aligns with the context of the headline about Dilshan and Sangakkara. The evidence confirms that they played together and had notable performances, including celebrations after significant victories. The claim about their celebration is supported by historical match data."
7259,Not Misinformation,0.9,False,True,"The image depicts Bernie Sanders speaking, which aligns with the claim that he spoke in Des Moines, Iowa. The evidence confirms that he has indeed spoken in Des Moines, and the image does not appear to be AI-generated."
ds100,Not Misinformation,0.9,False,True,"The image depicts individuals in ice baths, which aligns with the claim about using ice baths for recovery after a physical challenge. The evidence confirms that the Wembley Challenge took place and that ice baths are commonly used for recovery, supporting the claim's context."
ds3706,Not Misinformation,0.9,False,True,"Robert Singer is a well-known television producer, director, and writer, with significant contributions to shows like 'Supernatural' and 'Lois & Clark: The New Adventures of Superman.' The claim that he is incapable of writing is contradicted by his established career in writing and producing. The evidence supports his capabilities as a writer, and there is no credible criticism found regarding his writing skills."
1782,Misinformation,0.9,False,True,"The claim that North Korean workers are currently employed at the South-owned Shinwon clothes company in the Kaesong industrial park is false. The Kaesong Industrial Complex has been closed since 2016 due to political tensions, and there are no active North Korean workers in the complex. This is supported by multiple sources indicating the closure and the lack of current operations."
4300,Not Misinformation,0.9,False,True,"The image is a genuine photograph of Robert Pattinson and Kristen Stewart, aligning with the headline discussing their careers and public perception. There are no indications of AI generation, and the evidence supports their current standing in the industry as taken seriously actors."
ds9598,Not Misinformation,0.6,False,True,"The image is not AI-generated and depicts a performance that could relate to a Congress event. However, the connection to the specific claim about critics saying the annual Congress is a blessing is not clearly established. The evidence indicates that the current Congress has faced significant criticism, suggesting that the claim may not reflect the general sentiment."
2237,Not Misinformation,0.9,False,True,"The image depicts a large bird flying over a heavily forested area, which aligns with the claim. The visual veracity indicates that the image is not AI-generated, and the evidence supports the presence of large birds in forested areas, such as the Harpy eagle, which is known to inhabit tropical rainforests."
8411,Not Misinformation,0.6,False,True,"The image shows a hockey game involving the New York Rangers, which aligns with the claim about Mats Zuccarello scoring. However, the specific event of him scoring is not confirmed by the image alone. The retrieved evidence indicates that Zuccarello has scored for the Rangers in various games, but does not specifically confirm the timing or context of the goal mentioned in the claim."
ds9228,Not Misinformation,0.9,False,True,"The image depicts a boat on a canal, which aligns with the claim of a large passenger boat floating down a canal. While the specific size and capacity of the boat are not fully visible, the evidence supports the existence of large passenger boats operating on canals. Additionally, the image is confirmed to be realistic and not AI-generated."
ds461,Not Misinformation,0.9,False,True,"The claim that Bill Cosby's lawyers are attempting to get the case thrown out is supported by multiple sources indicating that his legal team is actively pursuing this action based on a previous commitment by a district attorney not to prosecute him. The image of Bill Cosby aligns with the subject of the claim, and the visual veracity is confirmed as not AI-generated."
4368,Not Misinformation,0.9,False,True,"The image does not appear to be AI-generated and depicts Ben Affleck and Jennifer Garner, which is relevant to the context of the claim about dating rumors. Additionally, the evidence supports the claim that Jennifer Garner and Josh Duhamel are rumored to be dating, and that Ben Affleck feels threatened by these rumors."
6660,Misinformation,0.9,False,True,"The image is confirmed to be AI-generated, which indicates that it does not represent a real scene. The claim about a man holding a ping pong paddle under a shelf is not supported by the visual evidence, as the image depicts a surreal scenario that defies physical laws."
ds831,Not Misinformation,0.9,False,True,"The claim that Scott Baio spoke at the Republican National Convention is supported by multiple credible sources confirming his participation in the 2016 RNC. The image aligns with the context of a formal event where he could be speaking, and there are no indications of AI generation."
723,Misinformation,0.9,False,True,"The claim states that Reggie Bush scored a touchdown against the Bills, but he did not play for the Dolphins during the game referenced. The evidence indicates that the Dolphins lost to the Bills 48-20 on October 1, 2023, and Reggie Bush is not associated with the Dolphins during that game. Additionally, the image does not confirm the identity of the player as Reggie Bush."
ds4173,Misinformation,0.9,False,True,"The claim that a federal judge granted permission to subpoena Trump is misleading. A federal judge did not grant a subpoena for Trump himself; rather, rulings have been made regarding subpoenas related to third parties. This aligns with evidence indicating that the headline misrepresents the judicial actions concerning Trump."
ds9215,Misinformation,0.9,False,True,"The image is confirmed to be AI-generated, which directly leads to the classification of misinformation regardless of the other signals. The unnatural appearance of the cow and the blending of textures further support this conclusion."
ds6725,Misinformation,0.9,False,True,"The image is confirmed to be AI-generated, which categorically classifies it as misinformation regardless of the claim about the fire hydrant's colors. The visual veracity signal indicates a high confidence that the image is not real, as it features impossible scenarios."
1792,Not Misinformation,0.9,False,True,"Ricky Muir was indeed elected as a Senator for Victoria in 2013, representing the Australian Motoring Enthusiast Party, despite receiving a very low percentage of first preference votes (0.51%). This aligns with the claim that he is likely to be an elected senator despite the low vote count. The image is confirmed to be genuine and not AI-generated."
2826,Not Misinformation,0.9,False,True,"The claim about the mug changing color depending on the amount of coffee is plausible, as color-changing mugs do exist and function based on temperature changes. The image appears to be a genuine photo, and there are multiple sources confirming the existence and functionality of color-changing mugs."
ds709,Not Misinformation,0.6,False,True,"While the image shows a Bombardier CRJ700 landing at an airport, the specific details regarding the location (Seattle-Tacoma International Airport) and the time (dusk in September 2015) cannot be confirmed from the image alone. However, there is evidence that Delta Connection operated CRJ700 flights to Seattle in 2015, which supports the claim's general accuracy."
ds3448,Misinformation,0.9,False,True,"The image is confirmed to be AI-generated, which categorically qualifies it as misinformation regardless of the claim about Younger being a town. The visual veracity signal indicates a high confidence that the image is not a real photograph."
ds2474,Not Misinformation,0.9,False,True,"The image accurately depicts boats by a dock in a body of water, which aligns with the claim. The visual veracity indicates that the image is not AI-generated, and the evidence supports the presence of boats at docks in various contexts."
ds2010,Not Misinformation,0.9,False,True,"The image clearly depicts a tennis player serving the ball, which aligns perfectly with the claim. The visual elements confirm the action described in the headline, and there are no indications of AI generation. The evidence supports the authenticity of the scene."
ds1564,Misinformation,0.9,False,True,"The claim that Woody Allen received the Cecil B. DeMille Lifetime Achievement Award in 2023 is false. The actual recipient of the award in 2023 was Eddie Murphy, as confirmed by multiple sources."
ds2594,Misinformation,0.9,False,True,"The image is confirmed to be AI-generated, which directly leads to the classification of misinformation regardless of the claim's content. The visual veracity indicates that the image has unnatural features, supporting the AI generation conclusion."
2501,Not Misinformation,0.9,False,True,"The image depicts a girl who appears happy while holding a bullfrog, which aligns with the claim. The visual veracity indicates that the image is not AI-generated, and the context of catching bullfrogs is supported by the evidence provided, which discusses techniques for catching bullfrogs and their commonality in various environments."
7697,Not Misinformation,0.6,False,True,"The claim about a draft proposal suggesting two garden cities at Yalding in Kent and Gerrards Cross in Buckinghamshire is supported by evidence from a credible source. The retrieved evidence confirms that there was indeed a proposal for new settlements in these locations, although it does not provide recent updates on the progress of this proposal. The image does not appear to be AI-generated, and while it is relevant to the concept of garden cities, it does not specifically depict the mentioned locations."
ds2926,Not Misinformation,0.6,False,True,"The claim that the icon for debugging tools on the touch bar is a can of bug spray is not supported by evidence. The debugging tool icon is typically represented by a lightning bolt symbol, not a bug spray can. The image does not show any icon resembling a bug spray, and the context of debugging tools indicates that 'bug' refers to software errors, not insects. However, the specific claim about the icon is not definitively confirmed or denied by the evidence provided."
ds1829,Not Misinformation,0.9,False,True,"The image depicts an MRAP vehicle, which is consistent with the claim that US school districts have acquired such vehicles under a Pentagon program. The evidence supports the existence of MRAPs being distributed to schools through military surplus programs, confirming the claim's accuracy."
ds4158,Misinformation,0.9,False,True,"The claim that Hillary Clinton filed for divorce is false. Multiple credible sources confirm that there are no legal filings for divorce by Hillary Clinton in any court, including New York. Reports suggesting a divorce are unfounded and have been debunked as rumors or hoaxes."
ds9891,Not Misinformation,0.9,False,True,"The image depicts a historical gathering that aligns with the theme of 'Pride and Prejudice,' and there is no evidence suggesting it is AI-generated. The claim about the BBC's adaptation is accurate, as it refers to the well-known 1995 television drama, which is confirmed by multiple sources. The image's context and the claim are consistent with the established facts about the BBC's adaptation of 'Pride and Prejudice.'"
3477,Misinformation,0.9,False,True,"The image is AI-generated, depicting an octopus in a baseball setting, which is a surreal and impossible scenario. Additionally, the claim that 'Trouble with the Curve' stars a squid is false, as the film does not feature any squid or octopus characters."
3415,Not Misinformation,0.9,False,True,"The claim that Hezbollah received zero support from Iran is contradicted by multiple sources indicating that Iran provides significant military, financial, and organizational support to Hezbollah. Evidence shows that Iran has been a key patron of Hezbollah since its inception, supplying funding, training, and weapons. This relationship is well-documented and ongoing, especially in the context of recent conflicts."
ds4821,Not Misinformation,0.6,False,True,"While the claim suggests that Meghan Markle kept her romance with Prince Harry secret from her Suits castmates, the evidence indicates that there is no definitive proof of this. Some sources suggest that her relationship was kept private, but others highlight that her castmates expressed support and excitement regarding her romance. Therefore, the claim lacks strong evidence to be classified as misinformation."
ds471,Not Misinformation,0.9,False,True,"The claim accurately describes how the Roboroach technology works, which involves controlling a cockroach's movements through electrodes connected to a smartphone via Bluetooth. The evidence supports the functionality of the Roboroach, confirming it as a real product that operates as described."
ds4939,Not Misinformation,0.6,False,True,"The image shows a woman in high heels, which relates to the claim about stilettos. However, there is no direct evidence linking the individual to knee surgery or confirming the claim about 'Cait'. While high heels can lead to knee issues, the specific claim lacks substantiation. The visual veracity indicates the image is not AI-generated, but the connection to the claim is weak."
1818,Misinformation,0.9,False,True,"The claim that the Opinion Debate section has moved to the Viewspaper is false. The evidence indicates that the Washington Post's opinion section is undergoing an overhaul, but there is no mention of it moving to a platform called Viewspaper. Additionally, there is no specific information provided about an increase in reader letters in the Viewspaper. Therefore, the claim is misleading."
ds4587,Not Misinformation,0.6,False,True,"The claim that Jennifer Aniston didn't spend $100K on a makeover is supported by evidence indicating that while she may have incurred significant expenses during a hotel stay, there is no direct evidence linking this amount to a makeover. Additionally, recent reports suggest she is opting for a more natural look, which does not imply a costly makeover. However, the lack of strong corroborating evidence leads to a medium confidence level."
ds9253,Not Misinformation,0.9,False,True,"The image accurately depicts food items that align with the claim, including a coffee beverage and a cake. The presence of a banana does not negate the overall alignment with the headline. Additionally, the image is confirmed to be realistic and not AI-generated."
ds8003,Misinformation,0.9,False,True,"The claim that a fireworks display in Weymouth marked the opening of the London 2012 Olympics is false. Evidence indicates that Weymouth did not have fireworks specifically for the London 2012 Olympics, as the town has its own tradition of organizing firework displays during summer holidays and on November 5th, but not for the Olympics. Additionally, the opening ceremony of the London 2012 Olympics featured a different set of events and themes, which did not include a fireworks display in Weymouth."
4557,Not Misinformation,0.6,False,True,"The image does not clearly depict Ruth Negga, and while the headline suggests her rising star status, the connection is weak due to the lack of identifiable context in the image. However, evidence supports that Ruth Negga is indeed gaining recognition in Hollywood, particularly for her recent projects and performances."
ds8684,Misinformation,0.9,False,True,"The image is confirmed to be AI-generated, which directly leads to the classification of misinformation regardless of the content alignment with the headline. The unusual fur patterns and colors of the animals further support this conclusion."
