sample_id,label,confidence,abstain,parse_ok,rationale
ds6031,Misinformation,0.9,False,True,"The image is confirmed to be AI-generated, which categorically qualifies it as misinformation. Additionally, the claim about 'Project Ribbit Thunder' lacks credible context or evidence linking it to the image, further supporting the misinformation label."
3397,Misinformation,0.9,False,True,"The image is confirmed to be AI-generated, which leads to the classification of the claim as misinformation regardless of the content of the claim. Additionally, the claim about ownership is incorrect as Planet Hollywood Las Vegas is owned by Caesars Entertainment, not a corporation based in Paris, Texas."
ds2700,Not Misinformation,0.9,False,True,"The image depicts a scaled quail standing on one leg, which is consistent with the behavior of these birds as confirmed by multiple sources. Additionally, there are no indications that the image is AI-generated. The claim aligns well with the observed behavior of scaled quails."
ds4880,Not Misinformation,0.9,False,True,"Lindsay Lohan was indeed spotted wearing a hijab at the London Modest Fashion Week, which aligns with the claim. The image is confirmed to be genuine and not AI-generated. Additionally, there are multiple sources confirming her appearance and the mixed reactions it has sparked on social media."
ds8852,Not Misinformation,0.6,False,True,"The image shows three teddy bears, which aligns with part of the claim. However, there is no confirmation of a stuffed cat or that the setting is a bedroom wall. The context is related but not fully aligned with the headline, leading to a medium confidence level."
7551,Not Misinformation,0.9,False,True,"The claim about snow falling in Kielder Water, Northumberland, is supported by evidence indicating that snow has indeed fallen across parts of northern England, including Kielder Water. The weather forecast also predicts more snowfall over the weekend. The image aligns with the claim as it depicts a snowy landscape, although it does not specifically confirm the location as Kielder Water."
365,Misinformation,0.9,False,True,"The image is confirmed to be AI-generated, which directly leads to the classification of misinformation regardless of the alignment with the headline. The visual veracity indicates that the image depicts exaggerated features and expressions typical of AI-generated content."
ds4717,Misinformation,0.9,False,True,"The claim that Khloe Kardashian was forced by Tristan Thompson to follow a strict pregnancy diet after a binge on cookies and ice cream is supported by multiple sources. Reports indicate that Tristan has indeed influenced Khloe's diet during her pregnancy, particularly after she indulged in junk food. This aligns with the headline's assertion."
4718,Not Misinformation,0.9,False,True,"The claim about Jennifer Lopez potentially taking a break from Alex Rodriguez is supported by evidence that they did indeed break up and call off their engagement in March 2021. The image aligns with the subject of the headline, and the retrieved evidence confirms the timeline and context of their relationship. Additionally, the visual veracity indicates that the image is genuine and not AI-generated."
ds4306,Not Misinformation,0.9,False,True,"The claim that Eric Trump stated it would be 'foolish' for his father to release tax returns is supported by multiple credible sources. Eric Trump made this statement during interviews in August 2016, emphasizing that releasing the tax returns while under audit would lead to uninformed assumptions. The image of Eric Trump aligns with the context of the claim, and there are no indications of AI generation."
ds1370,Not Misinformation,0.9,False,True,"The image and headline accurately depict Kris and Bruce Jenner attending the Academy of Country Music Awards in Las Vegas. The evidence confirms their attendance at the event in 2009, aligning with the claim."
ds2101,Not Misinformation,0.9,False,True,"The image accurately depicts a table with two wine glasses and a centerpiece, which aligns with the claim. The visual veracity indicates that the image is not AI-generated, further supporting the authenticity of the claim."
5000,Misinformation,0.9,False,True,"The claim that Obama admitted to a secret deal with China to hand over U.S. territory is unfounded and misleading. There is no evidence supporting such a deal, and the context of U.S.-China relations during Obama's presidency involved complex diplomatic engagements rather than territorial concessions. Additionally, the claim about U.S. territory being handed over to China is misrepresented, as Hong Kong was transferred from British control in 1997, not as part of a deal with Obama. The evidence indicates ongoing economic tensions and diplomatic relations, but no secret agreements or territory handovers."
ds4724,Misinformation,0.9,False,True,"The claim that George and Amal Clooney are sleeping in separate bedrooms is contradicted by multiple sources indicating that they are happily together and that the notion of them sleeping separately is likely a misunderstanding. Reports suggest they have adapted to each other's habits over their years of marriage, including George's snoring. Additionally, they have been seen together publicly, which further supports the idea that they are not separated."
ds6329,Misinformation,0.9,False,True,"The image is confirmed to be AI-generated, which is a definitive indicator of misinformation. Additionally, the content of the claim does not align with the actual subjects of 'What's Eating Gilbert Grape' or 'Sharkasaurus', further supporting the misinformation label."
ds1157,Not Misinformation,0.6,False,True,"The image shows a banner with an image of the pope, which suggests a connection to the event described in the headline. However, the specific action of holding a banner during the pope's procession down Fifth Avenue to St. Patrick's Cathedral is not confirmed by the evidence. While the pope has visited Fifth Avenue and St. Patrick's Cathedral, the details about a procession specifically on Fifth Avenue are not supported by the evidence."
5013,Not Misinformation,0.9,False,True,"The image does not depict Brooke Burke or any specific event related to her dating revelation or divorce, but the headline is supported by evidence regarding her current engagement and past relationship details. The visual veracity indicates the image is genuine and not AI-generated."
3983,Misinformation,0.9,False,True,"The image is confirmed to be AI-generated, which leads to the classification of misinformation regardless of the accuracy of the claim about the film's director. The claim states that 'A Good Day to Die Hard' was directed by John Moore in 2008, which is incorrect as the film was released in 2013. The AI-generated nature of the image further supports the misinformation label."
ds9980,Not Misinformation,0.6,False,True,"The image depicts a child who appears to be smiling, which aligns with the claim about an Iraqi girl. However, the specific context of settling with her family near a Kurdish checkpoint is not clearly supported by the evidence. The evidence indicates that Kurdish checkpoints are significant for displaced families, but does not confirm the specific scenario described in the claim."
ds2354,Not Misinformation,0.9,False,True,"The image depicts a big plane flying low on a cloudy sky, which aligns with the claim. There are no indications that the image is AI-generated, and the evidence supports the occurrence of planes flying low due to various factors, including weather conditions."
ds9501,Misinformation,0.9,False,True,"The claim that Ford's reelection campaign was brilliant is misleading, as historical evidence shows that his campaign was ultimately unsuccessful. He lost to Jimmy Carter in the 1976 election, which indicates that the campaign did not achieve its intended goal. Additionally, the evidence confirms that Ford faced significant challenges during his campaign, including public cynicism and a tough primary battle."
ds4,Not Misinformation,0.9,False,True,The claim that Charlie Hebdo's surviving staff left their Paris offices for a temporary home at Liberation newspaper is supported by evidence indicating that they did indeed move to Liberation after the attacks. The sources confirm that they squatted at Liberation for over six months before moving to a new location. The image does not contradict this claim and appears to be a genuine photograph related to the aftermath of the attacks.
ds3871,Misinformation,0.9,False,True,"The claim that Meghan Markle was born in July is false; she was actually born on August 4, 1981. Additionally, the image is AI-generated, which further supports the classification of misinformation."
8830,Not Misinformation,0.6,False,True,"The image does not depict an AI-generated clock and shows a traditional clock, which aligns with the claim about a clock. However, the context of it being against a barn is not supported by the evidence, leading to uncertainty about the claim's accuracy."
ds5053,Not Misinformation,0.9,False,True,"The claim that drinking green tea daily may increase lifespan is supported by studies indicating potential health benefits, including reduced risk of cardiovascular disease. The evidence suggests a correlation between green tea consumption and longevity, although definitive conclusions require more research."
ds2437,Not Misinformation,0.6,False,True,"The image does not depict an animal food tray or cage, but rather a disc golf basket, which is unrelated to the claim. While the claim about the animal food tray being empty is plausible, the evidence does not directly support the claim as it pertains to the image shown."
ds6090,Misinformation,0.9,False,True,"The image is confirmed to be AI-generated, which categorically qualifies it as misinformation. Additionally, the claim about Outside Lands being fun is misleading since the festival did not occur in 2023, with the next event scheduled for 2026."
ds742,Not Misinformation,0.9,False,True,"The image depicts a real protest scene with demonstrators expressing their views against Trump, which aligns with the claim. While the specific event of demonstrators blocking Trump at Quicken Loans Arena is not confirmed, the context of protests during the Republican National Convention is accurate. The visual veracity indicates the image is not AI-generated, supporting its authenticity."
ds1754,Not Misinformation,0.9,False,True,"The image and headline accurately depict Benedict Cumberbatch portraying Julian Assange in the film 'The Fifth Estate.' The evidence confirms that Cumberbatch plays Assange in this biographical thriller, aligning with the claim made in the headline."
4580,Not Misinformation,0.6,False,True,"The image does not confirm the specific subjects mentioned in the headline, and while it shows three women, it does not provide evidence that Kourtney Kardashian explicitly picks Kylie Jenner's lip kit over Kim Kardashian's contour sticks. The context of the headline is not represented in the image. However, there are connections between Kourtney and Kylie in the beauty industry, which adds some relevance to the claim."
ds50,Not Misinformation,0.9,False,True,"The claim that Rachael Drouet has still not tracked down the owners of the decorations is supported by multiple sources. Specifically, the evidence indicates that Rachael Drouet has been trying to find the owners of the Christmas decorations stolen by her cat, Theo, and has not succeeded in locating most of them. This aligns with the claim made in the headline."
8392,Not Misinformation,0.9,False,True,"The claim regarding Oregon Attorney General Ellen Rosenblum alleging that GNC knowingly sold supplements containing synthetic chemicals is supported by multiple credible sources. The evidence confirms that a lawsuit was filed against GNC for selling dietary supplements containing illegal ingredients, specifically BMPEA and picamilon, which are not approved for sale in the U.S. The image does not relate to the claim but does not contradict it either."
ds7878,Not Misinformation,0.9,False,True,"The claim about a Bangladeshi family wading through flood water to refuge in Harinagar Satkhira is supported by evidence of recent flooding in the area, which has caused significant displacement. The image aligns with the context of flooding, and while it does not confirm the specific identity of the family, the situation described is plausible given the circumstances in Satkhira."
ds4278,Misinformation,0.9,False,True,"The claim that Russian mansions seized by Obama were meant as illegal gifts to Sasha and Malia is false. There is no evidence supporting the idea that these mansions were intended as gifts to the Obama daughters. The seized properties were diplomatic compounds related to political actions against Russia, not personal gifts. Additionally, the sources confirm that the mansions were seized as a response to Russia's interference in U.S. elections, not for any personal reasons related to the Obama family."
ds6954,Misinformation,0.9,False,True,"The image is AI-generated, depicting a surreal scene that does not relate to the claim about Prof Martin Hairer. The visual veracity indicates a high confidence that the image is not real. Additionally, the claim about Prof Hairer being an Austrian mathematician is true, but the image's context is misleading."
ds3520,Misinformation,0.9,False,True,"The claim that Ice-T signed to Sire Records in 1987 when he was 18 years old is false. Ice-T was born on February 16, 1958, which means he was 29 years old when he signed with Sire Records in 1987. This is corroborated by multiple sources, including his biography on Wikipedia and Genius."
7044,Not Misinformation,0.9,False,True,"The image does not appear to be AI-generated, and there is substantial evidence confirming that Hillary Clinton has spoken at rallies in Columbus, Ohio. The context of her being at a rally aligns with historical events, including notable speeches in 2016 and 2008."
ds9094,Misinformation,0.9,False,True,"The image is confirmed to be AI-generated, as indicated by the nonsensical text present in the image. This suggests manipulation or generation rather than a genuine photograph of two old street parking meters surrounded by weeds."
ds3303,Not Misinformation,0.9,False,True,"The claim that Scandinavia includes the remote Norwegian islands of Svalbard and Jan Mayen is not accurate. Svalbard is part of the Kingdom of Norway but is not considered part of geographical Norway or the Scandinavian region. It is classified as part of the Nordic region. Jan Mayen is also not included in the traditional definition of Scandinavia, which typically comprises only Norway, Sweden, and Denmark."
ds7131,Not Misinformation,0.6,False,True,"While the image shows a singer performing, which aligns with the context of the headline, there is no specific evidence confirming the details about the dress and jewels worn by Karen O. The performance is confirmed, but the fashion details remain unverified."
ds7823,Not Misinformation,0.9,False,True,"The image does not depict the Berlaymont building, but the claim about the Berlaymont building housing the European Commission is accurate. The retrieved evidence confirms the existence and purpose of the Berlaymont building as the headquarters of the European Commission in Brussels."
1047,Not Misinformation,0.9,False,True,"The image and claim align with the evidence that confirms Matt Bevin spoke at the Kentucky Chamber of Commerce dinner on January 7, 2016. The event is documented in multiple sources, including a direct reference to Bevin addressing the dinner on that date."
ds8744,Not Misinformation,0.9,False,True,"The image depicts a shirtless man on a skateboard in mid-air, which aligns with the claim. The visual veracity indicates that the image is not AI-generated, and the context provided in the evidence supports the scenario of skateboarding stunts. The focus on the skateboarder and the surrounding environment suggests a plausible situation without any indication of misinformation."
ds9896,Not Misinformation,0.9,False,True,"The image is confirmed to be a genuine photograph, and there is no evidence supporting the claim that Alan Johnson has a 'bad case' of any health issue. Recent reports indicate he is in a positive personal situation and has no significant health issues reported. The claim appears to be misleading."
ds3482,Not Misinformation,0.9,False,True,"The claim that 'Gotham City Sirens failed to be published' is incorrect. Evidence indicates that the series has been published and continues to have new issues released, with ongoing developments as of 2024. The image aligns with the subject matter, showing comic book covers related to 'Gotham City Sirens'."
3081,Misinformation,0.9,False,True,"The claim that 'Story of My Life' was recorded exclusively by a girl band is false. The song is primarily known for being recorded by One Direction, a boy band, and there is no evidence supporting that a girl band recorded it. Additionally, the evidence confirms that One Direction is the group associated with this song."
6149,Misinformation,0.9,False,True,"The image is identified as AI-generated with a high confidence level (0.8), which indicates that it does not represent real-life scenarios. The surreal nature of a dog reading a book, along with nonsensical text, supports this conclusion. Therefore, the image cannot be trusted as a truthful representation related to the claim."
ds6053,Misinformation,0.9,False,True,"The image is confirmed to be AI-generated, which directly leads to the classification of misinformation. The surreal nature of the image, depicting a rabbit riding a pink tricycle, further supports this classification as it does not align with realistic scenarios. The visual veracity confidence is high due to the clear indication of AI generation."
5357,Not Misinformation,0.9,False,True,"The image is confirmed to be a genuine photograph, and the headline discusses a real plan by the Education Secretary that has been reported on. The evidence supports the claims made in the headline regarding the controversial nature of the plan and the financial risks associated with it."
ds3839,Misinformation,0.9,False,True,"The image is confirmed to be AI-generated, which leads to the classification of the claim as misinformation. Additionally, while Dev Patel did star in 'Chappie', the claim that it is an animated movie is misleading, as 'Chappie' is a live-action film with animated elements. The AI-generated nature of the image further supports the misinformation label."
7469,Not Misinformation,0.9,False,True,"The image shows Donald Trump speaking, which aligns with the claim about him speaking at a rally. Additionally, evidence confirms that Donald Trump did hold a rally in Bangor, Maine on October 15, 2016, where he addressed various issues. The visual veracity indicates that the image is genuine and not AI-generated."
ds3252,Misinformation,0.9,False,True,"The claim that 'Little Dorrit' was only published in the 1980s is false, as the novel was originally published in serial form between 1855 and 1857. Additionally, the image is identified as AI-generated, which further supports the classification of misinformation."
ds3976,Misinformation,0.9,False,True,"The image is confirmed to be AI-generated, which is a definitive indicator of misinformation. Additionally, the claim that the United States is one of the ABC Islands is false, as the ABC Islands (Aruba, Bonaire, and Curaçao) are part of the Kingdom of the Netherlands, not the United States."
9974,Not Misinformation,0.9,False,True,"The image is confirmed to be a genuine photograph, and the headline relates to Kanye West, who is featured in the image. The context of the tweet is not fully visible, but there is no indication of misinformation regarding the claim about Kanye's tweeting activity."
4125,Not Misinformation,0.9,False,True,"Kevin Hart did appear in a J. Cole music video where he played a role reflecting his real-life experiences with infidelity. This aligns with the claim made in the headline. The image does not show any signs of being AI-generated and appears to be a genuine photograph. Additionally, the evidence supports the connection between Kevin Hart's personal life and his role in the music video."
ds2506,Not Misinformation,0.9,False,True,"The image depicts a building with a protective fence underneath, which aligns with the claim about safety measures for pedestrians against falling bricks. Evidence supports that there are indeed fences around buildings in Warsaw to catch falling bricks, confirming the claim's context."
ds6253,Misinformation,0.9,False,True,"The image is confirmed to be AI-generated, which categorically classifies it as misinformation. The surreal elements and nonsensical text further support this classification."
ds6291,Misinformation,0.9,False,True,"The image is confirmed to be AI-generated, which indicates manipulation and unreliability. The visual veracity assessment indicates that the depiction of a human riding a gazelle is not realistic, further supporting the claim of misinformation."
ds9638,Not Misinformation,0.9,False,True,"The image shows two presenters discussing a story, which aligns with the claim that they appeared on YouTube to discuss the incident being staged. The evidence confirms that Tania Reza and Enrique Tovar did claim the incident was staged during their YouTube appearance, and the context of their statements supports the headline."
ds994,Not Misinformation,0.9,False,True,"The image depicts performers forming the Olympic rings during a closing ceremony, which aligns with the claim. The evidence confirms that the Olympic rings were indeed featured during the closing ceremony of the Paris 2024 Olympics, and the image is not AI-generated."
ds5728,Not Misinformation,0.9,False,True,"The image and headline align well with Jenny McCarthy's career, and the evidence supports her rise to fame starting in the early 1990s, particularly highlighting her recognition as Playmate of the Year in 1995. The image is not AI-generated, and the context is consistent with her known history in the entertainment industry."
2731,Not Misinformation,0.9,False,True,"The image depicts a toy doll in a car window, which aligns with the innovative take on the 'baby on board' sticker mentioned in the claim. The evidence supports the existence of various creative and humorous 'baby on board' stickers, confirming the context of the claim. Additionally, there are no indications that the image is AI-generated."
ds2331,Not Misinformation,0.9,False,True,"The image depicts a man on a tennis court holding a racquet, which aligns perfectly with the claim. The visual veracity indicates that the image is not AI-generated, further supporting the authenticity of the claim."
9107,Misinformation,0.9,False,True,"The image is confirmed to be AI-generated, which categorically indicates misinformation regardless of the claim's content. The visual anomalies and technical perfection of the image further support this conclusion."
ds3649,Misinformation,0.9,False,True,"The claim that 'An Educated' was created only by journalist Nora Ephron is false. The work referred to is likely 'Educated,' a memoir by Tara Westover, which is unrelated to Ephron. Multiple sources confirm that Nora Ephron did not create 'An Educated' and was known for her contributions to journalism and film, not for this memoir."
7187,Not Misinformation,0.9,False,True,"The claim that Supreme Leader Ayatollah Ali Khamenei waved during a meeting in Tehran last September is supported by evidence confirming his public appearances on September 17 and September 21, 2022. The image is not AI-generated, and the context aligns with the events described."
ds5161,Not Misinformation,0.9,False,True,"The image is confirmed to be genuine and not AI-generated. The claims regarding Mike Pence's ties to a Russian spy agency are not supported by credible evidence, as the sources indicate he has taken a stance against Russian aggression and there are no current reports linking him to such ties."
ds4423,Misinformation,0.9,False,True,"The claim that Floyd Mayweather Jr. donated a significant sum to Houston after a hurricane is false. Evidence indicates that he did not make such a donation, specifically a claim of $200 million which has been debunked as fake news. The image does not provide context to support the claim, and the overall narrative is misleading."
8155,Not Misinformation,0.6,False,True,"The claim about Charlie Pierce making a phone call in a wire factory in Ohio in 2012 is not supported by the evidence. Charlie Pierce did not work for Mitt Romney, and there is no specific information regarding a phone call in an Ohio wire factory in 2012. The image does not relate to the claim and depicts a disaster scene, which is unrelated to the context of the claim."
ds7055,Not Misinformation,0.9,False,True,"The image does not depict the specific subjects or event mentioned in the headline, but it is not AI-generated and appears to be a genuine photograph. The historical context regarding Leeroy Murray and his family is supported by evidence, confirming their existence and relevance to the time period mentioned."
8165,Not Misinformation,0.9,False,True,"The claim that Emily Cruse Elliott danced in Club Sizzle at the Blue Ribbon Bacon Fest in Des Moines is supported by evidence confirming both the event's occurrence and her participation. The image shows a group of people dancing, which aligns with the context of the festival. Additionally, the retrieved evidence confirms that the Blue Ribbon Bacon Festival took place and that Emily Cruse Elliott performed there."
1449,Not Misinformation,0.9,False,True,"The claim about Hinchliffe Stadium opening in 1932, hosting Negro League games, and being abandoned is accurate. The stadium was indeed constructed in 1932 and has a significant history with the Negro Leagues. Although it was abandoned for many years, it has recently undergone renovations and reopened in 2023, which aligns with the evidence provided."
4647,Not Misinformation,0.9,False,True,"The claim that Angelina Jolie and Jennifer Aniston did not have a face-to-face meeting is supported by evidence indicating that they did meet in 2004. Aniston has described this meeting as friendly, which contradicts the claim. Additionally, the image is confirmed to be genuine and not AI-generated."
ds4064,Not Misinformation,0.9,False,True,"The image is a genuine photograph of Brad Pitt, and the claim about his net worth aligns with the evidence retrieved, which indicates estimates of his net worth around $300 million to $400 million. The context of the image and headline is consistent with the subject matter."
ds2877,Not Misinformation,0.9,False,True,"The image depicts a decomposing leaf, which aligns with the claim about finding such leaves offshore at a local reservoir. The evidence supports the claim, as it confirms the presence of decomposing leaves in similar contexts."
7330,Misinformation,0.9,False,True,"The image does not depict Jonathan Jones or the Millennium Bridge in central London, as it shows a group of people in a different setting. Additionally, there is no evidence linking Jonathan Jones to the Millennium Bridge, and the image's context is unrelated to the claim."
ds5062,Misinformation,0.9,False,True,"The claim that the COVID-19 vaccine alters DNA and increases the risk of genetic mutations is false. Evidence shows that COVID-19 vaccines do not alter human DNA, as mRNA vaccines do not enter the nucleus of cells where DNA is located (source: https://www.goodmorningamerica.com/wellness/story/pregnant-doctor-covid-19-vaccine-75221055). Additionally, there is no evidence from reputable studies that COVID vaccines increase the risk of genetic mutations or cancer (source: https://www.acibademhealthpoint.com/the-covid-vaccine-cause-cancer-fact-check-analysis/)."
ds5124,Misinformation,0.9,False,True,"The claim that Biden admitted to plotting election fraud with foreign powers is false. Evidence shows that Biden did not make such admissions, and claims suggesting otherwise are based on misinterpretations or out-of-context statements. The image does not relate to the claim, but the misinformation is clear from the context provided."
6119,Misinformation,0.9,False,True,"The image is confirmed to be AI-generated, which categorizes it as misinformation regardless of the context or relevance to the claim. The visual elements are bizarre and surreal, further supporting the AI generation conclusion."
5317,Misinformation,0.9,False,True,"The claim that herbal tea from the Amazon rainforest can eradicate COVID-19 is misleading and unsupported by scientific evidence. Multiple sources confirm that herbal tea does not cure or prevent COVID-19, and claims to the contrary have been debunked by health authorities. Additionally, the image is not AI-generated, but the claim itself is false."
ds8378,Not Misinformation,0.9,False,True,"The claim that Richard Dawkins and Rowan Williams debated the role of religion in the 21st century is accurate. They indeed participated in a debate on January 31, 2013, where the topic was whether religion has a place in the 21st century, and Dawkins ultimately lost the debate. The image is not AI-generated, and the context aligns with the retrieved evidence."
8719,Misinformation,0.9,False,True,"The image is confirmed to be AI-generated, which directly leads to the classification of misinformation regardless of the claim's content. The visual veracity indicates that the image lacks realistic shading and appears overly saturated, supporting the conclusion that it is not a genuine photograph."
6563,Misinformation,0.9,False,True,"The image is identified as AI-generated, which confirms it as misinformation regardless of the alignment with the headline. The visual veracity assessment indicates manipulation, particularly with the lighting and the subject's appearance, which is characteristic of AI-generated images."
ds3412,Misinformation,0.9,False,True,"The claim that Castlevania came out in Japan in 1990 is false. The original Castlevania game was released in Japan on September 26, 1986. This is supported by multiple sources, including Wikipedia and the Castlevania Wiki, which confirm the 1986 release date."
966,Misinformation,0.9,False,True,"The claim that Marco Rubio grilled at the Iowa State Fair in 2015 is not supported by evidence. Multiple sources confirm that there is no record of Rubio grilling at the Iowa Pork Producers Pork Tent during the event. The image may depict a grilling scene, but it does not provide evidence of Rubio's involvement."
ds5156,Misinformation,0.9,False,True,"The claim that the COVID-19 vaccine causes permanent memory loss is not supported by any credible evidence. The retrieved sources indicate that there is no evidence linking COVID-19 vaccines to memory loss, and they primarily address other concerns such as myocarditis and infertility. Additionally, the image is not AI-generated, but the claim itself is false based on the evidence provided."
ds2814,Not Misinformation,0.9,False,True,"The image of the Father's Day note appears to be genuine, and the context aligns well with the claim of it being found in a used bookstore in Knoxville, TN. The sources confirm the existence of used bookstores in Knoxville, such as McKay's and Addison's, which are known for their extensive collections, including fishing books."
ds6955,Misinformation,0.9,False,True,"The image is AI-generated, which confirms it as misinformation. Additionally, there is no evidence of a professional relationship between Henry Kissinger and Sepp Blatter, as their careers did not intersect."
ds6481,Not Misinformation,0.9,False,True,"The image depicts Vladimir Putin and Borut Pahor, which is consistent with the claim. The context of their meeting aligns with the evidence provided, confirming the authenticity of the image and the accuracy of the claim."
5084,Misinformation,0.9,False,True,"The image is confirmed to be AI-generated, which directly leads to the classification of the claim as misinformation. Additionally, there is no evidence supporting the claim that the Senate voted to ban independent media, as the retrieved evidence indicates that the Senate has not taken such action."
ds1963,Not Misinformation,0.9,False,True,"The image depicts heavy traffic on a motorway, which aligns with the claim about heavy traffic on the M5 motorway during a busy Easter getaway. The evidence supports the occurrence of heavy traffic on the M5 during Easter, with reports indicating significant delays and increased journey times. The visual veracity indicates that the image is not AI-generated, further supporting its authenticity."
9347,Not Misinformation,0.9,False,True,"The image depicts a man wearing glasses and a purple scarf, which is similar to a lavender shirt. The visual veracity indicates that the image is not AI-generated, and the description aligns with the claim about a man wearing glasses. The evidence supports the existence of men wearing lavender shirts in fashion trends, confirming the relevance of the claim."
ds4921,Not Misinformation,0.9,False,True,"The image does not depict Justin Bieber or Kourtney Kardashian, and the context of the headline is supported by evidence indicating they still communicate. Additionally, the image is confirmed to be real and not AI-generated."
3169,Misinformation,0.9,False,True,"The claim that Ian Gillan was born on May 19, 1945, is false; he was actually born on August 19, 1945. Additionally, the image is identified as AI-generated, which further supports the classification of misinformation."
2004,Not Misinformation,0.9,False,True,"The image depicts a basketball game in progress, which aligns with the claim. The visual veracity indicates that the image is not AI-generated, and the evidence supports the existence of basketball games currently happening."
4046,Misinformation,0.9,False,True,"The claim that George H.W. Bush has died at 94 is true, as he passed away on November 30, 2018. The image does not depict the event of his death, showing him alive instead, which is inconsistent with the headline. Additionally, the claim is supported by multiple reliable sources confirming his death."
8531,Not Misinformation,0.6,False,True,"The image depicts a kitchen area with decorative elements, aligning with the claim of a decorated interior. However, the size of the kitchen is not clearly visible, making it difficult to definitively categorize it as a smaller kitchen. The visual veracity indicates that the image is not AI-generated, which supports the authenticity of the claim."
ds8617,Misinformation,0.9,False,True,"The image is confirmed to be AI-generated, which categorically qualifies it as misinformation regardless of the relevance of the content. The visual veracity confidence is high, indicating strong evidence of AI generation."
1052,Not Misinformation,0.9,False,True,"The claim about the iPhone 5C being displayed during an Apple product announcement at the Apple campus in Cupertino, California, and its release date of September 20, 2013, is accurate. The image aligns with the context of the announcement, and the evidence confirms both the announcement and release date."
2929,Not Misinformation,0.9,False,True,"The image depicts a nurse with colorful hair, which aligns with the subject of the headline. The nurse's response to criticism about her appearance has been widely reported, confirming the authenticity of the claim. The evidence supports the narrative that the nurse expressed pride in her colorful hair and addressed the criticism positively."
5939,Misinformation,0.9,False,True,"The image is confirmed to be AI-generated, which directly leads to the classification of misinformation. Additionally, the claim about Vic Mensa's roots in Houston, Texas is false, as he was born and raised in Chicago, Illinois, with no ties to Houston. This is supported by multiple sources confirming his background."
ds3503,Misinformation,0.9,False,True,"The image is confirmed to be AI-generated, which leads to a classification of misinformation regardless of the claim's context. Additionally, the claim that 'The Hunger Games' are based on a play is misleading; while there is a stage adaptation, the original source material is a series of novels, not a play."
ds6940,Misinformation,0.9,False,True,"The image is confirmed to be AI-generated, which directly leads to the classification of misinformation. The unusual elements in the image, such as the combination of a child reading a book with a skeleton, and the garbled text on the book, support this conclusion. Additionally, the claim about the comic book's content cannot be substantiated with the provided evidence."
ds8840,Misinformation,0.9,False,True,"The image is confirmed to be AI-generated, which directly leads to the classification of misinformation. Additionally, the claim about the dump truck being on green asphalt is incorrect as the truck is actually on grass."
ds4482,Misinformation,0.9,False,True,"The claim that the San Juan Teamsters didn't show up for work to distribute relief supplies is not supported by the evidence. In fact, the Teamsters are actively involved in relief efforts and have been working to assist their members and communities. The sources indicate that the Teamsters are engaged in disaster relief efforts rather than skipping work. Additionally, the image does not provide direct evidence of the Teamsters' absence from work."
ds4702,Not Misinformation,0.6,False,True,"While there are rumors about Gwen Stefani being pregnant, there is no confirmed news or official statement regarding her pregnancy. The image is a genuine photograph, and the claims about her friends thinking she has a secret are based on speculation rather than verified information."
1231,Not Misinformation,0.6,False,True,"The image shows a player running during pregame warmups, which aligns with the context of the headline. However, the specific identification of Robert Griffin III cannot be confirmed based on the evidence provided. While he is associated with the Redskins and has played at Raymond James Stadium, there is no direct evidence confirming he warmed up there on the specific occasion mentioned."
4217,Misinformation,0.9,False,True,"The claim about J.Lo and A-Rod's passionate kisses is misleading as they are no longer together, having officially split and called off their engagement. Recent discussions have focused on Lopez's reactions to rumors about Rodriguez's alleged flings, with no indication of rekindling their romance. The image does not provide evidence of the claimed passionate kisses."
992,Not Misinformation,0.9,False,True,"The image depicts a flooded area that aligns with the claim about high water overrunning homes and businesses near the Shiawassee River and Shiawassee National Wildlife Refuge in Michigan. The evidence supports the occurrence of flooding in this region due to heavy rainfall, which is consistent with the claim."
ds6586,Misinformation,0.9,False,True,"The image is confirmed to be AI-generated, depicting a surreal scene with jellyfish in a bedroom, which is not a natural occurrence. This aligns with the definitive rule that AI-generated images are classified as misinformation regardless of other signals."
ds1582,Misinformation,0.9,False,True,"The claim states that Norway won against England in the European Under-21 Championship, but evidence indicates that Norway lost to England with a score of 1-2 in a different match context (FIFA World Cup). Additionally, the image does not confirm the identity of the goalkeeper as Nyland Haskjold, and the match referenced is not the correct event."
ds6549,Misinformation,0.9,False,True,"The image is identified as AI-generated with a confidence of 0.8, which indicates it is not a genuine photograph of a mother and child. The presence of surreal elements, such as angel wings, further supports this classification. Therefore, despite the claim aligning with the visual content, the AI-generated nature of the image categorizes it as misinformation."
ds1547,Not Misinformation,0.6,False,True,"While the claim states that the Martutjarra-Luritja people are custodians of the 105200 hectares of land in Watarrka National Park, the evidence indicates that the park is under the custodianship of the Anangu Aboriginal people. The Martutjarra-Luritja people are indeed Indigenous Australians, but they are not specifically mentioned as custodians of Watarrka National Park. Therefore, the claim is partially incorrect, but not entirely false."
ds9027,Misinformation,0.9,False,True,"The image is confirmed to be AI-generated, which categorizes it as misinformation regardless of the claim's content. The visual characteristics of the pizza, such as unnatural texture and overly perfect crust, support this conclusion."
ds8208,Not Misinformation,0.6,False,True,"The image depicts a protest, which aligns with the claim about activists protesting the Summer Olympics. However, while there is evidence of protests related to the Olympics in Brazil, the specific connection to the claims of corruption and mismanagement is not definitively established in the evidence provided. The protests mentioned in the evidence do relate to issues surrounding the Olympics, but the direct link to the specific claims in the headline is not fully supported."
ds1877,Not Misinformation,0.9,False,True,The claim that Gordon Taylor settled into his role as chairman at the Professional Footballers Association in November 1978 and later became chief executive in 1981 is supported by multiple reliable sources. The evidence confirms both the timeline and the roles he held within the organization.
ds1998,Not Misinformation,0.9,False,True,"The image depicts a protest scene that aligns with the claim about spending cuts likely sparking protests. The evidence supports the assertion that spending cuts lead to public dissent, particularly in recent protests in France against proposed budget cuts. The visual context of the protest reinforces the claim."
578,Not Misinformation,0.9,False,True,"The image depicts a person working with a pump in a flooded area, which aligns with the context of trying to keep floodwaters out of a property. While the specific identity of the person as Bob Bailey and the exact location as Clarksville, Mo, cannot be confirmed, the overall scenario is plausible and supported by evidence of flooding in the area. Additionally, the image is confirmed to be real and not AI-generated."
ds4435,Not Misinformation,0.6,False,True,"The claim that Trump is removing Marines from the Navy is not supported by the evidence. The sources do not indicate any such action taken by Trump. Instead, they discuss unrelated topics and military standards. The image does not appear to be AI-generated, and while it is relevant to the topic, it does not provide specific evidence for the claim."
4186,Misinformation,0.9,False,True,"The claim that Katie Holmes reignites a friendship with James Van Der Beek to make Jamie jealous is misleading. James Van Der Beek has recently passed away, which makes the premise of rekindling a friendship impossible. Additionally, there is no evidence to support the idea that Jamie is jealous of this nonexistent friendship. The image does not depict the subjects mentioned in the headline, further indicating a disconnect between the claim and reality."
ds5919,Not Misinformation,0.9,False,True,"The claim that Ares is the nephew of Zeus is incorrect; Ares is actually the son of Zeus and Hera, making him Zeus's child rather than his nephew. This is supported by multiple sources, including Wikipedia articles on Ares and Zeus, which confirm Ares's lineage. The image does not appear to be AI-generated and depicts a classical setting that aligns with the theme of Greek mythology."
ds379,Not Misinformation,0.9,False,True,"The claim that three people died during a police raid in Saint-Denis five days after the attacks is supported by evidence indicating that two suspects were killed during the raid, along with a woman who detonated an explosive device, leading to a total of three deaths. The timing of the raid, occurring on November 18, 2015, aligns with the claim that it took place five days after the Paris attacks."
ds3753,Not Misinformation,0.9,False,True,"The Icelandic Coast Guard actively performs various services including search and rescue, maritime safety, and law enforcement. Evidence shows that they maintain a continuous watch for emergencies and have been involved in numerous operations, indicating that they are not rarely performing services as claimed."
ds6032,Not Misinformation,0.9,False,True,"The image depicts a real interaction between an ostrich and a person, which aligns with the humorous claim about the ostrich's table manners. There are no indications that the image is AI-generated, and the context supports the headline's playful nature regarding the behavior of ostriches."
3980,Not Misinformation,0.6,False,True,"The claim that 'Touch My Body is a law' is not accurate, as it refers to a song by Mariah Carey rather than a legal statute. The evidence indicates that laws regarding physical contact are related to assault, battery, or harassment, not a specific law named 'Touch My Body.' However, the image does not provide direct evidence against the claim, leading to a medium confidence level."
ds2845,Not Misinformation,0.6,False,True,"While the image shows a premium gas pump, there is no evidence confirming the presence of a spider web on it or that it is located in a secluded part of Arkansas. The claim lacks specific supporting evidence, particularly regarding the spider web and the seclusion of the location."
1318,Not Misinformation,0.6,False,True,"The image shows patrons seated at a bar and in rows, which aligns with the context of the headline about relaxing while waiting to play bocce. However, the evidence does not confirm the specific activity of bocce being played in the setting described. The visual veracity indicates that the image is not AI-generated, but the partial alignment with the claim leads to a medium confidence level."
ds2773,Not Misinformation,0.9,False,True,"The image shows a Bible and a Book of Mormon in a hotel drawer, which aligns with the claim about a hotel in Detroit having these items. This practice is common in many hotels, particularly those affiliated with the Marriott chain, due to their historical ties to the Church of Jesus Christ of Latter-day Saints."
ds8795,Not Misinformation,0.9,False,True,"The image depicts two men in formal attire, likely at night, which aligns with the claim. While the specific detail of them wearing sunglasses is not confirmed, the context of men crossing the street at night is supported by evidence. Additionally, the image is not AI-generated, further supporting its authenticity."
6395,Misinformation,0.9,False,True,"The image is confirmed to be AI-generated, which directly leads to the classification of misinformation. The visual veracity signal indicates a high confidence in the AI generation of the image, and the context of the claim does not alter this fact."
ds5285,Not Misinformation,0.9,False,True,"Hillary Clinton has publicly denied any interest in running for president in 2024, stating that she is not running and focusing on supporting other Democratic candidates. This is supported by multiple sources confirming her lack of intention to run, despite the claim in the headline."
ds7674,Not Misinformation,0.6,False,True,"The claim about the Highlands attracting 80% of its visitors from other parts of the UK is not directly supported by the evidence provided. While the evidence indicates that the Highlands attract many visitors due to their scenery and culture, it does not specify the exact percentage of visitors from the UK. The visual veracity indicates that the image is not AI-generated, and the overall confidence in the claim is moderate due to the lack of specific statistics."
2728,Not Misinformation,0.9,False,True,"The claim that an activist faced years in prison for helping migrants and that jurors wouldn't convict him is supported by multiple sources. Specifically, Scott Daniel Warren faced charges for providing aid to migrants, and jurors could not reach a verdict, reflecting a stance against the criminalization of humanitarian aid. This aligns with the evidence that jurors refused to convict him after he was accused of providing water, food, and lodging to migrants."
ds8721,Not Misinformation,0.9,False,True,"The image shows a bowl of white rice and broccoli, which aligns with the general context of the headline about a bowl of rice and a vegetable dish. While the headline mentions beef, the absence of beef in the image does not constitute misinformation, as the primary focus is on the rice and vegetable dish. The visual veracity indicates that the image is not AI-generated, further supporting the claim's validity."
ds9200,Misinformation,0.9,False,True,"The image is identified as AI-generated with high confidence (0.9), which indicates manipulation and raises concerns about its authenticity. The visual elements, such as the dog's anatomy appearing distorted, further support this classification. Therefore, regardless of the claim's content, the AI generation status leads to a determination of misinformation."
ds3723,Misinformation,0.9,False,True,"The claim that 'The Originals' began airing on The CW in October of 2005 is false. The series actually premiered on October 3, 2013. Additionally, the image is confirmed to be AI-generated, which further supports the classification of misinformation."
7601,Not Misinformation,0.9,False,True,"The image depicts Bangladeshi security personnel, which aligns with the context of the July 1, 2016, restaurant attack in Dhaka. The retrieved evidence confirms the occurrence of the attack and the presence of security personnel in response to it."
9081,Not Misinformation,0.9,False,True,"The image shows a lunch box with sandwiches and carrots, which aligns with the claim about a lunch box containing these items. Although it does not clearly show a muffin or a salad, the presence of sandwiches and carrots supports the claim. Additionally, the visual veracity indicates that the image is not AI-generated, further supporting its authenticity."
ds2006,Not Misinformation,0.6,False,True,"The image shows people lined up near an airplane, which partially aligns with the claim. However, there is no definitive evidence confirming the presence of individuals in military uniform. The visual veracity indicates that the image is genuine and not AI-generated, but the lack of clarity regarding military uniforms affects the overall confidence in the claim."
ds6266,Misinformation,0.9,False,True,"The image is confirmed to be AI-generated, depicting an unrealistic scenario of a turkey flying over a cityscape, which does not align with the context of the headline. The visual veracity confidence is high, indicating that the image is not authentic."
708,Not Misinformation,0.9,False,True,"The image is confirmed to be a genuine photograph of Carmelo Anthony and La La Vazquez Anthony, aligning with the claim about their relationship and the context of the trade rumors in 2011. The evidence supports that La La did not force Carmelo to seek a trade, but rather that the trade contributed to the challenges in their marriage."
ds354,Not Misinformation,0.9,False,True,"The claim that Aon was unveiled as the sponsor of Manchester United in July 2010 is accurate. Aon signed a four-year sponsorship deal in June 2009, which took effect from the start of the 2010/11 season, and the new kit featuring Aon's logo was revealed on July 14, 2010. This aligns with the evidence that confirms Aon's sponsorship and the timeline of events."
7119,Misinformation,0.9,False,True,"The claim that Julian Assange is calling for the threat of arrest to be lifted is not supported by the evidence. Multiple sources indicate that he has not made such a call, and instead, his legal troubles continue. Additionally, the image does not depict the specific event mentioned in the headline, further contributing to the misinformation."
6424,Misinformation,0.9,False,True,"The image is confirmed to be AI-generated, which directly leads to the classification of misinformation regardless of the claim's relevance. The surreal nature of the creature depicted further supports this conclusion."
5060,Not Misinformation,0.9,False,True,"The claim that experts warn against using smartphones due to harmful radiation exposure linked to cancer is not definitively supported by the evidence. While there are concerns about smartphone radiation, the consensus among experts is that there is insufficient evidence to conclusively link smartphone use to cancer. The image does not depict AI generation, and the connection to the claim is weak but not entirely unfounded. The evidence suggests that while there are ongoing studies, the risks are considered low by many health organizations."
3899,Not Misinformation,0.9,False,True,"The Tenth Doctor is indeed accompanied by Rose Tyler, as she is a well-known companion of both the Ninth and Tenth Doctors. The evidence confirms their relationship and presence together during the series. Additionally, the image does not appear to be AI-generated, further supporting the claim's validity."
ds511,Not Misinformation,0.9,False,True,"The image and claim accurately represent Whiskey Down, a gaming lounge located in MGM Grand, Las Vegas, which offers a wide selection of whiskies. The evidence confirms its existence and features."
3537,Misinformation,0.9,False,True,"The image is confirmed to be AI-generated, which leads to a classification of misinformation regardless of the claim's content. Additionally, the claim that action films are a subgenre of martial arts films is misleading, as action films encompass a broader range of themes and styles, while martial arts films specifically focus on martial arts techniques."
ds9777,Not Misinformation,0.9,False,True,"Des Warren and Ricky Tomlinson were indeed blacklisted due to their union activities, as confirmed by multiple sources. They were imprisoned for their involvement in union activities, which led to significant impacts on their careers. The image does not appear to be AI-generated and aligns with the historical context of their story."
5524,Not Misinformation,0.6,False,True,"The image does not appear to be AI-generated, and while the claim about Jennifer Aniston sabotaging Brad Pitt's Hollywood comeback is not supported by evidence, the context of their past relationship and divorce is accurately reflected in the retrieved evidence. There is no definitive proof of sabotage, and Aniston has publicly clarified misconceptions about their relationship. However, the claim lacks strong corroboration, leading to a medium confidence level."
ds4669,Not Misinformation,0.9,False,True,"The image does not depict Bradley Cooper or Lady Gaga, but the claim about 'A Star Is Born' being a remake is accurate. The film features both actors in lead roles, and the information aligns with the evidence provided. The image's relevance to the claim is low, but it does not constitute misinformation."
2169,Not Misinformation,0.9,False,True,"The image shows various items including shoes, a cap, and an iPod, which are mentioned in the headline. The visual veracity indicates that the image is not AI-generated, and the items align with common contents found in bags. The evidence supports the claim about the significance of the items listed."
889,Not Misinformation,0.6,False,True,"The image shows a group of people on the shore, which aligns with the context of migrants on an island. However, it does not confirm the specific location as Rhodes, Greece. The evidence indicates that Rhodes is currently facing a significant migrant crisis, with many migrants living in makeshift camps, which supports the claim but does not definitively verify the image's location."
ds4772,Not Misinformation,0.6,False,True,"While the claim suggests that Ed Sheeran attributes his dating success to Taylor Swift, the evidence does not support this specific assertion. Ed Sheeran has made comments about Taylor Swift, but there are no direct quotes or statements from him indicating that he was able to date attractive women because of her. The relationship between Sheeran and Swift is characterized by friendship and mutual support, but the claim lacks substantiation."
ds372,Not Misinformation,0.6,False,True,"The image of the rusting emergency vehicle aligns with the historical context of the Jackson State College protests in 1970, but it cannot be definitively confirmed that this specific vehicle was used during those events. The evidence supports the historical significance of the protests but does not provide direct confirmation of the vehicle's involvement."
6440,Misinformation,0.9,False,True,"The image is confirmed to be AI-generated, which directly leads to the classification of the claim as misinformation. The surreal depiction of a leader with mechanical legs does not align with reality, and the claim about taking a smoke break is not visually supported in the image."
ds2864,Not Misinformation,0.6,False,True,"The claim about dye leaking and causing polka dots on the egg is plausible given the evidence of dye leakage from a fabric dye unit that contaminated the water supply. However, the specific connection to the egg's appearance is not directly supported by the evidence. The image does not show the peeling process, making it unclear if the speckled egg is a result of dye leaking during peeling. Therefore, while there is some relevance, the evidence does not definitively confirm the claim."
ds9049,Not Misinformation,0.6,False,True,"The image depicts a living room setting with a table and chairs, which aligns with the claim. However, the absence of a fireplace means the claim is not fully accurate. The visual veracity indicates the image is genuine and not AI-generated."
1505,Not Misinformation,0.9,False,True,"The claim that business rates have added about 500m to retailers' costs in the past three years is supported by evidence indicating significant increases in business rates impacting retailers. Specifically, one source mentions a £140m hike to business rates expected next April and another source cites an additional £242m in costs due to business rates. This aligns with the claim made in the headline."
ds1418,Not Misinformation,0.6,False,True,"While the image depicts a live music performance with a crowd, it does not confirm the specifics of it being a free event featuring Brazilian music stars or the Alternative Olympic Opening Ceremonies. The evidence suggests that alternative Olympic opening ceremonies have occurred, but there is no specific confirmation of the event in question. Additionally, the performance details do not directly link to the claim about the event."
690,Misinformation,0.9,False,True,"Gus Malzahn is not the current coach of Auburn, having been fired in 2020 and currently coaching at the University of Central Florida. The claim that he is on the sideline during a game is therefore misleading."
ds7963,Not Misinformation,0.9,False,True,"The claim that 96 people died at the 1989 FA Cup semifinal at Hillsborough stadium is accurate. The evidence confirms that 96 individuals lost their lives due to the disaster, which occurred during the match. The image of the memorial aligns with the context of the event, further supporting the claim."
ds9935,Not Misinformation,0.6,False,True,"The image does not depict David Cameron celebrating or heading to the EU summit in Brussels, as the context of the image does not align with the specific event mentioned in the headline. However, it is confirmed that David Cameron did attend an EU summit in Brussels, which adds some credibility to the claim, albeit not directly related to the celebration aspect."
4960,Not Misinformation,0.9,False,True,"The image depicts a couple in a romantic setting, which aligns with the themes of love and beauty mentioned in the headline. Additionally, the evidence supports the connection between Jennifer Lopez and Alex Rodriguez, confirming their past discussions on love and redemption. The image is not AI-generated, further supporting its authenticity."
5286,Misinformation,0.9,False,True,"The claim that Biden accepted illegitimate votes in the 2020 election is widely disputed and lacks conclusive evidence. Numerous investigations and lawsuits have confirmed the legitimacy of the election results, and claims of widespread voter fraud have been debunked. Additionally, the evidence suggests that while some isolated incidents of fraud occurred, they were not significant enough to impact the election outcome. Therefore, the headline is misleading."
ds6300,Misinformation,0.9,False,True,"The image is confirmed to be AI-generated, which indicates manipulation and unreliability. The presence of a cartoon character in a supposed real-life event further supports this conclusion. Therefore, the claim about Hillary Clinton breaking ground at Goldman's Pharmacy is misleading."
ds9486,Misinformation,0.9,False,True,"The image is confirmed to be AI-generated, which indicates that it does not represent real cats or a real scene. The unusual anatomical features and poses of the cats further support this conclusion. Therefore, the claim about two striped cats lying with two sneakers is misleading."
ds252,Not Misinformation,0.9,False,True,"The claim that Dave Lee Travis was one of broadcasting's biggest stars in the 70s and 80s is supported by multiple sources. He was a prominent figure on BBC Radio 1 and hosted 'Top of the Pops', which solidifies his status during that era. The evidence confirms his popularity and significance in British broadcasting during the specified time period."
7904,Not Misinformation,0.6,False,True,"The image does not depict boys from the Mandari tribe or the specific context of fishing in Terekeka, South Sudan. However, the Mandari tribe is primarily focused on pastoralism and agriculture, with no specific mention of fishing by the Nile. The Terekeka fishing community was engaged in traditional fish smoking in September 2012, which aligns with the fishing context but does not confirm the claim about the Mandari tribe. Therefore, while the claim has inaccuracies, it does not meet the threshold for misinformation."
ds4659,Misinformation,0.9,False,True,"The claim that Kanye West auditioned for American Idol in San Francisco is supported by multiple sources confirming that he did indeed have a surprise audition during the show's auditions in that city. The image is not AI-generated, and the connection to the headline is strong due to the presence of Kanye West and Kim Kardashian. Therefore, the claim is accurate."
6609,Misinformation,0.9,False,True,"The image is confirmed to be AI-generated, depicting a scenario that is impossible in reality, such as a horse levitating on a rocking chair. This aligns with the definitive rule that AI-generated images are classified as misinformation regardless of other signals."
5292,Not Misinformation,0.9,False,True,"The claim that Biden promised to abolish the Second Amendment is false. Evidence indicates that Biden has not made such a promise and instead advocates for responsible gun laws while respecting the Second Amendment. Additionally, the image is confirmed to be genuine and not AI-generated."
5049,Not Misinformation,0.9,False,True,"The image does not appear to be AI-generated, and the content of the headline aligns with the controversies and discussions surrounding 'The Bachelorette' franchise. The evidence supports the claim of fan outrage and biased reviews, indicating that the headline is grounded in reality."
ds8246,Not Misinformation,0.6,False,True,"The claim discusses Tony Abbott's stance on taxes and the budget, which is a topic of political debate. While there are conflicting views on Abbott's commitment to lower taxes, the evidence suggests that he has made such claims in the past. However, the image does not depict Abbott or any relevant event, which affects the overall confidence in the claim's validity."
5575,Misinformation,0.9,False,True,"The claim that Bradley Cooper and Lady Gaga were spotted kissing in Italy is not supported by any confirmed reports. While they have shared romantic moments, there is no documented evidence of a kiss in Italy. Additionally, the sources indicate that their relationship is more platonic and professional, with no recent sightings in Italy."
561,Not Misinformation,0.9,False,True,"The claim that Hurricane Matthew was photographed from the International Space Station on October 3, 2016, is supported by evidence indicating that the ISS captured images of Hurricane Matthew during its approach to landfall. Specifically, NASA confirmed that images were taken on October 4, 2016, which aligns closely with the timeline of the hurricane's activity. Additionally, the image in question is not AI-generated, further supporting the authenticity of the claim."
1970,Not Misinformation,0.9,False,True,"The image is a bar graph that accurately represents the data regarding younger and older patients' awareness of financial help, which aligns with the claim. The evidence supports the claim that younger patients are more informed about financial assistance compared to older patients, as indicated by the Cancer Patient Experience Survey results."
ds1060,Not Misinformation,0.9,False,True,"The image aligns with the claim of a man holding his son during a candlelight vigil in New York. The evidence confirms that candlelight vigils have occurred in New York for various causes, supporting the context of the image and headline."
ds3938,Misinformation,0.9,False,True,"The claim that Northwestern University is a founding member of the Big Ten Conference starting in 1893 is incorrect. The Big Ten Conference was actually founded in 1896, not 1893. While Northwestern is a charter member of the conference, the founding date is critical to the accuracy of the claim."
6399,Misinformation,0.9,False,True,"The image is confirmed to be AI-generated, which directly indicates misinformation regardless of the context of the claim. The surreal combination of police officers and Ninja Turtles is not plausible in reality."
6807,Misinformation,0.9,False,True,"The image is AI-generated, depicting a dragon with a bowl of vegetables, which is a surreal and fantastical scenario that does not align with real-world contexts. This indicates that the claim about a large bowl with vegetables and broccoli is misleading."
ds9233,Not Misinformation,0.9,False,True,"The image depicts a scene that aligns with the claim of people waiting for a bus at a terminal. The presence of a bus stop sign and benches supports this context. Additionally, the visual veracity signals indicate that the image is not AI-generated, further reinforcing the authenticity of the claim."
7506,Not Misinformation,0.6,False,True,"The claim about coach parties from Shenzhen visiting Dedham Vale is supported by evidence indicating that such groups do visit the area, particularly in spring and summer. However, the specific timing mentioned in the claim (May to autumn) is not explicitly confirmed in the evidence. The image does not appear to be AI-generated, and while it relates to the area, it does not provide direct evidence for the claim."
251,Not Misinformation,0.9,False,True,"The image and claim are consistent with the evidence that Sameena Jabeen Ahmed received her Best British Newcomer award at the BFI London Film Festival, where she was indeed presented the award by James Corden. The visual veracity indicates that the image is genuine and not AI-generated."
ds1760,Not Misinformation,0.9,False,True,"The claim about a 400 km long human chain is supported by historical events such as the Baltic Way, which occurred on August 23, 1989, where approximately two million people formed a human chain spanning 675 kilometers across the Baltic states. The image aligns with the context of a human chain event, although it does not confirm the specific details of the claim. However, the evidence confirms that such an event did occur, making the claim not misinformation."
ds5403,Not Misinformation,0.9,False,True,"The image depicts a genuine protest scene related to the topic of impeachment, which aligns with the headline discussing political strategy and public discourse manipulation. The visual veracity indicates that the image is not AI-generated, and the evidence supports the ongoing discussions about impeachment and the role of political elites in shaping public discourse."
ds8604,Misinformation,0.9,False,True,"The image is confirmed to be AI-generated, which directly leads to the classification of the claim as misinformation. The unnatural anatomy of the zebras in the image supports this conclusion. Additionally, the claim about zebras socializing on rocks in an artificial lake lacks specific evidence to support the scenario described."
ds8578,Not Misinformation,0.6,False,True,"The image depicts a man leaning over the back of a truck, which aligns with the claim. However, the specific location being in front of a Walmart is not definitively confirmed. The visual veracity indicates that the image is genuine and not AI-generated, which supports the claim's authenticity. The evidence suggests that there have been incidents involving men and trucks at Walmart locations, but it does not confirm the exact scenario presented."
6114,Misinformation,0.9,False,True,"The image is confirmed to be AI-generated, which categorizes it as misinformation regardless of the claim's content. The visual elements do not align with the claim of a mail order Mickey Mouse watch from Russia, further supporting the misinformation label."
8341,Not Misinformation,0.9,False,True,"The Riverside Museum was indeed awarded the European Museum of the Year in 2013, and there is evidence indicating a drop in visitor numbers, likely due to post-pandemic trends affecting many museums. The image does not contradict the claim and is not AI-generated."
1152,Not Misinformation,0.9,False,True,"The image aligns with the claim that Howard Stern and Beth Ostrosky were in attendance at an event. The evidence confirms their recent public appearances together, including attending the North Shore Animal League America Gala. Additionally, the image does not appear to be AI-generated, further supporting the authenticity of the claim."
ds5714,Misinformation,0.9,False,True,"The image is confirmed to be AI-generated with a confidence of 0.8, which categorically indicates misinformation regardless of the claim's content. Additionally, the claim about Babur's contributions to education lacks specific evidence and is not well-supported in historical sources."
ds9888,Not Misinformation,0.9,False,True,"The image shows Jerzy Janowicz celebrating after winning a set, which aligns with the claim that he took the first set on a tiebreak. The scoreboard confirms the set score, supporting the context of the event. Additionally, Janowicz has indeed won sets in tiebreaks in past matches, as evidenced by his performance against Andy Murray."
7531,Not Misinformation,0.9,False,True,"The image and claim about the Occupy protest at St Paul's Cathedral in London are supported by multiple pieces of evidence confirming that such protests did occur at that location. The visual veracity indicates that the image is not AI-generated, and the context aligns with historical events."
1795,Not Misinformation,0.9,False,True,"The claim that Justin Fashanu is described as intelligent, witty, honest, and articulate in Nick Baker's 'Forbidden Forward' is supported by evidence from the book's detailed portrayal of Fashanu's life and character. The retrieved evidence confirms that the book provides a nuanced and candid depiction of Fashanu, highlighting his achievements and struggles, which aligns with the claim. Additionally, the image is confirmed to be a genuine photograph, further supporting the authenticity of the claim."
7759,Not Misinformation,0.6,False,True,"The image is confirmed to be a genuine photograph of a power plant, and the claim about Dong Energy's gas-fired power station in Newport aligns with the evidence regarding the government's stance on gas as a bridging technology. However, the specific details about the operational status of the power station and the government's proposals are not fully substantiated."
5697,Misinformation,0.9,False,True,"The image is confirmed to be AI-generated, which directly leads to the classification of the claim as misinformation. Additionally, the claim about NASA revealing a second moon is misleading, as there is no permanent second moon for Earth, only temporary objects like mini-moons. The evidence supports that the announcement does not confirm a second habitable moon."
3769,Misinformation,0.9,False,True,"The image is confirmed to be AI-generated, which directly leads to the classification of the claim as misinformation. Additionally, the claim that 'Tangled' is a shoelace is factually incorrect, as 'Tangled' refers to a Disney animated film, not a shoelace."
4905,Not Misinformation,0.9,False,True,"The claim that Lindsay Shookus is not pregnant is supported by multiple sources indicating that there are no credible reports confirming her pregnancy. The evidence suggests that while there were rumors about her being pregnant, they have not been substantiated. Additionally, the image does not depict either Lindsay Shookus or Ben Affleck, further distancing it from the claim."
6026,Misinformation,0.9,False,True,"The image is confirmed to be AI-generated, which directly leads to the classification of misinformation. Additionally, the headline does not align with the content of the image, which depicts a talk show setting without any context related to 'killing everybody.'"
5977,Not Misinformation,0.6,False,True,"While the claim suggests that Konidela Production Company is emerging as a key player in the Chinese entertainment industry, the evidence indicates that there is no specific information supporting this expansion or involvement in China. The company is primarily focused on Indian film production, and no recent projects or news related to China were found. However, the image does not appear to be AI-generated, which supports the claim's visual authenticity."
104,Not Misinformation,0.9,False,True,"The claim that there are hundreds of commercial airlines globally and that not all of them have inflight connectivity or access to the internet is supported by evidence. Over 5,000 airlines exist, and approximately 70% of airlines provide some form of inflight connectivity, indicating that many do not. This aligns with the retrieved evidence regarding the number of airlines and their connectivity options."
ds9954,Misinformation,0.9,False,True,"The claim that Jinyun and Yahong celebrated in Morecambe Bay is unsupported by the evidence. The sources indicate that Jinyun and Yahong were involved in a tragic event related to their husbands' deaths while working as cocklepickers in Morecambe Bay, not a celebration. Additionally, the image does not provide clear evidence linking it to the claim."
ds9091,Not Misinformation,0.9,False,True,"The image does not depict a colorful umbrella in the center of a black and white picture of a busy city sidewalk, as stated in the claim. The evidence suggests that colorful umbrellas are often featured in urban settings, but the specific claim about the image is inaccurate. Additionally, the visual veracity indicates that the image is not AI-generated, further supporting the conclusion that it is not misinformation."
ds1846,Misinformation,0.9,False,True,"The claim that a vehicle belonging to Correa's security detail was set on fire by rioting police is misleading. Evidence indicates that it was protesters who set a police car on fire during anti-government demonstrations, not police setting a vehicle on fire. This contradicts the claim made in the headline."
ds2126,Not Misinformation,0.9,False,True,"The image depicts two street signs labeled 'EAST ST', which aligns with the claim about identical street signs. The evidence confirms that there are instances of identical street signs causing confusion, as noted in Swansea where two identical signs were placed one behind the other. This supports the claim that identical street signs can exist in confusing orientations."
ds8631,Misinformation,0.9,False,True,"The image is confirmed to be AI-generated, which directly leads to the classification of misinformation. Additionally, the content of the image does not align with the claim, as it features bananas instead of oranges and lacks the described tree with branches in front of potted plants."
ds6054,Not Misinformation,0.6,False,True,"The claim about dachshunds not working over water is supported by evidence that indicates their physical build makes swimming difficult. However, the image does not definitively prove or disprove the claim, as it depicts a fictional scenario. The evidence suggests that while dachshunds are not typically known for their swimming abilities, they can swim with proper training and supervision."
595,Not Misinformation,0.9,False,True,"The image is confirmed to be a genuine photograph of the Cleveland skyline, and it aligns with the claim that it was taken from Edgewater Park in 2012. The evidence supports the authenticity of the image and its context."
ds4857,Not Misinformation,0.9,False,True,"The image does not appear to be AI-generated and depicts a group of people at a dining table, which does not directly relate to the claim about Kourtney Kardashian's pregnancy scare. However, the claim itself is supported by evidence indicating that Kourtney did experience a pregnancy scare and has had interactions with both Scott Disick and Younes Bendjima regarding her family dynamics and potential pregnancy. The evidence confirms the context of the claim."
8858,Not Misinformation,0.6,False,True,"The image does not depict a man walking on his back in the snow, but rather a skier in a snowy environment. The description does not match the visual content, indicating a discrepancy between the claim and the image. However, the image is not AI-generated, and the confidence in the misinformation claim is not high enough to classify it as misinformation."
ds4896,Not Misinformation,0.6,False,True,"While the image does not definitively confirm the claim about Nicole Richie pleading with Sofia to end her romance with Scott Disick, there is some context suggesting that Nicole has advised Sofia in the past. However, the specific event mentioned in the headline is not substantiated by the evidence provided."
8916,Not Misinformation,0.6,False,True,"The image shows a white toilet, but it does not depict a black mirror or a tiled floor as described in the headline. The background is primarily black tiles, which weakens the connection to the claim. However, the image is confirmed to be a genuine photograph, not AI-generated."
ds562,Not Misinformation,0.9,False,True,"The claim that 30,000 people gather to celebrate SPAM luncheon meat in Hawaii is supported by multiple sources confirming the attendance at the Waikiki Spam Jam festival. The event is known to attract around 30,000 attendees each year, which aligns with the claim made in the headline."
ds5647,Misinformation,0.9,False,True,"The claim that the Pfizer CEO secretly admits the COVID-19 vaccine causes permanent brain damage is false. There is no credible evidence supporting this assertion, and it has been debunked. The Pfizer CEO has not made any such admission regarding brain damage caused by the vaccine. Additionally, claims of permanent brain damage from COVID-19 vaccines lack scientific support, as most neurological symptoms are attributed to the virus itself or other factors. The image does not provide any evidence to support the claim."
160,Not Misinformation,0.6,False,True,"While the image shows a cat that may have undergone medical treatment, there is no specific evidence confirming that this is Dorothy or that the injuries mentioned in the headline are visible. The retrieved evidence does not provide any information about a cat named Dorothy being shot, and the focus is on unrelated topics. However, there are mentions of pellet gun incidents involving cats in Newport, which adds some context to the claim."
ds7704,Not Misinformation,0.6,False,True,"The image does not depict the River Severn winding through Leighton in Shropshire, as it shows a golf course instead. However, the claim about the River Severn's presence in Shropshire is accurate. The image's relevance to the claim is low, but it is not definitively misinformation."
ds451,Misinformation,0.9,False,True,The claim that Paul Wilson ran away from the scene after hitting Alwyn Pritchard is supported by multiple credible sources. Evidence confirms that Paul Wilson was involved in a fatal accident where he hit Alwyn Pritchard and subsequently fled the scene.
ds4380,Misinformation,0.9,False,True,"The claim that Nancy Pelosi is resigning is false, as confirmed by multiple sources. NRTOnline's headline has been flagged as potentially fabricated, and PolitiFact explicitly states that Pelosi is not resigning. The image does not change the veracity of the claim, which is misleading."
1204,Not Misinformation,0.9,False,True,"The claim about the ambush of police officers in Jalisco is supported by multiple credible sources detailing the incident where 15 police officers were killed. The image aligns with the context of police deployment, and there are no indications of AI generation. The evidence confirms the occurrence of the ambush and the number of casualties."
ds5364,Not Misinformation,0.9,False,True,"The claim regarding Don Lemon's controversial remarks and the resulting media backlash is supported by multiple sources. Evidence indicates that Lemon made statements that stirred significant controversy, particularly regarding women and race, leading to backlash and discussions about his future at CNN. The image is confirmed to be genuine and not AI-generated."
ds8199,Not Misinformation,0.9,False,True,"The claim that the death of former Putin aide Mikhail Lesin at a DC hotel is ruled accidental is supported by multiple credible sources. The evidence confirms that US authorities ruled his death an accident, and he died from blunt force trauma after excessive alcohol consumption."
ds9128,Misinformation,0.9,False,True,"The image is identified as AI-generated with a confidence of 0.8, which indicates manipulation and lack of authenticity. The description of the cow next to a blue door does not align with natural occurrences, as the visual characteristics suggest it is not a real photograph."
ds8717,Not Misinformation,0.9,False,True,"The image depicts a bed with a blanket and multiple pillows, which aligns with the claim. The visual veracity indicates that the image is not AI-generated, further supporting the authenticity of the claim."
ds1226,Not Misinformation,0.6,False,True,"The image shows a person carrying belongings out of a flooded area, which aligns with the context of the headline. However, there is no specific confirmation that the person is Matt Hampton or that the location is his web design office in Hoboken, NJ. The evidence does not provide direct information about Matt Hampton's office being affected by flooding."
ds4978,Not Misinformation,0.9,False,True,"Nicole Kidman did win an Emmy Award, specifically for Outstanding Lead Actress in a Limited Series or Movie at the 69th Emmy Awards. This is corroborated by multiple sources confirming her Emmy wins and the details of the 69th Emmy Awards."
6327,Misinformation,0.9,False,True,"The image is confirmed to be AI-generated, which directly leads to the classification of misinformation regardless of the relevance of the claim. The visual veracity assessment indicates clear signs of manipulation, such as distorted facial features and unnatural hand positioning."
ds1360,Not Misinformation,0.6,False,True,"The image shows a bishop in traditional attire, which aligns with the subject of the headline. However, there is no definitive evidence confirming the specific event of Franz-Peter Tebartz-van Elst walking out of the cathedral on the stated date. The retrieved evidence indicates that he was suspended but does not confirm his presence at the cathedral on that date."
ds3180,Misinformation,0.9,False,True,"The claim that Watertown, Massachusetts is in Vermont is incorrect. Watertown is a city located in Middlesex County, Massachusetts, and is part of Greater Boston. The evidence clearly states that Watertown is not in Vermont but in Massachusetts."
ds6722,Misinformation,0.9,False,True,"The image is identified as AI-generated, which confirms it as misinformation regardless of the alignment with the headline. The visual elements described, such as the surreal green laser-like effect and unnatural brightness, further support this classification."
ds4618,Not Misinformation,0.9,False,True,"The claim that Justin Bieber accidentally hit a photographer with his pick-up truck after church service is supported by multiple credible sources. The incident occurred on July 27, 2017, when Bieber struck a photographer while leaving a church service, resulting in non-life-threatening injuries to the photographer. This aligns with the details provided in the evidence."
ds2707,Not Misinformation,0.6,False,True,"The claim about palm trees 'stealing a private moment' and 'giggling' is metaphorical and does not reflect actual behavior of trees, which do not exhibit human-like actions. However, the image's interpretation aligns with the metaphorical language used in the claim. The visual veracity indicates that the image is not AI-generated, which supports the conclusion that it is not misinformation."
ds4910,Not Misinformation,0.9,False,True,"The image depicts a genuine scene of Gwen Stefani and Blake Shelton, which aligns with the headline about their relationship. The evidence supports that they are still in love and enjoying their marriage, with no substantial claims indicating that Gwen has tried to change Blake."
ds1096,Not Misinformation,0.9,False,True,"The image depicts lab technicians in a laboratory setting, which aligns with the context of processing tests. While it does not confirm that they are specifically processing Zika tests at the CDC's dengue branch in San Juan, the evidence supports that Zika tests are processed in Puerto Rico and that the CDC Dengue Branch is involved in related operations. The information about lab technicians' roles in Zika testing further supports the claim."
ds803,Misinformation,0.9,False,True,"The claim that Johnny Maurice Avery is accused of shooting Mildred Martin is supported by evidence indicating that he was indeed indicted for her murder. However, the image is not AI-generated, and the details surrounding the incident are confirmed by multiple sources. The claim is misleading as it lacks context about the nature of the incident and the timeline of events."
9249,Misinformation,0.9,False,True,"The image is confirmed to be AI-generated, which indicates it does not represent real elephants. The visual characteristics described, such as surreal features and distortions, further support this conclusion. Therefore, the claim about a mother elephant and her baby is misleading."
ds4946,Misinformation,0.9,False,True,"The claim about J.J. Watt, Tyler Perry, and Jamie Foxx donating to Texas flood relief lacks substantial evidence. Reports indicate that many claims of celebrity donations for Texas flood relief are exaggerated or false, with no specific confirmations for the individuals mentioned. Additionally, the evidence suggests that posts about celebrity donations were not based on real announcements or reports."
1436,Not Misinformation,0.9,False,True,"The claim that musician Buddy Guy arrived at the Kennedy Center Honors reception at the White House is supported by multiple sources confirming his attendance at the event on December 2, 2012. The image is not AI-generated, and the details align with historical records of the event."
ds1062,Not Misinformation,0.9,False,True,"The image and claim are relevant to the SafeTrack initiative, specifically regarding the Yellow Line. The evidence confirms that the fourth surge of SafeTrack affected the Yellow Line, and the image appears to be a genuine user guide related to this topic. There are no indications of misinformation."
ds1686,Not Misinformation,0.9,False,True,The claim about John McCririck's loyalty to Channel 4 Racing is supported by evidence of his long tenure with the broadcaster and his own statements regarding his dedication. The image is confirmed to be genuine and not AI-generated.
7439,Misinformation,0.9,False,True,"The claim states that President Obama held a campaign event in Roanoke earlier this month, but there is no record of such an event occurring in October 2023. The evidence indicates that the last notable campaign event in Roanoke was in 2012, and there are no recent activities listed for October 2023. Additionally, the image is confirmed to be genuine and not AI-generated."
8870,Not Misinformation,0.6,False,True,"The image depicts a bathroom scene that aligns with the claim about a bath towel in a small bathroom, although it does not specifically show towels hanging over it. The visual veracity indicates that the image is not AI-generated, which supports the claim's authenticity. However, the relevancy confidence is low, suggesting that the image may not fully represent the claim."
ds8989,Not Misinformation,0.9,False,True,"The image shows two women near a table with fruit, which aligns with the claim. Additionally, evidence confirms that two women are indeed sitting by a window, supporting the claim's accuracy. The visual veracity indicates that the image is not AI-generated, further reinforcing the reliability of the claim."
7101,Not Misinformation,0.9,False,True,"The image depicts a male tennis player in action, likely Rafael Nadal, and the claim accurately states that Nadal played against Facundo Bagnis during their second-round match at the 2016 French Open. The evidence confirms the match details, including the date and outcome."
ds7980,Misinformation,0.9,False,True,"The claim that Japanese fans will have more reason to look forward to hosting the next World Cup in 2019 is false, as Japan did not host the FIFA World Cup in 2019; instead, they hosted the Rugby World Cup. The evidence clearly states that Japan was the host for the Rugby World Cup in 2019 (https://en.wikipedia.org/wiki/Rugby_World_Cup) and that the FIFA Women's World Cup was hosted by France (https://www.proprofs.com/quiz-school/story.php?title=3dq-what-do-you-know-about-the-new-year-2019)."
ds9213,Misinformation,0.9,False,True,"The image is confirmed to be AI-generated, which directly leads to the classification of the claim as misinformation. The visual veracity confidence is high due to the unusual characteristics of the image, such as the unrealistic angle of the airplane and the odd terrain below. Additionally, the claim about planes leaving trails is accurate, but the image's AI generation undermines its credibility."
ds8942,Not Misinformation,0.9,False,True,"The image depicts an old-fashioned kitchen setup that aligns with the claim of being set up for guests. The evidence supports the idea that old-fashioned kitchens are popular for their welcoming and functional design, which is appealing for gatherings."
2649,Not Misinformation,0.9,False,True,"The image aligns with the claim of trees growing through old farm equipment, which is a plausible scenario in a natural setting. The visual veracity indicates that the image is not AI-generated, and the context is supported by evidence regarding nature reclaiming old machinery and the presence of abandoned farm equipment in wooded areas."
ds8677,Misinformation,0.9,False,True,"The image is confirmed to be AI-generated, which directly leads to the classification of misinformation regardless of the content alignment with the claim. The visual veracity confidence is high due to the unnatural arrangement of the items in the image."
2915,Not Misinformation,0.9,False,True,"The image shows a restroom map that may be intended for navigation, but it is unclear if it is specifically designed for the blind. The evidence indicates that while tactile maps for the blind are being developed, they are not common and the specific features of the map in the image are not confirmed to assist visually impaired individuals. Therefore, the claim cannot be definitively classified as misinformation."
4752,Misinformation,0.9,False,True,"The image is confirmed to be AI-generated, which directly leads to the classification of the claim as misinformation. Additionally, the image does not depict Robert Pattinson or Kristen Stewart, nor does it relate to the claim about buzz cuts, further supporting the misinformation label."
ds8815,Misinformation,0.9,False,True,"The image is AI-generated, depicting a bear's head under a blanket, which is not a realistic scenario. This indicates that the image does not accurately represent the claim about a baby blanket and comforter. The visual veracity confidence is high due to the AI generation indication."
3855,Misinformation,0.9,False,True,"The claim that 'Maximum Overdrive' is only a 1980 romance film is false. 'Maximum Overdrive' is actually a 1986 science fiction action horror film directed by Stephen King. Additionally, the image is confirmed to be AI-generated, which further supports the classification of the claim as misinformation."
2756,Misinformation,0.9,False,True,"The image is confirmed to be AI-generated, which categorically classifies the content as misinformation. Additionally, the claim about the 'tree man' being cured is misleading, as recent reports indicate that his condition has returned and he is experiencing severe pain."
ds7291,Not Misinformation,0.9,False,True,"The image depicts a man with a horse, which aligns with the claim about Nicky Henderson and Sprinter Sacre. Evidence confirms that Nicky Henderson hosted an open day at Seven Barrows, where Sprinter Sacre was present. The specific event mentioned in the claim is supported by multiple sources."
ds7399,Misinformation,0.9,False,True,"The image does not depict Julia Stiles, Paul Greengrass, or Matt Damon, nor does it show the premiere of The Bourne Ultimatum. Therefore, there is no meaningful connection to the subject/event described in the headline."
9058,Misinformation,0.9,False,True,"The image is identified as AI-generated with a high confidence level (0.8), which indicates it does not represent a real plate of food. Additionally, the claim about broccoli is not supported by the image, which does not depict broccoli at all."
ds2311,Not Misinformation,0.9,False,True,"The image depicts a cat sitting in a bowl, which aligns with the claim. There are no indications that the image is AI-generated, and the behavior of cats sitting in bowls is well-documented. The evidence supports the idea that cats enjoy small spaces, including bowls."
ds3931,Misinformation,0.9,False,True,"The claim that Toy Story 2 was produced by DreamWorks is false. Toy Story 2 was produced by Pixar Animation Studios, as confirmed by multiple sources. The image does not change the fact that the claim is incorrect."
ds2471,Not Misinformation,0.9,False,True,"The image aligns with the claim of a woman sitting on a chair with an umbrella, and there are no indications that the image is AI-generated. The visual veracity confidence is low, but the overall evidence supports the authenticity of the image."
9577,Not Misinformation,0.6,False,True,"The image does not appear to be AI-generated, and while the connection to Brian and Eileen Maguire is not definitively established, there is relevant context regarding their emotional situation related to their son's tragic death. The evidence supports the claim that they have been vocal about their experiences, but it does not confirm the specific statement made in the headline."
ds7360,Not Misinformation,0.9,False,True,"The image is confirmed to be a genuine photograph, and the evidence supports that Bernie Sanders did indeed speak at George Mason University on October 28, 2015, addressing significant issues relevant to students. The headline aligns with the confirmed event and topics discussed."
ds8806,Misinformation,0.9,False,True,"The image is confirmed to be AI-generated, as indicated by the presence of human-like legs on the elephants, which is anatomically impossible. This suggests that the image does not represent a real scenario, thus making the claim misleading."
ds9145,Misinformation,0.9,False,True,"The image is confirmed to be AI-generated, which directly leads to the classification of misinformation regardless of the claim's content. The visual veracity confidence is high due to the stylized nature of the image and inconsistencies in lighting and shadows."
ds137,Not Misinformation,0.9,False,True,"The image depicts police activity, which aligns with the claim about an arrest related to a building society raid. The retrieved evidence confirms that there were arrests made in connection with a building society raid, specifically mentioning the Nationwide Building Society in Wallsend. Additionally, the details about the building society raid involving a suspect named Michael Wheatley further support the claim."
ds5761,Misinformation,0.9,False,True,"The image is confirmed to be AI-generated, which categorically classifies it as misinformation regardless of the content of the headline. The visual veracity signal indicates a high confidence in the AI generation of the image."
ds2309,Not Misinformation,0.9,False,True,"The image depicts a pizza pie being enjoyed in a cafe-like setting, which aligns with the claim. The visual veracity indicates that the image is not AI-generated, and the evidence supports the popularity of pizza in cafes and various dining establishments."
7826,Not Misinformation,0.6,False,True,"The image does not depict a woman or any clear indication of a return from Mecca, and the claims made in the headline are not supported by the evidence. However, the image is confirmed to be real and not AI-generated, which lowers the confidence in labeling it as misinformation."
ds8646,Misinformation,0.9,False,True,"The image is confirmed to be AI-generated, which categorizes it as misinformation regardless of the relevancy of the claim. The visual veracity confidence is high, indicating a strong likelihood that the image does not represent real individuals or a real scene."
ds5661,Misinformation,0.9,False,True,"The image is confirmed to be AI-generated, which directly leads to the classification of the claim as misinformation. Additionally, the claim that dogs can speak three human words is misleading, as current research indicates that while dogs can understand certain words, they do not possess the ability to speak human language in the same way humans do."
ds2066,Not Misinformation,0.9,False,True,"The image depicts a giraffe in a zoo exhibit, which is consistent with the claim. The visual veracity indicates that the image is not AI-generated, and there are multiple sources confirming the presence of giraffes in zoo exhibits."
1750,Not Misinformation,0.6,False,True,"The image does not appear to be AI-generated, and while the headline mentions Scarlett Johansson and a band called the Singles, there is no direct evidence linking her to a panic over a poster for this band. The relevancy of the image to the claim is low, and the sources do not provide specific comments from Johansson regarding the band or the poster."
ds5872,Misinformation,0.9,False,True,"The image is confirmed to be AI-generated, which directly leads to the classification of misinformation regardless of the claim's content. The visual manipulation is evident in the text and overall composition of the image. Additionally, the claim about 'stellar performances' is not substantiated by the evidence provided."
8442,Not Misinformation,0.9,False,True,"The claim accurately describes an event where Ben Stokes was dismissed by a delivery from Peter Siddle, which is corroborated by multiple sources. The image does not depict the specific event but does not contradict the claim either. The evidence confirms that Stokes misjudged a delivery from Siddle, leading to his dismissal."
ds7662,Not Misinformation,0.9,False,True,"The claim about the receding water line of Lake Hodges is supported by multiple sources indicating that the water levels are indeed decreasing due to drought conditions and safety regulations. The evidence confirms that Lake Hodges has experienced significant reductions in water levels, with reports of billions of gallons being released to maintain safety standards."
ds6690,Misinformation,0.9,False,True,"The image is confirmed to be AI-generated, which categorizes it as misinformation regardless of the context or elements depicted. The presence of a fictional character like Spider-Man further supports the notion that the image does not represent a real-world scenario."
8225,Not Misinformation,0.9,False,True,"The claim about Charles Kennedy being on the campaign trail in 2005 shortly after the birth of his son Donald is supported by evidence. Charles Kennedy did have a son named Donald, who was mentioned in a tribute, and he became a father during the 2005 election campaign. The image, while not depicting Kennedy, does not contradict the claim about his campaign activities and personal life during that time."
ds9362,Not Misinformation,0.9,False,True,"The image depicts a surfer riding a white surfboard, which aligns with the claim. Although the shorts are described as red and black, the image shows black shorts, which is a minor discrepancy. The visual veracity indicates that the image is not AI-generated, further supporting its authenticity."
ds9100,Misinformation,0.9,False,True,"The image is confirmed to be AI-generated, which directly leads to the classification of misinformation. Additionally, while the image features tulips and greenery, it does not depict a kitchen table as claimed in the headline, further supporting the misinformation classification."
2273,Not Misinformation,0.9,False,True,"The image depicts a modern bathroom with a white toilet, aligning with the claim of a simple and modern bathroom. The visual elements are consistent with current design trends, and there are no indications of AI generation. The evidence supports the popularity of white toilets and the characteristics of simple bathrooms."
ds7198,Not Misinformation,0.9,False,True,"The claim that Rory McIlroy celebrates with the FedEx Cup trophy and the Tour Championship trophy is supported by evidence confirming his victories in both events. He won the FedEx Cup for the third time on August 28, 2022, and has also won the Tour Championship multiple times, including in 2022. The image shows a golfer with a trophy, which aligns with these events, although it does not definitively confirm the identity of the golfer or the specific trophy."
ds1099,Not Misinformation,0.9,False,True,"The image aligns with the headline about Pakistani rescue workers removing a body from the site of a bombing in Lahore. The context of the scene and the evidence support the claim that rescue operations are ongoing in response to bombings in Lahore, particularly referencing the tragic events that have occurred in the past."
540,Misinformation,0.9,False,True,"The claim that Serena Williams questioned a call is not supported by the evidence, which indicates that she did not dispute any calls during her matches. Additionally, the claim about her advancing to the final is misleading as she has not participated in a final since her last match in 2022. The image does not provide context for the claim, and the overall context suggests misinformation."
3405,Misinformation,0.9,False,True,"The image is confirmed to be AI-generated, which directly leads to the classification of misinformation regardless of the claim's validity. Additionally, the claim about David Lloyd George being voted the second greatest British prime minister is supported by evidence, but the AI-generated nature of the image takes precedence."
6581,Misinformation,0.9,False,True,"The image is confirmed to be AI-generated, which directly leads to the classification of misinformation regardless of the alignment with the headline. The unusual context of the cat wearing glasses further supports this conclusion."
4642,Not Misinformation,0.9,False,True,"The image does not appear to be AI-generated and aligns with the subjects mentioned in the headline, as it depicts a model-like figure that could represent either Cindy Crawford or her daughter Kaia Gerber. Additionally, the retrieved evidence supports the claim about Cindy Crawford discussing her daughter Kaia Gerber's modeling future and her relationship with Kendall Jenner."
ds3953,Misinformation,0.9,False,True,"The image is AI-generated, as indicated by the presence of nonsensical text and an overly perfect composition. This undermines the authenticity of the claim regarding the Ukrainian Soviet Socialist Republic's representation."
4893,Not Misinformation,0.6,False,True,"While the image does not depict Mark Wahlberg or Mel Gibson, the claim about Wahlberg teasing Gibson about his weight and offering to be his personal trainer has been reported in various sources. However, the evidence does not provide a definitive confirmation of the teasing incident, leading to a medium confidence level."
ds8357,Not Misinformation,0.9,False,True,"The claim about Christian Grey's tastes aligns with the established characterization in the 'Fifty Shades' series, where he is depicted as having BDSM preferences, indicating he does not have vanilla tastes. The evidence supports this characterization, confirming that Christian Grey is primarily associated with non-vanilla sexual practices."
ds9069,Not Misinformation,0.6,False,True,"The image does not depict a rack with doughnuts in a glass case, but rather a box of doughnuts. While the image is related to the subject of the headline, it does not fully align with the specifics mentioned. However, the visual veracity indicates that the image is not AI-generated, which supports the claim's authenticity."
4230,Not Misinformation,0.9,False,True,"The image is confirmed to be genuine and not AI-generated. Amber Heard has indeed made comments about her marriage to Johnny Depp, reflecting on their tumultuous relationship and its impact on her life, particularly in the context of their recent legal battles. The evidence supports that she has discussed her experiences during their marriage, which aligns with the claim."
ds7600,Not Misinformation,0.6,False,True,"The image depicts a realistic financial context, and the evidence indicates that Shanghai shares have recently seen significant increases, contributing to gains in Asia's stock markets. However, the connection to the specific claim about Shanghai shares leading the gains in Asia is not definitively established."
6611,Misinformation,0.9,False,True,"The image is confirmed to be AI-generated, featuring surreal elements that do not align with reality, such as human bodies with shark-like heads. This indicates that the image does not accurately represent the claim of a couple wearing umbrella hats next to the ocean."
ds7016,Not Misinformation,0.9,False,True,"The claim accurately reflects the events surrounding Oscar Pistorius and the murder of Reeva Steenkamp, including the timeline of the trial and the nature of the charges. The evidence confirms that Pistorius shot Steenkamp and that his trial for murder began on March 3, 2014."
ds5610,Misinformation,0.9,False,True,"The image is confirmed to be AI-generated, which directly leads to the classification of the claim as misinformation. Additionally, the claim about plants communicating telepathically is not scientifically supported, as current research indicates that while plants can communicate through chemical signals, this does not equate to telepathy."
5834,Misinformation,0.9,False,True,"The image is confirmed to be AI-generated, which directly leads to the classification of the content as misinformation. Additionally, the claim that cats were involved in the design of the iPhone 4 is false, as it was designed by Apple, not by cats."
8196,Not Misinformation,0.9,False,True,"Guy Scott indeed became the interim president of Zambia after the death of Michael Sata, confirming the claim. He is also of Scottish descent, which aligns with the headline. The image is not AI-generated and appears to be a genuine photograph."
ds9433,Not Misinformation,0.6,False,True,"The image does not depict a big long train with storage containers as described in the headline. However, it is confirmed that there are trains designed to carry storage containers, which aligns with the general concept of freight trains. The visual veracity indicates that the image is genuine and not AI-generated."
ds6106,Misinformation,0.9,False,True,"The image is confirmed to be AI-generated, which directly leads to the classification of misinformation regardless of the context of the claim. The surreal nature of the image, depicting a child with a grenade, further supports this classification. Additionally, the claim's ambiguity regarding the context of grenades does not mitigate the misinformation status due to the AI generation of the image."
1901,Not Misinformation,0.9,False,True,"The claim about Venice's San Michele island cemetery gaining a pontoon for scattering ashes is supported by evidence indicating that a temporary floating bridge was revived for All Souls' Day, facilitating access to the cemetery. Additionally, regulations allow for the scattering of ashes in designated areas within the cemetery. The image is confirmed to be genuine and not AI-generated."
ds1009,Not Misinformation,0.9,False,True,"The image depicts two individuals in a court setting, which aligns with the context of the claim regarding Capt Yevgeny Yerofeyev and Sgt Alexander Alexandrov appearing in a Ukrainian court. The evidence confirms that both individuals were indeed tried in Ukraine for their involvement in the conflict, and the image does not appear to be AI-generated."
978,Not Misinformation,0.9,False,True,"The Power Play chairs are indeed designed by Frank Gehry, and the image aligns with the claim about their stylish presence in the Winter Garden. The evidence confirms the design and features of the chairs, as well as their association with Gehry. Additionally, the location of the Winter Garden is accurately referenced in the retrieved evidence."
9323,Not Misinformation,0.6,False,True,"The image does not depict a sink with a cabinet on legs as claimed in the headline. Instead, it features a toilet and a storage unit, which does not match the specifics of the claim. However, the image is not AI-generated, and the visual veracity is confirmed as genuine."
4284,Not Misinformation,0.9,False,True,"The image does not appear to be AI-generated, and there is substantial evidence confirming that Caitlyn Jenner was seen at Nobu Malibu with Sophia Hutchins. The relationship details and the car mentioned in the claim are also supported by the evidence."
1972,Not Misinformation,0.6,False,True,"The claim that the new Chrysler 300C is softer looking than the outgoing model is not supported by evidence. Reviews indicate that the Chrysler 300C is characterized by bold styling and a luxurious appearance, rather than a softer look. The image does not appear to be AI-generated, and while it may not perfectly align with the claim, it does not definitively contradict it either."
ds3859,Misinformation,0.9,False,True,"The claim states that Korn released 'See You on the Other Side' in 2002, which is incorrect. The album was actually released on December 6, 2005. This is confirmed by multiple sources, including Wikipedia and Genius."
8063,Not Misinformation,0.6,False,True,"While the image depicts Taiko drummers, there is insufficient evidence to confirm that this specific performance is from the Deep River festival in Ontario, Canada. The sources do not provide clear information linking Taiko drummers to the Deep River festival, which raises doubts about the claim's accuracy."
9677,Not Misinformation,0.9,False,True,"The image depicts two cricketers celebrating, which aligns with the context of the headline about Sri Lanka's captain Tillakaratne Dilshan and Kumar Sangakkara. The evidence confirms that they played together and had notable performances, including a match where they celebrated a victory. There is no indication that the image is AI-generated, and the context of the claim is supported by historical performance data."
7259,Not Misinformation,0.9,False,True,"The image depicts Bernie Sanders speaking, which aligns with the claim that he spoke in Des Moines, Iowa. The evidence confirms that he has spoken in Des Moines during various events, including rallies and caucus events."
ds100,Not Misinformation,0.9,False,True,"The image depicts individuals in ice baths, which is consistent with the claim about using ice baths for recovery after a physical challenge. The evidence confirms that the Wembley Challenge took place and that ice baths are commonly used for recovery, supporting the claim's context. There are no indications that the image is AI-generated."
ds3706,Not Misinformation,0.9,False,True,"Robert Singer is a well-known television producer, director, and writer, with significant contributions to shows like 'Supernatural' and 'Lois & Clark: The New Adventures of Superman.' The claim that he is incapable of writing is contradicted by his established career in writing and producing. The evidence supports his capabilities as a writer, and there is no credible source indicating he is incapable of writing."
1782,Misinformation,0.9,False,True,"The claim that North Korean workers are currently employed at the South-owned Shinwon clothes company in the Kaesong industrial park is false. The Kaesong Industrial Complex has been closed since 2016 due to political tensions, and North Korean workers are not actively employed there. This is supported by multiple sources indicating the closure and the cessation of operations in the complex."
4300,Not Misinformation,0.9,False,True,"The image is a genuine photograph of Robert Pattinson and Kristen Stewart, aligning with the headline discussing their careers and public perception. The evidence supports that both actors are taken seriously in their careers despite their past association with 'Twilight'."
ds9598,Not Misinformation,0.6,False,True,"The image is not AI-generated and depicts a performance that could relate to an event like a Congress. However, the connection to the specific claim about critics saying the annual Congress is a blessing is not directly supported by the evidence provided. The evidence discusses the current Congress and criticisms but does not confirm the claim about it being a blessing."
2237,Not Misinformation,0.9,False,True,"The image depicts a large bird flying over a heavily forested area, which aligns with the claim. The visual veracity indicates that the image is not AI-generated, and the evidence supports the existence of large birds like the Harpy eagle in such environments. Additionally, the information about bird species in forested areas corroborates the claim."
8411,Not Misinformation,0.6,False,True,"The image depicts a hockey game involving the New York Rangers, which aligns with the claim about Mats Zuccarello scoring. However, the specific event of him scoring is not confirmed by the image alone. The retrieved evidence indicates that Zuccarello has scored for the Rangers in various games, but does not specifically confirm the timing or context of the goal mentioned in the claim."
ds9228,Not Misinformation,0.9,False,True,"The image shows a boat on a canal, which aligns with the claim of a large passenger boat floating down a canal. While the specific size and capacity of the boat are not confirmed, the evidence supports the existence of large passenger boats operating on canals. Additionally, the image is confirmed to be realistic and not AI-generated."
ds461,Not Misinformation,0.9,False,True,"The claim that Bill Cosby's lawyers are attempting to get the case thrown out is supported by multiple sources, including a report from FOX 11 which states that Cosby's lawyers are pushing to have the sexual assault charges dismissed based on a previous commitment by a district attorney not to prosecute him. This aligns with the headline and the image of Bill Cosby, who is the subject of the legal proceedings. Additionally, the image is confirmed to be genuine and not AI-generated."
4368,Not Misinformation,0.9,False,True,"The claim about Jennifer Garner and Josh Duhamel dating is supported by multiple sources, including reports that they connected on the set of their movie and have become inseparable. Additionally, there are indications that Ben Affleck feels threatened by this rumor, which aligns with the headline. The image does not misrepresent the subjects of the claim, as it features Jennifer Garner and Ben Affleck, who are relevant to the context of the dating rumors."
6660,Misinformation,0.9,False,True,"The image is confirmed to be AI-generated, depicting a surreal scenario that does not align with the claim of a man holding a ping pong paddle under a shelf. The visual veracity confidence is high due to the nature of the image."
ds831,Not Misinformation,0.9,False,True,"The claim that Scott Baio spoke at the Republican National Convention is supported by multiple sources confirming his participation in the 2016 RNC. The image does not appear to be AI-generated, and the context aligns with the claim."
723,Misinformation,0.9,False,True,"The claim states that Reggie Bush scored a touchdown against the Bills, but he did not play for the Dolphins during the game referenced. The Dolphins lost to the Bills 48-20 on October 1, 2023, and Reggie Bush is not currently a player in the NFL. Additionally, the evidence indicates that he scored touchdowns in different contexts, not specifically against the Bills in this game."
ds4173,Misinformation,0.9,False,True,"The claim that a federal judge granted permission to subpoena Trump is misleading. A federal judge did not grant a subpoena for Trump himself; rather, the ruling was about the preservation of documents related to third parties. This is supported by evidence from PolitiFact, which states that the headline is false and clarifies the nature of the ruling."
ds9215,Misinformation,0.9,False,True,"The image is identified as AI-generated, which confirms it as misinformation regardless of the claim's content. The visual veracity assessment indicates that the cow's appearance is unnatural, supporting the conclusion that the image is not a genuine photograph."
ds6725,Misinformation,0.9,False,True,"The image is confirmed to be AI-generated, which categorically classifies it as misinformation regardless of the claim about the fire hydrant's colors. The visual veracity signal indicates a high confidence that the image is not real, as it features impossible scenarios."
1792,Not Misinformation,0.9,False,True,"Ricky Muir was indeed elected as a Senator for Victoria in 2013, representing the Australian Motoring Enthusiast Party, despite receiving a very low percentage of first preference votes (0.51%). This aligns with the claim that he is likely to be an elected senator despite the low vote count. The evidence confirms his election and the context of his low primary vote."
2826,Not Misinformation,0.9,False,True,"The claim about the mug changing color depending on the amount of coffee aligns with the existence of color-changing mugs, which are known to change color when filled with hot liquids. The image appears to be genuine and not AI-generated, supporting the claim's validity."
ds709,Not Misinformation,0.6,False,True,"While the image shows a Bombardier CRJ700 landing at an airport, the specific details about the location (Seattle-Tacoma International Airport) and the time (dusk in September 2015) cannot be confirmed from the image alone. However, there is evidence that Delta Connection operated CRJ700 flights to Seattle in 2015, which supports the claim's general accuracy."
ds3448,Misinformation,0.9,False,True,"The image is confirmed to be AI-generated, which leads to the conclusion that it cannot be trusted as a genuine representation of a town. Additionally, while the claim about Younger being a town is partially supported by the evidence, the AI-generated nature of the image overrides this."
ds2474,Not Misinformation,0.9,False,True,"The image accurately depicts boats by a dock in water, which aligns with the claim. The visual veracity indicates that the image is not AI-generated, and the evidence supports the presence of boats at docks in various contexts."
ds2010,Not Misinformation,0.9,False,True,"The image clearly depicts a tennis player serving the ball, which aligns perfectly with the claim. The visual evidence supports the action described in the headline, and there are no indications of AI generation. The context of serving in tennis is well-established and corroborated by multiple sources."
ds1564,Misinformation,0.9,False,True,"The claim that Woody Allen received the Cecil B. DeMille Lifetime Achievement Award in 2023 is false. In fact, Eddie Murphy received the award at the Golden Globes in January 2023, not Woody Allen. This is corroborated by multiple sources."
ds2594,Misinformation,0.9,False,True,"The image is confirmed to be AI-generated, which indicates that it does not represent real-life scenarios accurately. Additionally, while the claim about nail polish changing appearance under different lighting conditions is true, the image does not provide a genuine representation of this phenomenon."
2501,Not Misinformation,0.9,False,True,"The image shows a girl who appears happy while holding a bullfrog, which aligns with the claim. The visual veracity indicates that the image is not AI-generated, and the context of the claim is supported by the evidence regarding bullfrog catching techniques and their commonality in urban areas."
7697,Not Misinformation,0.9,False,True,"The claim about a draft proposal suggesting two garden cities at Yalding in Kent and Gerrards Cross in Buckinghamshire is supported by evidence from a credible source. The retrieved evidence confirms that there was indeed a proposal for new settlements in these locations, as reported in 2014. Additionally, the image does not appear to be AI-generated, further supporting the authenticity of the claim."
ds2926,Not Misinformation,0.6,False,True,"The claim that the icon for debugging tools on the touch bar is a can of bug spray is not supported by evidence. The debugging tool icon is typically represented by a lightning bolt symbol, not a bug spray can. The image does not show a bug spray icon, and the context of debugging tools refers to software bugs, not insects. However, the specific icon in the image is not confirmed, leading to a medium confidence level."
ds1829,Not Misinformation,0.9,False,True,"The image depicts an MRAP vehicle, which is consistent with the claim about US school districts acquiring such vehicles under a Pentagon program. The evidence confirms that MRAP vehicles have been acquired by some U.S. schools through military surplus programs, supporting the claim's validity."
ds4158,Misinformation,0.9,False,True,"The claim that Hillary Clinton filed for divorce is false, as there are no credible reports or legal filings confirming such an event. Multiple sources indicate that the rumors are unfounded and have been debunked. The image, while appearing genuine, does not provide any evidence to support the claim."
ds9891,Not Misinformation,0.9,False,True,"The image depicts a historical gathering that aligns with the themes of 'Pride and Prejudice,' and there is no evidence suggesting it is misleading or false. The signals indicate a strong connection to the BBC's adaptation of the story, particularly the 1995 version, which is well-documented and celebrated."
3477,Misinformation,0.9,False,True,"The image is AI-generated, depicting an octopus in a baseball setting, which is not only surreal but also does not align with the claim about 'Trouble with the Curve' featuring a squid. The film does not include any squid or octopus characters, further confirming the misinformation."
3415,Misinformation,0.9,False,True,"The claim that Hezbollah received zero support from Iran is false. Evidence indicates that Iran has been a key supporter of Hezbollah, providing significant funding, training, weapons, and various forms of political and organizational aid. This relationship has been longstanding and is well-documented."
ds4821,Not Misinformation,0.6,False,True,"While the image is not AI-generated and features Meghan Markle, the evidence does not definitively support the claim that she kept her romance with Prince Harry a secret from her Suits castmates. Some sources suggest that her relationship was kept private, but there is no clear evidence confirming that she hid it from her co-stars. Additionally, her castmates have expressed support for her relationship, indicating that they were aware of it."
ds471,Not Misinformation,0.9,False,True,"The claim accurately describes how the Roboroach technology works, which involves controlling a cockroach's movements through electrodes connected to a smartphone via Bluetooth. The image supports this claim by showing the Roboroach app in use with a cockroach. The evidence confirms that Roboroach is a real product that operates as described."
ds4939,Not Misinformation,0.6,False,True,"The image appears to be a genuine photograph and not AI-generated. While the claim about Cait facing knee surgery lacks recent evidence, it is supported by historical context regarding knee issues related to high heels. The connection between stilettos and knee problems is well-documented, but the specific claim about Cait is not substantiated by current news."
1818,Misinformation,0.9,False,True,"The claim that the Opinion Debate section moves to the Viewspaper is false. Evidence indicates that the Washington Post's opinion section is undergoing an overhaul, but there is no mention of it moving to a platform called Viewspaper. Additionally, there is no specific information about an increase in reader letters in the Viewspaper format."
ds4587,Not Misinformation,0.6,False,True,"The claim that Jennifer Aniston didn't spend $100K on a makeover is supported by evidence indicating that while she has made headlines for her new look, there is no direct evidence confirming she spent that amount specifically on a makeover. The expenses mentioned relate to her hotel stay rather than cosmetic procedures. Additionally, the image does not provide context to confirm or deny the claim."
ds9253,Not Misinformation,0.9,False,True,"The image aligns well with the claim, showing a coffee beverage and a cake, which are accurately described in the headline. The presence of a banana does not negate the overall accuracy of the claim. Additionally, the visual veracity indicates that the image is not AI-generated, further supporting the authenticity of the claim."
ds8003,Misinformation,0.9,False,True,"The claim that a fireworks display in Weymouth marked the opening of the London 2012 Olympics is false. Evidence indicates that Weymouth did not have fireworks specifically for the London 2012 Olympics, as the town has its own tradition of organizing firework displays during summer holidays and on November 5th, but not for this event. Additionally, the opening ceremony of the London 2012 Olympics featured a different type of celebration, which did not include fireworks in Weymouth."
4557,Not Misinformation,0.6,False,True,"The image does not clearly depict Ruth Negga, and while the connection to the headline is weak, there is evidence supporting her rising popularity in Hollywood. The visual veracity indicates the image is genuine, and there are multiple sources confirming her increasing recognition and recent projects."
ds8684,Misinformation,0.9,False,True,"The image is confirmed to be AI-generated, which categorically qualifies it as misinformation regardless of the content alignment with the headline. The unusual fur patterns and colors of the animals further support this classification."
