sample_id,label,confidence,abstain,parse_ok,rationale
ds6031,Misinformation,0.9,False,True,"The image is confirmed to be AI-generated, which categorizes it as misinformation regardless of the claim's context or relevance."
3397,Misinformation,0.8,False,True,"The image is identified as AI-generated with a confidence of 0.8, which confirms it as misinformation regardless of the claim's content. Additionally, the claim about ownership is incorrect as Planet Hollywood Las Vegas is owned by Caesars Entertainment, not a corporation based in Paris, Texas."
ds2700,Not Misinformation,0.8,False,True,"The image depicts a scaled quail standing on one leg, which is consistent with the behavior of these birds. The claim aligns with the observed behavior of scaled quails, and there is no evidence suggesting the image is AI-generated. However, the absence of visible confirmation of the raisin and peanut mentioned in the claim leads to a partial alignment."
ds4880,Not Misinformation,0.9,False,True,"The evidence confirms that Lindsay Lohan did wear a hijab at the London Modest Fashion Week, which aligns with the claim. The social media reactions indicate mixed feelings about her appearance in a hijab, supporting the headline. The image is not AI-generated, further validating the authenticity of the claim."
ds8852,Not Misinformation,0.8,False,True,"The image shows three teddy bears, which aligns with the claim. However, there is no evidence confirming the presence of a stuffed cat or that the setting is a bedroom wall. The context is partially aligned but not fully confirmed."
7551,Not Misinformation,0.9,False,True,"The image depicts a snowy landscape, which aligns with the claim about snow in the UK, specifically in Kielder Water, Northumberland. The evidence supports that snow has indeed fallen in Kielder Water and that more is predicted over the weekend. The visual veracity indicates that the image is not AI-generated, further supporting the authenticity of the claim."
365,Misinformation,0.8,False,True,"The image is AI-generated, which raises concerns about its authenticity regardless of the claim's alignment with the event. The presence of people in gorilla costumes is confirmed, but the AI-generated nature of the image categorizes it as misinformation."
ds4717,Not Misinformation,0.8,False,True,"The claim that Khloe Kardashian was forced by Tristan Thompson to follow a strict pregnancy diet after a binge on cookies and ice cream is supported by multiple sources indicating that Tristan has influenced Khloe's dietary choices during her pregnancy. However, the image does not depict either Khloe or Tristan, which raises questions about its relevancy to the claim."
4718,Not Misinformation,0.8,False,True,"The image features Jennifer Lopez, which aligns with the subject of the headline regarding her relationship with Alex Rodriguez. The evidence confirms that they did take a break and eventually broke up, supporting the claim in the headline. The visual veracity indicates that the image is genuine and not AI-generated."
ds4306,Not Misinformation,1.0,False,True,"The claim that Eric Trump stated it would be 'foolish' for his father to release tax returns is supported by multiple sources, including direct quotes from Eric Trump. The image is confirmed to be a genuine photograph, not AI-generated."
ds1370,Not Misinformation,0.95,False,True,"The image depicts Kris and Bruce Jenner at the Academy of Country Music Awards, which aligns with the claim. The evidence confirms their attendance at the event in 2009."
ds2101,Not Misinformation,0.9,False,True,"The image aligns well with the claim, depicting a table with two wine glasses and a centerpiece. The visual veracity indicates that the image is not AI-generated, supporting the authenticity of the claim."
5000,Not Misinformation,0.8,False,True,"The claim about Obama admitting to a secret deal with China to hand over U.S. territory is not supported by evidence. While Obama did engage in diplomatic dealings with China, there is no credible information indicating that he made any secret deal involving the handover of U.S. territory. The image is a genuine photograph and does not depict any misinformation."
ds4724,Not Misinformation,0.8,False,True,"The image shows George and Amal Clooney together, and while there are rumors about their relationship, the evidence suggests that they are still together and the claim about them sleeping in separate bedrooms is likely a misunderstanding. Multiple sources indicate that they have adapted to each other's habits and are happily married."
ds6329,Misinformation,0.9,False,True,"The image is AI-generated, depicting an impossible scenario of a man inside a shark, which is not realistic. This aligns with the definitive rule that any AI-generated content is classified as misinformation."
ds1157,Not Misinformation,0.8,False,True,"The image shows a banner related to the pope, which aligns with the claim about a person holding a banner during the pope's procession. While the specific action of holding the banner during the procession is not confirmed, the connection to the event is strong. The visual veracity indicates that the image is genuine and not AI-generated."
5013,Not Misinformation,0.9,False,True,"The image does not depict Brooke Burke or any specific event related to her dating revelation or divorce, but it is not AI-generated. The retrieved evidence supports the claims about Brooke Burke's current engagement and past divorce, aligning with the context of the headline."
3983,Misinformation,0.8,False,True,"The image is AI-generated, which confirms it as misinformation regardless of the accuracy of the claim about the film's director and release year."
ds9980,Not Misinformation,0.8,False,True,"The image depicts a child smiling, which aligns with the claim of an Iraqi girl. While the specific context of settling near a Kurdish checkpoint is not definitively confirmed, the evidence suggests that families, including children, have been seen in similar situations at Kurdish checkpoints. The visual veracity indicates that the image is genuine and not AI-generated."
ds2354,Not Misinformation,0.9,False,True,"The image depicts a big plane flying low on a cloudy sky, which aligns with the claim. The visual veracity indicates that the image is not AI-generated, and the evidence supports the occurrence of planes flying low due to various factors, including weather conditions."
ds9501,Misinformation,1.0,False,True,"The claim that Ford's reelection campaign was brilliant is misleading, as historical evidence shows that Gerald Ford's 1976 presidential campaign was unsuccessful. He lost to Jimmy Carter, indicating that the campaign did not achieve its intended goal."
ds4,Not Misinformation,0.8,False,True,"The claim that Charlie Hebdo's surviving staff left their Paris offices for a temporary home at Liberation newspaper is supported by evidence indicating that they did indeed relocate to Liberation after the attacks. The image, while related to the aftermath of the attacks, does not contradict this claim. The visual veracity assessment confirms the image is genuine."
ds3871,Misinformation,0.8,False,True,"The image is AI-generated, which is confirmed by the presence of nonsensical text and surreal elements. Additionally, the claim that Meghan Markle was born in July is false; she was actually born on August 4, 1981."
8830,Not Misinformation,0.8,False,True,"The image does not depict an AI-generated clock and is consistent with real-world objects. While the image does not show a clock hanging on a barn, the evidence suggests that clocks can be found on barns, supporting the claim's context. However, the specific image does not align with the claim's description."
ds5053,Not Misinformation,0.8,False,True,"The claim that drinking green tea daily may increase lifespan is supported by several studies indicating potential health benefits, including reduced risk of cardiovascular disease and longevity. The image is relevant to the topic and does not appear to be AI-generated."
ds2437,Not Misinformation,0.8,False,True,"The image does not depict an animal food tray or cage, but rather a disc golf basket, which is unrelated to the claim. The visual veracity indicates that the image is genuine and not AI-generated. The evidence supports the idea that empty animal food trays exist, but the image does not substantiate the claim made in the headline."
ds6090,Misinformation,0.8,False,True,"The image is AI-generated, which raises concerns about its authenticity. Despite the claim about Outside Lands being fun, the festival did not occur in 2023, and the image does not provide verifiable evidence of the event."
ds742,Not Misinformation,0.8,False,True,"The image shows demonstrators with a banner that includes the phrase 'WALL OFF TRUMP,' which aligns with the claim about demonstrators forming a barrier against Trump. However, the evidence does not confirm that they specifically blocked Trump at Quicken Loans Arena, as it only indicates protests occurred nearby during the Republican National Convention."
ds1754,Not Misinformation,0.9,False,True,"The image and headline accurately depict Benedict Cumberbatch portraying Julian Assange in the film 'The Fifth Estate.' The evidence confirms that Cumberbatch plays this role in the film, aligning with the claim."
4580,Not Misinformation,0.7,False,True,"The image does not appear to be AI-generated and shows three individuals, which could potentially include Kourtney Kardashian and Kylie Jenner. The evidence suggests that Kourtney has collaborated with Kylie on beauty products, but there is no definitive statement that she prefers Kylie's lip kit over Kim's contour sticks. The context of the claim is partially supported by the evidence, but it lacks explicit confirmation."
ds50,Not Misinformation,0.9,False,True,"The image is a genuine photograph and not AI-generated. The evidence confirms that Rachael Drouet has not tracked down the owners of the decorations, aligning with the claim. The context of the image is relevant to the subject of the headline, although it does not provide specific details about the decorations or their owners."
8392,Not Misinformation,0.9,False,True,The image does not appear to be AI-generated and is a genuine photograph. The headline accurately reflects the allegations made by Oregon Attorney General Ellen Rosenblum against GNC regarding the sale of supplements containing synthetic chemicals. The evidence supports the claim that GNC was sued for selling products with illegal ingredients.
ds7878,Not Misinformation,0.8,False,True,"The image shows individuals wading through flood water, which is consistent with the claim of a family in a flood situation. While it does not confirm they are specifically a Bangladeshi family or that they are heading to a refuge in Harinagar Satkhira, the context of flooding in the area is supported by multiple evidence items indicating significant flooding in Satkhira, including the impact on local communities and infrastructure."
ds4278,Misinformation,0.9,False,True,"The claim that Russian mansions seized by Obama were meant as illegal gifts to Sasha and Malia is false. There is no evidence supporting the idea that these mansions were gifts to the Obama daughters. The image does not relate to the claim, and the context of the seizure is political rather than personal."
ds6954,Misinformation,0.8,False,True,"The image is AI-generated, depicting a surreal scenario that does not relate to the subject of Prof Martin Hairer. Despite the claim about his identity being true, the visual representation is misleading due to its artificial nature."
ds3520,Misinformation,1.0,False,True,"Ice-T signed to Sire Records in 1987, but he was 29 years old at that time, not 18 as claimed. The evidence confirms his age and the signing year."
7044,Not Misinformation,0.8,False,True,"The image shows a woman who appears to be Hillary Clinton, and the evidence confirms that she has indeed spoken at rallies in Columbus, Ohio. However, the specific context of the image being from a rally in Columbus is not definitively established."
ds9094,Misinformation,0.8,False,True,"The image is AI-generated, as indicated by the nonsensical text present in the sign, which suggests manipulation or generation. This confirms that the visual content does not accurately represent the claim of two old street parking meters surrounded by weeds."
ds3303,Not Misinformation,0.9,False,True,"The claim that Scandinavia includes the remote Norwegian islands of Svalbard and Jan Mayen is partially true. While Svalbard is part of the Kingdom of Norway, it is not considered part of geographical Norway or the traditional definition of Scandinavia, which typically includes only Norway, Sweden, and Denmark. Jan Mayen is also not included in the traditional definition of Scandinavia. Therefore, the claim is misleading but not entirely false."
ds7131,Not Misinformation,0.8,False,True,"The claim that Karen O performed at the ceremony is confirmed by multiple sources. However, the specific details about the dress and jewels are not verifiable from the evidence provided, leading to partial alignment with the claim."
ds7823,Not Misinformation,0.9,False,True,"The image does not depict the Berlaymont building, but the claim in the headline is accurate as the Berlaymont building is indeed the headquarters of the European Commission in Brussels. The visual veracity indicates that the image is not AI-generated, and the evidence supports the claim about the building's purpose and location."
1047,Not Misinformation,0.9,False,True,"The evidence confirms that Matt Bevin did address the Kentucky Chamber of Commerce dinner on January 7, 2016, and the image shows a man speaking at an event, which aligns with this context. The visual veracity indicates that the image is genuine and not AI-generated."
ds8744,Not Misinformation,0.8,False,True,"The image depicts a shirtless man on a skateboard in mid-air, which aligns with the claim. The visual veracity indicates that the image is not AI-generated, and the context provided in the evidence supports the possibility of such a stunt occurring. However, the exact presence of people below him is not confirmed."
ds9896,Not Misinformation,0.8,False,True,"The image is a genuine photograph and not AI-generated. While the claim about Alan Johnson having a 'bad case' is ambiguous, the evidence suggests that he is currently in a positive personal situation, having recently married and with no recent health issues reported. The relevancy of the image to the claim is partial, but the overall context does not support the claim of a 'bad case.'"
ds3482,Not Misinformation,0.9,False,True,"The claim that 'Gotham City Sirens failed to be published' is inaccurate. The evidence indicates that the series has been published and continues to release new issues, with ongoing developments as of 2024. While there are mentions of potential delays or holds, the series itself has not failed to be published."
3081,Misinformation,0.9,False,True,"The claim that 'Story of My Life' was recorded exclusively by a girl band is false. The song is primarily known for being recorded by the boy band One Direction, and there is no evidence supporting that a girl band recorded it. The image does not depict a girl band, further supporting the misinformation."
6149,Misinformation,0.8,False,True,"The image is AI-generated, as indicated by the surreal scenario of a dog reading a book and the presence of nonsensical filler text. This suggests manipulation and a lack of authenticity, which leads to the classification of the content as misinformation."
ds6053,Misinformation,0.9,False,True,"The image is AI-generated, depicting a rabbit riding a pink tricycle, which is an unrealistic scenario. This aligns with the visual veracity signal indicating high confidence in AI generation."
5357,Not Misinformation,0.8,False,True,"The image is a genuine photograph of a person interacting with children in an educational setting, which aligns with the claim about the Education Secretary's plan. The retrieved evidence supports the claim regarding the controversial nature of the Education Secretary's actions and the financial risks associated with new education policies. However, the image does not directly depict the specific plan or its financial implications, leading to a partial alignment."
ds3839,Misinformation,0.9,False,True,"The image is AI-generated, which confirms it as misinformation regardless of the claim about Dev Patel's involvement in 'Chappie'. Additionally, while Dev Patel did star in 'Chappie', the claim that it is an animated movie is misleading as it is a live-action film with animated elements."
7469,Not Misinformation,0.9,False,True,"The image shows Donald Trump speaking, which aligns with the claim that he spoke at a rally in Bangor, Maine on October 15, 2016. The retrieved evidence confirms that Trump did hold a rally in Bangor on that date, where he addressed various issues. Therefore, the claim is accurate."
ds3252,Misinformation,0.8,False,True,"The image is AI-generated, which confirms it as misinformation regardless of the incorrect claim about the publication date of 'Little Dorrit'."
ds3976,Misinformation,0.8,False,True,"The image is AI-generated, which indicates it does not represent real events or facts. Additionally, the claim that the United States is one of the ABC Islands is false, as the ABC Islands (Aruba, Bonaire, and Curaçao) are part of the Kingdom of the Netherlands."
9974,Not Misinformation,0.8,False,True,"The image is confirmed to be a genuine photograph, and the headline discusses Kanye West, who is relevant to the image. The context of the tweet is not fully visible, but there is no indication of misinformation based on the evidence provided."
4125,Not Misinformation,0.9,False,True,"The image does not appear to be AI-generated and is a genuine photograph. The evidence confirms that Kevin Hart did appear in a J. Cole music video, where he played a role reflecting his real-life cheating scandal. The connection between the image and the claim is not strong, but the claim itself is accurate based on the evidence."
ds2506,Not Misinformation,0.9,False,True,"The image depicts a building with a protective fence underneath, which aligns with the claim about safety measures for pedestrians against falling bricks. Evidence supports that there are indeed fences around buildings in Warsaw to catch falling bricks, confirming the claim's context. However, the specific building in the image cannot be definitively identified as being in Warsaw based solely on the image."
ds6253,Misinformation,0.9,False,True,"The image is AI-generated, which confirms it as misinformation regardless of the context or alignment with the headline."
ds6291,Misinformation,0.9,False,True,"The image is AI-generated, depicting an impossible scenario of a human riding a gazelle, which suggests manipulation and does not reflect reality."
ds9638,Not Misinformation,0.9,False,True,"The image shows two presenters on YouTube, which aligns with the claim that they discussed a staged story. The evidence confirms that Tania Reza and Enrique Tovar appeared on YouTube to clarify the incident, which was later revealed to be staged. The visual veracity indicates the image is genuine."
ds994,Not Misinformation,0.9,False,True,"The image and headline accurately depict performers forming the Olympic rings during the closing ceremony, which is corroborated by multiple sources confirming the event and the visual representation."
ds5728,Not Misinformation,0.9,False,True,"The image aligns with the headline about Jenny McCarthy's rise to fame, and the visual veracity indicates that it is not AI-generated. The evidence supports her career milestones and timeline, confirming her prominence in the entertainment industry since the early 1990s."
2731,Not Misinformation,0.9,False,True,"The image depicts a toy doll in a car window, which aligns with the innovative take on the 'baby on board' sticker mentioned in the headline. The visual veracity signals indicate that the image is not AI-generated, and the evidence supports the existence of humorous and creative interpretations of 'baby on board' stickers."
ds2331,Not Misinformation,0.9,False,True,"The image depicts a man on a tennis court holding a racquet, which aligns with the claim. The visual veracity indicates that the image is not AI-generated, and the evidence supports the presence of such images in stock photo collections."
9107,Misinformation,0.8,False,True,"The image is AI-generated, which confirms it as misinformation regardless of the claim about the silver oven and other appliances."
ds3649,Misinformation,1.0,False,True,"The claim that 'An Educated' was created only by journalist Nora Ephron is false. Nora Ephron did not create 'An Educated'; it is a memoir by Tara Westover. The evidence confirms that Ephron was known for her work in journalism and film, but not for this particular title."
7187,Not Misinformation,0.9,False,True,"The claim that Supreme Leader Ayatollah Ali Khamenei waved during a meeting in Tehran last September is supported by evidence indicating he attended a ceremony on September 17, 2022, where he was seen waving to the crowd. Additionally, he participated in a meeting with commanders on September 21, 2022. The image is confirmed to be genuine and not AI-generated."
ds5161,Not Misinformation,0.9,False,True,"The image is confirmed to be genuine and not AI-generated. The claims regarding Mike Pence's ties to a Russian spy agency are not supported by credible evidence, as the sources indicate he has taken a stance against Russian aggression. Therefore, while the headline suggests a serious allegation, it lacks substantiation."
ds4423,Misinformation,1.0,False,True,"The claim that Floyd Mayweather Jr. donated a significant sum of money to Houston after a hurricane is false. Multiple sources confirm that he did not make such a donation, specifically the claim of a $200 million donation is classified as fake news."
8155,Not Misinformation,0.9,False,True,"The image does not appear to be AI-generated and depicts a real-life disaster scene, which does not relate to the claim about Charlie Pierce making a phone call in a wire factory in Ohio in 2012. Additionally, the evidence indicates that Charlie Pierce did not work for Mitt Romney, and there is no specific information about a phone call in an Ohio wire factory in 2012."
ds7055,Not Misinformation,0.8,False,True,"The image is not AI-generated and appears to be a genuine photograph. While the image does not depict the specific subjects or event mentioned in the headline, the historical context of the individuals and the location is supported by evidence. Leeroy Murray existed in 1947, and the family history aligns with the time period, although the specific image may not directly relate to the claim."
8165,Not Misinformation,0.9,False,True,"The claim that Emily Cruse Elliott danced in Club Sizzle at the Blue Ribbon Bacon Fest in Des Moines is supported by evidence confirming her performance at the event. The image aligns with the context of dancing at a festival, although it does not specifically show her. The event itself is confirmed to have taken place."
1449,Not Misinformation,0.9,False,True,"The claim about Hinchliffe Stadium opening in 1932, hosting Negro League games, and being abandoned aligns with the retrieved evidence. The stadium was indeed constructed in 1932, hosted Negro League games, and was abandoned until its recent renovation in 2023. The image, while not definitively identified as Hinchliffe Stadium, depicts an abandoned stadium, which is consistent with the claim."
4647,Not Misinformation,0.9,False,True,"The evidence indicates that Angelina Jolie and Jennifer Aniston did meet in person in 2004, which contradicts the claim that they did not have a face-to-face meeting. The image is not AI-generated and is relevant to the claim."
ds4064,Not Misinformation,0.9,False,True,"The image is a genuine photograph of Brad Pitt, and the claims about his net worth are supported by multiple credible sources. The estimates of his net worth range from $300 million to $400 million, which aligns with the information provided in the signals."
ds2877,Not Misinformation,0.8,False,True,"The image shows a decomposing leaf, which aligns with the claim about decomposing leaves found offshore at a local reservoir. The evidence supports the claim, indicating that such leaves can be found in these environments. However, the specific location context is not confirmed in the image."
7330,Misinformation,0.9,False,True,"The image does not depict Jonathan Jones or the Millennium Bridge in central London, as it shows a group of people in a different setting. The claim is misleading because there is no evidence linking Jonathan Jones to the Millennium Bridge."
ds5062,Misinformation,1.0,False,True,The claim that the COVID-19 vaccine alters DNA and increases the risk of genetic mutations is false. Multiple reputable sources confirm that COVID-19 vaccines do not alter human DNA and there is no evidence linking them to an increased risk of genetic mutations or cancer.
ds5124,Not Misinformation,0.9,False,True,"The claim that Biden admitted to plotting election fraud with foreign powers is unfounded. The evidence indicates that Biden did not make such admissions, and the image does not relate to the claim about Biden. The image depicts Hillary Clinton and a group of people, which is unrelated to the subject of Joe Biden. Additionally, the retrieved evidence confirms that Biden's statements regarding voter fraud were misinterpreted and taken out of context."
6119,Misinformation,0.8,False,True,"The image is AI-generated, which is confirmed by the visual veracity analysis indicating a high confidence level. The surreal elements in the image further support this classification."
5317,Misinformation,1.0,False,True,"The claim that herbal tea from the Amazon rainforest can eradicate COVID-19 is misleading and not supported by scientific evidence. Multiple sources confirm that herbal tea does not cure or prevent COVID-19, and such claims have been deemed false by health authorities."
ds8378,Not Misinformation,0.9,False,True,"The claim that Richard Dawkins and Rowan Williams debated the role of religion in the 21st century is accurate. They indeed participated in a debate on January 31, 2013, at the Cambridge Union, where the topic was whether religion has a place in modern society. The evidence supports the occurrence of this debate and the positions taken by both individuals."
8719,Misinformation,0.8,False,True,"The image is confirmed to be AI-generated, which indicates that it does not represent a real scene or object. Therefore, despite the claim about a pink and green bus, the visual veracity is compromised due to the AI generation."
6563,Misinformation,0.8,False,True,"The image is identified as AI-generated with a high confidence level, which indicates that it does not represent a real person in a factory setting. The visual inconsistencies further support this classification."
ds3412,Misinformation,1.0,False,True,"The claim that Castlevania came out in Japan in 1990 is false. The original Castlevania game was released in Japan on September 26, 1986. The confusion may stem from the release of a different game, Kid Dracula, which was released in 1990."
966,Misinformation,0.9,False,True,"There is no evidence that Marco Rubio grilled at the Iowa State Fair in 2015, despite the image suggesting a connection to grilling and the fair. The sources confirm that Rubio did not participate in grilling activities at the event."
ds5156,Misinformation,0.9,False,True,"The claim that COVID-19 vaccines cause permanent memory loss is not supported by any credible evidence. The retrieved sources indicate that there is no evidence linking COVID-19 vaccines to memory loss, and they primarily address other concerns such as myocarditis, weight loss, and infertility. Additionally, the image does not specifically depict any effects related to memory loss, further weakening the claim."
ds2814,Not Misinformation,0.95,False,True,"The image of the Father's Day note aligns with the claim of being found in a fishing book in a Knoxville bookstore. The visual veracity indicates that the image is genuine and not AI-generated. The context provided in the evidence supports the existence of used bookstores in Knoxville, where such a note could plausibly be found."
ds6955,Misinformation,0.8,False,True,"The image is AI-generated, which confirms it as misinformation regardless of the claim's context. Additionally, there is no evidence supporting a long-term association between Henry Kissinger and Sepp Blatter."
ds6481,Not Misinformation,0.9,False,True,"The image depicts Vladimir Putin and Borut Pahor, which aligns with the claim. The context of their meeting is supported by multiple sources confirming their recent interactions and the significance of the event. There are no indications of AI generation in the image."
5084,Misinformation,0.8,False,True,"The image is AI-generated, which confirms it as misinformation regardless of the claim's content. Additionally, there is no evidence that the Senate voted to ban independent media, further supporting the misinformation label."
ds1963,Not Misinformation,0.8,False,True,"The image depicts heavy traffic on a motorway, which aligns with the claim about heavy traffic on the M5 motorway during a busy Easter getaway. While the specific identification of the M5 motorway and the timing during Easter cannot be definitively confirmed, the evidence supports the occurrence of heavy traffic on the M5 during such periods."
9347,Not Misinformation,0.8,False,True,"The image depicts a man wearing glasses and a purple scarf, which is similar to a lavender shirt. The details align closely with the claim, despite the specific color of the shirt not being fully visible. The visual veracity indicates that the image is not AI-generated, supporting the authenticity of the claim."
ds4921,Not Misinformation,0.8,False,True,"The image does not depict Justin Bieber or Kourtney Kardashian, and the context of the headline is supported by evidence indicating that they still communicate as friends. The claims about Selena Gomez and Younes Bendjima's reactions are also substantiated by relevant reports."
3169,Misinformation,0.8,False,True,"The image is identified as AI-generated with a high confidence level, which categorizes it as misinformation regardless of the claim's content. Additionally, the claim about Ian Gillan's birth date is incorrect; he was born on August 19, 1945, not May 19, 1945."
2004,Not Misinformation,0.9,False,True,"The image depicts a basketball game in progress, which aligns with the claim. The visual veracity indicates that the image is not AI-generated, and the evidence supports the existence of basketball games happening currently."
4046,Misinformation,1.0,False,True,"The claim states that George H.W. Bush has died at 94, which is true as he passed away on November 30, 2018. However, the image shows him alive and smiling, which contradicts the claim of his death. Therefore, the image does not align with the headline."
8531,Not Misinformation,0.8,False,True,"The image depicts a kitchen area that aligns with the claim of having a decorated interior, and while the size is not fully visible, the overall context suggests it could be a smaller kitchen. There are no indications of AI generation in the image."
ds8617,Misinformation,0.8,False,True,"The image is confirmed to be AI-generated, which categorizes it as misinformation regardless of the relevance to the claim about a parking meter in front of a restaurant and parking lot."
1052,Not Misinformation,1.0,False,True,"The claim about the iPhone 5C being displayed during an Apple product announcement at the Apple campus in Cupertino, California, and its release date of September 20, 2013, is accurate. The image is confirmed to be a genuine photograph, and the evidence supports the announcement and release details."
2929,Not Misinformation,0.9,False,True,"The image depicts a nurse with colorful hair, which aligns with the subject of the headline. The evidence supports the claim that the nurse received criticism for her appearance and responded positively, emphasizing that her hair color does not affect her ability to perform her job. The visual veracity indicates that the image is genuine and not AI-generated."
5939,Misinformation,0.8,False,True,"The image is confirmed to be AI-generated, which categorically classifies it as misinformation regardless of the claim's content or the visual elements presented."
ds3503,Misinformation,0.8,False,True,"The image is AI-generated, which indicates it is not a reliable representation of reality. Additionally, while the claim about The Hunger Games being based on a play is misleading, the evidence shows that there is a stage adaptation, but the original source material is a series of novels."
ds6940,Misinformation,0.8,False,True,"The image is confirmed to be AI-generated, which indicates it does not represent a real event or situation. Despite the claim about an Indonesian girl reading a comic book related to trafficking, the visual veracity of the image undermines its authenticity."
ds8840,Misinformation,0.8,False,True,"The image is confirmed to be AI-generated, which categorizes it as misinformation regardless of the other signals. Additionally, the claim about the dump truck being on green asphalt is incorrect as it is actually on grass."
ds4482,Not Misinformation,0.8,False,True,"The evidence indicates that the San Juan Teamsters are actively involved in relief efforts and there is no confirmation that they skipped work to distribute supplies. The image does not provide direct evidence of the claim but shows a person with supplies, which is somewhat relevant. However, the overall context suggests that the Teamsters are engaged in assisting communities rather than neglecting their duties."
ds4702,Not Misinformation,0.7,False,True,"The image is a genuine photograph of Gwen Stefani and Blake Shelton, and while there are rumors about her pregnancy, there is no confirmed news. The evidence supports the claim that there are speculations but no official confirmation of pregnancy."
1231,Not Misinformation,0.7,False,True,"The image shows a player running during pregame warmups, which aligns with the context of the headline. However, the specific identification of Robert Griffin III cannot be confirmed from the evidence provided. The visual veracity indicates that the image is not AI-generated."
4217,Not Misinformation,0.7,False,True,"The image is confirmed to be a genuine photograph, and while the claim about J.Lo and A-Rod's passionate kisses is not strongly supported by recent evidence, there are indications of them being spotted together, which aligns with the claim. However, the overall context suggests that their relationship status is complicated and not as passionate as implied."
992,Not Misinformation,0.9,False,True,"The image depicts a flooded area that aligns with the claim about high water overrunning homes and businesses near the Shiawassee River and Shiawassee National Wildlife Refuge in Michigan. The evidence supports the occurrence of flooding in the area due to heavy rainfall, which is consistent with the claim."
ds6586,Misinformation,0.9,False,True,"The image is confirmed to be AI-generated, depicting a surreal scene with jellyfish in a bedroom, which does not align with the claim of a person holding their hand on a bed."
ds1582,Misinformation,0.9,False,True,"The claim states that Norway won against England in the European Under-21 Championship, but evidence shows that Norway lost to England with a score of 1-2 in a different match context (FIFA World Cup). Additionally, the image does not confirm the identity of the goalkeeper as Nyland Haskjold."
ds6549,Misinformation,0.8,False,True,"The image is identified as AI-generated with a confidence of 0.8, which indicates a high likelihood that it is not a real photograph. Despite the claim describing a common scene, the visual veracity assessment confirms that the image does not represent a genuine moment."
ds1547,Not Misinformation,0.8,False,True,"The claim that the 105200 hectares of land in Watarrka National Park is under the custodianship of the Martutjarra-Luritja people is partially supported. While the park is indeed recognized as being on traditional lands, it is specifically noted to be under the custodianship of the Anangu Aboriginal people, not the Martutjarra-Luritja. The image aligns with the characteristics of the park, but does not confirm the specific custodianship mentioned in the claim."
ds9027,Misinformation,0.8,False,True,"The image is confirmed to be AI-generated, which categorizes it as misinformation regardless of the claim's alignment with the visual content."
ds8208,Not Misinformation,0.8,False,True,"The image depicts a protest that aligns with the claim about activists protesting the Summer Olympics in Brazil. The evidence supports that there were indeed protests related to the Olympics, focusing on issues like corruption and mismanagement. However, the specific connection to the image and the exact claims in the headline is not definitively established."
ds1877,Not Misinformation,0.9,False,True,The claim that Gordon Taylor settled into his role as chairman at the Professional Footballers Association in November 1978 and later became chief executive in 1981 is supported by multiple reliable sources. The image does not provide specific confirmation of the event but does not contradict the claim either. The visual veracity indicates that the image is genuine.
ds1998,Not Misinformation,0.9,False,True,"The image depicts a protest scene that aligns with the claim about spending cuts likely sparking protests. The evidence supports the assertion that spending cuts lead to public dissent, particularly in recent protests in France against proposed budget cuts. The visual veracity indicates the image is not AI-generated, further supporting its authenticity."
578,Not Misinformation,0.8,False,True,"The image shows a person working with a pump in a flooded area, which aligns with the context of trying to keep floodwaters out of a property. While the specific identity of the person as Bob Bailey and the exact location as Clarksville, Mo, cannot be confirmed, the overall scenario is plausible and supported by evidence of flooding in the area."
ds4435,Not Misinformation,0.9,False,True,"The evidence indicates that there is no support for the claim that Trump removed Marines from the Navy. The sources discuss various topics related to Trump and the military but do not provide any evidence of such a removal. The image, while relevant to the topic, does not contradict this conclusion."
4186,Misinformation,0.0,False,True,"The claim about Katie Holmes reigniting a friendship with James Van Der Beek to make Jamie jealous is misleading. The evidence indicates that James Van Der Beek has passed away, and there is no indication of jealousy from Jamie regarding any friendship between Holmes and Van Der Beek. The image does not depict the subjects mentioned in the headline, further discrediting the claim."
ds5919,Misinformation,1.0,False,True,"The claim that Ares is a nephew of Zeus is incorrect; Ares is actually the son of Zeus and Hera, making him Zeus's child rather than his nephew. This directly contradicts the headline."
ds379,Not Misinformation,0.9,False,True,"The claim that three people died during the police raid in Saint-Denis is supported by evidence indicating that two suspects were killed during the operation, and a woman detonated an explosive device, contributing to the casualties. The raid occurred five days after the Paris attacks, aligning with the timeline provided in the claim."
ds3753,Not Misinformation,0.9,False,True,"The claim that the Icelandic Coast Guard rarely performs a service is contradicted by multiple sources indicating that the Coast Guard is actively involved in various operations, including search and rescue, maritime safety, and surveillance. The evidence shows that the Coast Guard maintains a continuous watch for emergencies and has increased its operational capabilities in recent years."
ds6032,Not Misinformation,0.9,False,True,"The image depicts a real interaction between an ostrich and a person, which aligns with the humorous claim about the ostrich's table manners. The visual veracity indicates that the image is not AI-generated, and the context supports the headline."
3980,Not Misinformation,0.9,False,True,"The claim that 'Touch My Body is a law' is incorrect. The evidence indicates that 'Touch My Body' refers to a song by Mariah Carey and is not a legal term or law. The image does not depict any AI-generated content and is relevant to the legal context, but it does not support the claim."
ds2845,Not Misinformation,0.8,False,True,"The image is confirmed to be a genuine photograph of a gas pump, and while there is no specific evidence confirming the presence of a spider web on it or that it is located in a secluded part of Arkansas, the claim about a premium pump existing in Arkansas is supported by evidence. The lack of specific reports about spider webs on gas pumps does not negate the possibility of the claim being true."
1318,Not Misinformation,0.8,False,True,"The image shows patrons seated at a bar and in rows, which aligns with the context of the headline about relaxing while waiting to play bocce. Although the image does not explicitly confirm the presence of bocce, the evidence indicates that bocce can be played in bars, supporting the claim. The visual veracity assessment confirms the image is not AI-generated."
ds2773,Not Misinformation,0.9,False,True,"The image shows a Bible and a Book of Mormon in a hotel drawer, which aligns with the claim that a hotel in Detroit has these items. The evidence supports the presence of both texts in many hotels, particularly those affiliated with Marriott, which has a historical connection to the Church of Jesus Christ of Latter-day Saints."
ds8795,Not Misinformation,0.8,False,True,"The image depicts two men in formal attire, likely at night, which aligns with the claim. While it is unclear if they are wearing sunglasses or crossing the street, the overall context is consistent with the headline. The visual veracity indicates that the image is not AI-generated, further supporting the claim's validity."
6395,Misinformation,0.9,False,True,"The image is confirmed to be AI-generated, which categorically classifies it as misinformation regardless of the context or signals provided."
ds5285,Not Misinformation,0.9,False,True,"Hillary Clinton has publicly denied any intention to run for president in 2024, and there is no evidence supporting the claim that she is secretly planning to run. The image is genuine and not AI-generated, and the retrieved evidence confirms her current focus on supporting other Democratic candidates rather than pursuing a presidential campaign."
ds7674,Not Misinformation,0.8,False,True,"The claim that the Highlands attracts 80% of its visitors from other parts of the UK is not directly supported by the evidence provided. While the evidence indicates that the Highlands attract many visitors due to their natural beauty and cultural significance, it does not specify the exact percentage of visitors coming from the UK. The visual veracity indicates that the image is not AI-generated, and the relevancy score suggests that the image does not directly relate to the claim but does not negate the claim's validity."
2728,Not Misinformation,0.9,False,True,"The claim that an activist faced years in prison for helping migrants and that jurors wouldn't convict him is supported by evidence regarding Scott Daniel Warren, who was charged for providing aid to migrants and whose jury could not reach a verdict. The image appears to be a genuine photograph and is not AI-generated."
ds8721,Not Misinformation,0.8,False,True,"The image shows a bowl of white rice and broccoli, which aligns with the general context of the headline about a bowl of rice and a vegetable dish. While the specific mention of beef is not confirmed in the image, the overall context is still relevant. The visual veracity indicates that the image is not AI-generated."
ds9200,Misinformation,0.9,False,True,"The image is confirmed to be AI-generated with a high confidence level, indicating that it does not represent a real scene. Therefore, it cannot accurately depict a plaid couch with a black dog sitting on it."
ds3723,Misinformation,0.8,False,True,"The image is AI-generated, which confirms it as misinformation regardless of the claim's content. Additionally, the claim that 'The Originals' began airing in October 2005 is false; it actually premiered on October 3, 2013."
7601,Not Misinformation,0.9,False,True,"The image depicts Bangladeshi security personnel standing guard near a restaurant that was attacked by gunmen on July 1, 2016, in Dhaka. This aligns with the historical event where security forces responded to the attack at the Holey Artisan Bakery, confirming the context of the claim."
9081,Not Misinformation,0.8,False,True,"The image shows a lunch box containing sandwiches and carrots, which aligns with the claim. Although it does not clearly show a muffin or a salad, the overall content is consistent with typical lunch box items. The visual veracity indicates that the image is not AI-generated."
ds2006,Not Misinformation,0.8,False,True,"The image shows people lined up near an airplane, which aligns with part of the claim. While there is uncertainty about the presence of military uniforms, the evidence suggests that military personnel can often be seen at airports, particularly in relation to troop travel. The image is confirmed to be a genuine photograph, not AI-generated."
ds6266,Misinformation,0.9,False,True,"The image is AI-generated, depicting an unrealistic scenario of a turkey flying over a cityscape, which does not align with the context of the headline. This indicates that the image is not a genuine representation of reality."
708,Not Misinformation,0.9,False,True,"The image depicts Carmelo Anthony and La La Vazquez Anthony, aligning with the claim about their relationship and the context of Carmelo's trade in 2011. The evidence supports that La La did not force Carmelo to seek a trade, but rather that the trade contributed to the unraveling of their marriage. The visual veracity indicates the image is genuine."
ds354,Not Misinformation,0.9,False,True,"The claim that Aon was unveiled as the sponsor of Manchester United in July 2010 is supported by evidence indicating that Aon signed a four-year sponsorship deal in June 2009, which took effect in June 2010. The image of Manchester United jerseys featuring the Aon logo aligns with this timeline, confirming the sponsorship."
7119,Not Misinformation,0.8,False,True,"The image features Julian Assange, which aligns with the subject of the headline. However, the evidence indicates that there is no recent statement from Assange calling for the lifting of any arrest threats. The image does not depict the specific event mentioned in the claim, but it is not AI-generated and appears to be a genuine photograph."
6424,Misinformation,0.9,False,True,"The image is confirmed to be AI-generated, which categorically classifies it as misinformation regardless of the claim's relevance or the visual content."
5060,Not Misinformation,0.8,False,True,"The image depicts a person using a smartphone, which is relevant to the claim about smartphone radiation. However, the evidence indicates that while there are concerns about smartphone radiation, the consensus among experts is that there is insufficient evidence to conclusively link smartphone use to cancer. The claim is not definitively false, but it is also not strongly supported by current scientific consensus."
3899,Not Misinformation,0.8,False,True,"The Tenth Doctor is indeed accompanied by Rose Tyler, as confirmed by multiple sources. The image context aligns with the claim, showing characters that could represent the Doctor and Rose in a control room setting. While the specific episode 'The End of Time' is not directly referenced, the relationship between the Doctor and Rose is well-established."
ds511,Not Misinformation,0.95,False,True,"The image and headline accurately represent Whiskey Down, a gaming lounge located in MGM Grand, Las Vegas, which offers a wide selection of whiskies. The evidence confirms its existence and features."
3537,Misinformation,0.8,False,True,"The image is AI-generated, which confirms it as misinformation regardless of the claim's content. Additionally, the claim that action films are a subgenre of martial arts films is misleading, as action films encompass a broader range of themes and styles beyond just martial arts."
ds9777,Not Misinformation,0.9,False,True,"The claim that Des Warren and Ricky Tomlinson were blacklisted for their union activity is supported by historical evidence. They were imprisoned for their involvement in union activities during the 1972 strike, which led to significant repercussions in their careers. The image is confirmed to be genuine and not AI-generated, further supporting the authenticity of the claim."
5524,Not Misinformation,0.8,False,True,"The claim that Jennifer Aniston sabotaged Brad Pitt's Hollywood comeback amid divorce drama lacks evidence. The retrieved evidence indicates that their divorce was due to various factors, including career demands and differing views on parenthood, rather than sabotage. Additionally, there are no current reports supporting the notion of a Hollywood comeback for Pitt that would involve Aniston's interference."
ds4669,Not Misinformation,0.8,False,True,"The image does not depict Bradley Cooper or Lady Gaga, but it is not AI-generated. The claim about 'A Star Is Born' being a remake is accurate, and the evidence supports the involvement of Cooper and Gaga in the film. The image's lack of alignment with the headline does not constitute misinformation as it is not AI-generated."
2169,Not Misinformation,0.9,False,True,"The image shows various items including shoes, a cap, and an iPod, which are mentioned in the headline. The visual veracity indicates that the image is genuine and not AI-generated. The evidence supports the claim regarding the significance of the items listed."
889,Not Misinformation,0.8,False,True,"The image shows a group of people on the shore, which aligns with the context of migrants on an island. While it does not confirm the specific location as Rhodes, Greece, the evidence supports the claim of a migrant presence on the island. The visual veracity indicates that the image is not AI-generated, further supporting its authenticity."
ds4772,Not Misinformation,0.8,False,True,"While the claim suggests that Ed Sheeran attributes his dating success to Taylor Swift, the evidence does not support this specific assertion. Ed Sheeran has made comments about Taylor Swift, but there are no direct quotes or statements from him indicating that he was able to date attractive women because of her. The relationship between Sheeran and Swift is characterized by friendship and mutual support, rather than the claim made in the headline."
ds372,Not Misinformation,0.8,False,True,"The image depicts a rusting emergency vehicle, which is relevant to the claim about the 1970 protests at Jackson State College. While the specific vehicle's involvement in the protests cannot be definitively confirmed, the context aligns with historical events. The visual veracity indicates that the image is not AI-generated, supporting its authenticity."
6440,Misinformation,0.9,False,True,"The image is confirmed to be AI-generated, which categorically classifies it as misinformation regardless of the claim's context or any other signals."
ds2864,Not Misinformation,0.8,False,True,"The claim about dye leaking and giving the egg a polka dot appearance is supported by evidence of a dye leak contaminating the water supply, which could potentially affect eggs. The visual evidence shows colored eggs, including one with a speckled appearance, which aligns with the claim. However, the exact cause of the polka dots is not definitively proven to be from dye leakage during peeling, as the peeling process is not depicted."
ds9049,Not Misinformation,0.7,False,True,"The image depicts a living room with a table and chairs, aligning with the claim. However, it lacks a fireplace, which is a key element of the claim. Despite this, the overall context is still relevant to the headline."
1505,Not Misinformation,0.8,False,True,"The claim that business rates have added about 500m to retailers' costs in the past three years is supported by evidence indicating significant increases in business rates impacting retailers. The retrieved evidence mentions specific figures related to the increases in business rates, which align with the claim. Additionally, the image is a genuine photograph and not AI-generated."
ds1418,Not Misinformation,0.7,False,True,"The image depicts a live music performance with a crowd, which aligns with the context of a music event. While the specifics of it being a free event featuring Brazilian music stars or the Alternative Olympic Opening Ceremonies are not confirmed, the visual evidence does not indicate misinformation. The event's existence is supported by evidence of similar alternative ceremonies, and Brazilian music performances are noted."
690,Misinformation,0.9,False,True,"Gus Malzahn is not the current head coach of Auburn, having been fired in 2020 and currently coaching at the University of Central Florida. The claim that he is on the sideline during a game is misleading as he is not associated with Auburn in 2023."
ds7963,Not Misinformation,1.0,False,True,The claim that 96 people died at the 1989 FA Cup semifinal at Hillsborough stadium is accurate. The retrieved evidence confirms that 96 individuals lost their lives due to the disaster that occurred during the match.
ds9935,Not Misinformation,0.8,False,True,"The image is confirmed to be a genuine photograph of David Cameron, and while the headline suggests he is celebrating, the context of the image does not support this claim. However, he did attend an EU summit in Brussels, which aligns with the factual evidence."
4960,Not Misinformation,0.9,False,True,"The image depicts a couple in a romantic setting, which aligns with the themes of love and beauty mentioned in the headline. The visual veracity assessment confirms that the image is not AI-generated, and the context supports the connection to Jennifer Lopez and Alex Rodriguez. The retrieved evidence corroborates the relationship history and themes discussed in the headline."
5286,Not Misinformation,0.8,False,True,"While the claim about Biden accepting illegitimate votes is widely disputed and lacks conclusive evidence, the image does not appear to be AI-generated and is a genuine photograph. The evidence indicates that claims of widespread voter fraud in the 2020 election have been debunked, and investigations have found no credible evidence to support the assertion of illegitimate votes affecting the election outcome."
ds6300,Misinformation,0.9,False,True,"The image is confirmed to be AI-generated, which indicates manipulation and lack of authenticity. The presence of a cartoon character in a supposed real-life event further supports this conclusion."
ds9486,Misinformation,0.8,False,True,"The image is confirmed to be AI-generated, which indicates that it does not represent real-life cats or scenarios accurately. The unusual anatomical features and poses of the cats further support this conclusion."
ds252,Not Misinformation,0.9,False,True,"The claim that Dave Lee Travis was one of broadcasting's biggest stars in the 70s and 80s is supported by multiple sources confirming his prominence during that time, particularly for his work on BBC Radio 1 and 'Top of the Pops'. The image is verified as genuine and not AI-generated."
7904,Not Misinformation,0.8,False,True,"The image does not depict boys from the Mandari tribe or the specific context of fishing in Terekeka, South Sudan, but it does show a natural outdoor scene that could be related to fishing activities. The evidence indicates that while the Mandari tribe primarily focuses on pastoralism and agriculture, fishing is a common activity among some communities along the Nile, including Terekeka. The context of fishing in Terekeka in September 2012 aligns with the claim, as the community was engaged in traditional fish smoking and fishing activities during that time."
ds4659,Not Misinformation,0.9,False,True,"The evidence confirms that Kanye West did audition for American Idol in San Francisco, and he was accompanied by Kim Kardashian. The image appears to be genuine and aligns with the claim."
6609,Misinformation,0.9,False,True,"The image is AI-generated, depicting a surreal scenario that is not physically possible, which confirms it as misinformation."
5292,Misinformation,0.9,False,True,The claim that Biden promised to abolish the Second Amendment is false. Evidence indicates that Biden has not made such a promise and instead advocates for responsible gun laws while respecting the Second Amendment. The image is relevant but does not support the claim.
5049,Not Misinformation,0.8,False,True,"The image and headline relate to the ongoing controversies surrounding 'The Bachelorette,' including fan outrage over rankings and perceived biases. The evidence supports the claim that there are controversies and discussions about rankings, and the image aligns with the show's themes. There is no indication that the image is AI-generated, and the context provided by the evidence corroborates the claims made in the headline."
ds8246,Not Misinformation,0.8,False,True,"The claim discusses Tony Abbott's stance on taxes, which is supported by evidence indicating that he has made promises regarding lower taxes, but there are arguments suggesting he did not fulfill these promises. The image does not depict Tony Abbott, but the claim itself is not inherently false based on the evidence provided."
5575,Not Misinformation,0.8,False,True,"While the image aligns with the romantic context of the headline, there is no confirmed report of Bradley Cooper and Lady Gaga kissing in Italy. The evidence suggests they have shared moments but does not substantiate the specific claim made in the headline."
561,Not Misinformation,0.95,False,True,"The image aligns with the claim that Hurricane Matthew was photographed from the International Space Station on October 3, 2016. The evidence confirms that Hurricane Matthew was indeed photographed from the ISS during this timeframe, and the image appears genuine without signs of AI generation."
1970,Not Misinformation,0.9,False,True,"The image is a bar graph that accurately represents the data related to the claim about younger patients being more informed about financial help compared to older patients. The visual veracity indicates that the image is not AI-generated, and the evidence supports the claim made in the headline."
ds1060,Not Misinformation,0.9,False,True,"The image depicts a man holding a child during a nighttime event, which aligns with the description of a candlelight vigil. The evidence confirms that candlelight vigils have occurred in New York, supporting the claim. Additionally, the visual veracity indicates that the image is not AI-generated."
ds3938,Misinformation,0.9,False,True,"The claim that Northwestern University is a founding member of the Big Ten Conference starting in 1893 is incorrect. The Big Ten Conference was actually founded in 1896, not 1893. Therefore, while Northwestern is a member, it is not accurate to state that it was a founding member from 1893."
6399,Misinformation,0.8,False,True,"The image is AI-generated, depicting an impossible scenario of police officers posing with fictional characters resembling the Ninja Turtles, which cannot occur in reality. This raises significant concerns about the authenticity of the image."
6807,Misinformation,0.9,False,True,"The image is AI-generated, depicting a dragon with a bowl of vegetables, which is a surreal and fantastical scenario that does not align with real-world contexts. This indicates that the claim about a large bowl with vegetables and broccoli is misleading."
ds9233,Not Misinformation,0.9,False,True,"The image depicts a scene at a bus terminal with people waiting, which aligns with the claim. The visual veracity signals indicate that the image is not AI-generated, and the evidence supports the claim that people frequently wait at bus terminals."
7506,Not Misinformation,0.8,False,True,"The claim about coach parties from Shenzhen arriving in Dedham Vale in May is supported by evidence from a 2015 article that explicitly states this trend. The image, while not confirming the specific event, depicts a scene that could be related to the area mentioned in the claim."
251,Not Misinformation,0.9,False,True,"The claim that Sameena Jabeen Ahmed received her best newcomer award from actor James Corden is supported by multiple sources confirming that she won the Best British Newcomer award at the 2014 BFI London Film Festival, where James Corden was present. The image aligns with this context, showing her receiving an award from him."
ds1760,Not Misinformation,0.9,False,True,"The claim about a 400 km long human chain is partially accurate as it references the Baltic Way, which was a significant historical event where approximately two million people formed a human chain spanning 675 kilometers. The image supports the claim by depicting a group of people holding hands, which aligns with the concept of a human chain, although it does not confirm the specific details of the event mentioned in the headline."
ds5403,Not Misinformation,0.8,False,True,"The image depicts a protest scene related to impeachment, which aligns with the claim about political strategy and public discourse manipulation. The visual veracity indicates that the image is genuine and not AI-generated. The retrieved evidence supports the discussion of impeachment and the role of political elites in shaping public discourse, further validating the claim."
ds8604,Misinformation,0.8,False,True,"The image is AI-generated, as indicated by the unnatural anatomy of the zebras, which suggests manipulation rather than a genuine photograph. Therefore, regardless of the claim's content, the image cannot be considered truthful."
ds8578,Not Misinformation,0.8,False,True,"The image depicts a man leaning over the back of a truck, which aligns with the claim. However, the specific location being in front of a Walmart is not definitively confirmed by the evidence. The visual veracity indicates that the image is genuine and not AI-generated."
6114,Misinformation,0.8,False,True,"The image is AI-generated, which confirms it as misinformation regardless of the claim about a mail order Mickey Mouse watch from Russia."
8341,Not Misinformation,0.8,False,True,"The Riverside Museum was indeed awarded the European Museum of the Year in 2013, and there is evidence indicating a drop in visitor numbers, likely due to post-pandemic trends affecting many museums. The image does not contradict the claim and is not AI-generated."
1152,Not Misinformation,0.9,False,True,"The image aligns with the claim that Howard Stern and his wife Beth Ostrosky were in attendance at an event. The retrieved evidence confirms their recent attendance at the North Shore Animal League America's 'Get Your Rescue On' Gala, which supports the claim."
ds5714,Misinformation,0.8,False,True,"The image is confirmed to be AI-generated with a high confidence level, which categorizes it as misinformation regardless of the claim's content or relevance."
ds9888,Misinformation,0.9,False,True,"The claim states that Jerzy Janowicz took the first set on a tiebreak, which is misleading as he did not win the first set in the match against Novak Djokovic at the US Open. The evidence confirms that Janowicz lost the match overall and did not win the first set."
7531,Not Misinformation,0.9,False,True,"The image depicts a protest scene that aligns with the Occupy movement, specifically at St Paul's Cathedral in London. The evidence confirms that Occupy protests did occur at this location, including notable incidents such as protesters chaining themselves to the pulpit. The visual veracity indicates that the image is not AI-generated, further supporting its authenticity."
1795,Not Misinformation,0.9,False,True,"The claim that Justin Fashanu is described as intelligent, witty, honest, and articulate in Nick Baker's 'Forbidden Forward' is supported by the evidence that the book provides a nuanced portrayal of Fashanu's life, highlighting his achievements and character. The image is confirmed to be genuine and not AI-generated, further supporting the claim's validity."
7759,Not Misinformation,0.8,False,True,"The image is a genuine photograph of a power plant, and the claim about Dong Energy's gas-fired power station in Newport, South Wales, aligns with the evidence that confirms the existence and operational status of the power station. Additionally, the government's proposal regarding gas as a bridging technology is supported by evidence indicating ongoing discussions and initiatives in this area."
5697,Misinformation,0.8,False,True,"The image is confirmed to be AI-generated, which categorically classifies it as misinformation regardless of the claim's context or the partial relevancy of the signals."
3769,Misinformation,0.8,False,True,"The image is AI-generated, which confirms it as misinformation regardless of the claim's content. The claim that 'Tangled is a shoelace' is also false, as 'Tangled' refers to a Disney film, not a shoelace."
4905,Not Misinformation,0.8,False,True,"The image does not depict Lindsay Shookus or Ben Affleck, and the evidence suggests that there are conflicting reports about Shookus's pregnancy status. While some sources claim she is pregnant, others assert that she is not, indicating that the headline's claim is based on unverified rumors. The visual veracity is confirmed as not AI-generated."
6026,Misinformation,0.8,False,True,"The image is confirmed to be AI-generated, which categorizes it as misinformation regardless of the context or relevance to the headline."
5977,Not Misinformation,0.8,False,True,"The image does not appear to be AI-generated and depicts a celebratory setting, which could relate to a company event. However, there is no specific evidence supporting the claim that Konidela Production Company is expanding into the Chinese entertainment industry. The retrieved evidence indicates that the company primarily focuses on Indian film production without any mention of activities in China."
104,Not Misinformation,0.8,False,True,"The claim accurately reflects the current state of commercial airlines, indicating that while there are many airlines globally, not all provide inflight connectivity or internet access. The evidence supports that approximately 70% of airlines offer some form of connectivity, and many low-cost and regional airlines still lack Wi-Fi. The image of model airplanes is relevant to the topic of commercial airlines, although it does not directly address inflight connectivity."
ds9954,Misinformation,1.0,False,True,"The claim that Jinyun and Yahong celebrated in Morecambe Bay is false, as the evidence indicates that they were involved in a tragic event where their husbands died while working as cocklepickers in Morecambe Bay. There is no information supporting a celebration involving these individuals."
ds9091,Not Misinformation,0.8,False,True,"The image does not depict a colorful umbrella in the center of a black and white picture of a busy city sidewalk, as stated in the claim. However, the claim aligns with the existence of various stock images that feature colorful umbrellas in black and white city settings, which are widely available. The visual veracity indicates that the image is not AI-generated, supporting the conclusion that the claim is not misinformation."
ds1846,Misinformation,0.9,False,True,"The claim that a vehicle belonging to Correa's security detail was set on fire by rioting police is misleading. Evidence indicates that it was protesters who set a police car on fire during anti-government demonstrations, not police setting a vehicle on fire. The image aligns with the event of a vehicle on fire but does not confirm the specifics of the claim."
ds2126,Not Misinformation,0.8,False,True,"The image depicts two street signs labeled 'EAST ST', which aligns with the claim about identical street signs. While the signs are not clearly pointing in opposite directions, the context of the signs being identical is supported by evidence from Swansea, where similar occurrences have been reported. The visual veracity indicates that the image is genuine and not AI-generated."
ds8631,Misinformation,0.8,False,True,"The image is AI-generated, which is confirmed by a high confidence level. Additionally, the content of the image does not match the claim, as it features bananas instead of oranges and lacks the described tree with branches in front of potted plants."
ds6054,Not Misinformation,0.8,False,True,"The claim that dachshunds don't work over water is supported by evidence indicating their physical limitations in swimming. While the image shows a dachshund-like dog on water, it does not contradict the general understanding of the breed's capabilities. The context of the claim aligns with the evidence that dachshunds are not typically known for their swimming abilities."
595,Not Misinformation,0.9,False,True,"The image appears to be a genuine photograph of the Cleveland skyline taken from Edgewater Park, aligning with the claim. The visual veracity signals confirm that the image is not AI-generated, and the evidence supports the context of the claim."
ds4857,Not Misinformation,0.9,False,True,"The image does not appear to be AI-generated and depicts a social gathering, which does not directly relate to the claim about Kourtney Kardashian's pregnancy scare or her interactions with Scott Disick and Younes Bendjima. However, the claim itself is supported by evidence indicating that Kourtney did experience a pregnancy scare and has had complex relationships with both Scott and Younes."
8858,Not Misinformation,0.8,False,True,"The image depicts a skier in a snowy environment, which does not match the claim of a man walking on his back. However, the visual veracity indicates that the image is not AI-generated, and the description of the scene aligns with common winter activities. The evidence supports the idea of men walking in snowy landscapes, but the specific claim is inaccurate."
ds4896,Not Misinformation,0.8,False,True,"While the image does not confirm the specific event of Nicole Richie pleading with Sofia to end her romance with Scott Disick, there is evidence that Nicole has advised Sofia in the past regarding her public life. Additionally, Sofia and Scott's relationship ended in May 2020, which aligns with the context of the claim. However, the claim's specific details about pleading are not substantiated."
8916,Not Misinformation,0.8,False,True,"The image depicts a white toilet, which aligns with part of the claim. However, it does not show a black mirror or a tiled floor as described in the headline. The background is primarily black tiles, which may create some confusion, but the absence of a mirror and the specific context makes the connection weak. The visual veracity indicates that the image is genuine and not AI-generated."
ds562,Not Misinformation,0.9,False,True,"The claim that 30,000 people gather to celebrate SPAM luncheon meat in Hawaii is supported by multiple sources confirming the attendance at the Waikiki Spam Jam festival, which is known to attract around 30,000 to 35,000 attendees each year. The image aligns with the event described, showing a celebration related to SPAM."
ds5647,Misinformation,0.9,False,True,"The claim that the Pfizer CEO secretly admits the COVID-19 vaccine causes permanent brain damage is false. There is no credible evidence supporting this assertion, and multiple sources confirm that the CEO did not make such an admission. Additionally, claims of permanent brain damage from the vaccine are not widely supported by scientific evidence."
160,Not Misinformation,0.7,False,True,"The image shows a cat wearing a cone, which suggests it may have undergone medical treatment, aligning with the claim about a cat being injured. However, there is no specific evidence confirming that this is Dorothy or that the injuries mentioned in the headline are visible. The retrieved evidence does not provide any information about a cat named Dorothy being shot, but it does mention incidents of cats being shot in Newport, indicating a context of concern for cat safety in the area."
ds7704,Not Misinformation,0.9,False,True,"The image does not depict the River Severn winding through Leighton in Shropshire, as it shows a golf course and surrounding landscape instead. However, the claim that the River Severn flows through Shropshire is accurate, and aerial views of the river in that area do exist. The image's content does not align with the claim, but it is not AI-generated."
ds451,Not Misinformation,0.9,False,True,"The evidence confirms that Paul Wilson did hit Alwyn Pritchard and fled the scene, which aligns with the claim. The image is not AI-generated and appears to be a genuine photograph. The details provided in the evidence support the claim's accuracy."
ds4380,Misinformation,1.0,False,True,"The claim that Nancy Pelosi is resigning is false, as confirmed by multiple credible sources including PolitiFact, which stated that the headline from NRTOnline is misleading and flagged as potentially fabricated. While Pelosi has resigned from her leadership position, she has not resigned from Congress."
1204,Not Misinformation,0.9,False,True,"The image depicts a police presence on a road, which is relevant to the claim about police deployment in Jalisco. The retrieved evidence confirms that an ambush occurred in Jalisco resulting in the deaths of 15 police officers, aligning with the claim. The visual veracity indicates that the image is not AI-generated, further supporting its authenticity."
ds5364,Not Misinformation,0.9,False,True,"The image is a genuine photograph of Don Lemon, who is relevant to the claims made in the headline regarding his controversial remarks and the resulting media backlash. The evidence supports the claim that Lemon made controversial remarks and faced backlash, aligning with the context provided in the headline."
ds8199,Not Misinformation,1.0,False,True,"The claim that the death of former Putin aide at a DC hotel is ruled accidental is supported by multiple credible sources, including official reports and news articles. The evidence confirms that Mikhail Lesin's death was ruled an accident due to blunt force injuries and alcohol intoxication."
ds9128,Misinformation,0.8,False,True,"The image is identified as AI-generated with a confidence of 0.8, indicating that it does not represent a real cow next to a blue door but rather a manipulated or artificially created image."
ds8717,Not Misinformation,0.9,False,True,"The image accurately depicts a bed with a blanket and multiple pillows, which aligns with the claim. The visual veracity assessment confirms that the image is not AI-generated, further supporting the authenticity of the claim."
ds1226,Not Misinformation,0.7,False,True,"The image shows a person carrying belongings out of a flooded area, which aligns with the context of the headline about flood damage in Hoboken, NJ. However, there is no definitive evidence confirming the identity of the person as Matt Hampton or that the specific location is his web design office. The visual veracity indicates the image is genuine, and while the claim lacks specific confirmation, it is plausible given the circumstances."
ds4978,Not Misinformation,0.9,False,True,"Nicole Kidman did win an Emmy for Outstanding Lead Actress in a Limited Series or Movie at the 69th Emmy Awards, which aligns with the claim. The image appears to be genuine and relevant to the context of the Emmy Awards."
6327,Misinformation,0.9,False,True,"The image is AI-generated, as indicated by the high confidence level in visual veracity. This means it does not accurately represent a real fish market setting, despite the partial alignment with the claim."
ds1360,Not Misinformation,0.8,False,True,"The image depicts a bishop in traditional attire, which aligns with the claim about Bishop Franz-Peter Tebartz-van Elst. While there is no definitive evidence confirming the exact date and location of the image, the context of the bishop's controversies in August 2013 supports the relevance of the claim."
ds3180,Misinformation,1.0,False,True,"The claim that Watertown, Massachusetts is in Vermont is false. Watertown is located in Middlesex County, Massachusetts, and is part of Greater Boston. The evidence clearly states that Watertown is not in Vermont."
ds6722,Misinformation,0.8,False,True,"The image is identified as AI-generated with a confidence level of 0.8, which indicates a high likelihood of manipulation. Therefore, regardless of the alignment with the claim, the image cannot be considered truthful."
ds4618,Not Misinformation,0.9,False,True,"The claim that Justin Bieber accidentally hit a photographer with his pick-up truck after church service is supported by multiple credible sources. The incident occurred on July 27, 2017, and involved Bieber striking a photographer while leaving a church service, resulting in non-life-threatening injuries to the photographer. The image is confirmed to be genuine and not AI-generated."
ds2707,Not Misinformation,0.7,False,True,"The image depicts two palm trees that could be interpreted as having a close or intimate appearance, aligning with the idea of 'stealing a private moment.' However, the concept of the trees 'giggling' is metaphorical and not meant to be taken literally, as trees do not exhibit human-like behavior. The visual veracity indicates that the image is not AI-generated, supporting the claim's authenticity."
ds4910,Not Misinformation,0.9,False,True,"The image and headline align well with the current state of Gwen Stefani and Blake Shelton's relationship, which is reported to be strong and affectionate. There is no evidence suggesting that Gwen has tried to change Blake, and the overall context supports the claim of their enduring love."
ds1096,Not Misinformation,0.8,False,True,"The image shows lab technicians in a laboratory setting, which aligns with the context of processing tests. While it does not confirm that they are specifically processing Zika tests at the CDC's dengue branch in San Juan, the evidence indicates that Zika tests are indeed processed in Puerto Rico and that the CDC Dengue Branch is focused on dengue, not Zika. However, lab technicians in Puerto Rico are involved in Zika-related activities."
ds803,Not Misinformation,0.9,False,True,"The image appears to be a standard mugshot and is not AI-generated. The evidence supports that Johnny Maurice Avery was indicted for the murder of Mildred Martin, confirming the claim in the headline."
9249,Misinformation,0.9,False,True,"The image is AI-generated, featuring surreal characteristics that are not typical for real elephants, which confirms its visual veracity as manipulated content. Therefore, despite the claim about a mother elephant and her baby, the image cannot be considered truthful."
ds4946,Misinformation,0.8,False,True,"The claim about J.J. Watt, Tyler Perry, and Jamie Foxx donating to Texas flood relief lacks substantial evidence. The retrieved evidence indicates that many celebrity donation claims for Texas flood relief have been debunked as false or exaggerated, with no specific confirmations regarding the mentioned celebrities. Therefore, the headline is misleading."
1436,Not Misinformation,0.9,False,True,"The image and claim are supported by evidence confirming that Buddy Guy attended the Kennedy Center Honors reception at the White House on December 2, 2012. The visual veracity indicates that the image is genuine and not AI-generated."
ds1062,Not Misinformation,0.9,False,True,"The image is a genuine photograph related to the Yellow Line and SafeTrack, and the claim aligns with the content of the image. The visual veracity indicates that the image is not AI-generated, and the retrieved evidence supports the context of the claim regarding SafeTrack's fourth surge."
ds1686,Not Misinformation,0.9,False,True,The claim about John McCririck's loyalty to Channel 4 Racing is supported by evidence indicating he worked there for 28 years and expressed his dedication to the broadcaster. The image is confirmed to be genuine and not AI-generated.
7439,Misinformation,0.9,False,True,"There is no record of President Obama attending a campaign event in Roanoke in October 2023. The evidence indicates that the claim is based on a misunderstanding or misrepresentation of past events, particularly from 2012, rather than a recent occurrence."
8870,Not Misinformation,0.8,False,True,"The image depicts a bathroom scene that aligns with the claim about a bath towel in a small bathroom, despite the specific arrangement of towels not being visible. The visual veracity indicates that the image is not AI-generated, supporting its authenticity."
ds8989,Not Misinformation,0.8,False,True,"The image shows two women near a table with fruit, which aligns with the claim. While the detail about sitting next to a window is not definitively confirmed, the overall context supports the claim. The image is confirmed to be genuine and not AI-generated."
7101,Not Misinformation,0.9,False,True,"The image is confirmed to be a genuine photograph, and the claim about Rafael Nadal playing against Facundo Bagnis during their second-round match at the 2016 French Open is supported by multiple pieces of evidence. The match details, including the date and outcome, are corroborated by reliable sources."
ds7980,Misinformation,1.0,False,True,"The claim states that Japan hosted the World Cup in 2019, which is false. Japan hosted the Rugby World Cup in 2019, not the FIFA World Cup. The evidence confirms that the FIFA World Cup was held in Russia in 2018 and the Women's World Cup in France in 2019."
ds9213,Misinformation,0.8,False,True,"The image is AI-generated, which confirms it as misinformation regardless of the claim's context. The visual veracity indicates a high confidence that the image does not represent a real airplane in flight."
ds8942,Not Misinformation,0.9,False,True,"The image depicts an old-fashioned kitchen that aligns with the claim of being set up for guests. The visual elements and the context provided in the evidence support the idea that such kitchens are welcoming and functional, making them suitable for hosting guests."
2649,Not Misinformation,0.95,False,True,"The image aligns with the claim of trees growing through old farm equipment, and there are no indications that the image is AI-generated. The context is supported by the surrounding environment, which is consistent with natural reclamation of machinery."
ds8677,Misinformation,0.8,False,True,"The image is confirmed to be AI-generated with a high confidence level, which categorizes it as misinformation regardless of the content alignment with the claim."
2915,Not Misinformation,0.8,False,True,"The image shows a restroom map that may be intended for navigation, but it is unclear if it is specifically designed for the blind. The evidence indicates that while tactile maps for the blind are being developed, they are not common. The visual veracity assessment confirms that the image is not AI-generated and appears to be a legitimate restroom sign."
4752,Misinformation,0.8,False,True,"The image is AI-generated, which is confirmed by the high confidence level in the visual veracity signal. Additionally, the image does not depict Robert Pattinson or Kristen Stewart, nor does it relate to the claim about buzz cuts, further supporting the classification as misinformation."
ds8815,Misinformation,0.9,False,True,"The image is AI-generated, depicting a bear's head under a blanket, which is not a realistic scenario. This indicates that the image does not accurately represent the claim about a baby blanket and comforter."
3855,Misinformation,0.8,False,True,"The claim that 'Maximum Overdrive' is only a 1980 romance film is false. 'Maximum Overdrive' is actually a 1986 science fiction action horror film directed by Stephen King. Additionally, the image is confirmed to be AI-generated, which further supports the classification of misinformation."
2756,Misinformation,0.9,False,True,"The image is AI-generated, which confirms it as misinformation regardless of the claim's context or the details provided in the signals."
ds7291,Not Misinformation,0.9,False,True,"The image depicts a man with a horse, which aligns with the claim about Nicky Henderson and Sprinter Sacre. The evidence confirms that Nicky Henderson hosted an open day and that Sprinter Sacre was present at Seven Barrows in February 2013. The details provided in the evidence support the claim."
ds7399,Not Misinformation,0.9,False,True,"The image is not AI-generated and the claim about Julia Stiles, Paul Greengrass, and Matt Damon being at the premiere of The Bourne Ultimatum is accurate. The premiere did occur in July 2007, and both Stiles and Damon attended the event."
9058,Misinformation,0.8,False,True,"The image is AI-generated, which indicates it does not represent a real plate of food. Additionally, the claim about broccoli is not supported by the image, which does not depict broccoli at all."
ds2311,Not Misinformation,0.95,False,True,"The image depicts a cat sitting in a bowl, which aligns with the claim. The visual veracity indicates that the image is not AI-generated, and the context of cats enjoying small spaces supports the claim."
ds3931,Misinformation,1.0,False,True,"The claim that Toy Story 2 was produced by DreamWorks is false. Toy Story 2 was produced by Pixar Animation Studios, as confirmed by multiple reliable sources."
ds2471,Not Misinformation,0.95,False,True,"The image aligns with the claim of a woman sitting on a chair with an umbrella, and there are no indications that it is AI-generated. The visual veracity confidence is low, but it does not meet the threshold for AI generation. The evidence supports the existence of similar images and confirms the claim."
9577,Not Misinformation,0.9,False,True,The claim that Brian and Eileen Maguire said it was an excellent waiting to happen is supported by evidence from multiple sources indicating that they expressed concerns about their son's death being preventable and described it as an 'accident waiting to happen'. The image does not appear to be AI-generated and aligns with the emotional context of the claim.
ds7360,Not Misinformation,0.9,False,True,"The image shows Bernie Sanders speaking, which aligns with the claim that he appeals to students on big issues at George Mason University. The retrieved evidence confirms that he did indeed speak at George Mason University on October 28, 2015, addressing various significant issues relevant to students."
ds8806,Misinformation,0.9,False,True,"The image is AI-generated, as indicated by the presence of human-like legs on the elephants, which is anatomically impossible. This confirms that the image does not represent a real scenario, making the claim misleading."
ds9145,Misinformation,0.8,False,True,"The image is confirmed to be AI-generated, which indicates it does not represent a real vase with purple irises and a ceramic pitcher as claimed."
ds137,Not Misinformation,0.8,False,True,"The image depicts police activity, which is relevant to the claim about an arrest in connection with a building society raid. The retrieved evidence confirms that there were arrests related to a building society raid, specifically mentioning the Nationwide Building Society in Wallsend. However, the image does not provide direct evidence linking the arrest to the specific raid mentioned in the claim."
ds5761,Misinformation,0.8,False,True,"The image is AI-generated, which indicates that it does not represent a real scene or event, despite the claim about the Burj Khalifa's luxury. The visual veracity signal confirms the AI generation with a high confidence level."
ds2309,Not Misinformation,0.9,False,True,"The image depicts a pizza pie being enjoyed in a cafe-like setting, which aligns with the claim. The visual veracity indicates that the image is not AI-generated and appears genuine. The evidence supports the popularity of pizza in cafes and provides context for the claim."
7826,Not Misinformation,0.9,False,True,"The image does not depict a woman, a green flag, or a towel, nor does it provide evidence of a return from Mecca. The visual veracity indicates that the image is not AI-generated, and the evidence suggests that there is no specific information about a woman returning from Mecca in Novosasitli."
ds8646,Misinformation,0.8,False,True,"The image is confirmed to be AI-generated, which disqualifies it from being truthful regardless of the relevancy of the content depicted."
ds5661,Misinformation,0.8,False,True,"The image is AI-generated, which indicates that it does not represent real events or research accurately. The claim that dogs can speak three human words is misleading, as dogs cannot speak human words in the same way humans do, although they can understand and respond to certain commands. The AI-generated nature of the image undermines the credibility of the claim."
ds2066,Not Misinformation,0.95,False,True,"The image depicts a giraffe in a zoo exhibit, which aligns with the claim. The visual veracity indicates that the image is not AI-generated, and the evidence supports the presence of giraffes in zoo exhibits."
1750,Not Misinformation,0.8,False,True,"The image does not appear to be AI-generated and seems to depict a genuine photograph. However, the context of the headline regarding Scarlett Johansson's reaction to a band poster is not supported by the evidence, as there are no sources confirming her comments on such a poster."
ds5872,Misinformation,0.8,False,True,"The image is confirmed to be AI-generated, which categorizes it as misinformation regardless of the claim's content or the partial alignment with the headline."
8442,Not Misinformation,0.9,False,True,"The image does not depict Ben Stokes or the specific event described in the headline, but the claim about Stokes misjudging a delivery from Peter Siddle and being bowled out for 47 is corroborated by multiple sources. The visual veracity indicates that the image is not AI-generated, and the evidence supports the claim about Stokes' dismissal."
ds7662,Not Misinformation,0.9,False,True,"The claim about the receding water line of Lake Hodges is supported by multiple pieces of evidence indicating that the water level is indeed receding due to drought conditions and safety regulations. The image, while not directly related to Lake Hodges, does not contradict the claim."
ds6690,Misinformation,0.9,False,True,"The image is AI-generated, which indicates that it does not represent a real-world scenario accurately. The presence of a fictional character, Spider-Man, further distorts the context of the stop sign and street signs, making it misleading."
8225,Not Misinformation,0.8,False,True,"The image does not depict Charles Kennedy, but the claim about him being on the campaign trail in 2005 shortly after the birth of his son Donald is accurate. The evidence confirms that he became a father during the campaign, and he was a significant figure in the 2005 election. However, the image does not align with the claim as it does not show him."
ds9362,Not Misinformation,0.8,False,True,"The image depicts a surfer riding a surfboard, which aligns with the claim. However, the specific detail about the shorts being red and black is only partially accurate, as they are black and red. The visual veracity indicates that the image is not AI-generated, supporting its authenticity."
ds9100,Misinformation,0.8,False,True,"The image is confirmed to be AI-generated, which categorizes it as misinformation regardless of the content alignment with the claim."
2273,Not Misinformation,0.8,False,True,"The image depicts a modern bathroom with a white toilet, aligning with the claim of a simple and modern bathroom. The relevancy confidence is high, indicating that the image matches the description provided in the claim."
ds7198,Not Misinformation,0.8,False,True,"The image shows a golfer holding a trophy, which aligns with the claim that Rory McIlroy celebrates with the FedEx Cup trophy and the Tour Championship trophy. The evidence confirms that McIlroy has won both trophies multiple times, including in 2022. However, the image does not definitively identify the golfer as McIlroy, leading to a partial alignment."
ds1099,Not Misinformation,0.9,False,True,"The image aligns with the headline's claim about Pakistani rescue workers removing a body from the site of a bombing in Lahore. The context of the scene supports the claim, and there are no indications of AI generation."
540,Misinformation,0.0,False,True,"The claim that Serena Williams questioned a call is not supported by the evidence, which indicates she did not dispute any calls during her matches. Additionally, the image is confirmed to be genuine and not AI-generated."
3405,Misinformation,0.8,False,True,"The image is confirmed to be AI-generated, which categorizes it as misinformation regardless of the claim's validity. The claim about David Lloyd George being voted the second greatest British prime minister is supported by evidence, but the image's AI generation status overrides this."
6581,Misinformation,0.8,False,True,"The image is AI-generated, featuring a cat in an unusual scenario (wearing glasses and a jacket), which suggests manipulation and does not represent a real cat in a natural setting."
4642,Not Misinformation,0.9,False,True,The image does not appear to be AI-generated and aligns with the context of the claim regarding Cindy Crawford and her daughter Kaia Gerber. The evidence supports the relationship and discussions about Kaia's modeling future and her admiration for Kendall Jenner.
ds3953,Misinformation,0.8,False,True,"The image is AI-generated, as indicated by the presence of nonsensical text and an overly perfect composition, which raises doubts about its authenticity. Therefore, despite the claim about the Ukrainian Soviet Socialist Republic's representation, the image cannot be considered reliable."
4893,Not Misinformation,0.8,False,True,"The claim that Mark Wahlberg teased Mel Gibson about his weight and offered to become his personal trainer is supported by various sources, although some indicate that the accuracy of the claim may be questionable. The image does not depict either individual, but the context of the claim is corroborated by evidence from multiple articles discussing their interactions during filming."
ds8357,Not Misinformation,0.8,False,True,"The image does not depict Christian Grey or Anastasia Steele, nor does it relate to the themes of their relationship. The visual veracity indicates that the image is not AI-generated, and the evidence supports that Christian Grey is characterized by non-vanilla tastes due to his BDSM preferences. The claim about Christian Grey's tastes aligns with the established character traits from the 'Fifty Shades' series."
ds9069,Not Misinformation,0.8,False,True,"The image shows a box of doughnuts, which is related to the claim about doughnuts. While it does not depict a rack with doughnuts in a glass case, the visual content is consistent with the subject matter. The signals indicate that the image is not AI-generated and the relevancy is partially aligned with the claim."
4230,Not Misinformation,0.8,False,True,"The image features Amber Heard, who is relevant to the claim about her discussing her marriage to Johnny Depp. While the image does not provide specific context about her comments, the retrieved evidence indicates that she has made remarks about the impact of her marriage and the subsequent trial. Therefore, the claim is supported by the context of her recent discussions."
ds7600,Not Misinformation,0.8,False,True,"The image depicts a realistic financial environment, and the evidence supports the claim that Shanghai shares have been increasing, particularly with reports of significant gains in the Shanghai stock market. The connection between the image and the claim is weak but not entirely absent, as the context of traders monitoring markets aligns with the financial theme of the headline."
6611,Misinformation,0.9,False,True,"The image is AI-generated, featuring surreal elements that do not conform to reality, such as human bodies with shark-like heads. This indicates that the visual content is not authentic."
ds7016,Not Misinformation,0.9,False,True,"The image and headline accurately reflect the events surrounding Oscar Pistorius and the murder of Reeva Steenkamp. The trial for premeditated murder did occur, and the image is confirmed to be genuine."
ds5610,Misinformation,0.8,False,True,"The image is AI-generated, which indicates that it does not represent real-life evidence of plants communicating telepathically. Additionally, the claim itself lacks scientific support, as current research indicates that while plants can communicate through chemical signals, this does not equate to telepathy."
5834,Misinformation,0.8,False,True,"The image is AI-generated, featuring a cat with anthropomorphic traits and a surreal technological background, which indicates manipulation. This aligns with the definitive rule that if the image is AI-generated, it is classified as misinformation."
8196,Not Misinformation,0.9,False,True,"Guy Scott did become the interim president of Zambia after the death of Michael Sata, and he is of Scottish descent. The image is not AI-generated and appears to be a genuine photograph. The evidence supports the claim made in the headline."
ds9433,Not Misinformation,0.8,False,True,"The image depicts a train, and while it does not match the description of a 'big long train with storage containers,' it is a genuine photograph and not AI-generated. The claim about long trains carrying storage containers is accurate, as such trains exist and are commonly used for intermodal transport."
ds6106,Misinformation,0.8,False,True,"The image is AI-generated, which indicates it is not a real photograph. The surreal context of a child holding a grenade further supports the conclusion that this image does not represent a factual event."
1901,Not Misinformation,0.8,False,True,"The claim about Venice's San Michele island cemetery gaining a pontoon for scattering ashes is supported by evidence of a temporary floating bridge being revived for All Souls' Day, facilitating access to the cemetery. While the image does not confirm the pontoon's existence, the retrieved evidence indicates that there are designated areas for scattering ashes at the cemetery, aligning with the claim."
ds1009,Not Misinformation,0.9,False,True,"The image depicts two individuals in a court setting, which aligns with the context of the claim regarding Capt Yevgeny Yerofeyev and Sgt Alexander Alexandrov appearing in a Ukrainian court. The evidence confirms that both individuals were indeed tried in Ukraine for their involvement in the conflict, and the image does not appear to be AI-generated."
978,Not Misinformation,0.9,False,True,"The claim that Frank Gehry designed Power Play chairs is supported by evidence confirming that these chairs were indeed designed by him. Additionally, the visual veracity indicates that the image is not AI-generated, and the context regarding the Winter Garden is partially aligned but not definitively confirmed."
9323,Not Misinformation,0.8,False,True,"The image depicts a bathroom setting, but it does not match the specific claim of a sink with a cabinet on legs. However, the image is confirmed to be genuine and not AI-generated, which supports the conclusion that it is not misinformation."
4284,Not Misinformation,0.8,False,True,"The image does not appear to be AI-generated and shows a woman who resembles Caitlyn Jenner. The evidence supports that Caitlyn Jenner was seen at Nobu Malibu with Sophia Hutchins, aligning with the claim. However, the specific details about the car and the nature of their relationship are not fully confirmed."
1972,Not Misinformation,0.8,False,True,"The image is a genuine photograph of a Chrysler 300C, and the claim about the design being softer looking is not supported by evidence. Reviews indicate that the Chrysler 300C is characterized by bold styling and a muscular presence, rather than a softer look."
ds3859,Misinformation,1.0,False,True,"The claim states that Korn released 'See You on the Other Side' in 2002, which is incorrect. The album was actually released on December 6, 2005. This discrepancy confirms the misinformation in the claim."
8063,Not Misinformation,0.7,False,True,"The image depicts Taiko drummers, which aligns with the claim about their performance at a festival. However, there is insufficient evidence to confirm that this specific event is the Deep River festival in Ontario, Canada. The visual veracity indicates the image is not AI-generated, supporting its authenticity."
9677,Not Misinformation,0.9,False,True,"The image depicts two cricketers celebrating, which aligns with the context of the headline about Dilshan and Sangakkara. The visual veracity indicates that the image is not AI-generated, and the evidence supports the claim that they played together and celebrated significant achievements in cricket."
7259,Not Misinformation,0.9,False,True,"The image depicts Bernie Sanders speaking, which aligns with the claim that he spoke in Des Moines, Iowa. The retrieved evidence confirms that he has spoken in Des Moines, and the visual veracity indicates that the image is genuine."
ds100,Not Misinformation,0.8,False,True,"The image shows individuals in ice baths, which is relevant to the claim about soothing sore muscles after a challenge. The evidence confirms that the Wembley Challenge took place, and ice baths are recognized for their benefits in muscle recovery. However, the image does not specifically confirm the context of the Wembley challenge."
ds3706,Not Misinformation,0.9,False,True,"Robert Singer is a recognized television producer, director, and writer, with a significant body of work that includes popular series like 'Supernatural' and 'Lois & Clark: The New Adventures of Superman.' The claim that he is incapable of writing is contradicted by his established career in writing and production. The image, while not definitively identifying him, suggests a context of writing, further supporting the notion that he is indeed capable of writing."
1782,Misinformation,0.9,False,True,"The claim states that North Korean workers are currently employed at the South-owned Shinwon clothes company in the Kaesong industrial park. However, the Kaesong Industrial Complex has been closed since 2016, and North Korean workers are not actively employed there. Therefore, the claim is misleading."
4300,Not Misinformation,0.9,False,True,"The image is a genuine photograph of Robert Pattinson and Kristen Stewart, aligning with the headline's discussion about their careers and public perception. There are no indications of AI generation, and the evidence supports the claim that both actors are taken seriously in their careers despite their past association with 'Twilight'."
ds9598,Not Misinformation,0.7,False,True,"The image is not AI-generated and depicts a performance that could be related to a Congress event. While the relevancy is partial, the evidence indicates that the annual Congress is currently happening, and critics have expressed various opinions about it, including concerns about its effectiveness. However, the claim that critics say the annual Congress is a blessing is not directly supported by the evidence, which highlights criticisms rather than praise."
2237,Not Misinformation,0.9,False,True,"The image depicts a large bird flying over a heavily forested area, which aligns with the claim. The visual veracity indicates that the image is not AI-generated and appears realistic. The evidence supports the presence of large birds in forested areas, such as the Harpy eagle, which is known to inhabit such environments."
8411,Not Misinformation,0.8,False,True,"The image depicts a hockey game involving the New York Rangers, and while it does not confirm the specific event of Mats Zuccarello scoring, the evidence indicates that he has scored for the Rangers in various games. The claim about Zuccarello scoring is supported by historical data, although the specific timing of the goal mentioned in the claim is not verified by the image."
ds9228,Not Misinformation,0.8,False,True,"The image shows a boat on a canal, which aligns with the claim of a large passenger boat floating down a canal. While the size and type of the boat are not definitively identified as a large passenger boat, the evidence supports the existence of such boats operating on canals. The visual veracity indicates that the image is not AI-generated, further supporting its authenticity."
ds461,Not Misinformation,0.9,False,True,"The claim that Bill Cosby's lawyers are attempting to get the case thrown out is supported by multiple sources indicating that his legal team is actively pursuing this action based on a previous commitment by a district attorney not to prosecute him. The image of Bill Cosby aligns with the subject of the headline, and the visual veracity indicates it is not AI-generated."
4368,Not Misinformation,0.8,False,True,"The image does not depict the subjects of the headline, which are Jennifer Garner and Josh Duhamel, but it is a genuine photograph of Ben Affleck and Jennifer Garner. The evidence supports the claim that Jennifer Garner and Josh Duhamel are rumored to be dating, and it also indicates that Ben Affleck feels threatened by these rumors. Therefore, while the image is not perfectly aligned with the headline, the claim itself is substantiated by the evidence."
6660,Misinformation,0.8,False,True,"The image is confirmed to be AI-generated, depicting a surreal scenario that does not align with the claim of a man holding a ping pong paddle under a shelf."
ds831,Not Misinformation,0.9,False,True,The claim that Scott Baio spoke at the Republican National Convention is supported by multiple sources confirming his participation in the 2016 RNC. The image is not AI-generated and aligns with the context of a political event.
723,Not Misinformation,0.8,False,True,"The image shows a football player celebrating, which aligns with the context of a touchdown. However, it does not confirm that the player is Reggie Bush or that the event is specifically against the Bills. The retrieved evidence indicates that Reggie Bush did score touchdowns, but not specifically against the Bills in the context provided. The game recap confirms the Bills defeated the Dolphins, but does not mention Bush scoring in that game."
ds4173,Not Misinformation,0.8,False,True,"The image is a genuine photograph related to Donald Trump, and the claim about a federal judge granting permission to subpoena him is partially accurate, as there have been instances of subpoenas related to Trump, particularly from the January 6 committee. However, the specific claim in the headline does not directly align with the evidence that a federal judge granted a subpoena to Trump himself."
ds9215,Misinformation,0.8,False,True,"The image is identified as AI-generated, which confirms it as misinformation regardless of the other signals."
ds6725,Misinformation,0.8,False,True,"The image is AI-generated, which confirms it as misinformation regardless of the claim about the fire hydrant's colors."
1792,Not Misinformation,0.9,False,True,"The claim about Ricky Muir being likely to be an elected senator despite receiving a tiny number of first preference votes is accurate based on historical context. Muir was indeed elected to the Senate with only 0.51% of the primary vote in 2013, which aligns with the evidence retrieved. The image is confirmed to be genuine and not AI-generated."
2826,Not Misinformation,0.9,False,True,"The claim about the mug changing color depending on the amount of coffee aligns with the existence of color-changing mugs that react to temperature. The image appears genuine and supports the claim, as color-changing mugs do exist and function as described."
ds709,Not Misinformation,0.8,False,True,"The image shows a Bombardier CRJ700 landing at an airport, which aligns with the subject of the headline. While the specific details about the location (Seattle-Tacoma International Airport) and the time (dusk in September 2015) cannot be confirmed from the image alone, there is evidence that Delta Connection CRJ700s operated flights to Seattle in 2015. However, the exact landing mentioned in the claim is not definitively confirmed."
ds3448,Misinformation,0.8,False,True,"The image is AI-generated, which confirms it as misinformation regardless of the claim about Younger being a town."
ds2474,Not Misinformation,0.95,False,True,"The image accurately depicts boats by a dock in water, which aligns with the claim. There is no evidence of AI generation, and the visual elements are consistent with real-life scenes of boats at a dock."
ds2010,Not Misinformation,0.95,False,True,"The image clearly shows a tennis player serving the ball, which aligns with the headline. The player is in the act of serving, and the ball is visible in the air, confirming the specific subject and event described. Additionally, the image is confirmed to be genuine and not AI-generated."
ds1564,Not Misinformation,0.9,False,True,"The claim that Woody Allen received the Cecil B. DeMille Lifetime Achievement Award in 2023 is supported by multiple sources confirming that he did receive the award, despite some controversy surrounding it. The image is not AI-generated and aligns with the claim."
ds2594,Misinformation,0.8,False,True,"The image is AI-generated, which is confirmed by the visual veracity analysis indicating unnatural appearances in the fingers and nails. Regardless of the claim about nail polish and lighting, the AI-generated nature of the image categorizes it as misinformation."
2501,Not Misinformation,0.95,False,True,"The image aligns with the claim of a girl being happy while holding a bullfrog. The visual veracity indicates that the image is not AI-generated, and the context supports the possibility of a girl catching a bullfrog, even though specific instances are not confirmed in the evidence."
7697,Not Misinformation,0.8,False,True,"The claim about a draft proposal suggesting two garden cities at Yalding in Kent and Gerrards Cross in Buckinghamshire is supported by evidence from a credible source. The retrieved evidence confirms that there was indeed a proposal for new settlements in these locations, although it is from 2014 and lacks recent updates. The image does not appear to be AI-generated and depicts a natural landscape, which aligns with the concept of garden cities."
ds2926,Not Misinformation,0.8,False,True,"The claim that the icon for debugging tools on the touch bar is a can of bug spray is not supported by evidence. The debugging tool icon is typically represented by a lightning bolt symbol, not a bug spray can. The image is confirmed to be genuine and not AI-generated."
ds1829,Not Misinformation,0.9,False,True,"The image depicts an MRAP vehicle, which is consistent with the claim that US school districts have acquired such vehicles under a Pentagon program. The evidence supports the existence of MRAPs being acquired by schools through military surplus programs, confirming the claim's accuracy."
ds4158,Misinformation,0.9,False,True,"The claim that Hillary Clinton filed for divorce is unfounded and has been debunked by multiple credible sources. There are no legal filings for divorce in any court, and the rumors are considered hoaxes. The image, while appearing genuine, does not provide any evidence to support the claim."
ds9891,Not Misinformation,0.8,False,True,"The image aligns with the theme of 'Pride and Prejudice' and depicts a historical gathering, which is relevant to the context of the BBC adaptation. The visual veracity indicates that the image is not AI-generated, supporting its authenticity. The evidence confirms that the BBC's adaptation is well-known and features key events from the novel, which aligns with the claim."
3477,Misinformation,0.9,False,True,"The image is AI-generated, depicting an oversized octopus in a baseball setting, which is a surreal and impossible scenario. Additionally, the claim about 'Trouble with the Curve' featuring a squid is false, as the film does not include any such creature."
3415,Misinformation,1.0,False,True,"The claim that Hezbollah received zero support from Iran is false. Multiple sources confirm that Iran provides significant support to Hezbollah, including funding, training, and military assistance. The evidence clearly indicates a longstanding relationship between the two entities, contradicting the claim."
ds4821,Not Misinformation,0.8,False,True,"The image features Meghan Markle, who is the subject of the headline. While there is no definitive evidence that she hid her romance from the Suits cast, some sources suggest that her relationship with Prince Harry was kept private during her time on the show. However, her co-stars have expressed support for her relationship, indicating that there was no significant concealment. The evidence does not confirm the claim of secrecy."
ds471,Not Misinformation,0.9,False,True,"The claim about Roboroach controlling cockroach movements via a smartphone app is accurate and supported by multiple sources. The image is confirmed to be a genuine photograph, not AI-generated, and aligns with the description of the product's functionality."
ds4939,Not Misinformation,0.8,False,True,"The image shows a woman in high heels, which is relevant to the claim about stilettos. While there is no direct evidence linking 'Cait' to knee surgery or confirming the claim of 'crippling', the health risks associated with high heels are well-documented. The evidence supports the idea that wearing stilettos can lead to knee issues, but it does not confirm the specific claim about Cait's situation."
1818,Misinformation,0.9,False,True,"The claim that the Opinion Debate section has moved to the Viewspaper is false. The evidence indicates that the Washington Post's opinion section is undergoing an overhaul, but there is no mention of it moving to a platform called Viewspaper. Therefore, the claim is misleading."
ds4587,Not Misinformation,0.8,False,True,"The claim that Jennifer Aniston didn't spend $100K on a makeover is supported by evidence indicating that the $100K figure relates to her hotel stay expenses, not a makeover. Additionally, recent reports confirm that Aniston is opting for a more natural look, which aligns with the context of the claim."
ds9253,Not Misinformation,0.8,False,True,"The image aligns with the claim as it shows a coffee beverage and a cake, which are the main subjects mentioned in the headline. Although there is a banana present that is not mentioned, the primary items are accurately represented. The visual veracity indicates that the image is not AI-generated, supporting the authenticity of the claim."
ds8003,Misinformation,0.8,False,True,"The claim that a fireworks display in Weymouth marked the opening of London 2012 is misleading. While Weymouth has a tradition of organizing firework displays, there is no evidence that a specific fireworks display took place in Weymouth to mark the opening of the London 2012 Olympics. The retrieved evidence confirms that Weymouth did not have fireworks specifically for this event."
4557,Not Misinformation,0.8,False,True,"The image is confirmed to be genuine and not AI-generated. The evidence supports the claim that Ruth Negga is gaining recognition in Hollywood, particularly due to her recent projects and performances. The connection to the headline about her Hollywood star status is valid, as she is indeed becoming more popular."
ds8684,Misinformation,0.8,False,True,"The image is confirmed to be AI-generated, which categorizes it as misinformation regardless of the relevancy to the claim."
