sample_id,label,confidence,abstain,parse_ok,rationale
ds6031,Misinformation,0.9,False,True,"The image is confirmed to be AI-generated, which categorically classifies it as misinformation regardless of the context or claim about 'project ribbit thunder'. The visual anomaly of a frog floating above a tank further supports this classification."
3397,Misinformation,0.8,False,True,"The image is identified as AI-generated, which leads to a definitive classification of misinformation regardless of the claim's content. Additionally, the claim that Planet Hollywood Las Vegas is owned by a corporation based in Paris, Texas, is false, as it is owned and operated by Caesars Entertainment, based in Nevada."
ds2700,Not Misinformation,0.8,False,True,"The image depicts a scaled quail standing on one leg, which is consistent with the behavior of these birds as noted in field observations. The claim about the quail's posture aligns with known behaviors of scaled quails. Additionally, the visual veracity indicates that the image is not AI-generated, supporting the authenticity of the claim."
ds4880,Not Misinformation,0.8,False,True,"The image shows a woman wearing a hijab, which aligns with the claim about Lindsay Lohan. Multiple sources confirm that Lindsay Lohan attended a modest fashion show wearing a hijab, leading to mixed reactions on social media. However, the image's identification as Lindsay Lohan is not definitively confirmed, but the context supports the claim."
ds8852,Not Misinformation,0.7,False,True,"The image shows three teddy bears, which aligns with the claim. However, there is no confirmation of a stuffed cat or that the setting is a bedroom wall, leading to partial alignment. The visual veracity indicates that the image is not AI-generated, supporting the claim's authenticity."
7551,Not Misinformation,0.8,False,True,"The claim about snow falling in Kielder Water, Northumberland, is supported by multiple sources indicating that snow has indeed fallen in parts of northern England, including Kielder Water, with more snow predicted over the weekend. The image aligns with the claim as it depicts a snowy landscape, although it does not confirm the specific location. The visual veracity assessment confirms the image is not AI-generated."
365,Misinformation,0.8,False,True,"The image is AI-generated, which is confirmed by the visual veracity signal indicating a high confidence level. The presence of people in gorilla costumes aligns with the claim, but the AI generation of the image overrides this alignment."
ds4717,Misinformation,0.8,False,True,"The claim that Khloe Kardashian was forced by Tristan Thompson to follow a strict pregnancy diet after a binge on cookies and ice cream is supported by multiple sources. Reports indicate that Tristan has indeed influenced Khloe's diet during her pregnancy, particularly after she indulged in junk food. This aligns with the claim made in the headline."
4718,Not Misinformation,0.8,False,True,"The image features Jennifer Lopez, which aligns with the subject of the headline regarding her relationship with Alex Rodriguez. The evidence confirms that they did take a break and eventually broke up, which supports the claim in the headline. Additionally, the image is not AI-generated, further supporting the validity of the claim."
ds4306,Not Misinformation,0.9,False,True,"The claim that Eric Trump stated it would be 'foolish' for his father to release tax returns is supported by multiple credible sources. Eric Trump made this statement during interviews in August 2016, emphasizing that releasing the tax returns while under audit would lead to uninformed assumptions by the public. The image aligns with the context of Eric Trump discussing this topic."
ds1370,Not Misinformation,0.95,False,True,"The image depicts Kris and Bruce Jenner at the Academy of Country Music Awards, which aligns with the claim. The evidence confirms their attendance at the event in 2009."
ds2101,Not Misinformation,0.9,False,True,"The image accurately depicts a table with two wine glasses and a centerpiece, which aligns with the claim. There are no indications that the image is AI-generated, and the description matches the visual content."
5000,Not Misinformation,0.7,False,True,"The claim that Obama admitted to a secret deal with China to hand over U.S. territory to settle debt is not supported by credible evidence. While Obama did engage in diplomatic dealings with China, there is no evidence of a secret deal involving U.S. territory. The image of Obama and Michelle Obama does not relate to the claim, and the context of the headline is not represented in the image. Furthermore, the evidence indicates that while there were significant discussions and agreements between the U.S. and China, they did not involve territory handover or debt settlement as described in the claim."
ds4724,Not Misinformation,0.8,False,True,"The claim about George and Amal Clooney sleeping in separate bedrooms is not supported by evidence. Reports indicate that while there are rumors of separation, they have been seen together recently and are described as happily married. The specific detail of them sleeping separately appears to be a misunderstanding, as they have adapted to each other's habits over the years."
ds6329,Misinformation,0.9,False,True,"The image is confirmed to be AI-generated, depicting an unrealistic scenario of a man inside a shark, which is impossible and indicates a lack of authenticity. Additionally, the claim about 'What's Eating Gilbert Grape' and 'Arnie vs Sharkasaurus' does not correlate with the content of the image, further supporting the misinformation label."
ds1157,Not Misinformation,0.7,False,True,"The image shows a banner related to the pope, which aligns with the claim about a person holding a banner during the pope's procession. However, the specific action of holding a banner during the procession down Fifth Avenue to St. Patrick's Cathedral is not definitively confirmed by the evidence. The visual veracity indicates that the image is genuine and not AI-generated."
5013,Not Misinformation,0.8,False,True,"The image does not depict Brooke Burke or any specific event related to her dating revelation or divorce, but it is a genuine photograph. The headline discusses her dating life and divorce, which aligns with the retrieved evidence indicating ongoing developments in her love life and her engagement to Scott Rigsby. The evidence supports the context of the claim, as it discusses her relationship status and insights into her personal life."
3983,Misinformation,0.8,False,True,"The image is confirmed to be AI-generated, which is a definitive indicator of misinformation. Additionally, the claim about the film's director and release year is accurate, but the AI-generated nature of the image overrides this."
ds9980,Not Misinformation,0.8,False,True,"The image depicts a child who appears to be smiling, which aligns with the claim of an Iraqi girl. The context of families settling near Kurdish checkpoints is supported by evidence of displaced families seeking refuge at such locations, as indicated in the retrieved evidence. However, the specific details of the family settling in a field are not directly confirmed."
ds2354,Not Misinformation,0.9,False,True,"The image depicts a big plane flying low on a cloudy sky, which aligns with the claim. There are no indications that the image is AI-generated, and the context of low-flying planes is supported by recent reports and explanations regarding flight behavior in cloudy conditions."
ds9501,Misinformation,0.9,False,True,"The claim that Ford's reelection campaign was brilliant is misleading, as historical evidence shows that Gerald Ford's 1976 presidential campaign was ultimately unsuccessful. He lost to Jimmy Carter, and the campaign faced significant challenges, including public cynicism due to the Watergate scandal. This contradicts the notion of a 'brilliant' campaign."
ds4,Not Misinformation,0.8,False,True,"The claim that Charlie Hebdo's surviving staff left their Paris offices for a temporary home at Liberation newspaper is supported by evidence indicating that they did indeed move to Liberation after the attacks. The sources confirm that the staff squatted at Liberation for over six months before moving to a new high-security location. The image, while relevant to the context of the attacks, does not directly confirm the specific event of relocation but does not contradict it either."
ds3871,Misinformation,0.8,False,True,"The image is AI-generated, as indicated by the presence of nonsensical text and surreal elements. Additionally, the claim that Meghan Markle was born in July is false; she was actually born on August 4, 1981."
8830,Not Misinformation,0.7,False,True,"The image does not appear to be AI-generated and depicts a traditional clock, which aligns with the claim of an old clock. While the context of the barn is not explicitly shown in the image, there are references to clocks being placed on barns in the evidence. This suggests that the claim is plausible, even if the specific image does not directly support it."
ds5053,Not Misinformation,0.8,False,True,"The claim that drinking green tea daily may increase lifespan is supported by various studies indicating potential health benefits, including reduced risk of cardiovascular disease and longevity. The evidence suggests that while there are positive associations, definitive conclusions about lifespan increase require more research."
ds2437,Not Misinformation,0.6,False,True,"The image does not depict an animal food tray or cage, but rather a disc golf basket, which is unrelated to the claim. The visual veracity indicates that the image is genuine, and while the claim about an empty animal food tray is plausible, it does not apply to the provided image."
ds6090,Misinformation,0.8,False,True,"The image is confirmed to be AI-generated, which categorically qualifies it as misinformation. Additionally, the claim about Outside Lands being fun is misleading since the festival did not occur in 2023, with the next event scheduled for 2026."
ds742,Not Misinformation,0.8,False,True,"The image shows demonstrators with a banner that includes the phrase 'WALL OFF TRUMP,' which aligns with the claim about a protest against Trump. However, the evidence does not confirm that demonstrators specifically blocked Trump at Quicken Loans Arena. The protests did occur during the Republican National Convention, but the exact action of blocking Trump is not substantiated."
ds1754,Not Misinformation,0.9,False,True,"The image and headline accurately depict Benedict Cumberbatch portraying Julian Assange in the film 'The Fifth Estate.' The evidence supports the claim that Cumberbatch plays Assange in this biographical thriller, confirming the alignment between the image and the headline."
4580,Not Misinformation,0.7,False,True,"The image does not appear to be AI-generated and shows three individuals, which could potentially include Kourtney Kardashian and Kylie Jenner. However, it does not provide direct evidence that Kourtney picked Kylie's lip kit over Kim's contour sticks. The context of the claim is not fully supported by the image, but there are relevant connections between the individuals and their products. The evidence suggests that Kourtney has collaborated with Kylie, but does not confirm a preference over Kim's products."
ds50,Not Misinformation,0.8,False,True,"The claim that Rachael Drouet has still not tracked down the owners of the decorations is supported by multiple sources confirming her ongoing efforts to locate the owners of the Christmas decorations stolen by her cat, Theo. The image does not appear to be AI-generated and is relevant to the claim."
8392,Not Misinformation,0.8,False,True,"The image does not relate to the claim about GNC and the allegations made by Oregon Attorney General Ellen Rosenblum. The image shows a product that is not a dietary supplement, and the claim is supported by multiple sources confirming the lawsuit against GNC for selling supplements with illegal ingredients. The visual veracity indicates the image is genuine and not AI-generated."
ds7878,Not Misinformation,0.8,False,True,"The image depicts a family wading through floodwaters, which aligns with the claim about a Bangladeshi family in a flood situation. The evidence confirms that significant flooding has occurred in Harinagar, Satkhira, due to heavy rainfall and embankment collapses, affecting local communities. However, the specific identification of the family as Bangladeshi and their destination as a refuge in Harinagar cannot be definitively confirmed from the available evidence."
ds4278,Misinformation,0.9,False,True,"The claim that Russian mansions seized by Obama were meant as illegal gifts to Sasha and Malia is false. There is no evidence supporting the idea that these mansions were intended as gifts to the Obama daughters. The seized properties were diplomatic compounds related to political actions taken by the Obama administration in response to Russian interference in U.S. elections. Additionally, the image does not depict any relevant context related to the claim."
ds6954,Misinformation,0.8,False,True,"The image is AI-generated, depicting a surreal scene that does not relate to the claim about Prof Martin Hairer. The visual veracity confidence is high, indicating that the image is not a real photograph. Additionally, the claim about Prof Hairer being an Austrian mathematician is true, but the image's AI generation leads to misinformation."
ds3520,Misinformation,1.0,False,True,"The claim that Ice-T signed to Sire Records in 1987 when he was 18 years old is false. Ice-T was actually born on February 16, 1958, which means he was 29 years old when he signed with Sire Records in 1987. This is corroborated by multiple sources that confirm his age and the timeline of his signing."
7044,Not Misinformation,0.8,False,True,"The image shows a woman who appears to be Hillary Clinton, and there is evidence that she has spoken at rallies in Columbus, Ohio. However, the specific context of the image being from a rally in Columbus is not definitively confirmed. The visual veracity indicates that the image is not AI-generated, which supports its authenticity."
ds9094,Misinformation,0.8,False,True,"The image is identified as AI-generated with a high confidence level (0.8), indicated by the presence of nonsensical text on the sign. This suggests manipulation or generation, which aligns with the definitive rule that any AI-generated content is classified as misinformation."
ds3303,Not Misinformation,0.9,False,True,"The claim that Scandinavia includes the remote Norwegian islands of Svalbard and Jan Mayen is not accurate. While Svalbard is part of the Kingdom of Norway, it is not considered part of geographical Norway or the Scandinavian region, which traditionally includes only Norway, Sweden, and Denmark. Jan Mayen is also not included in the traditional definition of Scandinavia. This is supported by multiple sources that clarify the distinction between the Nordic and Scandinavian regions."
ds7131,Not Misinformation,0.7,False,True,"The image shows a singer performing, which aligns with the context of the headline. However, the specific details about the dress and jewels worn by Karen O are not visible, preventing full confirmation of the specifics mentioned. While the performance is confirmed, the lack of specific evidence regarding the dress and jewels leads to a partial alignment with the claim."
ds7823,Misinformation,0.8,False,True,"The image does not depict the Berlaymont building, which is the subject of the claim. The description in the headline is not aligned with the visual content. Additionally, the visual veracity indicates that the image is not AI-generated, but the mismatch in the subject matter leads to misinformation."
1047,Not Misinformation,0.9,False,True,"The claim that Kentucky Governor Matt Bevin addressed the Kentucky Chamber of Commerce dinner on January 7, 2016, is supported by multiple sources confirming his attendance and speech at the event. The image does not show signs of being AI-generated, and the context aligns with the event described."
ds8744,Not Misinformation,0.7,False,True,"The image depicts a shirtless man on a skateboard in mid-air, which aligns with the claim. However, the context regarding the people below him is unclear. The visual veracity indicates that the image is not AI-generated, which supports the authenticity of the claim. The evidence retrieved does not directly contradict the claim about a skateboarder being in mid-air, and the focus on the skateboarder aligns with the description provided."
ds9896,Not Misinformation,0.7,False,True,"The image does not appear to be AI-generated and shows a man in a suit, which could relate to Alan Johnson. However, the claim about Alan Johnson having a 'bad case' lacks specific evidence or context to confirm any health issues. The retrieved evidence indicates that Alan Johnson is currently in a positive personal situation and there are no recent reports of health issues. Therefore, while the image is relevant, the claim itself is not substantiated."
ds3482,Misinformation,0.9,False,True,"The claim that 'Gotham City Sirens failed to be published' is false. The series has been published and continues to have new issues released, with ongoing developments as of 2024. Evidence shows that the series features characters like Harley Quinn, Catwoman, and Poison Ivy, and is set to continue with new issues. Additionally, there are reports of new releases scheduled for 2024, indicating that the series is active rather than failed to be published."
3081,Misinformation,0.9,False,True,"The claim that 'Story of My Life' was recorded exclusively by a girl band is false. The song is primarily known for being recorded by the boy band One Direction, and there is no evidence to support that a girl band recorded it. Additionally, the image does not depict a girl band, further contradicting the claim."
6149,Misinformation,0.8,False,True,"The image is identified as AI-generated with a high confidence level (0.8), which indicates that it does not represent a real scenario. The surreal depiction of a dog reading a book, along with nonsensical text, suggests manipulation typical of AI-generated content. Therefore, regardless of the relevance of the claim, the image's nature leads to a classification of misinformation."
ds6053,Misinformation,0.9,False,True,"The image is confirmed to be AI-generated, which directly leads to the classification of misinformation. The surreal nature of the image, depicting a rabbit riding a pink tricycle, further supports this classification as it does not align with realistic scenarios. Additionally, the headline does not relate to the content of the image, reinforcing the misinformation aspect."
5357,Not Misinformation,0.7,False,True,"The image is a genuine photograph of a person interacting with children in an educational setting, which aligns with the claim about the Education Secretary's plan. The retrieved evidence supports the existence of a controversial plan by the Education Secretary, Linda McMahon, to dismantle the U.S. Department of Education, and critics have raised concerns about financial risks associated with this plan. However, the connection between the image and the specific details of the claim is weak, leading to a moderate confidence level."
ds3839,Misinformation,0.9,False,True,"The image is AI-generated, which confirms the misinformation. Additionally, while Dev Patel did star in 'Chappie', the claim that it is an animated movie is misleading as 'Chappie' is a live-action film with animated elements, not a traditional animated movie."
7469,Not Misinformation,0.9,False,True,"The image shows Donald Trump speaking, which aligns with the claim about him speaking at a rally. Additionally, evidence confirms that Donald Trump did hold a rally in Bangor, Maine on October 15, 2016, where he addressed various issues and criticized Hillary Clinton. This is supported by multiple sources, including a detailed report from the Press Herald and a YouTube video of the rally."
ds3252,Misinformation,0.8,False,True,"The claim that 'Little Dorrit' was only published in the 1980s is false, as the novel was originally published in serial form between 1855 and 1857. Additionally, the image is identified as AI-generated, which further supports the classification of misinformation."
ds3976,Misinformation,0.8,False,True,"The claim that the United States is one of the ABC Islands is false. The ABC Islands, which include Aruba, Bonaire, and Curaçao, are part of the Kingdom of the Netherlands and not associated with the United States. Additionally, the image is AI-generated, which further supports the classification of this claim as misinformation."
9974,Not Misinformation,0.8,False,True,"The image is confirmed to be a genuine photograph, and the headline references Kanye West, who is depicted in the image. The context of the tweet is not fully visible, but the relevance to Kanye West is strong. There are no indications of misinformation based on the evidence provided."
4125,Not Misinformation,0.9,False,True,Kevin Hart did appear in a J. Cole music video where he played a role that reflects his real-life cheating scandal. This connection is supported by multiple sources confirming his participation and the thematic relevance of the video to his personal experiences.
ds2506,Not Misinformation,0.8,False,True,"The image shows a building with a protective fence underneath, which aligns with the claim about safety measures for pedestrians. There is evidence that fencing has been installed around buildings in Warsaw to catch falling bricks, supporting the claim. However, the specific incident of bricks falling from the building in question cannot be confirmed from the image alone."
ds6253,Misinformation,0.9,False,True,"The image is confirmed to be AI-generated, which categorically classifies it as misinformation. The surreal elements and the nonsensical text overlay further support this classification."
ds6291,Misinformation,0.9,False,True,"The image is identified as AI-generated, which indicates manipulation and unreliability. The visual veracity confidence is high, confirming that the image does not represent a real statue but rather a digitally created one. This aligns with the definitive rule that AI-generated images are classified as misinformation."
ds9638,Not Misinformation,0.8,False,True,"The image shows two presenters on YouTube, which aligns with the claim that they discussed a staged story. The evidence supports that Tania Reza and Enrique Tovar later claimed the incident was staged, and they appeared on YouTube to clarify their statements. The visual veracity indicates the image is genuine, and the context matches the claim."
ds994,Not Misinformation,0.9,False,True,"The image and headline accurately depict performers forming the Olympic rings during the closing ceremony, which is corroborated by multiple sources confirming the event and the formation of the rings."
ds5728,Not Misinformation,0.9,False,True,"The image aligns with the headline about Jenny McCarthy's rise to fame, as it features her prominently and includes relevant text about her journey in the entertainment industry. The evidence supports her career milestones and timeline, confirming her significant achievements since her debut. Additionally, the image is not AI-generated, further supporting its authenticity."
2731,Not Misinformation,0.8,False,True,"The image depicts a toy doll in a car window, which aligns with the innovative take on the 'baby on board' sticker mentioned in the claim. The visual veracity indicates that the image is not AI-generated, and the context of the claim is supported by the evidence of various humorous and creative 'baby on board' stickers available in the market."
ds2331,Not Misinformation,0.9,False,True,"The image depicts a man on a tennis court holding a racquet, which aligns with the claim. The visual veracity indicates that the image is not AI-generated, and the evidence supports the existence of such images in stock photo collections."
9107,Misinformation,0.8,False,True,"The image is confirmed to be AI-generated, which categorically qualifies it as misinformation regardless of the claim's content. The visual anomalies and technical perfection indicate it is not a real photograph of a kitchen appliance."
ds3649,Misinformation,1.0,False,True,"The claim that 'An Educated' was created only by journalist Nora Ephron is false. Nora Ephron did not create 'An Educated'; it is a memoir by Tara Westover. Ephron was known for her contributions to journalism and film, but she was not associated with this work."
7187,Not Misinformation,0.9,False,True,"The claim that Supreme Leader Ayatollah Ali Khamenei waved during a meeting in Tehran last September is supported by evidence of his public appearances during that time. Specifically, he was seen waving during a ceremony on September 17, 2022, and also participated in a meeting on September 21, 2022. The image in question is not AI-generated and aligns with the events described."
ds5161,Not Misinformation,0.8,False,True,"The image appears to be a genuine photograph of Mike Pence, and there is no evidence supporting the claim of secret ties to a Russian spy agency. The sources indicate that Pence has publicly opposed Russian aggression and there are no credible reports linking him to espionage activities."
ds4423,Misinformation,1.0,False,True,"The claim that Floyd Mayweather Jr. donated a significant sum of money to Houston after a hurricane is false. Multiple sources confirm that he did not make such a donation, specifically debunking the claim of a $200 million donation to Hurricane Harvey relief as fake news. The image does not provide evidence of the specific donation mentioned in the claim."
8155,Misinformation,0.9,False,True,"The claim about Charlie Pierce making a phone call in a wire factory in Ohio in 2012 is unsupported by evidence. Charlie Pierce did not work for Mitt Romney, and there are no records of such a phone call or incident in a wire factory during that time. Additionally, the image does not relate to the claim and depicts a disaster scene, which further discredits the context of the claim."
ds7055,Not Misinformation,0.7,False,True,"The image does not depict the specific subjects or event mentioned in the headline, but it is not AI-generated. The historical context of the individuals mentioned aligns with the existence of Leeroy Murray and his family in 1947, as noted in various sources. The image appears to be a genuine photograph, consistent with the time period and location described."
8165,Not Misinformation,0.8,False,True,"The claim that Emily Cruse Elliott danced in Club Sizzle at the Blue Ribbon Bacon Fest in Des Moines is supported by evidence confirming both the event's occurrence and her participation. The image aligns with the context of dancing at a festival, although it does not specifically confirm her presence. However, the overall context and supporting evidence lend credibility to the claim."
1449,Not Misinformation,0.9,False,True,"The claim about Hinchliffe Stadium opening in 1932, hosting Negro League games, and being abandoned aligns with the historical context and recent renovations. The evidence confirms that the stadium was indeed abandoned for many years but has since been restored and reopened in 2023. The image, while not definitively identified as Hinchliffe Stadium, depicts an abandoned structure consistent with the description."
4647,Not Misinformation,0.8,False,True,"The claim that Angelina Jolie and Jennifer Aniston did not have a face-to-face meeting is supported by evidence indicating that they did meet in 2004. Aniston has described this meeting as friendly, although it occurred during a tumultuous time. The image is relevant as it features Angelina Jolie, but does not confirm the specifics of the meeting with Aniston. The evidence supports the notion that they did meet, contradicting the claim."
ds4064,Not Misinformation,0.9,False,True,"The image is a genuine photograph of Brad Pitt, and the information regarding his net worth aligns with multiple credible sources. The estimates of his net worth being around $300 million to $400 million are consistent across various articles, confirming the relevance and accuracy of the claim."
ds2877,Not Misinformation,0.8,False,True,"The image shows a decomposing leaf, which aligns with the claim about decomposing leaves found offshore at a local reservoir. The evidence supports the claim that decomposing leaves can be found in such environments, and the image appears to be genuine. However, the specific context of the location is not confirmed."
7330,Misinformation,0.9,False,True,"The image does not depict Jonathan Jones or the Millennium Bridge in central London, as it shows a group of people in a different setting. Additionally, there is no evidence linking Jonathan Jones to the Millennium Bridge. The sources confirm that Jonathan Jones is not associated with the bridge, and the image does not match the description of the Millennium Bridge."
ds5062,Misinformation,1.0,False,True,"The claim that the COVID-19 vaccine alters DNA and increases the risk of genetic mutations is false. Multiple reputable sources confirm that COVID-19 vaccines, particularly mRNA vaccines, do not alter human DNA. They work by providing instructions to cells to produce a harmless piece of the virus's spike protein and do not enter the nucleus where DNA is located. Additionally, there is no evidence that COVID-19 vaccines increase the risk of genetic mutations or cancer."
ds5124,Misinformation,0.9,False,True,"The claim that Biden admitted to plotting election fraud with foreign powers is unfounded. Evidence shows that Biden did not make such admissions; instead, he discussed efforts to prevent voter fraud and protect voting rights. The image does not relate to Biden or the specific claim, further indicating misinformation."
6119,Misinformation,0.8,False,True,"The image is confirmed to be AI-generated, which categorizes it as misinformation regardless of the context or relevance to the claim. The visual elements are bizarre and surreal, further supporting the AI generation assessment."
5317,Misinformation,1.0,False,True,"The claim that herbal tea from the Amazon rainforest can eradicate COVID-19 is misleading and not supported by scientific evidence. Multiple sources confirm that herbal tea does not cure or prevent COVID-19, and such claims have been deemed false by health authorities. Additionally, the image is not AI-generated, but the claim itself is false based on the evidence provided."
ds8378,Not Misinformation,0.9,False,True,"The claim that Richard Dawkins and Rowan Williams debated the role of religion in the 21st century is accurate. They indeed participated in a debate on January 31, 2013, at the Cambridge Union, where the motion was 'this house believes religion has no place in the 21st century.' Dawkins supported the motion but ultimately lost the debate, as the majority voted in favor of the opposing view that religion does have a place in modern society. The image appears to be a genuine photograph related to this event."
8719,Misinformation,0.8,False,True,"The image is confirmed to be AI-generated, which directly leads to the classification of misinformation regardless of the other signals. The visual veracity confidence is high, indicating that the image lacks authenticity. Additionally, the claim about a pink and green bus is not substantiated by the evidence, as there are no specific references to such a bus being parked in a grass field parking lot."
6563,Misinformation,0.8,False,True,"The image is identified as AI-generated, which confirms it as misinformation regardless of the alignment with the headline. The visual veracity assessment indicates that the image features inconsistencies typical of AI-generated content, such as unusual lighting and manipulation."
ds3412,Misinformation,1.0,False,True,"The claim that Castlevania came out in Japan in 1990 is false. The original Castlevania game was released in Japan on September 26, 1986. The confusion may stem from the release of a different game, Kid Dracula, which was released in 1990. This is supported by multiple sources confirming the original release date of Castlevania."
966,Misinformation,0.9,False,True,"The claim that Marco Rubio grilled at the Iowa State Fair is not supported by evidence. Multiple sources confirm that there is no record of Rubio grilling at the event in 2015, despite the context of the Iowa Pork Producers Pork Tent being relevant to the fair. The image may depict a grilling scene, but it does not provide definitive proof of Rubio's involvement."
ds5156,Misinformation,0.9,False,True,"The claim that the COVID-19 vaccine causes permanent memory loss is not supported by any credible evidence. The retrieved sources do not mention any link between COVID-19 vaccines and memory loss, focusing instead on other side effects and concerns. Additionally, the claim appears to be a misinterpretation of vaccine efficacy and side effects, which are not related to cognitive functions. Therefore, the claim is misleading."
ds2814,Not Misinformation,0.95,False,True,"The image of the Father's Day note aligns well with the claim, as it is a handwritten note that directly relates to Father's Day. The context of it being found in a fishing book in a used bookstore in Knoxville is plausible, given the existence of such bookstores in the area. The visual veracity signals indicate that the image is not AI-generated, further supporting the authenticity of the claim."
ds6955,Misinformation,0.8,False,True,"The image is AI-generated, which confirms it as misinformation regardless of the claim's validity. Additionally, there is no evidence supporting a long-term association between Henry Kissinger and Sepp Blatter."
ds6481,Not Misinformation,0.9,False,True,"The image depicts Vladimir Putin and Borut Pahor, which aligns with the claim. The context of their meeting in Slovenia is supported by multiple sources confirming their interaction during a ceremony marking the 100th anniversary of the Russian Chapel. Additionally, there are no indications that the image is AI-generated, further supporting its authenticity."
5084,Misinformation,0.9,False,True,"The image is confirmed to be AI-generated, which directly leads to the classification of the claim as misinformation. Additionally, there is no evidence that the Senate voted to ban independent media, as the sources provided discuss various Senate activities but do not mention such a vote."
ds1963,Not Misinformation,0.8,False,True,"The image shows heavy traffic on a motorway, which aligns with the claim about heavy traffic on the M5 during a busy Easter getaway. While the specific identification of the M5 motorway is not confirmed, the context of heavy traffic during the Easter period is supported by multiple sources. The visual veracity indicates that the image is not AI-generated, further supporting the claim's validity."
9347,Not Misinformation,0.8,False,True,"The image depicts a man wearing glasses and a purple scarf, which is similar to a lavender shirt. Although the specific details of the shirt are not fully visible, the overall description aligns with the claim. Additionally, there are no indications that the image is AI-generated, and the visual veracity confidence is low, supporting the authenticity of the image."
ds4921,Not Misinformation,0.8,False,True,"The image does not depict Justin Bieber or Kourtney Kardashian, and the context of their relationship is supported by evidence indicating they still communicate as friends. Additionally, the concerns of Selena Gomez and Younes Bendjima regarding their relationships with Bieber and Kardashian are also substantiated by recent reports. The visual veracity indicates the image is not AI-generated, further supporting the authenticity of the claims."
3169,Misinformation,0.8,False,True,"The claim that Ian Gillan was born on May 19, 1945, is false; he was actually born on August 19, 1945. Additionally, the image is identified as AI-generated, which further supports the classification of misinformation."
2004,Not Misinformation,0.9,False,True,"The image depicts a basketball game in progress, which aligns with the claim that there is a basketball game going on. The visual veracity indicates that the image is not AI-generated, further supporting the authenticity of the claim."
4046,Misinformation,1.0,False,True,"The claim that George H.W. Bush has died at 94 is true, as he passed away on November 30, 2018, at the age of 94. The image does not depict the event of his death, but rather shows him alive and smiling, which is inconsistent with the headline. However, the factual basis of the claim regarding his death is accurate."
8531,Not Misinformation,0.7,False,True,"The image depicts a kitchen area with decorative elements, aligning with the claim of a decorated interior. While the size of the kitchen is not fully visible, the presence of decorative items supports the claim. Additionally, the visual veracity indicates that the image is not AI-generated, which further supports the authenticity of the claim."
ds8617,Misinformation,0.8,False,True,"The image is confirmed to be AI-generated, which categorically qualifies it as misinformation regardless of the relevance to the claim. The visual veracity confidence is high, indicating clear signs of AI generation."
1052,Not Misinformation,0.9,False,True,"The claim about the iPhone 5C being displayed during an Apple product announcement at the Apple campus in Cupertino, California, and its release date of September 20, 2013, is accurate. The image aligns with the context of the announcement, and the evidence supports both the announcement and release date."
2929,Not Misinformation,0.9,False,True,"The image depicts a nurse with colorful hair, which aligns with the subject of the headline. The nurse's response to criticism about her appearance has been documented in multiple sources, confirming the authenticity of the claim. The evidence supports the narrative that the nurse expressed pride in her colorful hair and emphasized that it does not affect her ability to perform her job."
5939,Misinformation,0.8,False,True,"The image is confirmed to be AI-generated, which categorically qualifies it as misinformation. Additionally, the claim about Vic Mensa's roots in Houston, Texas is false; he was born and raised in Chicago, Illinois, as supported by multiple sources."
ds3503,Misinformation,0.8,False,True,"The image is confirmed to be AI-generated, which leads to the classification of the claim as misinformation. Additionally, while the claim states that The Hunger Games are based on a play, it is important to note that the original source material is a series of novels, and the play adaptation is a derivative work. Therefore, the claim lacks accuracy."
ds6940,Misinformation,0.8,False,True,"The image is identified as AI-generated, which confirms it as misinformation regardless of the claim's relevance to trafficking awareness. The unusual elements in the image, such as a child reading a book with a skeleton, further support this classification. Additionally, the text on the book appears garbled, indicating manipulation."
ds8840,Misinformation,0.8,False,True,"The image is identified as AI-generated with a high confidence level, which confirms it as misinformation regardless of the other signals. The claim about the yellow dump truck sitting on green asphalt is also misleading since the truck is actually on grass."
ds4482,Misinformation,0.8,False,True,"The claim that the San Juan Teamsters didn't show up for work to distribute relief supplies is not supported by the evidence. The sources indicate that the Teamsters are actively involved in relief efforts and assisting communities in Puerto Rico, rather than skipping work. For instance, the Teamsters are working with local leadership to help their members and communities (Snopes.com: https://www.snopes.com/fact-check/puerto-rico-teamsters/) and have been involved in disaster relief efforts (Teamsters NYC: https://teamsters.nyc/teamsters-hit-ground-running-assist-disaster-relief-puerto-rico/)."
ds4702,Not Misinformation,0.7,False,True,"While there are rumors about Gwen Stefani being pregnant, there is no confirmed news or official statement regarding her pregnancy. The image shows Gwen Stefani and Blake Shelton together, which is relevant to the headline, but does not provide specific evidence of a pregnancy. The claims about her friends being concerned about her 'MAGA makeover' are also supported by evidence. Therefore, the overall claim is not definitively misinformation."
1231,Not Misinformation,0.7,False,True,"The image shows a player running during pregame warmups, which aligns with the context of the headline. However, the specific identification of Robert Griffin III cannot be confirmed based on the evidence provided. While he is known to have played at Raymond James Stadium, there is no direct evidence confirming he warmed up there on the specific occasion mentioned."
4217,Misinformation,0.9,False,True,"The claim about J.Lo being 'wild' over A-Rod's 'passionate' kisses is misleading as recent evidence indicates that they are no longer together and have officially split. There are no confirmed reports of them rekindling their romance or engaging in passionate kisses. The image does not provide sufficient context to support the headline, and the relationship status has changed significantly since their breakup."
992,Not Misinformation,0.9,False,True,"The image depicts a flooded area that aligns with the claim about high water overrunning homes and businesses near the Shiawassee River and Shiawassee National Wildlife Refuge in Michigan. The evidence supports the occurrence of flooding in this region due to heavy rainfall, which has affected local properties."
ds6586,Misinformation,0.9,False,True,"The image is AI-generated, depicting a surreal scene with jellyfish in a bedroom, which is not a natural occurrence. This aligns with the visual veracity assessment indicating a high confidence that the image is AI-generated."
ds1582,Misinformation,0.9,False,True,"The claim states that Norway won against England in the European Under-21 Championship, but evidence shows that Norway lost to England with a score of 1-2 in a different match context (FIFA World Cup). Additionally, the image does not confirm the identity of the goalkeeper as Nyland Haskjold, and the match referenced is not the correct event. Therefore, the claim is misleading."
ds6549,Misinformation,0.8,False,True,"The image is identified as AI-generated with a confidence of 0.8, which is above the threshold of 0.6. This indicates that the image does not represent a real-life scenario, despite the claim describing a common situation of a mother holding her infant."
ds1547,Not Misinformation,0.8,False,True,"While the claim states that the Martutjarra Luritja people are the custodians of Watarrka National Park, evidence indicates that the park is primarily under the custodianship of the Anangu Aboriginal people. The Martutjarra Luritja people are associated with the broader Luritja group and have rights to land in Central Australia, but the specific custodianship of Watarrka National Park is attributed to the Anangu. Therefore, the claim is misleading but not entirely false, as the Martutjarra Luritja people are indeed Indigenous Australians with land rights in the region."
ds9027,Misinformation,0.8,False,True,"The image is confirmed to be AI-generated, which categorically classifies it as misinformation regardless of the claim's alignment with the characteristics of Chicago deep dish pizza. The visual veracity indicates an unnatural texture and overly perfect crust, which are not typical of real food. Therefore, the claim cannot be considered valid."
ds8208,Not Misinformation,0.7,False,True,"The image depicts a protest that aligns with the claim about activists protesting the Summer Olympics in Brazil. There is evidence that activists did protest during the Olympics, raising concerns about corruption and mismanagement, particularly regarding water pollution and broken promises related to the event. The protests were specifically linked to the Olympics and the issues mentioned in the claim."
ds1877,Not Misinformation,0.8,False,True,"The claim that Gordon Taylor settled into his role as chairman at the Professional Footballers Association in November 1978 and later became chief executive in 1981 is supported by multiple reliable sources. The image does not appear to be AI-generated and aligns with the context of the claim, although it does not specifically confirm the identity of the individual in the image."
ds1998,Not Misinformation,0.9,False,True,"The image depicts a protest scene that aligns with the claim about spending cuts likely sparking protests. The evidence supports the assertion that spending cuts lead to public dissent, particularly in recent protests in France against proposed budget cuts. The visual context of the protest reinforces the claim."
578,Not Misinformation,0.8,False,True,"The image shows a person working with a pump in a flooded area, which aligns with the context of trying to keep floodwaters out of a property. While the specific identity of the person as Bob Bailey and the exact location as Clarksville, Mo, cannot be confirmed, the overall scenario is plausible given the recent flooding events in the area. Evidence supports the occurrence of significant flooding in Clarksville, Missouri, due to the Mississippi River, which aligns with the claim."
ds4435,Not Misinformation,0.7,False,True,"The claim that Trump is removing Marines from the Navy is not supported by the evidence. The sources retrieved do not indicate any action taken by Trump regarding the removal of Marines. Instead, they discuss various unrelated topics, including military standards and political candidates. The image does not appear to be AI-generated, and while it is relevant to the topic, it does not provide specific evidence for the claim."
4186,Misinformation,0.8,False,True,"The claim that Katie Holmes is reigniting a friendship with James Van Der Beek to make Jamie jealous is misleading. James Van Der Beek has recently passed away, and the context of their relationship is one of mourning rather than rekindling a friendship. Additionally, there is no evidence to support the idea that Jamie is jealous of this supposed friendship, as the focus is more on Tom Cruise's feelings regarding Katie moving on from their marriage. The image does not depict the subjects mentioned in the headline, further disconnecting it from the claim."
ds5919,Misinformation,0.9,False,True,"The claim that Ares is a nephew of Zeus is incorrect; Ares is actually the son of Zeus and Hera, making him Zeus's child rather than his nephew. This is supported by multiple sources that confirm Ares' lineage as the son of Zeus and Hera (e.g., https://en.wikipedia.org/wiki/Ares, https://en.wikipedia.org/wiki/Zeus)."
ds379,Misinformation,1.0,False,True,"The claim states that three people died during a police raid in Saint-Denis five days after the attacks. Evidence confirms that during the raid on November 18, 2015, two suspects were killed, and a woman detonated an explosive device, resulting in her death. Therefore, the claim is misleading as it suggests three deaths when the confirmed deaths are two suspects and one woman, totaling three but not explicitly stated as such in the claim."
ds3753,Not Misinformation,0.9,False,True,"The claim that the Icelandic Coast Guard rarely performs a service is contradicted by multiple sources indicating that the Coast Guard is actively involved in various operations, including search and rescue, maritime safety, and surveillance. The evidence shows that the Coast Guard maintains a continuous watch on distress frequencies and has increased its surveillance capabilities in recent years. Additionally, they have been involved in cooperative missions and operations, reflecting their active role in maritime safety and national defense."
ds6032,Not Misinformation,0.9,False,True,"The image depicts a real ostrich interacting with a person, which aligns with the humorous claim about the ostrich's table manners. There are no indications that the image is AI-generated, and the context supports the headline's playful nature regarding the behavior of ostriches. Additionally, the evidence confirms that ostriches do not have human-like table manners, reinforcing the humorous aspect of the claim."
3980,Not Misinformation,0.7,False,True,"The claim that 'Touch My Body is a law' is incorrect, as there is no specific law by that name. The evidence indicates that laws regarding physical contact are generally related to assault, battery, or harassment, which protect individuals from non-consensual touching. Additionally, the song 'Touch My Body' by Mariah Carey is a musical work and not a legal statute. Therefore, the claim is misleading but not definitively misinformation."
ds2845,Not Misinformation,0.7,False,True,"The image shows a premium gas pump, which aligns with the subject of the headline. However, there is no visible indication that it is located in a secluded part of Arkansas or that it has a spider web on it. While the claim about a spider web on a gas pump in Arkansas is not substantiated by specific news reports, the existence of premium pumps in Arkansas is confirmed. Therefore, the claim is not definitively false, but lacks specific evidence to fully support it."
1318,Not Misinformation,0.7,False,True,"The image shows patrons seated at a bar and in rows, which aligns with the context of the headline about relaxing while waiting to play bocce. While the image does not confirm the presence of bocce, it does not contradict the claim either. The visual veracity indicates that the image is not AI-generated, supporting the authenticity of the scene depicted."
ds2773,Not Misinformation,0.9,False,True,"The image shows a Bible and a Book of Mormon in a hotel drawer, which aligns with the claim about a hotel in Detroit having these items. This practice is common in many hotels, particularly those affiliated with the Marriott chain, due to their historical ties to the Church of Jesus Christ of Latter-day Saints."
ds8795,Not Misinformation,0.8,False,True,"The image depicts two men in formal attire, likely at night, which aligns with the claim. While it is unclear if they are wearing sunglasses, the context of the setting supports the possibility. The visual veracity indicates that the image is not AI-generated, which further supports the claim's validity."
6395,Misinformation,0.9,False,True,"The image is confirmed to be AI-generated, which categorically qualifies it as misinformation regardless of the context or the claim made in the headline. The visual veracity signal indicates a high confidence in the AI-generated nature of the image, which is further supported by the evidence of manipulated features and proportions."
ds5285,Not Misinformation,0.8,False,True,"While the image depicts Hillary Clinton, the evidence indicates that she has publicly denied any intention to run for president in 2024. Multiple sources confirm that she criticized President Biden's decision to run but has not announced her own candidacy. Therefore, the claim that she is secretly planning to run is not supported by the evidence."
ds7674,Not Misinformation,0.7,False,True,"The claim about the Highlands attracting 80% of its visitors from other parts of the UK is not directly supported by the evidence provided. While the evidence indicates that the Highlands attract many visitors due to their scenery and culture, it does not specify the exact percentage of visitors from the UK. However, the general context of tourism in the Highlands suggests a significant number of visitors come from within the UK, aligning with the claim. The visual veracity indicates the image is not AI-generated, which supports the reliability of the claim."
2728,Not Misinformation,0.8,False,True,"The claim that an activist faced years in prison for helping migrants and that jurors wouldn't convict him is supported by evidence. Specifically, Scott Daniel Warren faced charges for providing aid to migrants, and jurors did not reach a verdict, indicating a refusal to convict him. This aligns with the information retrieved from multiple sources, including The Guardian and Popular Resistance. Additionally, the image is confirmed to be genuine and not AI-generated."
ds8721,Not Misinformation,0.8,False,True,"The image shows a bowl of white rice and broccoli, which aligns with the general context of the headline about a dish containing rice and beef. However, the absence of beef in the image means the specifics of the claim are not fully confirmed. The visual veracity indicates that the image is not AI-generated, supporting the claim's authenticity."
ds9200,Misinformation,0.9,False,True,"The image is identified as AI-generated with high confidence, which definitively categorizes it as misinformation. The visual veracity analysis indicates that the dog's anatomy appears distorted, suggesting manipulation typical of AI-generated images."
ds3723,Misinformation,0.8,False,True,"The image is confirmed to be AI-generated, which leads to the classification of the claim as misinformation regardless of the other signals. Additionally, the claim that 'The Originals' began airing in October 2005 is false; it actually premiered on October 3, 2013."
7601,Not Misinformation,0.8,False,True,"The image depicts Bangladeshi security personnel standing guard near a restaurant that was attacked by gunmen on July 1, 2016, in Dhaka. This aligns with the historical event where security forces responded to the attack at the Holey Artisan Bakery, confirming the context of the claim. The evidence supports the occurrence of the event and the involvement of security personnel."
9081,Not Misinformation,0.8,False,True,"The image shows a lunch box with sandwiches and carrots, which aligns with the claim. However, it does not clearly show a muffin or a salad, leading to partial alignment. The visual veracity indicates that the image is not AI-generated, supporting the claim's authenticity."
ds2006,Not Misinformation,0.7,False,True,"The image shows people lined up near an airplane, which partially aligns with the claim. While the visibility of details is limited, there is no evidence suggesting that the image is AI-generated. The presence of military personnel at airports is a known occurrence, especially related to troop travel, which supports the context of the claim."
ds6266,Misinformation,0.9,False,True,"The image is AI-generated, depicting an unrealistic scenario of a turkey flying over a cityscape, which does not align with the context of the headline. This indicates that the image is not a genuine representation of reality."
708,Not Misinformation,0.9,False,True,"The image and headline align with the historical context of Carmelo Anthony and La La Vazquez Anthony's relationship, particularly regarding the trade rumors and their impact on their marriage. The evidence supports that La La did not force Carmelo to seek a trade, but rather that the trade itself contributed to the decline of their relationship."
ds354,Not Misinformation,0.9,False,True,"The claim that Aon was unveiled as the sponsor of Manchester United in July 2010 is accurate. Aon signed a four-year sponsorship deal that began on June 1, 2010, and the new Manchester United home kit featuring Aon's logo was revealed shortly after, on July 14, 2010. The image supports this claim as it shows Manchester United jerseys with the Aon logo, confirming the sponsorship."
7119,Misinformation,0.9,False,True,"The claim that Julian Assange is calling for the threat of arrest to be lifted is not supported by the evidence. Multiple sources indicate that he has not made such a call and is instead focused on his ongoing legal issues, including potential extradition to the U.S. for charges related to computer hacking. Additionally, the image does not depict a specific event related to this claim, as it shows Assange holding a newspaper rather than addressing the issue of arrest."
6424,Misinformation,0.9,False,True,"The image is confirmed to be AI-generated, which categorically classifies it as misinformation regardless of the claim's relevance. The surreal nature of the creature depicted further supports this classification."
5060,Not Misinformation,0.8,False,True,"The claim that experts warn against using smartphones due to harmful radiation exposure linked to cancer is supported by ongoing discussions and research in the field. While the consensus indicates that there is insufficient evidence to definitively link smartphone use to cancer, experts acknowledge potential risks and recommend further research. The image depicts a person using a smartphone, which aligns with the topic of smartphone use, although it does not directly illustrate the claim about radiation or cancer. Overall, the evidence suggests a cautious approach to smartphone use, but does not confirm the claim as misinformation."
3899,Not Misinformation,0.8,False,True,"The claim that the Tenth Doctor is accompanied by Rose Tyler for 'The End of Time' is supported by evidence indicating that Rose Tyler was indeed a companion of the Tenth Doctor. While the specific context of 'The End of Time' is not directly addressed in the retrieved evidence, the relationship between the Tenth Doctor and Rose Tyler is well-documented. The image does not appear to be AI-generated, further supporting the claim's validity."
ds511,Not Misinformation,0.95,False,True,"The image and headline accurately represent Whiskey Down, a gaming lounge located in MGM Grand, Las Vegas, which offers a wide selection of whiskies. The evidence confirms its existence and features, aligning with the claim."
3537,Misinformation,0.8,False,True,"The image is confirmed to be AI-generated, which categorizes it as misinformation regardless of the claim's content. Additionally, the claim that action films are a subgenre of martial arts films is misleading, as action films encompass a broader range of themes and styles, while martial arts films specifically focus on martial arts techniques. This distinction is supported by evidence that defines martial arts films and their characteristics separately from action films."
ds9777,Not Misinformation,0.8,False,True,"The claim that Des Warren and Ricky Tomlinson were blacklisted for their union activity is supported by historical evidence. They were imprisoned for their involvement in union activities, which led to significant career impacts, including blacklisting. The image appears to be a genuine photograph of them, and the context aligns with their known history."
5524,Not Misinformation,0.7,False,True,"The claim about Jennifer Aniston sabotaging Brad Pitt's Hollywood comeback is not supported by evidence. There is no indication that Aniston has engaged in any sabotage, and both have publicly addressed their divorce and its causes, which do not include sabotage. The image does not provide clear confirmation of the specific event or context related to the headline. Additionally, the visual veracity indicates that the image is not AI-generated, which supports the conclusion that the claim is not misinformation."
ds4669,Not Misinformation,0.7,False,True,"The image does not depict Bradley Cooper or Lady Gaga, but the claim about 'A Star Is Born' being a remake is accurate. The film features both actors in lead roles, and the context of the claim aligns with the known facts about the film. However, the image's lack of relevance to the headline reduces confidence in the overall alignment."
2169,Not Misinformation,0.8,False,True,"The image shows various items including shoes, a cap, and an iPod, which are mentioned in the headline. The visual veracity indicates that the image is not AI-generated, supporting the claim's authenticity. The items listed in the claim align with the image content, although not all specific items are confirmed to be present."
889,Not Misinformation,0.8,False,True,"The image shows a group of people on the shore, which aligns with the context of migrants on an island. While it does not confirm the specific location as Rhodes, Greece, the evidence supports the claim of a migrant presence on the island. The situation in Rhodes regarding migrants is well-documented, with reports indicating a significant number of undocumented migrants and ongoing challenges faced by local authorities."
ds4772,Not Misinformation,0.7,False,True,"While the claim suggests that Ed Sheeran attributes his dating success to Taylor Swift, the evidence does not support this specific assertion. Ed Sheeran has made comments about Taylor Swift's maturity and their friendship, but there are no direct quotes or statements from him indicating that he believes he was able to date attractive women because of her. The image does not appear to be AI-generated, and the context of the relationship between Sheeran and Swift is well-documented, showing mutual support rather than a direct influence on dating success."
ds372,Not Misinformation,0.7,False,True,"The image of the rusting emergency vehicle aligns with the claim regarding its association with the 1970 protests at Jackson State College. While the specific vehicle's use in the protests cannot be definitively confirmed, the context of the protests and the vehicle's symbolism are relevant. The visual veracity indicates that the image is not AI-generated, supporting the claim's authenticity."
6440,Misinformation,0.9,False,True,"The image is confirmed to be AI-generated, which directly leads to the classification of the claim as misinformation. The surreal depiction of a leader on mechanical legs does not align with reality, and the specific action of taking a smoke break is not substantiated by the image. Additionally, the context of the claim does not match verified reports of Kim Jong-un's activities."
ds2864,Not Misinformation,0.7,False,True,"The claim about dye leaking and giving the egg a polka dot appearance is plausible given the context of dye usage in egg decoration. The image shows colored eggs, including one with a speckled appearance, which aligns with the claim. However, the evidence does not definitively confirm that the speckled egg is a result of dye leaking during peeling. The visual veracity indicates that the image is not AI-generated, supporting the authenticity of the claim. Additionally, there is evidence of dye leakage affecting water supply, which could relate to the dyeing process of eggs. Therefore, while the claim is not definitively proven, it is not outright misinformation either."
ds9049,Not Misinformation,0.7,False,True,"The image depicts a living room setting with a table and chairs, which aligns with the claim. However, the absence of a fireplace means it does not fully meet the specifics of the claim. The visual veracity indicates that the image is genuine and not AI-generated."
1505,Not Misinformation,0.8,False,True,"The claim that business rates have added about 500m to retailers' costs in the past three years is supported by evidence indicating significant increases in business rates impacting retailers. Specifically, one source mentions a £140 million hike to business rates expected next April and another source cites an additional £242 million in costs due to business rates. This aligns with the claim of substantial financial impact on retailers."
ds1418,Not Misinformation,0.7,False,True,"The image depicts a live music performance with a crowd, which aligns with the context of a music event. While it does not confirm the specifics of it being a free event featuring Brazilian music stars or the Alternative Olympic Opening Ceremonies, the evidence suggests that alternative Olympic ceremonies have occurred in the past, and Brazilian music events have featured notable performers. However, the lack of specific details about the event in question lowers the confidence."
690,Misinformation,0.9,False,True,"Gus Malzahn is not the current head coach of Auburn, having been fired in 2020 and currently coaching at the University of Central Florida. Therefore, the claim that he is on the sideline during a game in 2023 is false."
ds7963,Not Misinformation,0.9,False,True,"The claim that 96 people died at the 1989 FA Cup semifinal at Hillsborough stadium is accurate. The evidence confirms that 96 individuals lost their lives due to the disaster, which occurred during the match. The image of a memorial aligns with the context of the tragedy, supporting the claim's validity. Additionally, the retrieved evidence corroborates the details of the event and the number of casualties."
ds9935,Not Misinformation,0.7,False,True,"The image is confirmed to be a genuine photograph of David Cameron, and he did attend EU summits in Brussels, where he interacted with other leaders. However, the claim that he is celebrating himself is not substantiated by the evidence, as the context of the image does not align with the specific event mentioned in the headline."
4960,Not Misinformation,0.9,False,True,"The image aligns well with the themes of love and beauty mentioned in the headline, depicting a couple in a romantic setting. Additionally, the visual veracity indicates that the image is not AI-generated, further supporting the authenticity of the claim. The retrieved evidence confirms the relationship and themes discussed in the headline, particularly from the Vanity Fair interview that highlights their captivating love story."
5286,Misinformation,0.9,False,True,"The claim that Biden accepted illegitimate votes in the 2020 election is based on disputed assertions that have been widely debunked. Numerous investigations and court rulings have confirmed the legitimacy of the election results, stating that there is no credible evidence of widespread voter fraud that could have affected the outcome. The evidence indicates that while some individuals believe the election was illegitimate, these beliefs are not supported by factual findings."
ds6300,Misinformation,0.9,False,True,"The image is confirmed to be AI-generated, which indicates manipulation and unreliability. The presence of a cartoon character in a supposedly real event further supports this conclusion. Therefore, the claim about Hillary Clinton breaking ground at Goldman's Pharmacy is misleading."
ds9486,Misinformation,0.8,False,True,"The image is confirmed to be AI-generated, which indicates that it does not represent real cats or a real scene. The unusual anatomical features and poses of the cats further support this conclusion. Therefore, regardless of the claim about the cats and sneakers, the image's veracity is compromised due to its AI-generated nature."
ds252,Not Misinformation,0.9,False,True,"Dave Lee Travis was indeed one of broadcasting's biggest stars in the 70s and 80s, known for his work on BBC Radio 1 and as a presenter on 'Top of the Pops'. The evidence supports the claim that he was a prominent figure during that time period."
7904,Not Misinformation,0.7,False,True,"The image does not depict boys from the Mandari tribe or the specific context of fishing in Terekeka, South Sudan, but it does show people by a body of water, which could be relevant to the claim. The Mandari tribe is primarily focused on pastoralism and agriculture, with no specific mention of fishing by the Nile. However, the Terekeka fishing community was engaged in fishing activities in September 2012, which aligns with part of the claim. The evidence suggests that while the image may not directly support the claim, it does not definitively contradict it either."
ds4659,Not Misinformation,0.8,False,True,"The image shows Kanye West and Kim Kardashian, which aligns with the claim about Kanye auditioning for American Idol in San Francisco. Evidence confirms that Kanye did indeed audition for American Idol during a surprise appearance in San Francisco, and Kim was present. However, the specific details about the audition being staged as part of the show's final season and the performance of 'Gold Digger' are not explicitly mentioned in the image or headline."
6609,Misinformation,0.9,False,True,"The image is identified as AI-generated, which is a definitive indicator of misinformation regardless of the content depicted. The surreal nature of the image, showing a horse levitating on a rocking chair, further supports this classification as it defies the laws of physics."
5292,Misinformation,0.9,False,True,"The claim that Biden promised to abolish the Second Amendment is false. Biden has not made such a promise; instead, he has indicated that it is possible to respect the Second Amendment while implementing measures to reduce gun violence. This is supported by evidence that highlights his advocacy for responsible gun laws without abolishing the Second Amendment (evidence items: https://politifact.com/truth-o-meter/promises/biden-promise-tracker/, https://talkingpointsmemo.com/dc/joe-biden-loves-the-second-amendment)."
5049,Not Misinformation,0.8,False,True,"The image does not appear to be AI-generated, and the content of the headline aligns with ongoing discussions and controversies surrounding 'The Bachelorette' franchise. The evidence supports claims of fan outrage and biased reviews regarding season rankings, which are relevant to the claim made in the headline."
ds8246,Not Misinformation,0.7,False,True,"The claim discusses Tony Abbott's stance on taxes, which is supported by evidence indicating that he has made promises regarding lower taxes, but there are criticisms suggesting he did not fulfill these promises. The image does not depict Tony Abbott, but the claim itself is grounded in factual discussions about his political history. The evidence from sources like the Sydney Morning Herald and Andrew Leigh's media release supports the notion that Abbott's claims about lower taxes are questionable."
5575,Misinformation,0.8,False,True,"The claim that Bradley Cooper and Lady Gaga were spotted kissing in Italy is not substantiated by any confirmed reports. While they have shared romantic moments, particularly during performances, there is no documented evidence of a kiss in Italy. The sources indicate that they have a close friendship and have been seen together in various contexts, but not specifically in the manner described in the claim."
561,Not Misinformation,0.95,False,True,"The claim that Hurricane Matthew was photographed from the International Space Station on October 3, 2016, is supported by evidence indicating that the ISS captured images of the hurricane during that timeframe. The image is confirmed to be genuine and not AI-generated, aligning with the event described in the headline."
1970,Not Misinformation,0.9,False,True,"The image is a bar graph that directly relates to the claim about younger patients being more informed about financial help compared to older patients. The evidence supports the relevance of the claim and the data presented in the image. Additionally, the visual veracity indicates that the image is not AI-generated, further supporting the authenticity of the information."
ds1060,Not Misinformation,0.9,False,True,"The image aligns with the claim of a man holding his son during a candlelight vigil in New York. The visual veracity indicates that the image is not AI-generated, and there is strong evidence supporting the occurrence of candlelight vigils in New York, including specific events commemorating individuals and causes. The atmosphere depicted in the image is consistent with the solemn nature of such vigils."
ds3938,Misinformation,0.9,False,True,"The claim that Northwestern University is a founding member of the Big Ten Conference starting in 1893 is incorrect. The Big Ten Conference was actually founded in 1896, not 1893. While Northwestern is indeed a charter member of the conference, the founding date is a critical detail that makes the claim misleading."
6399,Misinformation,0.8,False,True,"The image is identified as AI-generated, which confirms it as misinformation regardless of the alignment with the headline. The surreal nature of the image, depicting police officers with fictional characters, further supports this classification."
6807,Misinformation,0.9,False,True,"The image is AI-generated, depicting a dragon with a bowl of vegetables, which is a surreal and fantastical scenario that does not align with real-world contexts. This fantastical element indicates that the claim about a large bowl with vegetables and broccoli is misleading."
ds9233,Not Misinformation,0.9,False,True,"The image depicts a scene that aligns with the claim of people waiting for a bus at a terminal. The presence of a bus stop sign and benches supports this context. Additionally, the visual veracity signals indicate that the image is not AI-generated, further reinforcing the authenticity of the claim."
7506,Misinformation,0.9,False,True,"The claim that 'coach parties from Shenzhen arrive and stay until autumn' is directly supported by evidence from a 2015 article that explicitly states this information. Additionally, the image does not provide any conflicting information regarding the claim. Therefore, the claim is substantiated by reliable sources."
251,Misinformation,0.9,False,True,"The claim states that Sameena Jabeen Ahmed received her best newcomer award from actor James Corden. This is confirmed by multiple sources, including a report from the BBC which explicitly states that 'Sameena Jabeen Ahmed received her best newcomer award from actor James Corden.' Additionally, the BFI website also mentions her receiving the award at the London Film Festival, where Corden was a presenter. Therefore, the claim is accurate."
ds1760,Not Misinformation,0.8,False,True,"The claim about a 400 km long human chain is partially accurate as it references the Baltic Way, which was a significant historical event where approximately two million people formed a human chain spanning 675 kilometers. The image aligns with the context of a human chain event, although it does not confirm the specific details of the event mentioned in the headline. The evidence supports the existence of a large human chain event, but the specifics in the claim are not entirely accurate."
ds5403,Not Misinformation,0.8,False,True,"The image depicts a protest scene related to impeachment, which aligns with the claim about political strategy and public discourse manipulation. The visual veracity indicates that the image is genuine and not AI-generated. The evidence supports the discussion of impeachment in politics and the role of political elites in shaping public discourse."
ds8604,Misinformation,0.8,False,True,"The image is confirmed to be AI-generated, which directly leads to the classification of misinformation regardless of the claim's content. The unnatural anatomy of the zebras in the image supports this conclusion."
ds8578,Not Misinformation,0.7,False,True,"The image depicts a man leaning over the back of a truck, which aligns with the claim. However, the specific location being in front of a Walmart is not definitively confirmed. The visual veracity indicates that the image is not AI-generated, supporting the authenticity of the scene."
6114,Misinformation,0.8,False,True,"The image is confirmed to be AI-generated, which categorizes it as misinformation regardless of the claim's content. The visual elements do not align with the claim of a mail order Mickey Mouse watch from Russia, further supporting the misinformation label."
8341,Not Misinformation,0.8,False,True,"The Riverside Museum was indeed awarded the European Museum of the Year in 2013, and there are indications that visitor numbers have dropped, likely due to post-pandemic trends affecting many museums. The evidence supports both claims made in the headline."
1152,Not Misinformation,0.9,False,True,"The image depicts Howard Stern and Beth Ostrosky, which aligns with the claim that they were in attendance at an event. Evidence supports their recent attendance at the North Shore Animal League America's Gala, confirming the context of the claim."
ds5714,Misinformation,0.8,False,True,"The image is confirmed to be AI-generated, which directly leads to the classification of the claim as misinformation. Additionally, while Babur's contributions to education are acknowledged in historical contexts, the specific claim of him being a renowned educator paving the way for educational excellence lacks substantial evidence."
ds9888,Not Misinformation,0.9,False,True,"The image shows Jerzy Janowicz celebrating after winning a set, which aligns with the claim that he took the first set on a tiebreak. The scoreboard confirms the set score, supporting the context of the event. Additionally, the evidence indicates that Janowicz has indeed won sets in tiebreak situations in the past, further supporting the claim."
7531,Not Misinformation,0.8,False,True,"The image depicts a protest scene that aligns with the Occupy movement, and the evidence confirms that Occupy protests did occur at St Paul's Cathedral in London. The specific details about the protests, including the chaining of protesters to the pulpit, are well-documented. The visual veracity indicates that the image is not AI-generated, further supporting the claim's authenticity."
1795,Not Misinformation,0.9,False,True,"The claim that Justin Fashanu is described as intelligent, witty, honest, and articulate in Nick Baker's 'Forbidden Forward' is supported by the evidence that the book provides a detailed and candid portrayal of Fashanu's life. The book is noted for its meticulous research and offers a nuanced view of Fashanu's character, which aligns with the descriptors in the claim. Additionally, the image is confirmed to be a genuine photograph, further supporting the authenticity of the claim."
7759,Not Misinformation,0.7,False,True,"The image is confirmed to be a genuine photograph of a power plant, and the claim about Dong Energy's gas-fired power station in Newport aligns with the evidence regarding the operational status and government proposals for gas as a bridging technology. The government has indeed proposed gas as a bridging technology, which is supported by the evidence. However, the specific connection to Dong Energy's Newport station is not definitively established."
5697,Misinformation,0.8,False,True,"The image is confirmed to be AI-generated, which directly leads to the classification of the claim as misinformation. Additionally, the claim about NASA revealing a second moon is misleading, as the only recent discovery pertains to a temporary mini-moon, not a permanent second moon or one that is potentially habitable."
3769,Misinformation,0.8,False,True,"The image is AI-generated, which confirms it as misinformation regardless of the claim's content. Additionally, the claim that 'Tangled is a shoelace' is false, as 'Tangled' refers to a Disney animated film, not a shoelace. The visual veracity indicates a high level of digital manipulation, further supporting the misinformation label."
4905,Not Misinformation,0.8,False,True,"The claim that Lindsay Shookus is not pregnant is supported by multiple sources indicating that there are no credible reports confirming her pregnancy. The evidence suggests that while there have been rumors, they have not been substantiated. Additionally, the image does not depict either Lindsay Shookus or Ben Affleck, which further disconnects it from the claim."
6026,Misinformation,0.8,False,True,"The image is confirmed to be AI-generated, which directly leads to the classification of misinformation. The visual manipulation is evident, particularly with unnatural elements in the image. Additionally, the headline does not align with the content of the image, further supporting the misinformation claim."
5977,Not Misinformation,0.7,False,True,"The image does not appear to be AI-generated and depicts a celebratory setting, which could relate to a company event. However, there is no specific evidence supporting the claim that Konidela Production Company is a key player in the Chinese entertainment industry, as the company primarily focuses on Indian film production. The evidence indicates that there is no information regarding their expansion or involvement in China."
104,Not Misinformation,0.8,False,True,"The claim that there are hundreds of commercial airlines globally and that not all of them have inflight connectivity or access to the internet is supported by evidence. Approximately 70% of airlines provide some form of connectivity, but many low-cost and regional airlines still lack Wi-Fi on parts of their fleets. This aligns with the retrieved evidence indicating that while many airlines offer inflight internet, it is not universal."
ds9954,Misinformation,0.8,False,True,"The claim that Jinyun and Yahong celebrated in Morecambe Bay is not supported by the evidence. The sources indicate that Jinyun and Yahong were involved in a tragic event where their husbands died while working as cocklepickers in Morecambe Bay, rather than a celebration. Additionally, the image does not provide clear evidence that it depicts Jinyun and Yahong or any celebration."
ds9091,Not Misinformation,0.7,False,True,"The claim describes a colorful umbrella in a black and white city scene, which aligns with the existence of such images in stock photo collections. The visual veracity indicates that the image is not AI-generated, and the evidence supports the possibility of colorful umbrellas being featured in black and white urban photography. However, the specific image in question does not match the claim exactly, leading to a moderate confidence level."
ds1846,Misinformation,0.9,False,True,"The claim that a vehicle belonging to Correa's security detail was set on fire by rioting police is misleading. Evidence indicates that it was protesters who set a police car on fire during anti-government demonstrations, not the police setting fire to a vehicle associated with Correa. This contradicts the claim made in the headline."
ds2126,Not Misinformation,0.8,False,True,"The image depicts two street signs labeled 'EAST ST', which aligns with the claim about identical street signs. While the signs are not clearly pointing in opposite directions, the context of the claim is partially supported by the evidence of similar occurrences in Swansea. The visual veracity indicates that the image is genuine and not AI-generated."
ds8631,Misinformation,0.8,False,True,"The image is confirmed to be AI-generated, which leads to a definitive classification of misinformation. Additionally, the content of the image does not align with the claim, as it features bananas instead of oranges and lacks the described tree and potted plants."
ds6054,Not Misinformation,0.7,False,True,"The claim that dachshunds don't work over water is supported by evidence indicating their physical limitations in swimming. While the image shows a dachshund-like dog on water, it does not contradict the general understanding of the breed's capabilities. The evidence confirms that dachshunds are not typically good swimmers due to their body structure, which aligns with the claim."
595,Not Misinformation,0.85,False,True,"The image is a genuine photograph of the Cleveland skyline, likely taken from Edgewater Park, as supported by the high relevancy and visual veracity confidence. The sources confirm that Edgewater Park provides views of the Cleveland skyline, and while specific images from 2012 are not directly mentioned, the context aligns well with the claim."
ds4857,Not Misinformation,0.9,False,True,"The image does not appear to be AI-generated and depicts a group of people at a dining table, which does not directly relate to Kourtney Kardashian's pregnancy scare or her interactions with Scott Disick or Younes Bendjima. However, the claim about Kourtney's pregnancy scare is supported by multiple sources, confirming that she did experience a pregnancy scare in February. Additionally, there are reports about her relationship dynamics with Scott Disick, indicating she has lost respect for him and is distancing herself from him."
8858,Not Misinformation,0.6,False,True,"The image does not depict a man walking on his back in the snow, but rather a skier in a snowy environment. The description does not match the visual content, indicating a discrepancy between the claim and the image. However, the image is not AI-generated, and the confidence level is limited due to the lack of strong evidence supporting the claim's accuracy."
ds4896,Not Misinformation,0.7,False,True,"While the image does not definitively confirm the specific event mentioned in the headline, it shows two women in a setting that could relate to a personal conversation. Nicole Richie has previously advised Sofia Richie about privacy, and there are reports about Sofia's relationship with Scott Disick, indicating some relevance to the claim. However, the claim about pleading is not substantiated by the evidence provided."
8916,Not Misinformation,0.7,False,True,"The image depicts a white toilet, which aligns with the claim. However, it does not show a black mirror or a tiled floor as described in the headline. The background is primarily black tiles, which weakens the connection to the claim. The visual veracity indicates that the image is not AI-generated, supporting the authenticity of the photograph."
ds562,Not Misinformation,0.9,False,True,"The claim that 30,000 people gather to celebrate SPAM luncheon meat in Hawaii is supported by multiple sources confirming the attendance at the Waikiki Spam Jam festival. The event is known to attract around 30,000 to 35,000 attendees each year, celebrating the cultural significance of SPAM in Hawaii."
ds5647,Misinformation,0.9,False,True,"The claim that the Pfizer CEO secretly admits the COVID-19 vaccine causes permanent brain damage is false. There is no credible evidence supporting this assertion, and multiple sources confirm that the CEO has not made such statements. Additionally, claims of permanent brain damage from the vaccine are not widely supported by scientific evidence."
160,Misinformation,0.8,False,True,"The image depicts a cat wearing a cone, which suggests it may have undergone medical treatment, but there is no evidence confirming that this is Dorothy or that the injuries mentioned in the headline are accurate. Additionally, the sources do not provide any information about a cat named Dorothy being shot, focusing instead on unrelated topics. The claim lacks substantiation from credible sources."
ds7704,Not Misinformation,0.7,False,True,"The image does not depict the River Severn or Leighton in Shropshire, but rather a golf course and surrounding landscape. However, the claim that the River Severn flows through Shropshire is accurate, as supported by multiple sources. The visual veracity indicates that the image is not AI-generated, which further supports the classification."
ds451,Misinformation,1.0,False,True,"The claim that Paul Wilson ran away from the scene after hitting Alwyn Pritchard is supported by multiple credible sources. Specifically, it is confirmed that Paul Wilson fled the scene after the collision that resulted in Alwyn Pritchard's death. This is corroborated by evidence from both Wales Online and BBC News, which detail the incident and Wilson's actions following the crash."
ds4380,Misinformation,1.0,False,True,"The claim that Nancy Pelosi is resigning is false. PolitiFact confirmed that the headline from NRTOnline is misleading and that there are no credible reports indicating she plans to step down. Additionally, while she has resigned from her leadership position, she has not resigned from Congress, which further contradicts the claim."
1204,Not Misinformation,0.8,False,True,"The claim about the ambush of police officers in Jalisco is supported by multiple credible sources detailing the incident where 15 police officers were killed. The image aligns with the context of police presence on a road, which is relevant to the claim. There are no indications of AI generation in the image."
ds5364,Not Misinformation,0.8,False,True,"The claim discusses Don Lemon's controversial remarks and the resulting media backlash, which aligns with the evidence provided. Don Lemon has indeed made controversial statements that have stirred outrage, and he has faced significant backlash from both the media and his colleagues. The image of Don Lemon is relevant to the claim, and the evidence supports the assertion of his controversial remarks and the subsequent media reaction."
ds8199,Not Misinformation,0.9,False,True,"The claim that the death of former Putin aide at a DC hotel is ruled accidental is supported by multiple credible sources. U.S. authorities have indeed ruled the death of Mikhail Lesin as accidental, attributing it to head injuries from falls and alcohol intoxication. This is corroborated by evidence from reputable news outlets."
ds9128,Misinformation,0.8,False,True,"The image is identified as AI-generated with a confidence of 0.8, which indicates manipulation and lack of authenticity. The unusual context and unnatural features of the cow further support this classification."
ds8717,Not Misinformation,0.9,False,True,"The image accurately depicts a bed with a blanket and multiple pillows, which aligns with the claim. The visual veracity indicates that the image is not AI-generated, further supporting the authenticity of the claim."
ds1226,Misinformation,0.8,False,True,"The claim about Matt Hampton carrying belongings out of his floodwater-destroyed office in Hoboken, NJ, lacks specific evidence confirming his identity or the exact location. While the image shows a person in a flooded area, it does not definitively identify them as Matt Hampton or confirm the office's destruction. Additionally, there is no specific information regarding a flood at Matt Hampton's web design office in the retrieved evidence."
ds4978,Misinformation,0.9,False,True,"The claim states that Nicole Kidman won for Outstanding Lead Actress in a Limited Series or Movie at the 69th Emmy Awards. While it is true that she has won two Primetime Emmy Awards, the specific claim about her winning at the 69th Emmy Awards is misleading. The 69th Emmy Awards took place in 2017, and Kidman did win for her role in 'Big Little Lies' during that ceremony. However, the context of the claim does not specify this, leading to potential confusion. Additionally, the image is confirmed to be genuine and not AI-generated."
6327,Misinformation,0.9,False,True,"The image is confirmed to be AI-generated, which is a definitive indicator of misinformation regardless of the context provided by the headline. The visual veracity analysis indicates clear signs of manipulation, such as distorted facial features and unnatural hand positioning, which further supports the classification as misinformation."
ds1360,Not Misinformation,0.7,False,True,"The image shows a bishop in traditional attire, which aligns with the subject of the headline. However, there is no definitive evidence confirming the specific event of Franz-Peter Tebartz-van Elst walking out of the cathedral on the stated date. The retrieved evidence indicates that he was suspended but does not confirm his presence at the cathedral on that date."
ds3180,Misinformation,1.0,False,True,"The claim that Watertown, Massachusetts is in Vermont is false. Watertown is located in Middlesex County, Massachusetts, and is part of Greater Boston. The evidence clearly states that Watertown is not in Vermont, confirming the misinformation in the claim."
ds6722,Misinformation,0.8,False,True,"The image is identified as AI-generated, which confirms it as misinformation regardless of the alignment with the headline. The visual elements described, such as the surreal green laser-like effect and unnatural brightness in the eyes, further support this classification."
ds4618,Not Misinformation,0.8,False,True,"The claim that Justin Bieber accidentally hit a photographer with his pick-up truck after church service is supported by multiple credible sources. The incident occurred on July 27, 2017, when Bieber struck a photographer while leaving a church service in Beverly Hills. The details align with the evidence provided, confirming the event's occurrence and context."
ds2707,Not Misinformation,0.7,False,True,"The claim about two palm trees 'stealing a private moment' and 'giggling' is metaphorical and does not imply actual behavior of the trees. While the image may evoke a sense of intimacy due to the trees' appearance, it does not depict any human-like actions. The visual veracity indicates that the image is not AI-generated, which supports the claim's validity as a playful interpretation rather than misinformation."
ds4910,Not Misinformation,0.9,False,True,"The image depicts a genuine scene of Gwen Stefani and Blake Shelton, which aligns with the headline about their relationship. The evidence supports that they are still in love and enjoying their marriage, with no indications that Gwen has tried to change Blake. Reports confirm their strong bond and affection for each other, which is consistent with the claim made in the headline."
ds1096,Not Misinformation,0.8,False,True,"The image shows lab technicians in a laboratory setting, which aligns with the context of processing tests. While it does not confirm that they are specifically processing Zika tests at the CDC's dengue branch in San Juan, the evidence supports that Zika tests are processed in Puerto Rico and that the CDC Dengue Branch is involved in related operations. The visual veracity indicates the image is not AI-generated."
ds803,Not Misinformation,0.8,False,True,"The image appears to be a standard mugshot and is not AI-generated. The claim about Johnny Maurice Avery being accused of shooting Mildred Martin is supported by evidence indicating that he was indicted for her murder. However, the specific details of the incident and the identity of the individual in the image cannot be fully confirmed without additional context."
9249,Misinformation,0.9,False,True,"The image is confirmed to be AI-generated, which indicates that it does not represent a real mother elephant and her baby. The visual characteristics of the elephants in the image are not typical, further supporting the conclusion that it is manipulated. Therefore, the claim cannot be true."
ds4946,Misinformation,0.8,False,True,"The claim about J.J. Watt, Tyler Perry, and Jamie Foxx donating to Texas flood relief lacks substantial evidence. Multiple sources indicate that claims of celebrity donations for Texas flood relief are often exaggerated or false, with no confirmed contributions from the mentioned celebrities. Additionally, the evidence suggests that while some celebrities are involved in raising awareness, the specific claims about these individuals are not supported by credible reports."
1436,Not Misinformation,0.9,False,True,"The claim that musician Buddy Guy arrived at the Kennedy Center Honors reception at the White House is supported by multiple sources confirming his attendance at the event on December 2, 2012. The image is not AI-generated and depicts a formal event consistent with the Kennedy Center Honors."
ds1062,Not Misinformation,0.8,False,True,"The image and claim are relevant to the topic of riding the Yellow Line during SafeTrack's fourth surge. The image appears to be a genuine photograph and aligns with the information provided about SafeTrack's impact on the Yellow Line. The connection to the claim is strong, as it discusses the specific surge and its implications for riders."
ds1686,Not Misinformation,0.9,False,True,"The claim about John McCririck's loyalty to Channel 4 Racing is supported by evidence of his long tenure and his own statements regarding his dedication to the broadcaster. The image is not AI-generated, and the context aligns with the claim."
7439,Misinformation,0.9,False,True,"The claim states that President Obama had a campaign event in Roanoke earlier this month, but there is no record of such an event in October 2023. The evidence indicates that the last notable campaign event in Roanoke involving Obama was in July 2012, and there are no recent activities listed for October 2023. Therefore, the claim is misleading."
8870,Not Misinformation,0.7,False,True,"The image depicts a bathroom scene that aligns with the claim of having a bath towel and towels hanging over it, despite the relevancy signal indicating a mismatch. The visual veracity indicates that the image is not AI-generated, which supports the claim's authenticity. Additionally, the evidence retrieved discusses common towel arrangements and storage solutions in small bathrooms, reinforcing the context of the claim."
ds8989,Not Misinformation,0.8,False,True,"The image shows two women near a table with fruit, which aligns with the claim. However, the specific detail about them sitting next to a window is not definitively confirmed by the evidence. The visual veracity indicates that the image is not AI-generated, supporting the authenticity of the claim."
7101,Not Misinformation,0.9,False,True,"The claim that Rafael Nadal played against Facundo Bagnis during their second-round match is supported by multiple sources confirming the match took place at the 2016 French Open. The image is not AI-generated, and the context aligns with the historical match details."
ds7980,Misinformation,1.0,False,True,"The claim that Japanese fans will have more reason to look forward to hosting the next World Cup in 2019 is false. Japan did not host the FIFA World Cup in 2019; instead, they hosted the Rugby World Cup. The image does not provide any evidence that it is related to the FIFA World Cup, and the context is misleading."
ds9213,Misinformation,0.8,False,True,"The image is confirmed to be AI-generated, which categorically classifies it as misinformation regardless of the claim's context. The visual veracity indicates a high confidence that the image is not a real photograph, and the details about the airplane's acceleration and contrails are irrelevant in this case."
ds8942,Not Misinformation,0.9,False,True,"The image depicts an old-fashioned kitchen setup that aligns with the claim of being set up for guests. The description matches the characteristics of traditional kitchens, which are known for their welcoming and functional designs. Additionally, the evidence supports the popularity and appeal of old-fashioned kitchens for gatherings and events."
2649,Not Misinformation,0.8,False,True,"The image aligns with the claim of trees growing through old farm equipment, which is a plausible scenario in a natural setting. The visual veracity indicates that the image is not AI-generated, and the context is supported by evidence of nature reclaiming old machinery and abandoned farm equipment being found in wooded areas."
ds8677,Misinformation,0.8,False,True,"The image is identified as AI-generated with a high confidence level, which confirms it as misinformation regardless of the other signals. The visual elements, such as the unnatural arrangement of the orange and spinach, further support this classification."
2915,Not Misinformation,0.8,False,True,"The image shows a restroom map that may be intended for navigation, but it is unclear if it is specifically designed for the blind. The evidence indicates that tactile restroom maps for the blind are being developed, but they are not common. The image does not provide enough information to definitively state that the map is for the blind, hence the claim is not fully substantiated."
4752,Misinformation,0.8,False,True,"The image is confirmed to be AI-generated, which directly leads to the classification of misinformation. Additionally, the claim about Robert Pattinson and Kristen Stewart having buzz cuts is unsupported by evidence, as neither has been reported to have such hairstyles. The image does not depict either individual, further weakening the connection to the headline."
ds8815,Misinformation,0.9,False,True,"The image is AI-generated, depicting a bear's head under a blanket, which is not a realistic scenario. This indicates that the image does not accurately represent the claim about a baby blanket and comforter. The visual veracity confidence is high, confirming the AI generation."
3855,Misinformation,0.8,False,True,"The claim that 'Maximum Overdrive' is only a 1980 romance film is false. 'Maximum Overdrive' is actually a 1986 science fiction action horror film directed by Stephen King. Additionally, the image is identified as AI-generated, which further supports the classification of misinformation."
2756,Misinformation,0.9,False,True,"The image is confirmed to be AI-generated, which categorically classifies the content as misinformation regardless of the claim's context. The visual veracity confidence is high, indicating that the image does not represent a real person or event. Additionally, the claim about the 'tree man' being cured is misleading as recent reports indicate that his condition has returned."
ds7291,Not Misinformation,0.8,False,True,"The claim about Nicky Henderson with Sprinter Sacre during an open day at Seven Barrows in February 2013 is supported by evidence confirming that Nicky Henderson hosted open days and that Sprinter Sacre was present at Seven Barrows during that time. The image does not appear to be AI-generated, and the details align with historical events."
ds7399,Misinformation,0.9,False,True,"The image does not depict Julia Stiles, Paul Greengrass, or Matt Damon, nor does it show the premiere of The Bourne Ultimatum. The claim is misleading as it suggests a connection to the event that is not present in the image."
9058,Misinformation,0.8,False,True,"The image is identified as AI-generated with a high confidence level, indicating it does not represent a real plate of food. The claim about broccoli is irrelevant as the image does not depict broccoli at all."
ds2311,Not Misinformation,0.95,False,True,"The image aligns with the claim of a big cat sitting in a little bowl, and there are no indications that the image is AI-generated. The behavior of cats sitting in small spaces is well-documented and aligns with the humorous nature of the claim. Additionally, the evidence supports the idea that cats enjoy sitting in small spaces, which is relevant to the claim."
ds3931,Misinformation,1.0,False,True,"The claim that Toy Story 2 was produced by DreamWorks is false. Toy Story 2 was produced by Pixar Animation Studios, as confirmed by multiple sources. The image does not change the fact that the claim is incorrect."
ds2471,Not Misinformation,0.95,False,True,"The image depicts a woman sitting on a chair with an umbrella, which aligns with the claim. The visual veracity indicates that the image is not AI-generated, and the evidence supports the existence of similar images. Therefore, the claim is accurate."
9577,Not Misinformation,0.8,False,True,"The claim that Brian and Eileen Maguire said it was an excellent waiting to happen is supported by evidence indicating that they expressed concerns about their son's death being preventable due to inadequate safety measures, describing it as 'an accident waiting to happen'. This aligns with the retrieved evidence from the BBC, which directly quotes them on this matter. The image does not appear to be AI-generated and depicts a genuine emotional moment, further supporting the context of the claim."
ds7360,Not Misinformation,0.9,False,True,"The image shows Bernie Sanders speaking, which aligns with the claim that he appeals to students on big issues at George Mason University. Evidence confirms that he did speak at George Mason University on October 28, 2015, addressing various political issues relevant to students."
ds8806,Misinformation,0.9,False,True,"The image is AI-generated, as indicated by the presence of human-like legs on the elephants, which is anatomically impossible. This suggests manipulation or generation rather than a genuine photograph. Additionally, the claim about elephants standing on a balcony is misleading, as there is no evidence to support that elephants typically stand on balconies."
ds9145,Misinformation,0.8,False,True,"The image is confirmed to be AI-generated, which categorizes it as misinformation regardless of the claim's relevance. The visual veracity confidence is high, indicating that the image lacks authenticity."
ds137,Not Misinformation,0.8,False,True,"The image depicts police activity, which aligns with the claim about an arrest related to a building society raid. The retrieved evidence confirms that there were arrests made in connection with a building society raid, specifically mentioning the Nationwide Building Society in Wallsend. However, the image does not provide direct evidence linking the arrest to the specific raid mentioned in the claim."
ds5761,Misinformation,0.8,False,True,"The image is identified as AI-generated with a confidence level of 0.8, which indicates a high likelihood of manipulation. This directly leads to the classification of the content as misinformation, regardless of the factual accuracy of the claim about the Burj Khalifa."
ds2309,Not Misinformation,0.9,False,True,"The image depicts a pizza pie being enjoyed in a cafe-like setting, which aligns with the claim. The visual veracity signals indicate that the image is not AI-generated and appears genuine. Additionally, the evidence supports the popularity of pizza in cafes and provides context about where to find such dining experiences."
7826,Misinformation,0.9,False,True,"The claim about a woman returning from Mecca and hanging a green flag and towel is not supported by the evidence. The image does not depict a woman or the specific items mentioned, and the sources do not provide any information about such an event occurring in Novosasitli. Additionally, the green flag's significance in the context of Novosasitli is not clearly defined in the sources, further undermining the claim."
ds8646,Misinformation,0.8,False,True,"The image is identified as AI-generated with a confidence of 0.8, which meets the definitive rule for misinformation. The unnatural appearance of the subjects and the context of the scene further support this classification."
ds5661,Misinformation,0.8,False,True,"The image is confirmed to be AI-generated, which directly leads to the classification of the claim as misinformation. Additionally, while there is research indicating that dogs can understand human words, the claim that they can 'speak' three human words is misleading and not supported by evidence."
ds2066,Not Misinformation,0.95,False,True,"The image depicts a giraffe in a zoo exhibit, which aligns with the claim. The visual veracity indicates that the image is not AI-generated, and the context is consistent with known giraffe exhibits in zoos."
1750,Not Misinformation,0.7,False,True,"The image does not appear to be AI-generated, and while it does not directly support the claim about Scarlett Johansson panicking over a band poster, there is no definitive evidence contradicting the claim either. The context of the headline is not fully represented in the image, but the lack of AI generation allows for a higher confidence level. The evidence does not provide specific comments from Johansson regarding a band poster, but it does mention her experiences and public appearances."
ds5872,Misinformation,0.8,False,True,"The image is confirmed to be AI-generated, which categorizes it as misinformation regardless of the claim's content. The headline suggests a positive reception of performances in 'The Punisher,' but the AI-generated nature of the image undermines its credibility."
8442,Not Misinformation,0.8,False,True,"The image does not depict Ben Stokes or the specific event described in the headline, but it is confirmed that Ben Stokes was indeed out to Peter Siddle during the Fifth Test at the Sydney Cricket Ground, where he misjudged a delivery and was bowled. The connection to the headline is supported by multiple sources confirming the event."
ds7662,Not Misinformation,0.8,False,True,"The claim about the receding water line of Lake Hodges is supported by multiple sources indicating that the water levels are indeed decreasing due to drought conditions and safety regulations. The image, while not directly related to the lake, does not contradict the claim. The evidence confirms that Lake Hodges has experienced significant reductions in water levels, with reports of billions of gallons being released to maintain safety standards."
ds6690,Misinformation,0.9,False,True,"The image is confirmed to be AI-generated, which categorically qualifies it as misinformation regardless of the context or elements depicted. The presence of a fictional character like Spider-Man further emphasizes the artificial nature of the image."
8225,Not Misinformation,0.7,False,True,"The image does not depict Charles Kennedy or any relevant subject related to the campaign trail in 2005, but it is not AI-generated. The claim about Charles Kennedy having a son named Donald is accurate, and he became a father during the 2005 campaign, which adds context to the claim. However, the image does not support the specific claim about Kennedy on the campaign trail."
ds9362,Not Misinformation,0.8,False,True,"The image depicts a surfer riding a white surfboard, which aligns with the claim. However, the specific detail about the shorts being red and black is only partially aligned, as the shorts are described as black and red. The visual veracity indicates that the image is not AI-generated, supporting the authenticity of the claim."
ds9100,Misinformation,0.8,False,True,"The image is confirmed to be AI-generated, which categorically qualifies it as misinformation regardless of the context or content of the image. The visual characteristics described, such as overly perfect flowers and unnatural colors, further support this classification."
2273,Not Misinformation,0.8,False,True,"The image depicts a modern bathroom with a white toilet, aligning with the claim. The description of the bathroom being very simple is partially supported by the visual evidence, although the overall context is not fully visible. The signals indicate that the image is not AI-generated, and the bathroom features are consistent with current design trends."
ds7198,Not Misinformation,0.8,False,True,"The image shows a golfer holding a trophy, which aligns with the claim that Rory McIlroy celebrates with the FedEx Cup trophy and the Tour Championship trophy. Evidence confirms that McIlroy has won both trophies multiple times, specifically in 2022. However, the image does not definitively identify the golfer as McIlroy, leading to a partial alignment."
ds1099,Not Misinformation,0.9,False,True,"The image aligns with the claim about Pakistani rescue workers removing a body from the site of a bombing in Lahore, as it depicts a scene consistent with such tragic events. The context provided by the evidence supports the occurrence of bombings in Lahore and the involvement of rescue workers in body recovery efforts. The visual veracity indicates that the image is not AI-generated, further supporting the authenticity of the claim."
540,Misinformation,0.9,False,True,"The claim that Serena Williams questioned a call is not supported by the evidence, which focuses on her recent performances and interactions regarding her retirement. Additionally, the claim about her advancing to the final is accurate, but the context of questioning a call is not confirmed. Therefore, the overall claim is misleading."
3405,Misinformation,0.8,False,True,"The image is confirmed to be AI-generated, which directly leads to the classification of the claim as misinformation. Additionally, the claim about David Lloyd George being voted the second greatest British prime minister is supported by evidence from Wales Online, confirming the poll results."
6581,Misinformation,0.8,False,True,"The image is identified as AI-generated, which confirms it as misinformation regardless of the other signals. The unusual context of a cat wearing glasses further supports this classification."
4642,Not Misinformation,0.9,False,True,The image does not appear to be AI-generated and aligns with the context of the claim regarding Cindy Crawford and her daughter Kaia Gerber. The evidence supports the relationship and discussions about Kaia's modeling future and her admiration for Kendall Jenner.
ds3953,Misinformation,0.8,False,True,"The image is AI-generated, as indicated by the presence of nonsensical text and an overly perfect composition, which raises doubts about its authenticity. This directly contradicts the claim that the Ukrainian Soviet Socialist Republic always represented itself, as the image does not provide a genuine representation."
4893,Not Misinformation,0.8,False,True,"The claim that Mark Wahlberg teased Mel Gibson about his weight and offered to become his personal trainer is supported by multiple sources, including reports from Gossip Cop that discuss the teasing dynamic between the two actors. Additionally, Wahlberg's respect for Gibson adds complexity to the claim, suggesting that while teasing may have occurred, it was not entirely negative. The evidence indicates that this interaction did take place during the filming of 'Daddy’s Home 2'."
ds8357,Not Misinformation,0.8,False,True,"The image depicts a realistic scene that does not relate to the claim about Christian Grey's tastes. The evidence supports that Christian Grey is characterized by BDSM preferences, indicating he does not have vanilla tastes. Additionally, the character's complexity suggests he may engage in vanilla experiences, but his primary inclinations are towards BDSM, aligning with the claim that he does not have vanilla tastes. This is supported by sources discussing his character's nature and preferences."
ds9069,Not Misinformation,0.7,False,True,"The image shows a box of doughnuts, which is related to the subject of the headline about doughnuts. However, it does not depict a rack with doughnuts in a glass case, which is a specific detail in the claim. The visual veracity indicates that the image is not AI-generated, supporting its authenticity."
4230,Not Misinformation,0.8,False,True,"The image features Amber Heard, who is relevant to the claim about her discussing her marriage to Johnny Depp. While the image does not provide direct evidence of her comments, the retrieved evidence indicates that she has made remarks about the impact of her marriage and the subsequent trial. For instance, she has expressed regret over her behavior during their marriage and discussed the effects of the trial on her life (source: https://people.com/johnny-depp-calls-himself-a-sucker-for-falling-in-love-with-amber-heard-rare-interview-after-trial-11758915 and https://www.facebook.com/pagesix/posts/amber-heard-makes-rare-comment-about-the-impact-of-johnny-depp-trial-i-lost-my-a/1262008659129751/)."
ds7600,Not Misinformation,0.8,False,True,"The image depicts a realistic financial environment, and the retrieved evidence supports the claim that Shanghai shares have been performing well, with specific mentions of significant increases in the Shanghai stock market. The evidence indicates that the Shanghai Composite Index has shown upward momentum, aligning with the claim about gains in Asia."
6611,Misinformation,0.9,False,True,"The image is AI-generated, featuring surreal elements such as figures with shark-like heads, which is not a realistic depiction of people wearing umbrella hats. This aligns with the visual veracity signal indicating the image is AI-generated with high confidence."
ds7016,Not Misinformation,0.9,False,True,"The claim accurately reflects the events surrounding Oscar Pistorius and the murder of Reeva Steenkamp. The image is confirmed to be genuine and relevant to the claim. The trial for premeditated murder indeed began on March 3, 2014, and Pistorius was found guilty of murder after an appeals court overturned his earlier manslaughter verdict."
ds5610,Misinformation,0.8,False,True,"The image is confirmed to be AI-generated, which is a definitive indicator of misinformation. Additionally, the claim about plants communicating telepathically is not scientifically supported, as real studies indicate that plants communicate through chemical signals rather than any form of telepathy."
5834,Misinformation,0.8,False,True,"The image is confirmed to be AI-generated, which directly leads to the classification of the claim as misinformation. Additionally, the claim that cats were involved in the creation of the iPhone 4 is false, as it was designed by Apple, not by cats."
8196,Not Misinformation,0.9,False,True,"Guy Scott did become the interim president of Zambia after the death of Michael Sata, and he is of Scottish descent. The image appears to be a genuine photograph, and the claim aligns with the retrieved evidence confirming both his interim presidency and descent."
ds9433,Not Misinformation,0.7,False,True,"The image does not appear to be AI-generated and depicts a train, although it may not match the description of a 'big long train with storage containers.' The evidence supports the existence of trains that carry storage containers, indicating that the claim is plausible. However, the specific image may not align perfectly with the claim."
ds6106,Misinformation,0.8,False,True,"The image is identified as AI-generated with high confidence, which directly leads to the classification of misinformation. The surreal context of a child holding a grenade further supports this classification. Additionally, the claim about grenades is ambiguous and does not align with the visual content, which is manipulated."
1901,Not Misinformation,0.8,False,True,"The claim about Venice's San Michele island cemetery gaining a pontoon for scattering ashes is supported by evidence of a temporary floating bridge being revived for All Souls' Day, which facilitates access to the cemetery. However, there is no specific confirmation that this pontoon is intended for scattering ashes. The image aligns with the subject but does not provide definitive proof of the pontoon's purpose."
ds1009,Not Misinformation,0.8,False,True,"The image depicts two individuals in a court setting, which aligns with the context of the claim regarding Capt Yevgeny Yerofeyev and Sgt Alexander Alexandrov appearing in a Ukrainian court. The evidence confirms that both individuals were indeed tried in Ukraine for their involvement in the conflict, and the image does not appear to be AI-generated."
978,Not Misinformation,0.8,False,True,"The claim that Frank Gehry designed Power Play chairs is supported by evidence confirming their design and features. The image does not appear to be AI-generated, and the chairs shown align with Gehry's style. However, the specific location of the Winter Garden is not definitively confirmed in the evidence provided."
9323,Not Misinformation,0.7,False,True,"The image does not depict a sink with a cabinet on legs, but rather a toilet and a storage unit. However, the image is not AI-generated, and the claim about the bathroom setting is partially true. The evidence supports the existence and benefits of legged bathroom cabinets, which are relevant to the claim."
4284,Not Misinformation,0.7,False,True,"The image does not appear to be AI-generated, and there is evidence supporting that Caitlyn Jenner was seen at Nobu Malibu with Sophia Hutchins. However, the specific details about the car and the nature of their relationship are not fully confirmed in the evidence."
1972,Not Misinformation,0.7,False,True,"The image appears to be a genuine photograph of a Chrysler 300C, and while the claim suggests that the new model is softer looking, reviews indicate that the Chrysler 300C is characterized by bold styling and a muscular presence rather than a softer look. The evidence supports that the design is not described as soft, which aligns with the claim's assertion. However, the image does not definitively confirm the model year, leading to a moderate confidence level."
ds3859,Misinformation,1.0,False,True,"The claim states that Korn released 'See You on the Other Side' in 2002, which is incorrect. The album was actually released on December 6, 2005. This is confirmed by multiple sources, including Wikipedia and Genius."
8063,Not Misinformation,0.7,False,True,"The image shows Taiko drummers, which aligns with the claim about their performance at a festival. However, there is no definitive evidence confirming that this specific performance took place at the Deep River festival in Ontario, Canada. The visual veracity indicates that the image is not AI-generated, supporting the authenticity of the drummers depicted."
9677,Not Misinformation,0.8,False,True,"The image depicts two cricketers celebrating, which aligns with the context of the headline about Dilshan and Sangakkara. The evidence confirms that they played together and had notable performances, including celebrations after significant victories. However, the specific event referenced in the claim is not definitively identified in the evidence, leading to a partial alignment."
7259,Not Misinformation,0.9,False,True,"The image depicts Bernie Sanders speaking, which aligns with the claim that he spoke in Des Moines, Iowa. The evidence confirms that he has spoken in Des Moines at various events, including rallies and caucus events. The visual veracity indicates that the image is genuine and not AI-generated."
ds100,Not Misinformation,0.8,False,True,"The image shows individuals in ice baths, which aligns with the claim about soothing sore muscles after a physical challenge. The Wembley challenge did take place, and ice baths are recognized for their benefits in muscle recovery. However, the image does not confirm the specific event of completing a Wembley challenge, leading to a partial alignment."
ds3706,Not Misinformation,0.9,False,True,"Robert Singer is a well-known television producer, director, and writer, with significant contributions to series like 'Supernatural' and 'Lois & Clark: The New Adventures of Superman.' The claim that he is incapable of writing contradicts his established career as a writer in the television industry. The image, while not confirming his identity, does depict a person engaged in writing, which aligns with his profession. Therefore, the claim lacks evidence and is not supported by the available information."
1782,Misinformation,0.9,False,True,"The claim states that North Korean workers are currently employed at the South-owned Shinwon clothes company in the Kaesong industrial park. However, the Kaesong Industrial Complex has been closed since 2016, and North Korean workers are not actively employed there. This contradicts the claim, making it misinformation."
4300,Not Misinformation,0.9,False,True,"The image is a genuine photograph of Robert Pattinson and Kristen Stewart, aligning with the headline discussing their careers and public perception. The evidence supports that both actors are taken seriously in their careers despite their past relationship overshadowing their achievements."
ds9598,Not Misinformation,0.7,False,True,"The image is not AI-generated and depicts a performance that could relate to an event like a Congress. While the specific details confirming it as the annual Congress are not provided, the context of the claim aligns with ongoing discussions about Congress. Critics have expressed mixed opinions about Congress, with some describing it as chaotic and unproductive, which could be interpreted as a blessing or a curse depending on perspective."
2237,Not Misinformation,0.9,False,True,"The image depicts a large bird flying over a heavily forested area, which aligns with the claim. The visual veracity indicates that the image is not AI-generated, and the evidence supports the presence of large birds in forested areas, such as the Harpy eagle, which is known to inhabit tropical rainforests. Additionally, the relevance of the image to the claim is high, as it accurately represents the described scene."
8411,Not Misinformation,0.7,False,True,"The image shows a hockey game involving the New York Rangers, and while it does not confirm the specific event of Mats Zuccarello scoring, the evidence indicates that he has scored for the Rangers in various games. The claim about Zuccarello scoring is plausible based on historical data, and there is no indication that the image is AI-generated. Therefore, it is reasonable to conclude that the claim is not misinformation."
ds9228,Not Misinformation,0.8,False,True,"The image shows a boat on a canal, which aligns with the claim of a large passenger boat floating down a canal. While the size and passenger capacity of the boat are not fully visible, the context supports the possibility of large passenger boats operating on canals. Additionally, the visual veracity indicates that the image is not AI-generated, further supporting the claim."
ds461,Not Misinformation,0.9,False,True,The claim that Bill Cosby's lawyers are attempting to get the case thrown out is supported by multiple sources indicating that his legal team is actively pursuing this action based on a previous commitment by a district attorney not to prosecute him. The evidence confirms that his lawyers are indeed pushing to have the sexual assault charges dismissed.
4368,Not Misinformation,0.8,False,True,"The image does not depict AI-generated content and appears to be a genuine photograph. The claims about Jennifer Garner and Josh Duhamel dating are supported by multiple sources, indicating that they are indeed rumored to be dating. Additionally, there are reports about Ben Affleck feeling threatened by these rumors, which aligns with the headline."
6660,Misinformation,0.8,False,True,"The image is confirmed to be AI-generated, depicting a surreal scenario that is not physically possible, which aligns with the visual veracity signal indicating it is AI-generated. This directly contradicts the claim about a man holding a ping pong paddle under a shelf."
ds831,Not Misinformation,0.9,False,True,"The claim that Scott Baio spoke at the Republican National Convention is supported by multiple sources confirming his participation in the 2016 RNC. The image aligns with the context of a formal event where an actor is speaking, and there are no indications of AI generation."
723,Misinformation,0.9,False,True,"The claim states that Reggie Bush scored a touchdown against the Bills, but evidence indicates that he played for the Buffalo Bills and scored a touchdown during a game against the Jacksonville Jaguars, not the Dolphins. Additionally, the Dolphins lost to the Bills 48-20 in a game on October 1, 2023, which further contradicts the claim."
ds4173,Misinformation,0.9,False,True,"The claim that a federal judge granted permission to subpoena Trump is misleading. While there have been instances of subpoenas related to Trump, the specific claim in the headline does not accurately reflect the legal context. A federal judge did not grant a subpoena for Trump himself; rather, rulings have been made regarding third-party subpoenas and document preservation. This is supported by evidence indicating that the judge's rulings pertain to third parties and not Trump directly (source: https://www.politifact.com/factchecks/2017/dec/05/newsgroopspeakcom/no-judge-grant-subpoena-president-donald-trump/). Additionally, the image is confirmed to be genuine and not AI-generated."
ds9215,Misinformation,0.8,False,True,"The image is identified as AI-generated with a high confidence level, indicating that it does not represent a real cow in front of a woodpile. The unnatural appearance of the cow and the blending of textures further support this conclusion."
ds6725,Misinformation,0.8,False,True,"The image is AI-generated, which is confirmed by the visual veracity signal indicating a confidence of 0.8. The surreal elements in the image, such as the levitating coffee cup and the defying gravity water, further support this classification. Additionally, the claim about fire hydrants being painted in patriotic colors is true, but the AI-generated nature of the image overrides this fact."
1792,Not Misinformation,0.8,False,True,"The claim about Ricky Muir being likely to be an elected senator despite receiving a tiny number of first preference votes is accurate. Muir was indeed elected to the Senate with only 0.51% of the primary vote, which is a historically low figure. This aligns with the evidence that confirms his election and the context of his party's performance."
2826,Not Misinformation,0.8,False,True,"The claim about the mug changing color depending on the amount of coffee in it is partially supported by evidence that color-changing mugs exist and function based on temperature changes. The image appears to be genuine and not AI-generated, which further supports the claim. However, the specific feature of changing color based on coffee level is not directly evidenced."
ds709,Not Misinformation,0.7,False,True,"The image shows a Bombardier CRJ700 landing, which aligns with the claim about a Delta Connection Bombardier CRJ700. However, the specific details regarding the location (Seattle-Tacoma International Airport) and the time (dusk in September 2015) cannot be confirmed from the image alone. While there is evidence that Delta Connection operated CRJ700 flights to Seattle in 2015, there is no direct confirmation of a specific landing incident during that time."
ds3448,Misinformation,0.8,False,True,"The image is identified as AI-generated, which definitively categorizes it as misinformation regardless of the claim about Younger being a town. The visual veracity confidence is high, indicating that the image does not represent a real scene. Additionally, the claim about Younger being a town is ambiguous and not directly supported by the evidence provided."
ds2474,Not Misinformation,0.95,False,True,"The image accurately depicts boats by a dock in water, which aligns with the claim. The visual veracity indicates that the image is not AI-generated, and the description matches the content of the image."
ds2010,Not Misinformation,0.95,False,True,"The image clearly depicts a tennis player serving the ball, which aligns perfectly with the claim. The visual evidence supports the action described in the headline, confirming that the player is indeed in the act of serving. Additionally, the retrieved evidence corroborates the context of serving in tennis, further validating the claim."
ds1564,Misinformation,1.0,False,True,"The claim that Woody Allen received the Cecil B. DeMille Lifetime Achievement Award in 2023 is false. In fact, Eddie Murphy received this award at the Golden Globes in January 2023, not Woody Allen. Multiple sources confirm this information, including the Golden Globes official site and various news articles."
ds2594,Misinformation,0.8,False,True,"The image is AI-generated, which is confirmed by the visual veracity analysis indicating unnatural appearances in the fingers and nails. This leads to the conclusion that the claim about nail polish matching a different part of the table depending on light is based on an AI-generated image, thus categorizing it as misinformation."
2501,Not Misinformation,0.7,False,True,"The image depicts a girl who appears happy while holding a bullfrog, which aligns with the claim. Although the sources do not confirm a specific instance of a girl catching a bullfrog, they provide information on the species and techniques for catching them, supporting the plausibility of the scenario."
7697,Not Misinformation,0.7,False,True,"The claim about a draft proposal suggesting two garden cities at Yalding in Kent and Gerrards Cross in Buckinghamshire is supported by evidence from a credible source. The retrieved evidence confirms that there was indeed a proposal for new settlements in these locations, as reported in 2014. Additionally, the image does not appear to be AI-generated, further supporting the authenticity of the claim."
ds2926,Not Misinformation,0.7,False,True,"The claim that the icon for debugging tools on the touch bar is a can of bug spray is not supported by evidence. The debugging tool icon is typically represented by a lightning bolt symbol, not a bug spray can. The context of debugging tools is present, but the specific subject from the headline is not confirmed. Additionally, the image is not AI-generated, which supports the conclusion that the claim is not misinformation."
ds1829,Not Misinformation,0.9,False,True,"The image depicts an MRAP vehicle, which is consistent with the claim that US school districts have acquired such vehicles under military equipment giveaways. The evidence supports that schools have indeed received MRAPs through programs like the Excess Property Program 1033."
ds4158,Misinformation,0.9,False,True,There are no credible reports or confirmations regarding Hillary Clinton filing for divorce from Bill Clinton. Multiple sources indicate that the rumors are unfounded and have been debunked. The image does not provide any context or confirmation of the event mentioned in the headline.
ds9891,Not Misinformation,0.8,False,True,"The image depicts a gathering that aligns with the theme of 'Pride and Prejudice,' and there is no evidence suggesting it is AI-generated. The relevance to the BBC adaptation is supported by the historical context of the image, which matches the period of the story. Additionally, the retrieved evidence confirms that the BBC's adaptation is a well-known 1995 television drama, which aligns with the claim."
3477,Misinformation,0.9,False,True,"The image is AI-generated, depicting an oversized octopus in a baseball setting, which is a surreal and impossible scenario. Additionally, the claim that 'Trouble with the Curve' stars a squid is false, as the film does not feature any squid or octopus characters. The context of the movie is inaccurately represented."
3415,Misinformation,1.0,False,True,"The claim that Hezbollah received zero support from Iran is false. Evidence shows that Iran provides Hezbollah with significant funding, training, weapons, and various forms of political and organizational aid. This relationship has been longstanding and is well-documented."
ds4821,Not Misinformation,0.8,False,True,"The claim that Meghan Markle kept her romance with Prince Harry secret from her Suits castmates is not definitively supported by evidence. While some sources suggest that her relationship was kept private, others indicate that her castmates expressed support and excitement regarding her romance. The image is genuine and does not indicate AI generation."
ds471,Not Misinformation,0.9,False,True,"The claim accurately describes how the Roboroach technology works, which involves controlling a cockroach's movements through electrodes connected to a smartphone via Bluetooth. The evidence supports this, confirming that RoboRoach is a real product that allows users to control cockroaches using a smartphone app. The image also aligns with the claim, showing the app in use with a cockroach."
ds4939,Not Misinformation,0.7,False,True,"The image shows a woman in high heels, which relates to the claim about stilettos. However, there is no direct evidence linking the individual to knee surgery or confirming the context of 'crippling' or 'Cait'. While high heels are known to cause health issues, the specific claim about Cait facing knee surgery is not substantiated by the evidence."
1818,Misinformation,0.9,False,True,"The claim that the Opinion Debate section has moved to the Viewspaper is false. Evidence indicates that the Washington Post's opinion section is undergoing an overhaul, but there is no mention of it moving to a platform called Viewspaper. Additionally, there is no specific information confirming an increase in reader letters in the Viewspaper format. Therefore, the claim is misleading."
ds4587,Not Misinformation,0.7,False,True,"The claim that Jennifer Aniston didn't spend $100K on a makeover is supported by evidence indicating that while she has incurred significant expenses during a hotel stay, there is no direct evidence linking this amount to a makeover. Additionally, recent reports about her beauty choices suggest a shift towards a more natural look rather than a costly makeover."
ds9253,Not Misinformation,0.8,False,True,"The image aligns with the claim as it depicts a coffee beverage and a cake, which are mentioned in the headline. Although the specific type of pastry is not identifiable and there is an additional banana present, the main subjects are consistent with the claim. The visual veracity indicates that the image is not AI-generated, supporting the authenticity of the claim."
ds8003,Misinformation,0.8,False,True,"The claim that a fireworks display in Weymouth marked the opening of London 2012 is misleading. Evidence indicates that Weymouth did not have a specific fireworks display for the London 2012 Olympics, as the town has its own tradition of organizing firework displays during summer holidays and on November 5th, but not specifically for the Olympics. Additionally, the opening ceremony of the London 2012 Olympics featured a different type of celebration, focusing on British culture and history, rather than fireworks in Weymouth."
4557,Not Misinformation,0.7,False,True,"The image does not appear to be AI-generated, and there is evidence supporting Ruth Negga's rising popularity and Hollywood status. The connection to the headline is somewhat weak due to the lack of clear identification of Ruth Negga in the image, but the overall context aligns with her recent projects and recognition in the industry."
ds8684,Misinformation,0.8,False,True,"The image is confirmed to be AI-generated, which categorically classifies it as misinformation regardless of the other signals. The unusual fur patterns and colors of the animals further support this conclusion."
