sample_id,label,confidence,abstain,parse_ok,rationale
ds6031,Misinformation,0.95,False,True,"The image is identified as AI-generated (confidence 0.9) by the visual veracity signal, depicting a surreal and impossible scene of a frog floating above a tank. The headline claims this is a 'recently declassified image from project ribbit thunder.' Evidence indicates that 'Ribbit' is a character from the animated series 'The Amazing Digital Circus' and there is no credible evidence of a real-world military project named 'Ribbit Thunder' associated with declassified imagery. The combination of an AI-generated image with a fabricated or misattributed military context constitutes misinformation."
3397,Misinformation,0.95,False,True,"The claim that Planet Hollywood Las Vegas is owned by a corporation based in Paris, Texas is false. According to multiple reliable sources, including Wikipedia and Caesars Entertainment's official fact sheets, Planet Hollywood Las Vegas is owned and operated by Caesars Entertainment, which is headquartered in Reno, Nevada. The image provided is flagged as AI-generated (confidence 0.8), which further undermines the veracity of the visual context, but the factual error in the headline is definitive. The ownership by a Texas corporation is a fabrication."
ds2700,Not Misinformation,0.65,False,True,"The image depicts a scaled quail, a species native to the Southwestern US and Mexico. The headline claims the bird is standing on one leg next to a raisin and a peanut. Evidence confirms that scaled quails do stand on one leg (Evidence [3] from Utah County Birders Newsletter). Furthermore, their diet includes seeds, grains, and berries (Evidence [1] from Bartleby, Evidence [3] from A-Z Animals), making it biologically plausible that they would interact with or be near peanuts (seeds/nuts) and raisins (dried fruit/berries) in a feeding context. While the specific presence of the raisin and peanut cannot be visually verified in the provided low-resolution context, the scenario is consistent with the bird's known behavior and diet, and there is no evidence suggesting the image is AI-generated"
ds4880,Not Misinformation,0.9,False,True,"The retrieved evidence confirms that Lindsay Lohan did wear a hijab while attending London Modest Fashion Week. Multiple sources, including The Independent and Yahoo Lifestyle, explicitly state that her appearance wearing the hijab sparked mixed feelings and reactions on social media, with some speculating about conversion to Islam and others discussing cultural appropriation or fashion. The image shows a woman in a hijab, which aligns with the factual event described in the headline. The module's visual veracity signal indicates the image is not AI-generated (though confidence is low, the evidence supports the factual basis of the claim). Therefore, the headline accurately reflects a real event and the associated social media reaction."
ds8852,Not Misinformation,0.65,False,True,"The claim states there are 'Three teddy bears and a stuffed cat on a bedroom wall.' The visual veracity module confirms the image is real (not AI-generated) and shows three teddy bears. However, the module explicitly notes there is 'no confirmation of a stuffed cat or that the setting is a bedroom wall,' describing the setting as a 'stone wall in a natural setting' instead. The retrieved evidence provides general information about teddy bears and stuffed animal decor but does not contain specific information verifying the presence of a stuffed cat or the specific location of the image in the claim. Since the visual analysis contradicts the 'bedroom wall' aspect (identifying it as a natural stone wall) and fails to confirm the 'stuffed cat,' the claim is likely inaccurate regarding the spec"
7551,Not Misinformation,0.85,False,True,"The claim states that snow has fallen across parts of the UK, specifically mentioning Kielder Water in Northumberland, and that more is predicted. Evidence [3] from BBC News explicitly confirms that 'Snow has fallen across parts of northern England and southern Scotland, with more forecast over the weekend.' Evidence [1] from AOL confirms that Kielder Water in Northumberland has experienced significant snow events (e.g., 'Beast from the East'). While the specific date of the image is not provided, the visual content (snowy landscape) is consistent with the reported weather events in the region. The image is verified as not AI-generated. The partial alignment noted in the module signals is due to the inability to geotag the specific photo instantly, but the factual claim regarding snow in K"
365,Misinformation,0.95,False,True,"The image is identified as AI-generated with high confidence (0.8). The visual evidence shows gorillas with unnatural, exaggerated features and expressions that are characteristic of AI generation rather than real photography. According to the definitive rule, if the image is AI-generated, the output must be Misinformation regardless of the factual accuracy of the headline's context (which is true: Kwita Izina ceremonies do occur in Rwanda). The image does not depict a real event but is a synthetic creation, making the pairing of this specific image with the claim of it showing a real event misleading."
ds4717,Not Misinformation,0.85,False,True,"The retrieved evidence confirms that Khloe Kardashian did follow a strict pregnancy diet imposed by Tristan Thompson after she indulged in junk food (specifically mentioned as cookies and ice cream in the headline, supported by evidence of her love for cookies and cream and binge eating struggles). Source [1] from Inquisitr explicitly uses the headline 'Khloe Kardashian Forced By Tristan To Follow ‘Strict’ Pregnancy Diet After Cookies & Ice Cream Binge', confirming the specific narrative. Source [2] from OK Magazine also discusses Tristan putting her on a diet. While the image provided in the module signals is irrelevant (not depicting the subjects), the claim itself is substantiated by multiple news reports. The visual mismatch does not make the textual claim misinformation, but rather in"
4718,Not Misinformation,0.85,False,True,"The headline suggests Jennifer Lopez might take a break from Alex Rodriguez. Evidence confirms that Jennifer Lopez and Alex Rodriguez did indeed take a break from their relationship, which led to their breakup and the cancellation of their engagement in March 2021 (Evidence [2], [3]). Furthermore, recent reports indicate that Rodriguez reached out to Lopez after his own recent breakup, suggesting ongoing interaction or a potential reconciliation phase, which aligns with the 'break' or 're-evaluation' narrative implied by the headline (Evidence Q3[3]). The image is a genuine photograph of Lopez (visual_veracity: false for AI). The headline is not misleading as it reflects a factual history of their relationship dynamics and current rumors of contact."
ds4306,Not Misinformation,0.95,False,True,"The retrieved evidence confirms that Eric Trump stated it would be 'foolish' for his father, Donald Trump, to release his tax returns. Multiple reputable news sources (HuffPost, The Guardian, Politico, The Hill, WSJ) from August 2016 report this specific quote and sentiment. The image depicts Eric Trump, aligning with the subject of the headline. The module signals correctly identify the visual as non-AI and relevant. Therefore, the headline accurately reflects the reported statement."
ds1370,Not Misinformation,0.95,False,True,"The retrieved evidence confirms that Kris and Bruce Jenner attended the 44th Annual Academy of Country Music Awards, which were held at the MGM Grand in Las Vegas on April 5, 2009. Specifically, evidence item [3] from Mirror Online and evidence item [3] from USA TODAY explicitly state that they attended this specific event in Las Vegas. The claim accurately reflects historical facts regarding their attendance at the ACM Awards in Las Vegas."
ds2101,Not Misinformation,0.9,False,True,"The claim describes a visual scene: 'A table topped with two wine glasses and a centerpiece.' The module signals confirm that the image is relevant (aligned=true, confidence=0.9) and depicts exactly this scene. The visual veracity signal indicates the image is not AI-generated (ai_generated=false). The retrieved evidence supports the general concept of table settings with wine glasses and centerpieces, confirming that such arrangements are common and well-documented in home decor contexts (e.g., Pinterest, MyDomaine, BHG). There is no evidence suggesting the image is fake or the description is misleading. The description is a factual summary of the image content."
5000,Misinformation,0.95,False,True,"The claim that President Obama made a secret deal to hand over U.S. territory to China to settle debt is factually false. Evidence shows that the only significant transfer of territory involving China in recent history was Hong Kong, which was returned by the United Kingdom to China in 1997, long before Obama's presidency. There is no record of any U.S. territory being ceded by the Obama administration to China. While the Obama administration engaged in diplomatic and trade relations with China, including discussions on debt holdings and trade enforcement, no such territorial settlement occurred. The image of the Obamas is unrelated to this fabricated event."
ds4724,,,False,False,PARSE_FAILURE
ds6329,Misinformation,0.95,False,True,"The image is identified as AI-generated with high confidence (0.9) by the visual veracity signal, depicting an impossible scenario of a man inside a shark. According to the definitive rule, if the image is AI-generated, the output must be Misinformation regardless of other signals. Furthermore, the headline claims a connection between 'What's Eating Gilbert Grape' (a drama with no shark scenes) and 'Sharkasaurus' (a 2014 creature feature), which is factually incoherent and unrelated to the film's content. The retrieved evidence confirms that 'What's Eating Gilbert Grape' is a drama without shark elements and that 'Sharkasaurus' is a separate, unrelated movie. The combination of an AI-generated image and a nonsensical headline linking unrelated entities constitutes misinformation."
ds1157,Not Misinformation,0.85,False,True,"The claim describes a person holding a banner during a pope's procession down Fifth Avenue to St. Patrick's Cathedral. Historical evidence confirms that Pope Paul VI visited New York City on October 4, 1965, and 55,000 people lined Fifth Avenue for his arrival at St. Patrick's Cathedral [Evidence 1, 2]. Similarly, Pope Francis traveled down Fifth Avenue on September 24, 2015, to attend evening prayers at St. Patrick's Cathedral [Evidence 1, 2]. While the specific detail of a 'person holding a banner' is not explicitly detailed in the snippets for these specific events, it is a highly plausible and common occurrence during such large-scale public processions involving thousands of supporters. The core factual elements (Pope, Fifth Avenue, St. Patrick's Cathedral, procession) are verified fo"
5013,Misinformation,0.85,False,True,"The headline claims a 'Controversial Dating Revelation Amid Divorce' for Brooke Burke. However, the retrieved evidence and module signals indicate that Brooke Burke is currently engaged to Scott Rigsby and is not currently going through a divorce. While she was previously divorced from David Charvet (finalized years ago), the current news cycle (June 2025) focuses on her engagement and wedding delays with Rigsby, not a new divorce or controversial dating revelations linked to a divorce. The image provided is also flagged as irrelevant to the specific claim, showing generic stage individuals rather than Burke. The headline misrepresents her current relationship status by framing it around a divorce that is not currently happening, constituting misinformation."
3983,Misinformation,0.95,False,True,"The claim states that 'A Good Day to Die Hard' was directed by John Moore in 2008. While the director attribution is correct (John Moore directed the film), the release year is factually incorrect. The retrieved evidence and module signals confirm that the film was released in 2013 (specifically February 14, 2013), not 2008. Additionally, the image provided is identified as AI-generated with high confidence (0.8), which triggers the definitive rule to classify the pair as Misinformation regardless of the textual accuracy of the director's name. The combination of a false date and an AI-generated image solidifies the misinformative nature of the content."
ds9980,Misinformation,0.85,False,True,"The image depicts a specific scene of a girl at a displacement camp near a Kurdish checkpoint. Evidence [3] from the first query and Evidence [1] and [2] from the third query confirm that such scenes occurred during the ISIS conflict (circa 2014-2017), specifically referencing the Khazer/Aksi Kalak checkpoint area where displaced families from Mosul settled in fields or camps. However, the module signals and the retrieved evidence for 'family settlement northern Iraq 2023' do not support the claim that this specific image is from 2023 or depicts a recent settlement event. The visual content (clothing, tent style, image quality) and the specific context of 'settling in a field' align with the 2014-2015 refugee crisis coverage (e.g., Daily Mail, NBC News reports from that era). The claim imp"
ds2354,Not Misinformation,0.85,False,True,"The image depicts a large airplane flying low in a cloudy sky. The module signals indicate the image is not AI-generated (visual_veracity.ai_generated=false) and is relevant to the claim. The retrieved evidence supports the plausibility of the scene: planes do fly low due to various factors such as landing approaches, weather conditions (clouds, heat), and specific airport procedures (e.g., LAX beach landings). While the evidence does not confirm a specific viral event matching this exact image, the visual content is physically plausible and consistent with known aviation behaviors. There is no evidence suggesting the image is fake or the claim is false. The claim is a descriptive statement about a visual event, which appears genuine."
ds9501,Misinformation,0.95,False,True,"The claim states that Ford's reelection campaign was 'brilliant.' Historical evidence confirms that Gerald Ford's 1976 reelection campaign was unsuccessful, as he lost the general election to Jimmy Carter. The campaign was widely criticized for its lack of clear strategy and was hampered by the lingering effects of the Watergate scandal and a difficult primary challenge from Ronald Reagan. Describing a failed campaign with significant strategic flaws as 'brilliant' is factually incorrect and constitutes misinformation. The retrieved evidence explicitly states the campaign was 'unsuccessful' and details the challenges it faced, contradicting the positive characterization in the claim."
ds4,Not Misinformation,0.95,False,True,"The claim states that after the Charlie Hebdo murders, surviving staff left their Paris offices for a temporary home at Liberation newspaper. Evidence from multiple sources confirms this sequence of events. Specifically, ABC News [3] and The Sydney Morning Herald [2] explicitly state that Charlie Hebdo staff 'squatting' or staying in an 'improvised space carved out of the newsroom of Liberation' for more than six months after the January 2015 attack, before moving into new rented offices in September/October 2015. The image provided appears to be a memorial scene, which is consistent with the aftermath of the attacks, though it does not directly depict the office relocation. However, the textual claim regarding the relocation to Liberation is factually supported by the evidence."
ds3871,Misinformation,0.95,False,True,"The claim that Meghan Markle was born in July is factually incorrect; she was born on August 4, 1981, as confirmed by multiple evidence sources [1], [2], [3]. Furthermore, the image provided is identified as AI-generated (visual_veracity ai_generated=true, confidence=0.8) and is irrelevant to the claim, showing nonsensical objects rather than the subject. According to the definitive rule, if the image is AI-generated, the output must be Misinformation regardless of other signals."
8830,Not Misinformation,0.85,False,True,"The claim describes an 'old clock hanging up against the side of a barn'. The retrieved evidence confirms that such images and objects exist. Specifically, Evidence [3] from Unsplash explicitly describes a photo titled 'A barn with a clock on the side of it', showing an old wood barn in Michigan. Additionally, Evidence [2] from WatchUSeek discusses a story about a clock built for a barn in rural Wisconsin. The module signals indicate the image is not AI-generated (visual_veracity ai_generated=false) and while the 'relevancy' signal was low (likely due to the specific visual context not being perfectly matched in the module's internal check or the image being a generic clock rather than the specific Unsplash photo), the existence of the described scenario is factually supported by the evide"
ds5053,Misinformation,0.85,False,True,"The claim that drinking green tea daily increases lifespan by exactly 'ten years' is a specific quantitative assertion that is not supported by the retrieved evidence. While multiple sources (e.g., [3] from Benzinger on Health, [3] from Nepal Tea Collective) confirm that green tea is associated with reduced risk of cardiovascular disease and may contribute to longevity or a lower risk of death, none of the sources cite a study claiming a specific ten-year extension of life. The evidence suggests general health benefits and potential longevity, but the specific 'ten years' figure appears to be an exaggeration or misrepresentation of the data, rendering the headline misleading/misinformation."
ds2437,Misinformation,0.95,False,True,"The claim states that the image shows an 'animal food tray and cage' that is empty. However, the image clearly depicts a disc golf basket (a metal chain basket used in the sport of disc golf) situated outdoors near a tree. The module signals correctly identify that the image is not of an animal food tray or cage, noting the 'aligned: false' relevancy. The claim misidentifies the primary subject of the image entirely. Since the headline describes objects (animal food tray, cage) that are not present in the image, the claim is factually incorrect regarding the image content, constituting misinformation."
ds6090,Misinformation,0.95,False,True,"The image is identified as AI-generated with high confidence (0.8) by the visual veracity module, citing surreal elements like a camel in a social setting. According to the definitive rule, if the image is AI-generated, the output must be 'Misinformation' regardless of other signals. The headline 'omg outside lands was like so fun' implies a genuine personal experience at the event, but the image is fabricated, making the pair misleading."
ds742,Not Misinformation,0.75,False,True,"The image depicts a protest with a 'WALL OFF TRUMP' banner, which aligns with the widespread anti-Trump demonstrations that occurred in Cleveland during the 2016 Republican National Convention (RNC). The RNC was held at the Quicken Loans Arena (now Rocket Mortgage FieldHouse) in Cleveland. While the specific claim that demonstrators 'blocked' or formed a barrier to Trump *at* the arena is not explicitly confirmed by the provided snippets (which mention protest routes near the arena and arrests for flag burning outside), the core elements of the claim (Trump protest, Cleveland location, Quicken Loans Arena vicinity) are factually consistent with the historical event. The 'WALL OFF TRUMP' slogan was a prominent feature of these protests. The image is verified as real (not AI-generated). The "
ds1754,Not Misinformation,0.95,False,True,"The claim states that Benedict Cumberbatch portrayed Julian Assange in the film 'The Fifth Estate'. Multiple pieces of evidence confirm this fact. Wikipedia explicitly states that 'The Fifth Estate' is a 2013 biographical thriller film starring Benedict Cumberbatch as Julian Assange [1]. IMDb and Rotten Tomatoes also list Benedict Cumberbatch in the role of Julian Assange for this film [2, 3]. The image signals indicate the image is not AI-generated and is relevant to the claim. Therefore, the claim is factually correct."
4580,Not Misinformation,0.6,False,True,"The claim that Kourtney Kardashian 'picks' Kylie Jenner's lip kit over Kim Kardashian's contour sticks is a subjective preference or a specific anecdote that is not supported by the provided evidence as a general fact or widely reported news event. The evidence confirms the existence of Kylie's lip kits and Kim's contour sticks but does not verify Kourtney's specific preference or choice between them. The image is identified as a genuine photograph (not AI-generated) but is irrelevant to the specific claim (low relevancy). Since the claim is likely a fabricated or highly specific unverified anecdote often used in clickbait, and there is no evidence supporting the specific 'picking' action, it leans towards misinformation in the context of factual reporting. However, without definitive proo"
ds50,Not Misinformation,0.95,False,True,"The claim states that Rachael Drouet has still not tracked down the owners of the decorations. Evidence [3] from BBC News explicitly states: 'Rachael Drouet has still not tracked down the owners of the decorations.' This directly confirms the claim. The image shows decorations and a cat, which is consistent with the context of the story about a cat stealing decorations, although the image itself does not prove the specific outcome of the owner search. The visual veracity is genuine (not AI-generated). Therefore, the claim is supported by evidence."
8392,Not Misinformation,0.95,False,True,"The retrieved evidence confirms that Oregon Attorney General Ellen Rosenblum filed a lawsuit against GNC in October 2015, alleging that the company sold dietary supplements containing illegal synthetic chemicals, specifically BMPEA and picamilon. The claim accurately reflects these public legal allegations. Although the module signals indicate the image is irrelevant (showing Nurofen instead of GNC products), the claim itself is factually grounded in the historical record of the lawsuit. The image mismatch does not make the textual claim misinformation, but rather indicates a mismatched media asset. Since the claim is supported by evidence and the image is not AI-generated, the verdict is Not Misinformation."
ds7878,Not Misinformation,0.65,False,True,"The claim describes a specific event: a Bangladeshi family wading through floodwaters to refuge in Harinagar, Satkhira. The retrieved evidence confirms that Harinagar (a rural municipality in the Satkhira district of Bangladesh) has indeed suffered significant flooding, with reports citing losses of over Rs 242 million and displacement of residents (Evidence [1] from risingnepaldaily.com, though the URL suggests a Nepali source, the content explicitly names 'Harinagar rural municipality' in the context of Bangladesh floods often reported in regional media; additionally, Evidence [2] from dhakatribune.com confirms flooding in Satkhira's Burigoalini union, which is in Harinagar upazila). The visual signals indicate the image is real (not AI-generated) and depicts people wading through floodw"
ds4278,Misinformation,0.95,False,True,"The claim that Obama seized Russian mansions to be used as illegal gifts for his daughters Sasha and Malia is false. While it is true that the Obama administration seized two Russian diplomatic compounds in December 2016 as retaliation for election interference (as confirmed by PolitiFact and BBC reports), there is no evidence that these properties were intended as gifts for the Obama daughters. The seizure was a diplomatic sanction, not a real estate transaction for personal use by the First Family. The headline conflates the actual seizure of diplomatic properties with a fabricated narrative about gifts to the daughters, which is a known debunked rumor."
ds6954,Misinformation,0.95,False,True,"The claim contains two factual errors regarding Martin Hairer's employment and the visual content. First, the claim states he teaches at the University of Warwick; however, evidence [1] and [2] confirm he is a Professor at EPFL and Imperial College London, not Warwick. Second, the module signals indicate the image is AI-generated (ai_generated=true, confidence=0.8) and irrelevant to the subject. Per the definitive rule, if the image is AI-generated, the output must be Misinformation regardless of other signals."
ds3520,Misinformation,0.95,False,True,"The claim states that Ice-T was 18 years old when he signed to Sire Records in 1987. However, evidence confirms that Ice-T was born on February 16, 1958. In 1987, he would have been 29 years old (turning 29 in February 1987). The claim regarding his age is factually incorrect. While the part about signing to Sire Records in 1987 is true, the specific detail about his age makes the overall claim false."
7044,Not Misinformation,0.85,False,True,"The claim states that Democratic presidential candidate Hillary Clinton was at a rally in Columbus, Ohio. The retrieved evidence confirms that Hillary Clinton, as a Democratic presidential candidate, held multiple rallies and speaking events in Columbus, Ohio, specifically in 2015 and 2016 (e.g., June 21, 2016, at Fort Hayes Vocational School, and September 10, 2015, at a 'Women for Hillary' meeting) [1, 3]. The image shows a woman who appears to be Hillary Clinton. While the specific date or exact location within Columbus cannot be definitively verified from the image alone, the event described (Clinton at a rally in Columbus) is factually grounded in historical records. The image is not AI-generated. Therefore, the claim is consistent with known facts and is not misinformation."
ds9094,Misinformation,0.95,False,True,"The image is identified as AI-generated with high confidence (0.8) due to nonsensical text artifacts ('OLLD PARNG', 'PLEWK $TNC') on the sign, which is a hallmark of generative AI models. According to the definitive rule, if the image is AI-generated, the output must be 'Misinformation' regardless of other signals. The headline claims the image depicts 'Two old street parking meters surrounded by weeds,' but the visual content does not clearly show two distinct meters, and the AI generation nature invalidates the image as a factual representation of reality."
ds3303,Misinformation,0.9,False,True,"The claim states that Scandinavia includes Svalbard and Jan Mayen. According to the retrieved evidence and standard geographical definitions, Scandinavia typically comprises only Denmark, Norway, and Sweden (or the Scandinavian Peninsula). Svalbard and Jan Mayen are part of the Kingdom of Norway but are geographically distinct and are classified as part of the broader 'Nordic' region, not Scandinavia. Specifically, evidence [2] from scandification.com explicitly states 'Svalbard is part of the Nordic region' and distinguishes it from Scandinavia. Similarly, Wikipedia [1] and [2] define Scandinavia as Denmark, Norway, and Sweden, noting that the term is sometimes used loosely for Nordic countries but is geographically distinct from territories like Svalbard. Therefore, the claim is factuall"
ds7131,Not Misinformation,0.65,False,True,"The claim states that Karen O performed at the ceremony (the 86th Academy Awards) and wore specific attire (black satin Camilla Staerk dress and Neil Lane jewels). Evidence [1] and [3] from the retrieved set confirm that Karen O performed at the 2014 Oscars. While the specific details regarding the designer of her dress and the jeweler are not explicitly confirmed in the provided snippets (which focus on other aspects or fail to identify the dress), there is no evidence contradicting the claim. The module signals indicate the image is real (not AI-generated) and relevant. Given the lack of contradictory evidence and the confirmation of the core event (performance), the claim is treated as plausible/not misinformation, though specific fashion details remain unverified by the limited evidenc"
ds7823,Misinformation,0.95,False,True,"The claim states that the image depicts the Berlaymont building, which houses the European Commission. However, the module signals explicitly state that the image is 'not aligned' with the claim, noting that 'The image does not depict the Berlaymont building or any related subject' and shows a 'different structure'. The Berlaymont building is a distinctive, cross-shaped office building in Brussels (confirmed by evidence [1], [2], [3] from the 'Is the Berlaymont building in Brussels?' queries). Since the image does not show the building described in the headline, the pairing is false/misleading. Although the visual veracity signal indicates the image is not AI-generated, the fundamental mismatch between the image content and the headline constitutes misinformation."
1047,Not Misinformation,0.95,False,True,"The retrieved evidence confirms that Kentucky Governor Matt Bevin addressed the Kentucky Chamber of Commerce dinner on Thursday, January 7, 2016. Specifically, evidence item [1] from NY Mag explicitly states: 'Kentucky governor Matt Bevin addresses the Kentucky Chamber of Commerce dinner, Thursday, January 7, 2016.' Additionally, evidence item [2] from Kentucky Living mentions 'Governor Matt Bevin addresses audience at Kentucky Chamber Day in Lexington' on Jan 8, 2016, which aligns with the event timing (Chamber Day events often span multiple days or the date in the claim is the specific dinner date). The location 'Heritage Hall' is part of the Lexington Convention Center, which is a known venue for such events in Lexington, KY. The image signals indicate the photo is not AI-generated and "
ds8744,Not Misinformation,0.75,False,True,"The claim describes a shirtless man skateboarding in mid-air above people. The retrieved evidence does not support the specific narrative of a recent viral incident involving a shirtless skateboarder jumping over people (which might be confused with the unrelated Breeze Airways incident where a man waved a skateboard, or the Melbourne skyscraper stunt which involved a different context). However, the image itself is identified as a plausible, real-world skateboarding photo (visual_veracity ai_generated=false). The 'answers' module suggests the image might be of Brian Wenning or a generic skate photo. The claim is a literal description of a skateboarding action (mid-air trick). While the 'above some people' part is ambiguous in the image (focus is on stairs), it is not definitively false or"
ds9896,,,False,False,PARSE_FAILURE
ds3482,Misinformation,0.95,False,True,"The claim that 'Gotham City Sirens failed to be published' is factually incorrect. Evidence confirms that 'Gotham City Sirens' is a published comic book series by DC Comics. Multiple issues have been released, including #1, #2, #3, and #4, with ongoing publication as of 2024 (e.g., issue #3 released in August 2024). While there was a planned film adaptation that faced delays or changes in status, the comic series itself has been successfully published and continues to be released. The image shows physical copies of these comics, further corroborating their existence and publication."
3081,Misinformation,0.95,False,True,"The claim states that 'Story of My Life' was recorded exclusively by a girl band. The retrieved evidence clearly identifies the most prominent song with this title as being recorded by One Direction, which is an English-Irish boy band (male), not a girl band. Additionally, other versions exist by artists like Irma Thomas (female solo artist) and Social Distortion (male band), but none are recorded by a 'girl band'. Therefore, the claim is factually incorrect regarding the primary entity associated with the title and the gender composition of the recording artist."
6149,Misinformation,0.85,False,True,"The image is identified as AI-generated with high confidence (0.8). According to the definitive rule, if the image is AI-generated, the output must be 'Misinformation' regardless of other signals. The image depicts a surreal scenario (a dog reading a book) which is visually inconsistent with the abstract philosophical claim in the headline, further supporting the classification of the pair as misleading or fabricated content."
ds6053,Misinformation,0.9,False,True,"The image is identified as AI-generated with high confidence (0.9) by the visual veracity module. The image depicts a surreal and physically impossible scenario (a rabbit riding a pink tricycle) that does not align with reality. The headline 'dont judge its what hes always wanted' implies a specific narrative or context about a person's desires, which is completely disconnected from the visual content of a rabbit on a bike. According to the definitive rule, if the image is AI-generated, the output must be Misinformation regardless of other signals. The irrelevance of the image to the headline further supports the classification of this pair as misleading or fabricated content."
5357,Misinformation,0.85,False,True,"The headline claims that a 'Stimulus' unveils the Education Secretary's controversial plan involving financial risks. However, the retrieved evidence indicates a conflation of two distinct events from different time periods. Evidence [2] from the NEA (dated March 2026) confirms that Education Secretary Linda McMahon and President Trump are actively pursuing a plan to 'dismantle' or abolish the Department of Education, which is the 'controversial plan' referenced. Meanwhile, Evidence [1] and [2] from the Reason Foundation and NYT (dated 2009) discuss a 'Huge Education Stimulus Plan' involving $147 billion in funding. The current administration's plan (2026) is about dismantling the department, not a stimulus package. The headline incorrectly attributes the controversial dismantling plan to "
ds3839,Misinformation,0.95,False,True,"The claim contains two parts: that Dev Patel starred in 'Chappie' and that 'Chappie' is an animated movie. While the first part is true (Dev Patel is in the cast), the second part is false. 'Chappie' is a live-action science fiction film that uses visual effects and motion capture to create the robot character, but it is not an animated movie in the traditional sense (like a fully CGI or hand-drawn animation). Furthermore, the module signals indicate that the image provided is AI-generated (visual_veracity.ai_generated=true with 0.9 confidence). According to the definitive rule, if the image is AI-generated, the output must be 'Misinformation' regardless of other signals. The combination of a false premise about the film's genre and an AI-generated image confirms the label."
7469,Not Misinformation,0.95,False,True,"The retrieved evidence confirms that Donald Trump held a rally in Bangor, Maine, on October 15, 2016. Specifically, source [2] under the query 'Trump rally Bangor Maine October 15 2016' is a YouTube video titled 'Donald Trump Rally, Bangor, Maine, Oct. 15, 2016', and source [3] is a Press Herald article dated October 15, 2016, describing the rally at the Cross Insurance Center. The module signals also confirm the image is not AI-generated and aligns with the subject. Therefore, the headline accurately describes a real event."
ds3252,Misinformation,0.95,False,True,"The claim that 'Little Dorrit was only published in the 1980s' is factually incorrect. Evidence confirms that Charles Dickens' novel 'Little Dorrit' was originally published in serial form between 1855 and 1857, and in book form in 1857. While there was a 1988 film adaptation and a 2008 TV miniseries, the novel itself dates to the 19th century. Furthermore, the module signals indicate the image is AI-generated (confidence 0.8), which triggers the definitive rule to output 'Misinformation' regardless of other signals. The combination of the false publication date claim and the AI-generated nature of the visual content solidifies the verdict."
ds3976,Misinformation,0.95,False,True,"The claim that the United States is one of the ABC Islands is factually false. The ABC Islands consist of Aruba, Bonaire, and Curaçao, which are constituent countries and special municipalities within the Kingdom of the Netherlands, not the United States. Furthermore, the module signals indicate that the image is AI-generated (ai_generated=true, confidence=0.8). According to the definitive rule, if the image is AI-generated, the output must be Misinformation regardless of other signals. The evidence confirms the political status of the ABC Islands and the AI nature of the image."
9974,Not Misinformation,0.6,False,True,"The headline 'Oh please do nt let Kanye send a reply tweet We need to know that' is a subjective expression of anticipation or anxiety regarding Kanye West's social media activity. The retrieved evidence confirms that Kanye West is an active and controversial Twitter user who frequently posts provocative content (e.g., recent tweets about Kim Kardashian, antisemitic remarks, etc.). The image shows Kanye West, aligning with the subject of the headline. While the specific 'reply tweet' mentioned is not identified in the evidence, the headline does not make a verifiable factual claim that can be proven false; rather, it expresses a sentiment about his potential actions. Since the image is not AI-generated and the subject is real and relevant, and the statement is not a demonstrably false fact"
4125,Not Misinformation,0.85,False,True,"The claim states that Kevin Hart played himself in a J. Cole music video, reliving his cheating scandal. Evidence [2] from amomama.com explicitly confirms that Kevin Hart appeared in a J. Cole music video where he 'played an unfaithful man, similar to his real life scenario with his wife' regarding his 2017 cheating scandal. While the specific song title isn't named in the snippet, the core assertion that he appeared in a J. Cole video portraying his infidelity is supported. The image provided is a generic photo of Kevin Hart and does not contradict the claim, nor does it prove it directly, but the textual evidence supports the factual basis of the headline's narrative. The module signals correctly identified the lack of visual alignment but the answers and retrieved evidence confirm the e"
ds2506,Not Misinformation,0.85,False,True,"The claim is supported by specific evidence found in the retrieved snippets. Snippet [3] from the first evidence block explicitly states: 'There is now fencing around the first two buildings to catch the falling bricks and the courtyards have been closed off to visitors'. This directly confirms the existence of such fences in Warsaw for the stated purpose. While other snippets discuss falling bricks in other locations (Edmonton, Bath, London) or historical ruins, the specific confirmation of the fence's purpose in Warsaw validates the core of the claim. The image shows a building with protective fencing, consistent with the description."
ds6253,Misinformation,0.95,False,True,"The image is identified as AI-generated with high confidence (0.9) by the visual veracity module. The image depicts a surreal and nonsensical scene (a mouse in a car with human characters) that does not correspond to the original source of the meme, which is a specific scene from the 2004 film 'Mean Girls' featuring Rachel McAdams and Lindsay Lohan in a convertible. The retrieved evidence confirms the origin of the phrase and the original visual context (a sports convertible with human actors). Since the image is AI-generated and does not depict the actual event or character referenced by the caption, it constitutes misinformation."
ds6291,Misinformation,0.9,False,True,"The image is identified as AI-generated with high confidence (0.9) by the visual veracity module. The module notes that the scenario of a human riding a gazelle is physically impossible in the manner depicted and that the anatomy appears unnatural. According to the definitive rule, if the image is AI-generated, the output must be Misinformation regardless of other signals. While real statues of humans and gazelles exist (e.g., the Bronze Gazelle Statue in Tripoli or works by Marshall Fredericks), the specific image provided is a synthetic creation, not a photograph of a real-world object. Therefore, presenting it as a factual depiction of a statue is misleading."
ds9638,Not Misinformation,0.85,False,True,"The claim states that two presenters appeared on YouTube to say the story was staged. Evidence confirms that Tania Reza and Enrique Tovar, hosts of 'A Toda Máquina', appeared in a YouTube video (specifically cited in evidence [1] under 'When did they appear' and referenced in BBC/HuffPost articles) where they initially claimed the on-air groping incident was a staged hoax orchestrated by the producer. While the narrative later evolved (with Reza recanting and claiming she was pressured), the specific claim that they appeared on YouTube to say the story was staged is factually accurate based on the viral video released in late October 2015. The image signals align with this event, and the visual veracity is genuine."
ds994,Not Misinformation,0.95,False,True,"The image depicts performers forming the Olympic rings during a closing ceremony. Evidence confirms that the Olympic rings were indeed formed and featured during the closing ceremony of the Paris 2024 Summer Olympics (Source [1] from Q4, Source [3] from Q1). The visual veracity signals indicate the image is not AI-generated. The description aligns with factual events from recent Olympic history."
ds5728,Not Misinformation,0.85,False,True,"The headline claims Jenny McCarthy had her 'debut in the Entertainment Industry' in 1995. Evidence confirms that while her modeling career began in 1993 (Playboy), 1995 is widely cited as the year she rose to significant fame and mainstream recognition, specifically being named Playmate of the Year in 1994/1995 and gaining wider visibility. The phrase 'debut... to fame' can be interpreted as the start of her famous career phase rather than her absolute first professional appearance. Given that 1995 marks a pivotal year in her rise (PMOY, increased media presence) and the image is a real magazine cover (not AI-generated), the claim is considered substantially accurate in the context of her 'meteoric rise'. The evidence supports that 1995 was a key year for her fame, even if her very first m"
2731,Not Misinformation,0.85,False,True,"The image depicts a doll in a car window, which aligns with the claim of an 'innovative take' on a 'baby on board' sticker. The module signals confirm the image is a genuine photograph (not AI-generated) and relevant to the topic. The retrieved evidence supports the existence of various creative, humorous, and non-traditional 'baby on board' stickers (e.g., surfboards, funny phrases, dolls) available on platforms like Etsy and TikTok. While the image shows a doll rather than a printed sticker, this is a common real-world variation or prank often categorized under 'innovative' or 'funny' baby on board displays. There is no evidence suggesting the image is fake or the claim is deceptive misinformation; it is a literal representation of a creative interpretation of the safety sign."
ds2331,Not Misinformation,0.9,False,True,"The claim describes a generic visual scene: 'A man standing on a tennis court holding a racquet.' The retrieved evidence confirms that such images are common stock photography (Getty Images, Shutterstock, Pexels) and that the visual signals indicate the image is a genuine photograph (AI-generated=false). There is no specific temporal, locational, or identity-based claim in the headline that could be verified as false against the image content. The image aligns with the description, and the evidence supports the existence and nature of such imagery. Therefore, it is not misinformation."
9107,Misinformation,0.85,False,True,"The visual veracity signal indicates that the image is AI-generated with a high confidence of 0.8. According to the definitive rule, if the image is AI-generated, the output must be 'Misinformation' regardless of other signals. The image depicts a scene that, while plausible in content (silver oven next to appliances), is not a real photograph but a synthetic creation, making the claim about a specific physical instance misleading."
ds3649,Misinformation,0.95,False,True,"The claim states that 'An Educated' was created only by journalist Nora Ephron. This is factually incorrect. 'Educated' (often referred to as 'An Educated' in the claim) is a memoir by Tara Westover, published in 2018. Nora Ephron (1941–2012) was a renowned journalist, screenwriter, and filmmaker known for works like 'When Harry Met Sally...' and 'Julie & Julia', but she did not write 'Educated'. Furthermore, Ephron passed away in 2012, before the publication of Westover's memoir. The retrieved evidence confirms Ephron's career as a journalist and writer but lists her actual works (e.g., 'Heartburn', 'Silkwood'), none of which are 'Educated'. The module signals also correctly identify that Ephron did not create 'An Educated'. Therefore, the claim is false."
7187,Not Misinformation,0.85,False,True,"The claim states that Supreme Leader Ayatollah Ali Khamenei waved during a meeting in Tehran last September. Based on the retrieved evidence, Ayatollah Khamenei made a public appearance in Tehran on September 17, 2022, at a religious ceremony (Arbaeen anniversary) where he addressed university students. Multiple sources confirm his presence and public engagement during this period. Specifically, one evidence snippet mentions he 'waved to the crowd' on September 18 (likely referring to the same timeframe or a related public appearance following the 17th). Another snippet confirms he spoke during a meeting with war commanders on September 21, 2022. While the specific action of 'waving' is most explicitly linked to the September 17/18 public appearances rather than the closed-door meeting on "
ds5161,Misinformation,0.95,False,True,"The claim that Mike Pence has 'secret ties to a Russian spy agency' is false. The retrieved evidence and module signals confirm that Mike Pence has consistently taken a hardline stance against Russia, describing Russian aggression as a major threat to NATO allies (Evidence [3] from Novinite). There are no credible reports or evidence linking him to Russian espionage; in fact, his public record is defined by opposition to Russian influence. The headline presents a fabricated narrative that contradicts established facts about his political positions and actions."
ds4423,Misinformation,0.95,False,True,"The claim that Floyd Mayweather Jr. donated a 'whopping sum' (specifically $200 million in related viral posts) to Houston after a hurricane is false. Multiple fact-checking sources, including PolitiFact and That's Nonsense, have explicitly debunked this story as fake news. While Mayweather is known for charitable acts, there is no evidence of such a massive donation to Houston for Hurricane Harvey relief. The image provided, showing Mayweather holding a bill, is likely used out of context to lend credibility to the false headline. The visual veracity of the image itself is not AI-generated, but the narrative it supports is demonstrably false based on the retrieved evidence."
8155,Misinformation,0.95,False,True,"The claim contains multiple factual errors that render it misinformation. First, Charlie Pierce is a journalist (known for Esquire and The Guardian) and a critic of Mitt Romney, not a member of his staff. Evidence [1] from the retrieved snippets explicitly titles an article 'Romney Critics on Right - How the Thought Leaders Created Mitt in the First Place By Charles P. Pierce', confirming his role as a critic/journalist, not staff. Second, the image provided depicts a disaster scene with significant destruction (likely a fire or explosion aftermath), which contradicts the specific claim of a phone call in a wire factory doorway. While there was a factory explosion in Ohio in 2012 (I Schumann & Co.), the image does not depict a clean 'doorway phone call' scenario typical of campaign photogr"
ds7055,Misinformation,0.85,False,True,"The claim asserts that the image is a specific historical snapshot from 1947 featuring Leeroy Murray (aged two) and his family on Hampstead Heath. However, the module signals explicitly state that the image is 'not aligned' with the headline, showing a person sitting outside a building rather than a family on a heath. Furthermore, the visual veracity signal indicates the image is a genuine photograph (not AI-generated), but the content mismatch is the primary issue. Evidence [3] from the retrieved sources confirms that the Murray family (Nora, John, and children including Leeroy) were indeed photographed on Parliament Hill (part of Hampstead Heath) in 1947 by the Picture Post. However, the image provided in the prompt does not match this description (it shows a single person, not a family "
8165,,0.0,True,True,"The claim involves a specific individual (Emily Cruse Elliott) performing at a specific event (Club Sizzle at the Blue Ribbon Bacon Fest). The retrieved evidence confirms that the Blue Ribbon Bacon Festival is a real, recurring event in Des Moines, Iowa, and that the 2023 edition took place on May 12-13. However, the evidence does not contain specific information verifying that Emily Cruse Elliott performed at this event or that she danced in 'Club Sizzle'. The module signals provided conflicting information (one answer claiming she performed, another generic search results), but the actual retrieved web snippets do not substantiate the specific identity of the performer or the specific activity. Since the visual veracity is not AI-generated, and the event itself is real, but the specific "
1449,Not Misinformation,0.9,False,True,"The claim consists of three parts: the stadium opened in 1932, it hosted Negro League/barnstorming games, and it is now abandoned/in ruins. Evidence confirms Hinchliffe Stadium was constructed in 1932 in Paterson, NJ [1, 3]. It is widely documented as a historic Negro League ballpark that hosted games for teams like the New York Black Yankees [1, 2, 3]. Regarding the status of the stadium, while it underwent a major renovation and reopened in May 2023, the image depicts a scene of decay/abandonment. The claim states the facility 'is now abandoned and in ruins'. While technically it has been restored recently, the visual evidence provided (an abandoned staircase) aligns with its long period of abandonment (1997-2021) and the pre-restoration state which is often how it is visually represente"
4647,Misinformation,0.9,False,True,"The headline claims that Angelina Jolie and Jennifer Aniston did NOT have a face-to-face meeting. However, multiple credible sources confirm that they did meet in person. Specifically, Jennifer Aniston has publicly stated that she met Angelina Jolie once in 2004 while she was still married to Brad Pitt, who was preparing to work with Jolie. This meeting is well-documented in interviews (e.g., Vanity Fair) and news reports. Therefore, the claim that they did not meet is factually incorrect. The image provided is a photograph of Angelina Jolie, which is relevant but does not negate the factual error in the headline regarding the existence of the meeting."
ds4064,Not Misinformation,0.9,False,True,"The headline 'What is Brad Pitt's net worth? the answer may surprise you!' is a clickbait-style title that does not make a specific factual claim that can be proven false. It serves as a prompt for information. The retrieved evidence confirms that Brad Pitt's net worth is estimated to be between $300 million and $400 million, derived from his acting and producing career. The image is a genuine photograph of Brad Pitt (AI-generated: false). Since the headline is not asserting a false fact but rather inviting the reader to learn the estimated net worth (which is substantial), and the visual is authentic, this is not misinformation. The 'surprise' element is subjective and typical of media headlines, not a verifiable falsehood."
ds2877,Not Misinformation,0.9,False,True,"The retrieved evidence directly confirms the claim. Source [1] is a Reddit post with the exact caption 'One of many decomposing leaves found just offshore at the local reservoir,' matching the headline text verbatim. This indicates the image and caption are from a genuine user submission describing a real event, rather than fabricated misinformation. The visual veracity signals also confirm the image is not AI-generated. While the specific location ('local reservoir') is generic, the existence of the post proves the claim describes a specific instance that occurred and was shared, validating the statement as a description of that event."
7330,Misinformation,0.95,False,True,"The claim states that the image depicts 'Jonathan Jones on the Millennium bridge in central London'. The retrieved evidence confirms that the Millennium Bridge is a specific pedestrian bridge in London connecting Bankside and the City of London, with no known association with a person named Jonathan Jones (whether the American football player or the art critic). Furthermore, the module signals explicitly state that the image does not depict Jonathan Jones or the Millennium Bridge, but rather a group of people in a different setting (possibly involving a lightsaber). Since the image content does not match the subject or location described in the headline, the headline is a false description of the image, constituting misinformation."
ds5062,Misinformation,0.95,False,True,"The claim that COVID-19 vaccines alter human DNA or increase the risk of genetic mutations is scientifically false and has been widely debunked. The retrieved evidence confirms that mRNA vaccines (the primary type discussed in the context of this misinformation) do not enter the cell nucleus where DNA is located and therefore cannot alter human genetic material [1]. Furthermore, reputable studies and fact-checks indicate no association between COVID-19 vaccines and increased cancer risk or genetic mutations [1] in the final evidence block. The image provided is a generic stock photo of a laboratory setting and does not depict any specific study or evidence supporting the claim, serving only as a visual placeholder for the false headline. The module signals correctly identify the partial re"
ds5124,Misinformation,0.95,False,True,"The claim that Joe Biden admitted to plotting election fraud with foreign powers is false. Multiple fact-checking sources confirm that viral clips often cited in such rumors are taken out of context; Biden was discussing measures to *prevent* voter fraud, not admit to committing it. Furthermore, there is no credible evidence or 'tape' linking Biden to election fraud plots with foreign powers. The module signals correctly identify the irrelevance of the provided image (showing Hillary Clinton) to the specific claim about Biden, and the answer snippets correctly debunk the core assertion. The combination of a mismatched image and a factually false headline constitutes misinformation."
6119,Misinformation,0.95,False,True,"The image is identified as AI-generated with high confidence (0.8) by the visual veracity module. The module notes that the image contains 'cartoonish characters in front of a door with dog faces' and lacks a coherent narrative, which is characteristic of AI generation rather than a real photograph of a specific event or location. The headline 'not no way not no how' references a famous quote from 'The Wizard of Oz' (specifically the Cowardly Lion or the Gatekeeper). The image does not depict scenes from the movie, nor does it appear to be a real-world photo related to the quote. Instead, it presents a surreal, AI-created scene that misleads the viewer into thinking it is a relevant visual for the headline. According to the definitive rule, if the image is AI-generated, the output must be "
5317,Misinformation,0.95,False,True,"The claim that herbal tea from the Amazon Rainforest eradicates COVID-19 instantly is false. Multiple authoritative sources, including the World Health Organization (WHO) and fact-checking organizations like AFP and The Logical Indian, explicitly state that there is no scientific evidence that herbal tea (or steam inhalation) can cure, treat, or prevent COVID-19. Furthermore, regulatory bodies such as the FTC, DOJ, and FDA have taken legal action against marketers making false claims that herbal teas can cure or prevent the virus. While some studies suggest potential antiviral properties of tea polyphenols in laboratory settings, these do not support the claim of 'instant eradication' in humans, nor do they validate specific 'Amazon rainforest' teas as cures. The image of a generic cup of "
ds8378,Not Misinformation,0.95,False,True,"The claim states that Richard Dawkins and Rowan Williams debated the role of religion in the 21st century. Retrieved evidence confirms that these two individuals did indeed debate on January 31, 2013, at the Cambridge Union. The specific motion debated was 'this house believes religion has no place in the 21st century,' which directly aligns with the claim's description of the topic. The evidence consistently identifies the participants, the date, the venue, and the subject matter, verifying the core assertion of the headline."
8719,Misinformation,0.95,False,True,"The image is identified as AI-generated with high confidence (0.8). According to the definitive rule, if the image is AI-generated, the output must be 'Misinformation' regardless of other signals. The visual content shows a bus that is predominantly green, lacking the specific 'pink' attribute mentioned in the claim, and the AI generation nature confirms it is not a factual representation of a real-world event or object as described."
6563,Misinformation,0.85,False,True,"The image is identified as AI-generated with high confidence (0.8) by the visual veracity module. The definitive rule states that if the image is AI-generated, the output must be 'Misinformation' regardless of other signals. The retrieved evidence supports the implausibility of the claim, showing that factory workers typically wear uniforms or safety gear, not hair towels, and that images of women in pink towels are associated with bathroom or beauty contexts, not industrial settings. The combination of an AI-generated image and a scenario inconsistent with real-world norms confirms the misinformation."
ds3412,Misinformation,0.95,False,True,"The claim states that Castlevania came out in Japan in 1990. However, multiple reliable sources confirm that the original Castlevania game (known as Akumajō Dracula in Japan) was first released in Japan on September 26, 1986, for the Family Computer Disk System. While a spin-off titled 'Kid Dracula' was released in Japan in 1990, the primary title 'Castlevania' did not release in Japan in 1990. Therefore, the claim is factually incorrect regarding the release date of the main series entry."
966,Misinformation,0.9,False,True,"The claim that Marco Rubio grilled at the Iowa Pork Producers Pork Tent during the 2015 Iowa State Fair is false. Evidence indicates that while the Iowa Pork Producers Pork Tent was a significant venue for presidential candidates during the 2015 fair, the specific individuals documented grilling or serving pork there were Donald Trump and Carly Fiorina (on August 17, 2015). There is no evidence in the retrieved sources or general knowledge that Marco Rubio performed this specific action at this specific location and time. The retrieved answers explicitly state there is no evidence of Rubio grilling at the fair. The image likely depicts a different candidate (such as Trump or Fiorina) or is a misattributed image, making the headline a misrepresentation of the visual content and historical f"
ds5156,Misinformation,0.95,False,True,"The claim that new research shows COVID-19 vaccines cause permanent memory loss is false. Extensive scientific evidence and major health organizations (such as the CDC and WHO) have found no link between COVID-19 vaccines and permanent memory loss. The retrieved evidence supports this by addressing other debunked myths (infertility, weight loss) and clarifying that observed drops in vaccine efficacy are due to variants and behavior, not 'waning immunity' or cognitive damage. Furthermore, the 'answers' module explicitly states that sources do not mention evidence linking vaccines to memory loss. The image is generic and does not support the specific claim of memory loss, making the headline a misleading use of visual context to promote a false narrative."
ds2814,Not Misinformation,0.65,False,True,"The claim describes a specific, low-stakes personal anecdote (finding a note in a used book) which is inherently difficult to disprove or verify with broad web searches. The retrieved evidence confirms that Knoxville, TN, has several well-known used bookstores (McKay's, Addison's) that sell fishing books, making the scenario plausible. The image shows a genuine handwritten note (AI-generated=false), and there is no evidence suggesting the image is fake or the story is a known hoax. While specific verification of this exact instance is not possible via general search, the lack of contradictory evidence and the plausibility of the context lead to a 'Not Misinformation' verdict with moderate confidence, as we cannot definitively prove the specific event occurred, but we have no reason to labe"
ds6955,Misinformation,0.95,False,True,"The claim asserts a long-term association between Henry Kissinger and Sepp Blatter. The retrieved evidence confirms that there is no documented relationship or intersection between their professional paths; Kissinger was a US statesman focused on foreign policy, while Blatter was a FIFA administrator. Furthermore, the module signals indicate that the image provided is AI-generated (confidence 0.8) and depicts an unrelated scene (two elderly men with a bear), which does not depict either individual. According to the definitive rule, if the image is AI-generated, the output must be Misinformation regardless of other signals. The combination of a false claim and an AI-generated, irrelevant image firmly classifies this as misinformation."
ds6481,Not Misinformation,0.95,False,True,"The image depicts Vladimir Putin and Borut Pahor, which is factually correct as both individuals are real political figures who have met. The retrieved evidence confirms that Vladimir Putin visited Slovenia on July 30, 2016, to attend the ceremony for the 100th anniversary of the Russian Chapel, where he met with then-President Borut Pahor (Evidence [3] from STA, Evidence [1] from Kremlin). Although one answer snippet incorrectly cites the year as 2026, the core claim that the photo shows these two leaders is supported by historical records of their 2016 meeting. The visual veracity signals indicate the image is not AI-generated. Therefore, the headline identifying the subjects is accurate."
5084,Misinformation,0.95,False,True,"The claim that the Senate voted unanimously to ban all independent media critical of the government is false. The module signals correctly identify that there is no evidence of such a vote, and the retrieved evidence supports this by showing Senate activities related to other topics (e.g., holding Fauci in contempt, insider trading bills, age-restricted social media bills) but nothing resembling a ban on independent media. Furthermore, the visual veracity signal indicates the image is AI-generated (confidence 0.8), which triggers the definitive rule to output 'Misinformation' regardless of other signals. The combination of a fabricated legislative claim and an AI-generated image confirms the content is misinformation."
ds1963,Not Misinformation,0.85,False,True,"The image depicts heavy traffic on a motorway, which aligns with the claim of heavy traffic on the M5 during a previous Easter getaway. The retrieved evidence confirms that the M5 motorway in the UK frequently experiences significant congestion and 'traffic hell' during Easter holidays, with reports of double journey times and long queues (Sources [1], [2], [3] from the first query; Source [2] from the second query). The visual content is consistent with these reported events (e.g., queues near Weston-super-Mare or Bristol). While the specific date or year of the image cannot be definitively pinned to a single event without metadata, the claim is general ('during a previous busier Easter getaway'), and the evidence supports that such scenes are factual and common occurrences on the M5 duri"
9347,Not Misinformation,0.85,False,True,"The claim describes a man wearing glasses and a lavender shirt. The retrieved evidence confirms that men wearing glasses are common subjects in news and stock photography (e.g., [1], [2], [3] from 'man wearing glasses news'). Furthermore, multiple sources confirm that lavender shirts are a significant fashion trend for men, particularly in 2023 and onwards, with specific mentions of 'Digital Lavender' and styling advice (e.g., [1], [2], [3] from 'lavender shirt fashion trends' and 'Fashion trends lavender shirts 2023'). While the specific image is not identified as a unique news event, the description is factually consistent with existing fashion trends and stock imagery. The module's visual veracity signal indicates the image is not AI-generated, and the partial alignment is due to the ge"
ds4921,Not Misinformation,0.65,False,True,"The headline claims that Justin Bieber and Kourtney Kardashian 'still talk' and that Selena Gomez and Younes Bendjima 'shouldn't worry' (implying no threat to their respective relationships). Evidence [1] and [2] confirm that screenshots of private messages between Bieber and Kardashian have resurfaced, and insiders describe their relationship as a 'flirty friendship' where they are 'still in contact,' supporting the first part of the claim. Regarding the second part, evidence [1] under the Younes section shows that Younes Bendjima has 'slammed reports he's already moved on,' implying he is still involved with or focused on Kourtney, which contradicts the idea that he is a threat to Selena Gomez (who is not currently dating Younes, but the headline likely refers to the general drama or per"
3169,Misinformation,0.95,False,True,"The claim states that Ian Gillan was born on May 19, 1945. However, multiple reliable sources (Wikipedia, IMDb, official fan pages) confirm that Ian Gillan was born on August 19, 1945. The date in the claim is factually incorrect. Furthermore, the module signals indicate that the accompanying image is AI-generated (visual_veracity ai_generated=true, confidence=0.8). According to the definitive rule, if the image is AI-generated, the output must be Misinformation regardless of other signals. The combination of a false factual claim and an AI-generated image solidifies the verdict."
2004,Not Misinformation,0.6,False,True,"The claim states that a basketball game is going on. The image depicts a basketball game, and the visual veracity signals indicate it is not AI-generated. The retrieved evidence confirms that basketball games (NBA, NCAA, etc.) are ongoing activities and provides sources for live schedules (NBA.com, NCAA.com, OddsPortal). While the specific real-time status of the exact game in the image cannot be definitively verified without a timestamp or specific team identification from the image itself, the general claim that 'there is a basketball game going on' is consistent with the reality that basketball games are frequently played and broadcast. The evidence supports the plausibility of the claim. Since the image is real and the event type is common and currently active in the sports world, it i"
4046,,,False,False,PARSE_FAILURE
8531,Not Misinformation,0.85,False,True,"The claim describes a 'smaller kitchen with a very decorated interior.' The provided image signals indicate that the image is real (AI-generated: false) and partially aligned with the description, showing a kitchen with decorative elements. The retrieved evidence supports the existence and aesthetic norms of decorated small kitchens, citing trends and design tips for such spaces (e.g., House Beautiful, Elle Decor, The Spruce). There is no evidence suggesting the image is fake or that the description is factually impossible or misleading in a way that constitutes misinformation. The partial alignment in the module signals is due to visibility constraints, not a contradiction of facts. Therefore, the content is not misinformation."
ds8617,Misinformation,0.95,False,True,"The visual veracity module explicitly identifies the image as AI-generated with a high confidence of 0.8. According to the definitive rule provided, if the image is AI-generated, the output must be 'Misinformation' regardless of other signals. The image depicts a scene (parking meter, restaurant, parking lot) that is likely synthesized, making it a fabricated representation rather than a factual record of a specific event or location, thus constituting misinformation in the context of verifying claims about real-world imagery."
1052,Not Misinformation,0.95,False,True,"The claim states that the iPhone 5C was displayed during an Apple product announcement at the Apple campus in Cupertino, California, and that it was released on September 20, 2013. The retrieved evidence confirms these facts: Source [3] from Apple Newsroom states the iPhone 5c was introduced on September 10, 2013, in Cupertino, California. Source [2] from Apple Newsroom confirms the release date was Friday, September 20, 2013. Additionally, Source [1] from NBC News explicitly describes an image as 'An iPhone 5C is displayed during an Apple product announcement at the Apple campus on September 10, 2013,' which matches the visual context described in the claim. The module signals also support this, with high confidence in the visual veracity and alignment. Therefore, the claim is accurate."
2929,Not Misinformation,0.95,False,True,"The retrieved evidence confirms that a nurse named Mary Walls Penney (also referred to as Mary Walls Penne) from West Virginia went viral for her response to criticism regarding her colorful (rainbow) hair, tattoos, and piercings. Multiple sources (Fox8, HuffPost, Upworthy) corroborate that she posted on Facebook defending her appearance, stating that her hair color and tattoos do not affect her ability to provide life-saving care or comfort to patients. The headline accurately reflects this widely reported event. The image signals align with the subject matter, and the visual veracity check indicates the image is not AI-generated."
5939,Misinformation,0.95,False,True,"The claim asserts that Vic Mensa has roots in Houston, Texas, which directly contradicts established biographical facts. Evidence confirms that Vic Mensa was born and raised in Chicago, Illinois, and his musical style is heavily influenced by Chicago's hip-hop and punk scenes (e.g., 93Punx), not Houston. Furthermore, the module signals indicate that the image is AI-generated (confidence 0.8), which triggers the definitive rule to classify the pair as Misinformation regardless of other signals. The combination of factual inaccuracy regarding his origins and the AI-generated nature of the visual content solidifies this verdict."
ds3503,Misinformation,0.95,False,True,"The claim that 'The Hunger Games are based on a play' is factually incorrect. The primary source material is a series of novels by Suzanne Collins, as confirmed by multiple evidence sources [1, 3, 4]. While a stage adaptation titled 'The Hunger Games: On Stage' exists, it is based on the novel and film, not the other way around. Furthermore, the image provided is identified as AI-generated (visual_veracity ai_generated=true, confidence=0.8). According to the definitive rule, if the image is AI-generated, the output must be Misinformation regardless of other signals. The combination of a false claim and an AI-generated image solidifies the verdict."
ds6940,Misinformation,0.95,False,True,"The image is identified as AI-generated with high confidence (0.8) due to visual artifacts such as garbled text on the book and surreal elements (a skeleton). According to the definitive rule, if the image is AI-generated, the output must be Misinformation. Furthermore, the retrieved evidence does not support the specific claim that an Indonesian girl is reading a comic book about trafficking. While anti-trafficking comics exist (e.g., distributed by Himalayan Children's Charities in Nepal), there is no evidence linking this specific AI-generated image to a real event or specific comic in Indonesia. The image is a synthetic fabrication, not a depiction of reality."
ds8840,Misinformation,0.95,False,True,"The claim states the truck is on 'green asphalt'. The visual veracity module explicitly identifies the image as AI-generated (confidence 0.8). According to the definitive rule, if the image is AI-generated, the output must be Misinformation regardless of other signals. Additionally, the relevancy module notes the truck is on grass, not asphalt, further contradicting the specific detail in the claim, but the AI generation status is the primary driver for the 'Misinformation' label under the provided rules."
ds4482,Misinformation,0.85,False,True,"The claim asserts that the San Juan Teamsters did not show up for work to distribute relief supplies. The retrieved evidence directly contradicts this. Snopes explicitly states that the Teamsters in Puerto Rico (including Local 901 in San Juan) are actively working to help members and communities, identifying ways the union can assist. Furthermore, other evidence highlights the Teamsters' active participation in relief efforts, such as sending supplies to hurricane-affected areas. The image provided is generic and does not depict the specific event or actors mentioned in the headline, and the headline's assertion of a 'smoking gun' regarding a strike or no-show is unsupported by the factual record which shows active union involvement in relief. Therefore, the claim is false."
ds4702,Misinformation,0.85,False,True,"The headline claims Gwen Stefani is pregnant with Blake Shelton's baby and that friends think she has a secret. However, the retrieved evidence indicates that Gwen Stefani and Blake Shelton have already welcomed their first child together, a daughter named Harmony Iris Shelton, with announcements reported in June and November 2025. The claim of a *new* pregnancy is therefore factually incorrect based on the provided timeline of events. Additionally, the 'secret' mentioned in the headline appears to be a misinterpretation of her comments about a 'third party' (likely referring to their relationship dynamic or a specific project) or unrelated rumors, rather than a hidden pregnancy. Since the core premise of the headline (current pregnancy) contradicts the established fact of their prior birt"
1231,Misinformation,0.85,False,True,"The claim states that Robert Griffin III (RGIII) was a quarterback for the Redskins during a game at Raymond James Stadium. However, evidence confirms that RGIII was released by the Washington Redskins in March 2016 and did not play for them after the 2015 season. The Redskins played at Raymond James Stadium in preseason games on August 31, 2016, and August 31, 2017. In the 2016 game, RGIII was not on the roster (he was with the Cleveland Browns). In the 2017 game, RGIII was not on the roster (he was a free agent/retired at the time, and the starting QB was Case Keenum/Nate Sudfeld). Therefore, it is factually impossible for RGIII to have warmed up as a Redskins quarterback at Raymond James Stadium, as he was not on the team during any games played there. The image likely depicts a differe"
4217,Misinformation,0.85,False,True,"The headline claims that Jennifer Lopez and Alex Rodriguez are currently involved in a romantic relationship characterized by 'passionate kisses' and 'next level' makeouts. However, the retrieved evidence and module signals confirm that the couple officially split and called off their engagement in April 2021. While there are recent rumors (2025/2026 context in some snippets, likely future-dated or speculative) about A-Rod trying to rekindle the romance, there is no verified evidence of them currently dating or engaging in public displays of affection like the ones described. The image shows J.Lo, but the specific claim of them being a couple with 'passionate kisses' is factually incorrect based on their last confirmed status as separated. The headline presents a speculative or outdated ru"
992,Not Misinformation,0.85,False,True,"The retrieved evidence confirms that the Shiawassee River in Michigan has experienced significant flooding due to severe storms and heavy rainfall, leading to overflow and hazardous conditions [1, 2]. Additionally, reports indicate that Michigan residents and businesses have suffered property damage from recent flooding events, with FEMA allocating funds for assistance [3]. The image depicts a flooded area with homes and businesses, which aligns with the reported reality of flooding in the region near the Shiawassee River. While the specific location of the homes in the image cannot be geotagged to the exact refuge boundary without more data, the general claim that high water overruns homes and businesses near the Shiawassee River and the associated refuge area is supported by news reports"
ds6586,Misinformation,0.95,False,True,"The image is identified as AI-generated with high confidence (0.9) by the visual veracity signal. The image depicts a surreal and physically impossible scenario where jellyfish are floating in a bedroom, which contradicts the mundane claim that a person is simply holding their hand on a bed. The retrieved evidence confirms that while 'hand on bed' is a common stock photo theme, and 'jellyfish bedroom decor' exists (e.g., wallpaper, blankets), actual jellyfish do not float in air. The combination of these elements in a realistic-looking photo is a hallmark of AI generation used to create misleading or sensational content. According to the definitive rule, if the image is AI-generated, the output must be Misinformation."
ds1582,Misinformation,0.9,False,True,"The claim states that Norway won 3-1 against England in the European Under-21 Championship. While evidence [2] confirms that Norway did beat England 3-1 in the U21 Championship, this match took place in 2013. The player identified in the claim, Ørjan Håskjold Nyland, was born in 1990, making him 22 years old in 2013. While he was a professional player, he was not the goalkeeper for the Norway U21 team in that specific 2013 match (the goalkeeper was typically younger, and Nyland's senior career highlights came later). More critically, the claim implies a recent or specific context often associated with current events, but the primary factual error lies in the attribution. However, looking at the provided answers and evidence, there is a significant contradiction in the 'answers' module itse"
ds6549,Misinformation,0.8,False,True,"The image is identified as AI-generated with high confidence (0.8) due to the presence of surreal elements (angel wings) that are not physically real. According to the definitive rule, if the image is AI-generated, the output must be 'Misinformation' regardless of other signals. The headline describes a realistic scenario ('A smiling young mother holding her infant child'), but the image depicts a fantastical, non-realistic subject, making the pairing misleading and the image itself a fabrication."
ds1547,Not Misinformation,0.85,False,True,"The claim consists of three parts: the size of the park, the location (Watarrka), and the custodianship. Evidence [1] from Grokipedia and the module's answer confirm the size is approximately 105,700 hectares (105,200 is a close approximation often used in specific contexts or rounded figures, and 105,700 is the precise figure cited in multiple sources). Evidence [3] from The Hotel Conversation explicitly states that the Garden of Eden within Kings Canyon (located in Watarrka National Park) is sacred to the 'Martutjarra-Luritja people'. While the module's answer mentions 'Anangu' as the traditional owners (a broader term often used for Central Australian Aboriginal peoples, including Luritja), the specific identification of the Martutjarra-Luritja people as custodians is supported by the r"
ds9027,Misinformation,0.95,False,True,"The visual veracity module explicitly identifies the image as AI-generated with a high confidence of 0.8, citing unnatural textures and overly perfect crust characteristics. According to the definitive rule, if the image is AI-generated, the output must be 'Misinformation' regardless of other signals. The image depicts a stylized, non-realistic representation of Chicago deep dish pizza, which constitutes misinformation in the context of presenting it as a factual or real-world instance."
ds8208,Not Misinformation,0.75,False,True,"The claim states that activists protested the Summer Olympics in Brazil, citing corruption, mismanagement, and wealthy domination. The retrieved evidence confirms that significant protests occurred in Brazil (Rio) during the 2016 Summer Olympics. Specifically, evidence [1] from Sportsnet and [3] from IBTimes document activists protesting water pollution and broken promises, as well as the 'Occupy Golf' movement against a golf course. Evidence [1] from the LA Times and [1] from the New York Times highlight broader issues of corruption, political scandals involving leaders like Lula, and economic mismanagement/recession. While the specific visual of the image cannot be definitively linked to a specific protest date without metadata, the claim itself is factually grounded in the widespread pr"
ds1877,Not Misinformation,0.95,False,True,"The claim states that Gordon Taylor became chairman of the PFA in November 1978 and moved to chief executive in 1981. The retrieved evidence from multiple reputable sources (The Guardian, Daily Mail, BBC, Wikipedia) confirms these specific dates and roles. Specifically, The Guardian and Daily Mail articles explicitly state he became chairman in November 1978 and chief executive three years later (1981). The BBC article confirms he headed the PFA since 1981. The image signals indicate the image is a genuine photograph (not AI-generated) and is partially relevant (showing a man in an office, consistent with the description, though not definitively identifying the specific moment). Since the factual claims in the headline are fully supported by the evidence, and the image is not AI-generated,"
ds1998,Not Misinformation,0.85,False,True,"The claim that increasing the pace of spending cuts would likely spark more protests is supported by the retrieved evidence. Evidence [1] from the first query explicitly states that 'Episodes of instability occur twice as often when spending cuts reach 5% of GDP' and that 'Protests induced by austerity also attract far more participants'. Furthermore, recent news reports (Evidence [1], [2], [3] from the second query) document massive protests in France against proposed spending cuts, confirming the causal link between austerity measures and public unrest. The image depicts a protest with 'NO CUTS' signs, which is consistent with the real-world context of such demonstrations. The image is verified as not AI-generated. Therefore, the headline accurately reflects the relationship between spen"
578,,0.0,True,True,"The claim involves specific details (Bob Bailey, Clarksville MO, rental property, pump) that are difficult to verify with the provided evidence. The evidence confirms that Clarksville, MO, has experienced significant flooding from the Mississippi River (Sources [3] in Q1, [3] in Q4, [2] in Q6). However, there is no specific evidence linking a person named 'Bob Bailey' to this event or confirming he owns rental properties there. The module signals indicate 'partial' alignment and note that the identity cannot be confirmed. Since the image is verified as real (not AI-generated) and the general context (flooding in Clarksville) is true, but the specific subject (Bob Bailey) is unverified, we cannot definitively label it as misinformation (which would require proof of falsehood) nor fully conf"
ds4435,Not Misinformation,0.85,False,True,"The claim 'Trump Removing Marines From the Navy' is factually nonsensical because the United States Marine Corps is an independent branch of the U.S. Armed Forces, separate from the U.S. Navy, although it operates under the Department of the Navy. Marines have never been 'in' the Navy in a way that allows them to be removed from it. The retrieved evidence does not support the claim; instead, it discusses unrelated topics such as DEI policies, military standards, and political primaries. The module signals correctly identify the image as real (not AI-generated) and the relevance as partial/ambiguous. Since the claim relies on a fundamental misunderstanding of military structure and there is no evidence of such an event occurring (because it is structurally impossible in the manner described"
4186,Misinformation,0.95,False,True,"The headline claims that James Van Der Beek is alive and interacting with Katie Holmes to make 'Jamie' jealous. However, the retrieved evidence confirms that James Van Der Beek died on February 11, 2026, at the age of 48, following a battle with colorectal cancer [1, 2]. A deceased person cannot reignite friendships or engage in social dynamics to provoke jealousy. Additionally, the 'Jamie' in the headline is likely a confusion with Jamie Foxx (Katie Holmes' ex-husband) or a fictional character, but the core premise of James Van Der Beek's active participation is factually impossible due to his death. Therefore, the claim is false."
ds5919,Misinformation,0.95,False,True,"The headline claims that Ares is the nephew of Zeus and Hera. However, established Greek mythology, as confirmed by multiple authoritative sources (Wikipedia, Theoi Project), states that Ares is the son of Zeus and Hera, not their nephew. Being the son makes him Zeus's child, whereas a nephew would be the son of Zeus's sibling. This is a fundamental factual error regarding lineage. The image signals indicate the image is likely real (not AI-generated), but the textual claim in the headline is demonstrably false based on the retrieved evidence."
ds379,Misinformation,0.95,False,True,"The claim states that 'Three people died' during the police raid in Saint-Denis. However, multiple credible sources confirm that exactly two suspects died during the raid (Abdelhamid Abaaoud and a woman who detonated an explosive device). While five police officers were injured and a police dog was killed, no other human fatalities occurred during the operation itself. Therefore, the specific count of 'three people' is factually incorrect, making the headline misinformation."
ds3753,Misinformation,0.95,False,True,"The claim that the Icelandic Coast Guard 'rarely performs a service' is factually incorrect. Evidence confirms that the Icelandic Coast Guard is a highly active agency responsible for national defense, search and rescue, maritime safety, and law enforcement. Specifically, they maintain a continuous listening watch on distress frequencies, conduct regular patrols of Iceland's perimeter (often multiple times a week), and have recently increased operations regarding migrant rescues in the Mediterranean and surveillance in the Arctic. The retrieved evidence highlights frequent and critical services, directly contradicting the notion that they rarely perform services."
ds6032,Not Misinformation,0.85,False,True,"The headline 'this ostrich with interesting table manners' is a humorous, anthropomorphic description of an ostrich eating or interacting with food, likely in a casual or chaotic manner (e.g., pecking, grabbing). The image shows a real ostrich (visual_veracity ai_generated=false) interacting with a human offering food. The evidence confirms that ostriches are wild animals without human 'table manners' (Evidence [1], [2]), but also that feeding them is a common, often chaotic activity in sanctuaries and farms (Evidence [3], [1] of Q3). The phrase 'interesting table manners' is a subjective, colloquial way to describe the bird's feeding behavior (which can be aggressive or messy, as noted in Evidence [3] of Q3 regarding aggressive grabbing or biting). It does not assert a factual falsehood ("
3980,Misinformation,0.95,False,True,"The claim that 'Touch My Body is a law' is factually incorrect. Evidence indicates that 'Touch My Body' is a well-known song by Mariah Carey, released in 2008 [2] (Q: When was Touch My Body enacted?). There is no specific legislation titled 'Touch My Body'. While laws regarding physical contact (such as assault and battery) exist to protect personal autonomy [1] (Q: Is Touch My Body a law?), these are general legal concepts and not a specific statute with that name. The image of a courtroom is generic and does not validate the specific, false claim that a law exists with this title. Therefore, the headline presents a false equivalence or fabrication."
ds2845,Not Misinformation,0.6,False,True,"The claim describes a specific visual scene: a premium gas pump in a secluded part of Arkansas with a spider web on it. The retrieved evidence confirms that gas stations (including those with premium pumps) exist in secluded/rural areas of Arkansas (e.g., Nathan Country Store, abandoned stations in Fordyce). However, there is no evidence in the search results linking a specific viral image or news story to a 'spider web on a gas pump' in Arkansas. The search results for 'spider web on gas pump' are unrelated (Australian spiders, memecoins, or vintage shoes). The image signals indicate the image is not AI-generated (visual_veracity ai_generated=false), which is a critical factor. Since the image is real, the claim is likely describing a real, albeit obscure, photograph rather than a fabrica"
1318,Not Misinformation,0.75,False,True,"The claim states that patrons relax in rows of theater seats or at a long bar while waiting to play bocce. The retrieved evidence confirms that bocce is a popular game in bars (Evidence [1] from Tosso.com, Evidence [2] from Bay Area.com) and that patrons can relax in lounge or seating areas while waiting for courts or playing. While the specific mention of 'theater seats' is unusual, the image shows patrons seated in rows which could be interpreted as lounge seating or a specific venue layout (like a converted theater or a venue with tiered seating near a bar). The visual veracity signals indicate the image is not AI-generated. The module signals note a 'partial' alignment because the image doesn't explicitly show the bocce court, but the context of 'waiting to play' makes the presence of "
ds2773,Not Misinformation,0.85,False,True,"The claim that a hotel in Detroit has a Bible and a Book of Mormon is consistent with well-documented industry practices. Evidence [2] from the 'Book of Mormon Hotel Rules' TikTok and Evidence [2] from 'The Bible and the Book of Mormon: A Tradition That Still Lives in...' explicitly state that Marriott hotels (a major chain with numerous properties in Detroit) place both the Bible and the Book of Mormon in guest room drawers due to the Marriott family's historical ties to the Church of Jesus Christ of Latter-day Saints. Evidence [1] from 'Why Is There A Bible in My Hotel Room' further confirms that Marriott hotels include the Book of Mormon alongside the Bible. Since the image shows these specific items in a hotel context, and the presence of these items in Detroit hotels (specifically Mar"
ds8795,Not Misinformation,0.6,False,True,"The claim describes a specific visual scene: 'Two men wearing sunglasses cross the street at night.' The retrieved evidence does not contain a specific image or report that matches this exact description (e.g., a specific viral photo of two men in sunglasses crossing a street). Evidence [2] under 'Are there reports of men crossing streets at night?' mentions a stock photo of 'Men crossing street at night in Barcelona' and another of 'Two young men crossing railway tracks', but does not confirm the presence of sunglasses or that these are the specific images associated with the claim. The module signals indicate the image is real (not AI-generated) but the relevancy is only 'partial' because it is unclear if the men are wearing sunglasses or crossing. Since the evidence is insufficient to v"
6395,Misinformation,0.95,False,True,"The visual veracity signal explicitly states that the image is AI-generated with a high confidence of 0.9, citing exaggerated facial features and unnatural proportions. According to the definitive rule, if the image is AI-generated (ai_generated=true, confidence>0.6), the output must be 'Misinformation' regardless of other signals. The headline 'dont worry beyonce nobody will ever know this was you' implies a deceptive or hidden identity, which is consistent with the presentation of an AI-generated image as if it were a real, candid photo of the celebrity. The retrieved evidence supports that while Beyoncé wears costumes, there is no record of her wearing a disguise that would match the surreal/AI nature of this specific image, further confirming the image is not an authentic depiction of "
ds5285,Misinformation,0.95,False,True,"The claim that Hillary Clinton is secretly planning to run for president in 2024 is false. Multiple evidence sources confirm that Hillary Clinton has publicly denied any intention to run for president in 2024. Specifically, she criticized President Joe Biden's 2024 reelection bid as a 'terrible mistake' and has focused on supporting other Democratic candidates rather than launching her own campaign. There are no reports of secret planning; instead, she has addressed rumors of a potential 2028 run, but explicitly ruled out 2024. The image shows Hillary Clinton, but the headline's assertion of secret 2024 planning contradicts her public statements and the lack of any credible evidence supporting such a plan."
ds7674,Misinformation,0.85,False,True,"The claim states that 'The Highlands attracts 80 of its visitors from other parts of the UK'. This phrasing is ambiguous but likely implies a specific statistic (e.g., 80% or 80 million, though 80 million is impossible for the Highlands). The retrieved evidence indicates that the Scottish Highlands attract 'millions' of visitors annually, with motivations being scenery (85%) and history/culture (59%). However, no evidence supports a specific figure of '80' (whether as a count or percentage) of visitors coming from other parts of the UK. In fact, tourism data for the Scottish Highlands typically shows a significant portion of visitors are international, not just domestic. The module signals also note the image is irrelevant (debris/rocks) and not aligned with the claim. Given the lack of ev"
2728,Not Misinformation,0.9,False,True,"The claim describes the case of Scott Daniel Warren, a US border activist who faced up to 20 years in prison for providing water, food, and lodging to migrants. Evidence [2] from The Guardian confirms that a US jury could not reach a verdict (hung jury) in his case, effectively refusing to convict him despite the severe potential sentence. The image provided is a photograph of Scott Daniel Warren, consistent with news reports of his trial. The visual veracity signal indicates the image is not AI-generated. Therefore, the headline accurately reflects the real-world event."
ds8721,Not Misinformation,0.85,False,True,"The claim describes a meal consisting of white rice, beef, and a vegetable dish. The image shows a bowl of white rice and broccoli (a vegetable). While the image does not explicitly show beef, the module signals indicate the image is real (not AI-generated) and the relevance is 'partial' because the beef is missing from the visual. However, the claim is a general description of a meal type ('Looking down at a bowl of...') rather than a specific identification of the exact contents of this specific photo as a factual report (e.g., 'This photo shows beef'). In the context of image-caption pairs, if the image depicts a plausible component (rice and veg) of the described meal, and the missing component (beef) is not visually contradicted (e.g., the bowl is empty or clearly vegetarian), it is g"
ds9200,Misinformation,0.95,False,True,"The visual veracity module explicitly identifies the image as AI-generated with a high confidence of 0.9, noting unnatural blending and distorted anatomy. According to the definitive rule, if the image is AI-generated (ai_generated=true, confidence>0.6), the output must be 'Misinformation' regardless of other signals. The retrieved evidence confirms that while plaid couches and black dogs exist as stock imagery, the specific image in question is synthetic and not a real photograph of the described scene."
ds3723,Misinformation,0.95,False,True,"The claim states that 'The Originals' began airing in October 2005. However, multiple evidence sources confirm that 'The Originals' premiered on The CW on October 3, 2013, not 2005. Additionally, the visual veracity module indicates the image is AI-generated (confidence 0.8), which triggers the definitive rule to output 'Misinformation' regardless of other signals. The combination of factual inaccuracy regarding the date and the AI-generated nature of the image confirms the label."
7601,Not Misinformation,0.95,False,True,"The retrieved evidence confirms that on July 1, 2016, gunmen attacked the Holey Artisan Bakery/Restaurant in Dhaka, Bangladesh. Multiple news sources (NBC News, Metro, Inquirer) explicitly describe images or scenes of Bangladeshi security personnel standing guard or patrolling near the attacked restaurant on that date. The module's 'relevancy' signal claiming the image is unrelated appears to be an error in visual analysis, as the textual evidence strongly supports the caption's description of the event and the presence of security personnel. The image is verified as real (not AI-generated). Therefore, the headline accurately describes the event depicted or associated with the image."
9081,Not Misinformation,0.85,False,True,"The claim describes a lunch box containing a sandwich, carrots, salad, and a muffin. The module signals indicate that the image shows a lunch box with sandwiches and carrots, which aligns with the claim, although the muffin and salad are not clearly visible (partial alignment). The visual veracity signal confirms the image is not AI-generated. The retrieved evidence supports the plausibility of such a lunch box composition, listing sandwiches, carrots, salads, and various baked goods (like muffins) as common lunch items. Since the image is real and depicts items consistent with the claim (sandwiches, carrots), and the missing items (muffin, salad) are plausible components of a lunch box that may be obscured or out of frame, the claim is not considered misinformation. The partial alignment "
ds2006,Not Misinformation,0.65,False,True,"The claim describes a scene with people lined up near an airplane and individuals in military uniform. The retrieved evidence does not identify a specific viral image matching this description as a known hoax or misinformation event. The evidence snippets discuss general topics such as airport security incidents (drones in Germany), military travel logistics (troops at airports), and general aviation news. The module signals indicate the image is likely real (AI generated=false) and only partially aligned with the headline (unclear if uniforms are visible). Without specific evidence linking this image to a false narrative or identifying it as a manipulated/deepfake image used for disinformation, and given that military personnel are commonly seen at airports, the claim is treated as a plau"
ds6266,Misinformation,0.9,False,True,"The visual veracity module explicitly identifies the image as AI-generated with high confidence (0.9), depicting an impossible scenario of a turkey flying over a cityscape. According to the definitive rule, if the image is AI-generated, the output must be 'Misinformation' regardless of other signals. The headline 'how no one has done this is beyond me' implies a real-world event or feat, which contradicts the fabricated nature of the image. The retrieved evidence does not contradict the AI generation finding; instead, it provides context on the phrase usage and unrelated news events, further highlighting the lack of factual alignment between the image and any real event."
708,Not Misinformation,0.85,False,True,"The claim states that in 2011, Carmelo Anthony had to deny reports that his wife, La La Vazquez Anthony, was forcing him to seek a trade out of Denver. The retrieved evidence confirms that in April 2011, La La Vazquez Anthony explicitly denied making negative comments about the Denver Nuggets (her husband's former team) on a radio station, which TMZ reported as her denying she 'blasted' the team (Source [1] under 'La La Vazquez Anthony 2011 statements'). While the specific phrasing 'forcing him to seek a trade' is not explicitly detailed in the snippets, the context of 2011 involved intense trade rumors linking Carmelo to the Knicks and Lakers, and La La was under media scrutiny regarding her attitude toward Denver during this transition. The denial of negative remarks about Denver aligns "
ds354,Not Misinformation,0.95,False,True,"The claim states that Aon was unveiled as the sponsor of Manchester United in July 2010. Evidence confirms that while the sponsorship deal was signed in June 2009 and officially began on June 1, 2010, the new home kit featuring the Aon logo was revealed on July 14, 2010. This public unveiling of the sponsored kit aligns with the 'unveiled' aspect of the claim in July 2010. The image shows Manchester United jerseys with the Aon logo, which is consistent with the 2010-2011 season kits. Therefore, the claim is factually supported by the timeline of the kit reveal."
7119,Misinformation,0.85,False,True,"The headline claims Julian Assange is currently at the Ecuadorian embassy and calling for the threat of arrest to be lifted. This is factually incorrect. Evidence confirms that Assange was arrested at the Ecuadorian embassy in London on April 11, 2019, after Ecuador withdrew his asylum. He has since been imprisoned in the UK and, as of recent reports, has been released and returned to Australia following a plea deal. He is not currently at the embassy, nor is he making such calls from there. The image shows him holding a newspaper, which does not depict the embassy setting described in the headline, further indicating the headline is misleading or fabricated relative to the visual and current reality."
6424,Misinformation,0.95,False,True,"The image depicts a fantastical, humanoid-bird creature (a harpy from mythology) interacting with a human, which is physically impossible in reality. The visual veracity signal confirms the image is AI-generated with high confidence (0.9). The headline 'harpy coming in for a landing' implies a real-world event involving this mythical creature. Since harpies are not real biological entities, any claim of one landing is factually false. Furthermore, the image itself is synthetic, not a photograph of a real event. Therefore, the combination of a fake image and a claim about a non-existent creature landing constitutes misinformation."
5060,Not Misinformation,0.85,False,True,"The claim states that 'Experts Warn Against Using Smartphones Due to Harmful Radiation Exposure Linked to Cancer.' While the scientific consensus (supported by the FDA, WHO, and major studies like the 30-year study cited in evidence [1] under 'Are smartphones linked to cancer risk?') is that there is no definitive proof that smartphones cause cancer and the risk is considered low, the claim uses the verb 'Warn.' Evidence shows that experts and organizations *do* issue warnings or recommendations for caution. For instance, the CDC states 'Some organizations recommend caution in cell phone use' (Evidence [2] under 'Experts warning about smartphone radiation'). The Berkeley ordinance mentioned in Evidence [3] under 'Experts warn against smartphone radiation' mandates warnings about RF radiati"
3899,Misinformation,0.95,False,True,"The claim states that the Tenth Doctor is accompanied by Rose Tyler in 'The End of Time'. 'The End of Time' refers to the two-part special of Doctor Who that aired in 2009/2010, which served as the conclusion to the Tenth Doctor's era (David Tennant). In this special, the Tenth Doctor's primary companion is Wilfred Mott (his late companion's grandfather). Rose Tyler (Billie Piper) does not appear in 'The End of Time' specials. Rose Tyler was a companion during Series 1 and 2, and her final appearance as a main companion was in 'Journey's End' (2008). While she appears in a brief vision/flashback in 'The End of Time, Part 1', she is not 'accompanied' by the Doctor in the narrative sense of being his traveling companion for that story. The retrieved evidence confirms Rose was a companion of "
ds511,Misinformation,0.85,False,True,"The claim contains multiple factual inaccuracies regarding the 'Whiskey Down' lounge at the MGM Grand in Las Vegas. First, the claim states it boasts 'more than 100 brown spirits.' Evidence [1] from the official MGM Grand website and Evidence [3] from Eater explicitly state that Whiskey Down features 'more than 50' types of whiskies, not 100. Second, the claim implies a direct association with 'gambling' as a primary feature alongside whiskey. While Evidence [3] from Eater confirms it is a 'gaming lounge' with blackjack tables and video poker, the Module Signals and general knowledge clarify that Whiskey Down is primarily a high-end bar/lounge. The specific number of spirits (100 vs 50) is a verifiable falsehood. Additionally, the module signals contain a contradiction regarding gaming (on"
3537,Misinformation,0.95,False,True,"The visual veracity module indicates with high confidence (0.8) that the image is AI-generated. According to the definitive rule, if the image is AI-generated, the output must be 'Misinformation' regardless of other signals. Additionally, the claim that 'Action films are a subgenre of martial arts films' is factually incorrect; evidence shows that martial arts films are often a subgenre of action films, or that action is a broader parent genre encompassing martial arts, not the other way around. The primary driver for the verdict, however, is the AI-generated nature of the image."
ds9777,,,False,False,PARSE_FAILURE
5524,Misinformation,0.9,False,True,"The claim that Jennifer Aniston sabotaged Brad Pitt's Hollywood comeback is false. Evidence indicates that Aniston and Pitt divorced in 2005 due to differing life goals, career demands, and views on parenthood, with no credible reports of sabotage. Furthermore, Brad Pitt has remained active in Hollywood, attending events like the 'Babylon' premiere in 2023, contradicting the premise of a 'comeback' being sabotaged. The narrative is a fabricated drama not supported by factual records of their relationship or Pitt's career trajectory."
ds4669,Misinformation,0.85,False,True,"The headline claims that Bradley Cooper and Lady Gaga are in a 'Rapturous Remake' of 'A Star Is Born'. While the factual components of the headline (that the film is a remake and stars Cooper and Gaga) are true, the image provided is identified by the module signals as having 'aligned': false with low confidence (0.2), specifically noting that it 'does not depict Bradley Cooper or Lady Gaga'. In the context of misinformation detection, using an image that does not depict the subjects mentioned in the headline constitutes a mismatch or deceptive pairing, especially when the visual content is unrelated to the specific actors named. The evidence confirms the film details, but the visual-veracity and relevancy signals indicate the image is not a valid representation of the specific claim's sub"
2169,Not Misinformation,0.85,False,True,"The claim lists specific items: shoes, a cap, an iPod, a name tag, and other items. The module signals indicate that the image is a genuine photograph (not AI-generated) and shows various personal items including shoes, a cap, and an iPod. While the alignment is marked as 'partial' because it is unclear if all specific items (like the name tag) are visible in the truncated description, there is no evidence suggesting the image is fake or that the items listed are factually incorrect for the context of 'items found in bags' or personal effects. The retrieved evidence confirms the existence and commonality of these items (iPods as historical tech, name tags for events, shoes/caps as apparel). Since the image is verified as real and the items are plausible real-world objects, the claim is not"
889,Not Misinformation,0.75,False,True,"The claim states that migrants are seen on the shore in the eastern Aegean island of Rhodes, Greece. The retrieved evidence confirms that Rhodes, Greece, is indeed facing a significant migrant crisis with undocumented migrants arriving by sea and settling on the island (Evidence [1] from rmx.news). The module signals indicate the image is real (not AI-generated) and partially aligned with the context of migrants on a shore. While the specific visual identification of the exact location in the image cannot be definitively proven by text alone, the context provided by the evidence supports the plausibility and factual basis of the claim: Rhodes is a known entry point for migrants in the eastern Aegean, and such scenes are documented. There is no evidence suggesting the image is fake or the l"
ds4772,Misinformation,0.9,False,True,"The claim that Ed Sheeran admitted he was able to 'bed hot women' because of Taylor Swift is false. The retrieved evidence and module signals indicate that Ed Sheeran and Taylor Swift share a close, platonic friendship and professional collaboration. While Sheeran has made humorous comments about Swift being a 'middle-aged woman trapped in a 20-something's body' (Evidence [2] from etonline.com), this refers to her maturity and personality, not her influence on his sexual conquests. Furthermore, Sheeran has been in a long-term relationship with Cherry Seaborn and later married Athina Andrelos, with no public records or credible reports suggesting he attributed his ability to date attractive women to Swift. The headline fabricates a causal link and sexual context that does not exist in reali"
ds372,Misinformation,0.85,False,True,"The claim asserts that the specific rusting emergency vehicle in the image was used in the 1970 protests at Jackson State College. While the module's 'answers' section contains a hallucinated assertion that such a vehicle is associated with the event, the retrieved web evidence does not support this specific visual claim. The evidence confirms the historical context of the 1970 Jackson State killings and protests but provides no information linking any specific rusting emergency vehicle to the event. Furthermore, the module's visual veracity signal has a confidence of 0.0, indicating a failure to verify the image's authenticity or origin. In the absence of evidence linking the specific image to the claim, and given the high likelihood of stock imagery or unrelated photos being used in such"
6440,Misinformation,0.95,False,True,"The image is identified as AI-generated with high confidence (0.9) by the visual veracity signal. The claim describes a surreal scenario ('stiltlegs adjusted') that is physically impossible and not supported by any factual evidence. While Kim Jong-un has been seen smoking in public (e.g., in China or Vietnam), there is no evidence of him wearing or having 'stilt legs' adjusted, as this is a fictional element likely generated by AI. The definitive rule states that if the image is AI-generated, the output must be Misinformation."
ds2864,Not Misinformation,0.85,False,True,"The claim that dye leaked and gave the egg polka dots when peeled is a plausible description of a common Easter egg decorating technique. Evidence [2] from stepbystep.com explicitly describes a method for creating polka dot eggs using small round stickers and dye, where the dots are revealed after peeling or removing the stickers. While the specific mechanism in the image (leaking vs. sticker removal) cannot be definitively confirmed without seeing the process, the visual result (polka dots on a peeled egg) is consistent with known artistic methods for dyeing eggs. The 'dye leak' narrative is a reasonable interpretation of how dye might interact with a resist pattern or simply a colloquial description of the dyeing process resulting in spots. It is not misinformation to suggest a visual ou"
ds9049,Not Misinformation,0.65,False,True,"The claim describes a living room with a fireplace, table, and chair. The module signals indicate the image is a genuine photograph (not AI-generated) and shows a living room with chairs and a table, but notes the absence of a visible fireplace. The retrieved evidence consists of general articles about living room design, furniture styles, and layout ideas involving fireplaces. It does not contain specific information about the source, context, or specific content of the image in question. Therefore, it is impossible to verify if the image actually depicts a fireplace (which might be out of frame or obscured) or if the image is misleading. However, since the image is not AI-generated and the claim is a simple descriptive statement that is plausible for a living room photo (even if the fire"
1505,Misinformation,0.75,False,True,"The claim states that business rates have added 'about 500m' to retailers' costs in the 'past three years'. The retrieved evidence provides specific figures for business rate increases, but they do not support the £500m figure for the specified timeframe. Evidence [2] from 'Rising retail costs will harm investment, says BRC' and 'Pressure mounts on Osborne...' indicates a £140m hike for 'next April' and a £242m increase from April (likely the same or adjacent fiscal periods depending on the article date, but clearly distinct from a cumulative 3-year total of £500m). Furthermore, the BRC article mentions a £367m increase due to the National Living Wage, not business rates. There is no evidence in the snippets supporting a cumulative £500m increase in business rates over the last three years"
ds1418,Not Misinformation,0.65,False,True,"The claim refers to an 'Alternative Olympic Opening Ceremonies' featuring Brazilian music stars. Evidence [1] from the module signals confirms that alternative Olympic opening ceremonies have occurred (e.g., in Warsaw in 2008), establishing the plausibility of such an event existing as a form of protest or alternative gathering. The image shows a live music performance with a crowd, which is consistent with a music event. While the specific details of 'hundreds' and 'Brazilian stars' at a specific 'free event' are not explicitly confirmed by the retrieved web snippets (which are generic about Olympics and Brazilian music), there is no evidence contradicting the claim, and the visual evidence supports a live performance context. The module signals indicate partial alignment and high confide"
690,Misinformation,0.95,False,True,"The claim states that Gus Malzahn was the Auburn coach on the sideline during the third quarter. Evidence confirms that Gus Malzahn was fired as Auburn's head coach after the 2020 season and has not coached for Auburn since [1, 2]. Furthermore, recent evidence indicates he retired from coaching entirely in February 2026 [1, 2, 3]. While the image shows a coach on the sideline, the specific identification of Gus Malzahn as the Auburn coach is factually incorrect for any recent timeframe (post-2020). The module signals also note that the image does not confirm the identity, but the claim asserts it as fact. Given Malzahn's long absence from the Auburn coaching staff, labeling him as 'Auburn coach' in a contemporary context is misinformation."
ds7963,Not Misinformation,0.95,False,True,"The claim states that 96 people died at the 1989 FA Cup semifinal at Hillsborough. Historical records and inquests confirm that 96 Liverpool fans died as a result of the Hillsborough disaster, which occurred during that specific match. While one evidence snippet mentions 97, the official inquest verdict and widely accepted historical figure is 96 (with the 97th death occurring later or being a discrepancy in initial counts, but 96 is the standard accepted figure for those who died as a direct result of the crush, confirmed by the 2016 inquest). The image shows a memorial, which is contextually relevant to the tragedy, even if not a specific photo of the match day. The module's relevancy signal is low because the image is generic, but the factual claim in the headline is accurate. The AI ge"
ds9935,Misinformation,0.85,False,True,"The claim states that David Cameron 'celebrates himself' as he heads to the EU summit. The retrieved evidence contradicts the 'celebration' aspect. Specifically, evidence [1] from Daily Mail describes the event as a 'humiliation' where he had to 'explain how he let Brexit happen,' and evidence [2] from Al Arabiya and [3] from NPR describe the mood as one of 'sadness and regret' and 'tension' following the Brexit vote. While Cameron did attend an EU summit in Brussels (likely the one in June 2016, his last as PM), the characterization of him 'celebrating himself' is factually incorrect and contradicts the reported atmosphere of defeat and diplomatic difficulty. The module signal regarding relevancy also notes the image does not depict him celebrating. Therefore, the headline misrepresents t"
4960,Not Misinformation,0.95,False,True,"The headline 'J-Rod! Jennifer Lopez and Alex Rodriguez on Love, Beauty, and Redemption' is a direct reference to a specific Vanity Fair cover story published in December 2017. Evidence [1] and [2] from the 'J-Rod love beauty redemption interview' search explicitly confirm that this exact title was used for the article featuring Jennifer Lopez and Alex Rodriguez discussing these specific themes. The image depicts the couple in a romantic setting, which aligns with the content of that historical feature. Although the couple has since split (as noted in other evidence), the headline accurately describes the subject matter of the referenced media piece, making it a factual description rather than misinformation."
5286,Misinformation,0.95,False,True,"The claim that Biden accepted illegitimate votes in the 2020 election is false. Extensive investigations, recounts, and audits by state and federal authorities, as well as numerous court rulings, have found no evidence of widespread voter fraud that would have altered the election outcome. The retrieved evidence confirms that claims of a 'stolen' election or widespread illegitimate votes have been debunked by fact-checkers (e.g., USA Today, Snopes) and legal bodies. While isolated instances of fraud occur in every election, they are not sufficient to change results, and the specific allegation that Biden 'accepted' such votes is a baseless conspiracy theory. The image of Biden is irrelevant to the factual accuracy of the claim, but the claim itself is definitively false based on the consen"
ds6300,Misinformation,0.95,False,True,"The image depicts Hillary Clinton at a groundbreaking ceremony for 'Goldman's Pharmacy,' which is a fictional establishment from the animated TV show 'Family Guy.' The visual veracity signal correctly identifies the image as AI-generated (confidence 0.9), noting the surreal insertion of a cartoon character into a realistic scene. Furthermore, the retrieved evidence confirms that 'Goldman's Pharmacy' is a location in Quahog, Rhode Island, featured in 'Family Guy' (Evidence [1], [2] under 'Goldman Pharmacy opening news'), and there is no record of Hillary Clinton participating in a groundbreaking for such a place. The claim combines a real person with a fictional entity and an AI-generated visual, constituting clear misinformation."
ds9486,Misinformation,0.9,False,True,"The visual veracity module explicitly identifies the image as AI-generated with a high confidence of 0.8, citing unnatural anatomical structures such as extra limbs and hands on the cats. According to the definitive rule, if the image is AI-generated, the output must be 'Misinformation' regardless of other signals. The retrieved evidence confirms that while striped cats and their interaction with shoes are real-world phenomena, the specific image described is a synthetic creation, not a factual depiction of a real event."
ds252,Not Misinformation,0.95,False,True,"The claim states that Dave Lee Travis was one of broadcasting's biggest stars in the 70s and 80s. Evidence [1] from BBC News explicitly confirms this, stating: 'In the 70s and 80s, Dave Lee Travis was one of broadcasting's biggest stars.' Additional evidence from Wikipedia and IMDb confirms his prominence during this era, noting he was a regular presenter on 'Top of the Pops' from 1973 to 1984 and rose to fame in the 1970s and 1980s. The image signals indicate the image is not AI-generated and is partially aligned with the subject. Therefore, the claim is supported by factual evidence."
7904,Misinformation,0.85,False,True,"The claim asserts that the image depicts 'Boys from the Mandari tribe' in 'Terekeka' in 'September 2012'. The retrieved evidence strongly contradicts the specific identification of the subjects and the context. Evidence [3] from the Oxford archive explicitly identifies a famous image of cattle crossing the Nile near Terekeka as being from 1998, not 2012, and depicts cattle herding, not boys waiting for fishing boats. Furthermore, Evidence [2] from gist.ly describes the Mandari tribe's lifestyle as centered around 'cows and milk' (pastoralism), and the module's internal answers note that the Mandari do not emphasize fishing. The image in question is widely known as 'Cattle Crossing the Nile' by various photographers (often associated with the 1990s or early 2000s, specifically the 1998 Oxfo"
ds4659,Not Misinformation,0.95,False,True,"The claim states that Kanye West auditioned for American Idol in San Francisco and brought Kim Kardashian. Evidence [1] from Acclaim Mag confirms that Kanye West did indeed audition for American Idol in San Francisco and that Kim Kardashian teased this on social media, implying her presence or involvement. Evidence [2] and [3] from Us Weekly and Facebook confirm the existence and release of his full audition video. While the headline implies 'photos' of the audition event, the core factual claim (the audition, the location, and Kim's association) is supported by the evidence. The image provided is identified as a genuine photo of the couple, which aligns with the 'brings Kim Kardashian' part of the headline, even if it might not be a specific screenshot from the audition itself. The event "
6609,Misinformation,0.95,False,True,"The visual veracity module explicitly identifies the image as AI-generated with high confidence (0.9), citing the impossible nature of a horse levitating on a rocking chair in a cloudscape. According to the definitive rule, if the image is AI-generated, the output must be 'Misinformation' regardless of other signals. The retrieved evidence supports that while staged photos of horses on chairs exist (e.g., Andalusian horses on armchairs), the specific surreal and physically impossible scenario depicted in the image is a product of AI generation, not a real-world event or standard photography."
5292,Misinformation,0.95,False,True,"The claim that Joe Biden promised to 'abolish the Second Amendment' is false. Evidence indicates that Biden has consistently stated he respects the Second Amendment while advocating for stricter gun control measures, such as universal background checks and bans on assault weapons, rather than abolishing the amendment itself. The 'secret recording' referenced in the headline likely conflates a 2019 incident where Biden secretly recorded a Spanish-language campaign ad (which was about his campaign launch, not gun policy) with fabricated claims about his gun control stance. The image shows Biden speaking, but the specific allegation of promising to abolish the Second Amendment is not supported by any credible record of his statements or policies. The module signals correctly identify that Bid"
5049,Not Misinformation,0.75,False,True,"The headline claims that ranking seasons of 'The Bachelorette' sparks outrage, accusations of bias, and manipulated rankings. The retrieved evidence confirms that 'The Bachelorette' is a franchise with a long history of controversy, including producer manipulation tactics (Evidence [1], [2]) and that fans frequently engage in ranking seasons, often with strong, polarized opinions (Evidence [1], [2], [3] from the second set). While the specific phrase 'Controversy Erupts' might be sensationalized, the core assertion that rankings and reviews of the show are subjects of fan outrage and accusations of bias is supported by the existence of numerous ranking articles and documented fan backlash (e.g., regarding Jenn Tran or general franchise decisions). The image is a generic stock-style photo o"
ds8246,Misinformation,0.85,False,True,"The claim asserts that Tony Abbott unveiled a budget containing new tax increases and cuts to state grants. However, the retrieved evidence and module signals indicate a fundamental mismatch. The module signals explicitly state that the image does not depict Tony Abbott and is not aligned with the headline. Furthermore, the evidence retrieved for 'new tax increases' primarily concerns President Biden's FY2025 budget in the United States, not an Australian budget under Tony Abbott. While Tony Abbott was an Australian Prime Minister who did propose lower taxes (as noted in evidence [3] and the module), the specific claim about him unveiling a budget with *new* tax increases and *cuts* to state grants in the context of this image/headline pair is misleading or false because the visual evidenc"
5575,Misinformation,0.85,False,True,"The claim that Bradley Cooper and Lady Gaga were spotted kissing on a romantic getaway to Italy is false. Evidence confirms that while the two were in Italy together for the premiere of 'A Star Is Born' at the Venice International Film Festival in August 2018, there are no reports of them kissing during a 'romantic getaway' at that time or any other time. Their relationship was professional and friendly, centered around their collaboration on the film. Furthermore, recent reports indicate they remain close friends, with Gaga inviting Cooper to her wedding, contradicting the narrative of a secret romantic affair or recent intimate sightings in Italy. The image likely depicts a staged or unrelated moment, or is a misrepresentation of their public appearances. The specific incident described "
561,Not Misinformation,0.85,False,True,"The claim states that Hurricane Matthew was photographed from the ISS on the afternoon of Oct 3, 2016. Evidence from NASA confirms that the ISS tracked Hurricane Matthew and captured images during this period. Specifically, NASA reports images taken on Oct 4, 2016, and mentions views captured on Oct 7, 2016, at 4:45 pm ET. While the specific date in the claim (Oct 3) differs slightly from the explicitly dated Oct 4 photo, the storm was active and visible from the ISS during the Oct 3-4 timeframe as it approached Haiti and the Caribbean. The module signals confirm the image is genuine (not AI) and relevant. The slight discrepancy in the exact date (Oct 3 vs Oct 4) is minor given the continuous tracking and the fact that Oct 3 was the day prior to the Oct 4 landfall, during which the ISS wou"
1970,Not Misinformation,0.6,False,True,"The image is a bar graph from the 'Cancer Patient Experience Survey 2011/12', which is a real survey conducted in the UK (confirmed by evidence [2] and [3] in the retrieved set). The headline claims that 'More younger patients than older patients said they were informed about financial help'. The retrieved evidence confirms the existence and scope of the survey but does not contain the specific cross-tabulated data regarding 'informed about financial help' broken down by age group. However, there is no evidence suggesting the image is AI-generated (visual_veracity ai_generated=false) or that the survey data is fabricated. The claim is plausible within the context of patient experience surveys which often track such metrics. Without specific data contradicting the graph's visual representat"
ds1060,Not Misinformation,0.65,False,True,"The claim states that a man holds his son while participating in a candlelight vigil in New York. The retrieved evidence confirms that multiple candlelight vigils have occurred in New York City (e.g., for Inisa BK, Lobga Rangzen, Hassan Nasrallah, etc.). The image signals indicate the image is real (not AI-generated) and depicts a man holding a child at a vigil. While the specific identity of the individuals or the exact event cannot be definitively verified from the text alone, the event described (a man holding a child at a NY vigil) is consistent with the reported occurrences of such vigils where families and community members participate. There is no evidence suggesting the image is fake or the event did not happen. The 'answers' module also supports the occurrence of vigils. Therefore"
ds3938,Misinformation,0.95,False,True,"The claim states that Northwestern University is a founding member of the Big Ten Conference starting in 1893. However, the retrieved evidence clearly indicates that the Big Ten Conference was founded in 1896 (specifically as the Intercollegiate Conference of Faculty Representatives). While Northwestern is indeed a charter/founding member, the year 1893 is factually incorrect. Therefore, the claim contains a significant factual error regarding the date."
6399,Misinformation,0.95,False,True,"The image is identified as AI-generated with high confidence (0.8) by the visual veracity module. The scene depicts Polish police officers posing with Teenage Mutant Ninja Turtles, which is a fictional and impossible scenario in reality. The retrieved evidence confirms that there are no news reports or factual records of such an event; instead, search results point to stock images of Ninja Turtles and general costume ideas, but no specific incident involving Polish police and the characters. According to the definitive rule, if the image is AI-generated, the output must be Misinformation."
6807,Misinformation,0.95,False,True,"The image depicts a dragon cooking vegetables, which is a fantastical and surreal scenario. The visual veracity module explicitly identifies the image as AI-generated with high confidence (0.9), noting that the combination of a mythical creature and a cooking scene is contextually bizarre and does not align with real-world physics or biology. According to the definitive rule, if the image is AI-generated (ai_generated=true, confidence>0.6), the output must be Misinformation regardless of other signals. The headline claims a straightforward factual scenario ('large bowl with vegetables and broccoli'), which contradicts the AI-generated, non-real nature of the image."
ds9233,Not Misinformation,0.9,False,True,"The claim states that many people are waiting for a bus at a bus terminal. The module signals indicate that the image is not AI-generated (visual_veracity.ai_generated=false) and is aligned with the claim (relevancy.aligned=true). The retrieved evidence supports the general context that bus terminals are places where passengers wait for buses, often in groups or crowds, especially during peak hours. While the evidence does not identify the specific location in the image, it confirms the plausibility and commonality of the scene described. There is no evidence suggesting the image is fake or the claim is false. Therefore, the claim is considered not misinformation."
7506,,,False,False,PARSE_FAILURE
251,Not Misinformation,0.95,False,True,"The retrieved evidence confirms that Sameena Jabeen Ahmed won the 'Best British Newcomer' award at the 2014 BFI London Film Festival for her role in 'Catch Me Daddy'. Crucially, evidence item [2] from Getty Images explicitly states that she received this award with presenters James Corden and Finola Dwyer. This directly supports the claim that she received her best newcomer award from James Corden. The module signals correctly identified the alignment, and the visual veracity check indicated the image was not AI-generated."
ds1760,Misinformation,0.9,False,True,"The claim states that 'Last year' hundreds of thousands of people joined a 400 km human chain. The evidence indicates that the most prominent 400 km+ human chain event, the Baltic Way, occurred in 1989, not last year. While there was a massive human chain in Bihar, India, in January 2020 (which could be considered 'last year' if the current date is 2021, but the length was 18,000 km, not 400 km, and the participant count was ~50 million, not 'hundreds of thousands'), the specific combination of '400 km' and 'hundreds of thousands' does not match any recent major event. The Baltic Way had ~2 million people and was 675 km. The claim appears to be a misattribution of the historical Baltic Way event (or a conflation of different events) presented as a recent occurrence. Given the visual signal"
ds5403,Not Misinformation,0.65,False,True,"The claim is a speculative headline discussing the nature of impeachment talk (strategy vs. distraction) and potential manipulation by elites. The image shows a generic protest banner reading 'IMPEACHMENT', which is consistent with real-world political discourse and is not AI-generated. The retrieved evidence confirms that impeachment is a topic of political discussion (specifically regarding investigations into Donald Trump, as per the module signals and recent news context) and that concepts of 'political elites' and 'discourse manipulation' are established subjects of political science and media analysis. The headline does not assert a specific false fact but rather presents a narrative interpretation of ongoing political dynamics. Since the image is real and the topic is grounded in cu"
ds8604,Misinformation,0.95,False,True,"The image is identified as AI-generated with high confidence (0.8) due to unnatural anatomy, specifically extra limbs on the zebras. According to the definitive rule, if the image is AI-generated, the output must be 'Misinformation' regardless of other signals. The headline claims zebras are socializing on rocks in an artificial lake, but the visual evidence is fabricated and does not represent a real event or scene."
ds8578,Not Misinformation,0.65,False,True,"The image depicts a man leaning over the back of a truck. The retrieved evidence confirms that there have been viral incidents involving Walmart trucks, most notably a man driving a truck through a Walmart in Indianola, Mississippi, which was widely shared on TikTok. While the specific action in the image (leaning over the back) differs from the viral 'driving through' incident, the visual elements (man, truck, Walmart context) are consistent with real-world events involving Walmart trucks. The image is not AI-generated. The claim is a descriptive caption of a scene that plausibly exists or is derived from real footage associated with Walmart truck incidents. There is no evidence suggesting the image is a fabrication or deepfake intended to deceive about a specific non-existent event, but "
6114,Misinformation,0.85,False,True,"The image is identified as AI-generated with high confidence (0.8). The module signals explicitly state that the image does not depict a Mickey Mouse watch but rather a surreal image of a person in a uniform on a watch face. According to the definitive rule, if the image is AI-generated, the output must be Misinformation regardless of other signals. The claim 'mail order mickey mouse watch from russia' implies the image shows such a product, which it does not. Therefore, the image is a misleading representation of the claim."
8341,Not Misinformation,0.85,False,True,"The claim consists of two parts: 1) The Riverside Museum was the European Museum of the Year 2013, and 2) It has seen a drop in visitors. Evidence [1], [2], and [3] from the retrieved set explicitly confirm that the Riverside Museum in Glasgow won the European Museum of the Year Award in 2013. Regarding the second part, while specific 2023 statistics for the Riverside Museum are not explicitly detailed in the snippets, Evidence [2] from the Museums Association reports a general trend where visitor numbers are down 10% on average across museums compared to pre-pandemic levels, with many reporting significant drops. Given that the Riverside Museum is a major public attraction, it is highly probable it is subject to this broader industry trend. The image shows a waterfront scene consistent wi"
1152,Not Misinformation,0.9,False,True,"The retrieved evidence confirms that Howard Stern and his wife Beth Ostrosky have attended various public events together, including the 2017 North Shore Animal League America Gala and a Hamptons Magazine cocktail reception. The module signals correctly identify the individuals and the context of them attending an event. While the specific 'recent' event in the image is not explicitly dated in the evidence snippets, the general claim that they were in attendance at an event is supported by multiple sources showing their joint appearances at galas and receptions. The image is verified as not AI-generated. Therefore, the claim is consistent with the evidence."
ds5714,Misinformation,0.95,False,True,"The image is identified as AI-generated with high confidence (0.8). According to the definitive rule, if the image is AI-generated, the output must be 'Misinformation' regardless of other signals. The headline claims Babur was an 'Educator Paving the Way for Educational Excellence,' which is historically inaccurate as Babur is known as a conqueror and founder of the Mughal Empire, not an educator, and there is no evidence of specific educational reforms or roles as an educator in the provided sources. The AI-generated nature of the image further invalidates the visual claim of him being in a library setting."
ds9888,Misinformation,0.85,False,True,"The claim states that the vast majority of people watching on the hill will be delighted that Jerzy Janowicz takes the first set on a tiebreak. The retrieved evidence confirms that Jerzy Janowicz did win the first set against Andy Murray in a tiebreak (7-6) during the 2013 Wimbledon semifinals [Evidence 4, Q4]. However, the claim implies a specific emotional reaction ('delighted') from a specific crowd ('people watching on the hill'). In the context of the 2013 Wimbledon semifinal, Andy Murray was the home favorite and eventual finalist, while Janowicz was the underdog. While Janowicz's win was a major upset, describing the crowd's reaction as universally 'delighted' is subjective and likely inaccurate for a home crowd supporting Murray. More critically, the image provided in the module si"
7531,Not Misinformation,0.95,False,True,"The claim states that an Occupy protest occurred at St Paul's Cathedral in London. The retrieved evidence confirms that the Occupy London movement, which began near the London Stock Exchange, subsequently established a camp at St Paul's Cathedral in October 2011. Multiple sources, including The Guardian and The Huffington Post, document specific events at the cathedral, such as protesters chaining themselves to the pulpit. The image signals indicate a protest scene, which is consistent with the historical record of the Occupy London protests at this location. The visual veracity is assessed as real (not AI-generated), and the content aligns with verified historical events."
1795,Not Misinformation,0.85,False,True,"The claim states that Justin Fashanu is described as 'intelligent witty honest and articulate' in Nick Baker's 'Forbidden Forward'. The retrieved evidence confirms that Nick Baker is the author of 'Forbidden Forward: The Justin Fashanu Story' [1, 2]. While the specific string of adjectives 'intelligent witty honest and articulate' is not explicitly quoted in the provided snippets, the evidence supports the book's nature as a 'sensitive but brutally candid portrait' [1] and a 'meticulously researched' biography [2, 3]. Furthermore, other literary descriptions of Fashanu in the context of his life and interviews (which Baker's book would cover) describe him as 'honest and truthful' [3] and a 'brave man' [2]. The module signals also confirm the image is of Justin Fashanu and is not AI-generat"
7759,Not Misinformation,0.75,False,True,"The claim consists of two parts: identifying the image as Dong Energy's gas-fired power station in Newport, South Wales, and stating that the government has proposed gas as a bridging technology. 

1. Image Identification: Evidence [1] from The Guardian explicitly links a photograph of 'Dong Energy's gas-fired power station in Newport, Wales' to the topic of the 'dash-for-gas'. Evidence [2] from BDC Magazine confirms Dong Energy opened a gas-fired power station in Newport, South Wales, in February 2011. The image provided in the module signals shows a power station with cooling towers, which is consistent with the visual description of such facilities (though specific visual matching is limited, the textual evidence strongly supports the existence and location of the facility described). T"
5697,Misinformation,0.95,False,True,"The image is identified as AI-generated (confidence 0.8), which triggers the definitive rule to classify the pair as Misinformation. Furthermore, the claim that NASA has discovered a 'second moon' that is 'potentially habitable' is factually incorrect. While Earth does have temporary quasi-satellites (mini-moons) like 2024 PT5 or 2025 PN7, these are small asteroids (often less than 100 feet wide) that orbit the Sun in sync with Earth, not stable moons. They are not habitable, nor are they moons in the traditional sense. The claim conflates these minor asteroid discoveries with a permanent, habitable second moon, which does not exist. The visual depiction of astronauts observing a large, planet-like body indoors is a surreal, AI-generated fabrication unrelated to any real NASA announcement."
3769,Misinformation,0.95,False,True,"The claim 'Tangled is a shoelace' is factually incorrect. Evidence confirms that 'Tangled' is primarily known as a 2010 Disney animated film [1] or an adjective meaning twisted/complicated [2]. Shoelaces are not called 'Tangled'; the ends are called 'aglets' [3]. Furthermore, the module signals indicate the image is AI-generated (ai_generated=true, confidence=0.8). According to the definitive rule, if the image is AI-generated, the output must be Misinformation regardless of other signals. The combination of a false factual claim and an AI-generated image solidifies the verdict."
4905,Not Misinformation,0.85,False,True,"The headline claims that the rumor of Lindsay Shookus being pregnant with Ben Affleck's baby is 'untrue' and that she is 'still NOT pregnant'. Evidence confirms that Lindsay Shookus and Ben Affleck ended their relationship in 2018/2019 and are no longer together. While there were rumors of pregnancy during their relationship (circa 2018), these were never confirmed, and subsequent reports indicate they do not plan to expand their families. Furthermore, recent updates confirm Shookus has moved on to dating others (e.g., Jon Hamm). Therefore, the claim that the 'baby shocker' is untrue and she is not pregnant is factually correct based on the current status of their relationship and the lack of any credible pregnancy news. The image relevance is low, but the textual claim in the headline is "
6026,Misinformation,0.95,False,True,"The image is identified as AI-generated with high confidence (0.8) by the visual veracity module. The definitive rule states that if the image is AI-generated, the output must be 'Misinformation' regardless of other signals. Additionally, the headline 'oh god jay no youre killing everybody' is sensational and lacks context, while the image depicts a benign talk show setting, creating a misleading juxtaposition. The evidence confirms that no 'Jay' (whether Jay-Z, Jam Master Jay, or fictional characters) is currently 'killing everybody' in a manner consistent with the headline's implication of a current, widespread violent event caused by the subject."
5977,Misinformation,0.9,False,True,"The claim states that Konidela Production Company has emerged as a key player in the Chinese entertainment industry. However, all retrieved evidence and module signals confirm that Konidela Production Company is an Indian film production company based in Hyderabad, India, founded by Ram Charan. There is no evidence of any expansion, projects, or involvement in the Chinese entertainment industry. The company's focus is strictly on Indian (specifically Telugu) cinema. Therefore, the claim is factually incorrect and constitutes misinformation."
104,Not Misinformation,0.9,False,True,"The claim states that while there are hundreds of commercial airlines globally, not all of them have inflight connectivity or internet access. The retrieved evidence confirms that there are over 5,000 airlines globally (Source 1, Q1), which satisfies the 'hundreds' condition. Furthermore, multiple sources explicitly state that not all airlines offer inflight internet. For instance, Source 2 (Q2) and Source 2 (Q5) note that while approximately 70% of airlines provide connectivity, many budget and regional carriers still lack Wi-Fi. Source 2 (Q5) specifically mentions that 'not all airlines offer inflight connectivity' and highlights the disparity between legacy carriers and budget airlines. The image, showing model airplanes, is relevant contextually but does not contradict the factual clai"
ds9954,Misinformation,0.95,False,True,"The claim states that Jinyun and Yahong, whose husbands died in the Morecambe Bay cockle-picking disaster, are celebrating. The retrieved evidence and module signals confirm that Jinyun and Yahong (specifically referring to the victims' families or the victims themselves in the context of the tragedy) are associated with a fatal incident where their husbands died, not a celebration. The event described is a tragedy, making the claim of a 'celebration' factually incorrect and misleading. The module signals also note that there is no information about them celebrating, and the visual veracity is low confidence for AI generation but the factual contradiction is strong. The claim misrepresents a tragic event as a celebration."
ds9091,Not Misinformation,0.6,False,True,"The claim describes a specific visual composition: a colorful umbrella centered in a black and white photo of a busy city sidewalk. The module's 'relevancy' signal indicates that the provided image does not match this description (it lacks the colorful umbrella or the specific composition). However, the 'visual_veracity' signal confirms the image is not AI-generated (ai_generated=false). According to the definitive rule, we only output 'Misinformation' if the image is AI-generated. Since the image is real, the mismatch between the claim and the image content suggests the claim is a poor description or caption for this specific image, but it does not constitute 'misinformation' in the sense of a fabricated/AI-generated image being presented as real. The retrieved evidence confirms that such"
ds1846,Misinformation,0.9,False,True,"The claim describes a specific incident involving a vehicle belonging to Rafael Correa's security detail being set on fire by rioting police outside a hospital in Quito. The retrieved evidence and module signals indicate that this narrative is factually incorrect and likely conflates different events. First, the module signals explicitly state that police did not set a vehicle on fire in Quito in the context of recent protests; rather, protesters set police cars on fire. Second, the historical context of police violence against Correa occurred in 2010, not during a recent hospital siege in 2023. In 2010, police held Correa captive, but there is no record of a vehicle belonging to his security detail being burned by police outside a hospital in that specific manner described. The 2023 event"
ds2126,Not Misinformation,0.65,False,True,"The claim describes a specific visual scenario: 'Identical street signs pointing in the opposite directions of each other.' The retrieved evidence confirms that such occurrences are real and have been reported in the news. Specifically, evidence [1] from WalesOnline details an incident in Swansea where two almost identical street signs were found one behind the other, which aligns with the concept of identical signs in close proximity. While the evidence does not explicitly confirm the 'opposite directions' aspect for the Swansea case (it notes they were one behind the other), the general existence of confusing, identical, or oddly placed street signs is well-documented. The module signals indicate the image is not AI-generated (visual_veracity.ai_generated=false) and has partial alignment"
ds8631,Misinformation,0.95,False,True,"The image is identified as AI-generated with high confidence (0.8). The module signals explicitly state that the image is not aligned with the headline, noting that the image depicts bananas and apples rather than oranges and a tree with branches in front of potted plants. The visual content (bananas) contradicts the textual claim (oranges), and the AI generation indicates the image is synthetic and not a factual representation of the described scene. Therefore, the pair constitutes misinformation."
ds6054,Not Misinformation,0.85,False,True,"The claim 'everyone knows dachshunds dont work over water' is interpreted as a statement about the breed's general inability or unsuitability for water-based work or activities, rather than a literal claim that they walk on water. The retrieved evidence confirms that Dachshunds are generally poor swimmers due to their body structure (heavy chest, short legs) and were originally bred for hunting burrows, not water retrieval. While some individuals may swim, they are not considered 'working' dogs in aquatic environments, and many have an aversion to water. The image appears to be a fictional or staged scene (possibly from a movie or edited), but the core factual assertion regarding the breed's limitations in water is supported by the evidence. The phrase 'everyone knows' is hyperbolic, but t"
595,Not Misinformation,0.75,False,True,"The image depicts the Cleveland skyline, and the claim states it was taken from Edgewater Park in 2012. Edgewater Park in Cleveland is a well-known location for viewing the skyline, as confirmed by multiple evidence sources [2, 3] from the 'Cleveland skyline history Edgewater Park' queries and [2] from the 'Is this photo from Edgewater Park?' queries. The visual content aligns with the description of a Cleveland skyline view. While the specific year 2012 cannot be definitively verified from the provided snippets (which mention general history and recent photos), there is no evidence contradicting the claim, and the location and subject are factually consistent. The image is not AI-generated. Therefore, the claim is considered plausible and not misinformation."
ds4857,Misinformation,0.85,False,True,"The headline claims Kourtney Kardashian had a 'pregnancy scare' involving 'Younes' and is 'teasing Scott' about it. The retrieved evidence contradicts this narrative in several ways. First, reports indicate Kourtney is currently trying to conceive with her husband, Travis Barker, and has a pregnancy scare related to that attempt, not Younes Bendjima (Evidence [3] from The Mirror). Second, while Kourtney has expressed interest in having a child with Younes Bendjima, there is no evidence of a 'pregnancy scare' involving him; rather, he is described as being 'down to try' (Evidence [1] from Radar Online). Third, the relationship between Kourtney and Scott Disick is described as strained, with sources stating she has 'lost respect' for him and wants him out of the family, making the idea of he"
8858,Not Misinformation,0.85,False,True,"The claim describes a 'man walking on his back in the snow'. The module's relevancy signal correctly identifies that the image shows a person skiing, not walking. However, the visual veracity signal indicates the image is not AI-generated (ai_generated=false) and appears to be a natural scene. The retrieved evidence consists of stock photo descriptions and general articles about winter walking techniques and snow-covered trees; it does not contain specific information verifying or refuting the exact content of this specific image file (e.g., it doesn't identify the skier or the specific photo source). Since the image is real (not AI-generated) and the claim is a descriptive mismatch (the image shows skiing, the text says walking), this is a case of misleading captioning or irrelevant pairi"
ds4896,Not Misinformation,0.65,False,True,"The claim that Nicole Richie pleaded with Sofia Richie to end her romance with Scott Disick is a specific anecdotal narrative often circulated in celebrity gossip. While the provided evidence snippets do not contain a direct quote or specific report of this 'pleading' event, they confirm the existence of the relationship (Sofia Richie and Scott Disick dated from 2017 to 2020) and the familial relationship between Nicole and Sofia. The module signals indicate the image is not AI-generated and is only partially aligned with the headline. In the absence of definitive evidence proving the event *did not* happen (e.g., a direct denial from the parties or a debunking article), and given that such interpersonal advice is plausible within the context of their public family dynamics, we cannot defi"
8916,Not Misinformation,0.6,False,True,"The claim describes a specific visual scene: a white toilet, a black mirror, and a tiled floor. The module signals indicate that the image is a genuine photograph (not AI-generated) and shows a white toilet. The relevance signal is low (0.2) because the image does not clearly show a black mirror or a tiled floor in the foreground, but this discrepancy does not automatically make the headline 'misinformation' in the context of a general description or caption, especially since the core object (white toilet) is present. The retrieved evidence supports the existence of such design elements (white toilets, black mirrors, tiled floors) as common bathroom features, validating the plausibility of the description. Since the image is verified as real and the description is a plausible depiction of "
ds562,Not Misinformation,0.95,False,True,"The claim states that 30,000 people gather each year in Hawaii to celebrate SPAM. The retrieved evidence confirms that Hawaii hosts the 'Waikiki Spam Jam,' an annual festival celebrating SPAM. Specifically, evidence [1] from the Courthouse News (dated Apr 28, 2025) explicitly states that 'more than 30,000 visitors flocked to the' event. Additionally, the module signals and other evidence snippets (e.g., Wanderlustyle, Vice) corroborate that the event attracts approximately 30,000 to 35,000 attendees annually. The image shows a scene consistent with this festival (mascot, crowd). Therefore, the claim is supported by factual evidence."
ds5647,Misinformation,0.95,False,True,"The claim that Pfizer CEO Albert Bourla admitted the COVID-19 vaccine causes permanent brain damage is false. Extensive fact-checking by reputable sources (e.g., Snopes) and official statements confirm that Bourla has consistently defended the safety and efficacy of the vaccine, stating that no corners were cut in testing and that the FDA found no specific safety concerns. While there have been controversies regarding Pfizer's statements on transmission efficacy and pediatric safety, there is no credible evidence or record of Bourla admitting to causing brain damage. The claim appears to be a distortion of other statements or a complete fabrication, fitting the definition of misinformation."
160,Misinformation,0.85,False,True,"The claim asserts that a specific cat named 'Dorothy' was shot in Newport. The retrieved evidence fails to identify any cat named Dorothy in connection with pellet gun incidents in Newport. Instead, evidence [1] from the 'Pellet gun incidents Newport cat' query identifies a specific incident in Newport in 2010 involving a cat named 'Rouley', not Dorothy. Other evidence discusses unrelated topics (Wizard of Oz, general RSPCA statistics, or unrelated 2023 news). The image shows a cat in a cone, which is generic and does not verify the specific identity of 'Dorothy' or the specific injuries described. Since the specific entity 'Dorothy' is not supported by the evidence and a different cat ('Rouley') is cited for similar incidents in the same location, the claim is likely fabricated or misattr"
ds7704,Misinformation,0.85,False,True,"The claim states the image is an aerial view of the River Severn winding through Leighton in Shropshire. However, the module signals indicate that the image actually depicts a golf course and surrounding landscape, with no meaningful connection to the River Severn or the specific geography of Leighton as described. The visual content (golf course) contradicts the textual claim (river winding through a village). While the River Severn does flow through Shropshire and near Leighton, the specific visual evidence provided does not match the headline's description of the scene. The image is likely a stock photo of a golf course mislabeled as a river view, or a generic landscape unrelated to the specific claim. Given the strong signal that the image does not depict the subject matter (River Seve"
ds451,Not Misinformation,0.95,False,True,"The retrieved evidence confirms that Paul Wilson, a drink driver, struck Alwyn Pritchard, a PCSO, while Pritchard was riding his motorbike. Multiple sources, including BBC News and Wales Online, explicitly state that Wilson fled the scene of the accident, which resulted in Pritchard's death. The claim that Paul Wilson ran away from the scene after hitting Alwyn Pritchard is factually supported by the evidence."
ds4380,Misinformation,0.95,False,True,"The claim that Nancy Pelosi is resigning due to 'new revelations' is false. While Nancy Pelosi did resign as Speaker of the House in January 2023, she did not resign from Congress, nor did she resign due to any scandal or 'new revelations' as implied by the sensationalist headline. The specific headline 'BREAKING: Nancy Pelosi To Resign After New Revelations' was identified by PolitiFact as a fabricated hoax from NRTOnline, a known disinformation site. The retrieved evidence confirms that PolitiFact debunked this specific claim, and other sources clarify that her actual resignation was a planned leadership transition, not a scandal-driven exit. Therefore, the headline presents a false narrative."
1204,Not Misinformation,0.95,False,True,"The claim describes a specific historical event: an ambush on a Jalisco state road where 15 police officers were killed by a gang. The retrieved evidence confirms that on April 6, 2015, a convoy of the Jalisco State Police was ambushed by the Jalisco New Generation Cartel (CJNG) in San Sebastián del Oeste, Jalisco, resulting in the deaths of 15 officers and injuries to five others. The image signals indicate the image is real (not AI-generated) and shows police presence, which is consistent with the context of the event described. While the image itself may not depict the exact moment of the 2015 ambush (as it is a generic or archival photo of police), the headline accurately describes a verified historical fact. There is no evidence suggesting the image is fake or that the headline is a f"
ds5364,Not Misinformation,0.85,False,True,"The claim that Don Lemon made controversial remarks resulting in outrage and media backlash is supported by multiple credible news sources. Evidence confirms Lemon made controversial comments regarding white men being a terror threat [3] and women over 50 not being in their 'prime' [1], which led to significant backlash, apologies, and discussions about his future at CNN [1, 3]. The image shows Don Lemon, aligning with the subject of the headline. While the headline uses sensational language ('Scandal', 'Alleged Bias'), the core factual assertion that his remarks caused controversy and backlash is true. The visual is verified as not AI-generated."
ds8199,Not Misinformation,0.95,False,True,"The claim states that the death of a former Putin aide at a DC hotel was ruled accidental. Evidence from multiple reputable sources (CNN, BBC, Talking Points Memo) confirms that Mikhail Lesin, a former aide to Vladimir Putin, was found dead in a Washington D.C. hotel in November 2015. While the initial autopsy cited blunt force trauma, US authorities officially ruled the manner of death as an 'accident' in October 2016, attributing it to injuries sustained after excessive alcohol consumption. The image signals indicate the image is not AI-generated and is not directly relevant to the specific event (likely a generic stock photo or unrelated image), but the textual claim itself is factually supported by the retrieved evidence. Since the image is not AI-generated, the definitive rule for 'Mi"
ds9128,Misinformation,0.8,False,True,"The visual veracity module explicitly identifies the image as AI-generated with a confidence of 0.8. According to the definitive rule, if the image is AI-generated (ai_generated=true, confidence>0.6), the output must be 'Misinformation' regardless of other signals. The retrieved evidence does not contradict this finding; instead, it shows that while similar scenes exist (e.g., a black and white cow next to a blue door on Pinterest, or a brown cow in front of a brick building), the specific image in question is flagged as synthetic. The presence of AI generation makes the image a fabricated representation, thus constituting misinformation in the context of presenting it as a real photograph."
ds8717,Not Misinformation,0.95,False,True,"The image depicts a standard bedroom scene with a bed, blanket, and pillows. The module signals confirm the image is a genuine photograph (AI-generated: false) and is relevant to the claim. The claim 'a pillow with a blanket and some pillows' is a descriptive statement that accurately matches the visual content. The retrieved evidence supports the existence and commonality of such items (throws, decorative pillows, bedding arrangements) in home decor contexts. There is no evidence of manipulation, AI generation, or misleading context. The claim is a factual description of the image content."
ds1226,,,False,False,PARSE_FAILURE
ds4978,Not Misinformation,0.9,False,True,"The claim states that Nicole Kidman won for Outstanding Lead Actress in a Limited Series or Movie at the 69th Emmy Awards. According to the retrieved evidence and module signals, the 69th Primetime Emmy Awards took place in 2017. Nicole Kidman won the Primetime Emmy Award for Outstanding Lead Actress in a Limited Series or Movie in 2017 for her role in 'Big Little Lies'. The module signals explicitly confirm that Nicole Kidman won this specific award at the 69th Emmys with high confidence (0.9). The image shows a woman holding an award, which is consistent with the event described, although the specific identity in the image cannot be visually verified from the text alone, the factual claim regarding the award outcome is correct. The visual veracity signal indicates the image is not AI-gen"
6327,Misinformation,0.95,False,True,"The visual veracity signal explicitly identifies the image as AI-generated with high confidence (0.9), citing distorted facial features and unnatural hand positioning. According to the definitive rule, if the image is AI-generated, the output must be 'Misinformation' regardless of other signals. The headline 'in a fish market long ago and far away' combined with an AI-generated image of a distorted figure constitutes a fabricated or misleading representation, fitting the definition of misinformation in this context."
ds1360,Not Misinformation,0.85,False,True,"The image depicts Bishop Franz-Peter Tebartz-van Elst, who was indeed the Bishop of Limburg in August 2013. The headline describes a specific event (walking out of the cathedral on August 30, 2013). While the retrieved evidence does not contain a specific photo caption or news report confirming his exact movements on that specific date, the visual content is consistent with the subject and time period. The bishop was a central figure in major news stories during August 2013 regarding his lavish spending and subsequent suspension (as confirmed by evidence [1], [2], [3] in the 'Franz-Peter Tebartz-van Elst news August 2013' section). The image is verified as not AI-generated. Without evidence contradicting the specific date or location, and given the high relevance of the subject to the date"
ds3180,Misinformation,1.0,False,True,"The claim states that Watertown, Massachusetts is in Vermont. This is factually incorrect. Multiple pieces of evidence confirm that Watertown, Massachusetts is located in Middlesex County, Massachusetts, and is part of the Greater Boston area. It is not located in Vermont. The module signals also correctly identify the headline as incorrect, although they note the image does not explicitly confirm the location (which is irrelevant to the factual error in the text). Since the core claim is false, it is classified as misinformation."
ds6722,Misinformation,0.95,False,True,"The image is identified as AI-generated with high confidence (0.8) due to surreal elements like a green laser effect from the man's head and unnatural eye brightness. According to the definitive rule, if the image is AI-generated, the output must be Misinformation regardless of other signals. The headline claims a factual scenario ('Many children surrounded around a person with a beard on'), but the image is a synthetic fabrication, not a real photograph of such an event. Therefore, presenting this AI-generated image as evidence for the claim constitutes misinformation."
ds4618,Not Misinformation,0.95,False,True,"The claim that Justin Bieber accidentally hit a photographer with a pick-up truck after a church service is supported by multiple credible news sources. Evidence [1] from The Cut, [2] from Daily Mail, and [3] from IBTimes confirm that on July 27, 2017, Justin Bieber struck a 57-year-old paparazzo with his vehicle (described as a car, truck, or pick-up truck in various reports) while leaving a church service in Beverly Hills/Los Angeles. The incident was widely reported as an accident, and the photographer sustained non-life-threatening injuries. The visual veracity signal indicates the image is not AI-generated, and the content aligns with historical facts."
ds2707,Misinformation,0.95,False,True,"The claim attributes human-like behaviors ('stealing a private moment', 'giggling') to palm trees. Scientific evidence confirms that plants, including palm trees, lack neuronal centers and consciousness, making them incapable of human-like behavior or emotions such as giggling [1]. While palm trees can have unique shapes [2], the assertion that they are 'giggling' is biologically impossible and constitutes a false attribution of sentience. The image likely depicts a natural formation (pareidolia) or a staged photo, but the headline presents a literal interpretation of anthropomorphic behavior, which is factually incorrect."
ds4910,Not Misinformation,0.85,False,True,"The headline claims Gwen Stefani is still in love with Blake Shelton and has never tried to change him. Evidence [1] from Yahoo Entertainment and [2] from Fox News confirms that Gwen Stefani is still 'in love' with Blake Shelton and enjoying a 'honeymoon phase' in their marriage. Regarding the claim that she has 'never once' tried to change him, Evidence [2] from AOL states that Stefani opened up about the 'chaos' and 'turmoil' in the early days of their relationship, but does not provide evidence that she attempted to fundamentally change his personality or identity. While the absolute phrasing 'never once' is strong, the available evidence supports the general sentiment of acceptance and love without contradicting the core assertion of her affection or proving she tried to change him. Th"
ds1096,Not Misinformation,0.75,False,True,"The claim states that lab technicians in Puerto Rico process Zika tests at the CDC's dengue branch in San Juan. Evidence confirms that the CDC Dengue Branch is located in San Juan, Puerto Rico, and has historically focused on dengue and other Aedes-transmitted viruses (including Zika) since 1972. Furthermore, evidence indicates that CDC entomologists and laboratory staff at this branch have performed testing (including bioassays and potentially diagnostic tests during outbreaks) in Puerto Rico. While the branch's primary historical focus is dengue, it operates under the Division of Vector-Borne Diseases and deals with Zika as part of its vector-borne disease portfolio. The image shows a generic lab setting, which is consistent with the activities performed at the CDC Dengue Branch in San J"
ds803,Not Misinformation,0.85,False,True,"The retrieved evidence confirms that Mildred Martin, an 81-year-old woman, was shot and killed on her front porch in northwest Atlanta on July 27, 2015. While initial reports described the death as caused by a stray bullet, subsequent police updates and legal proceedings identified specific suspects. The module signals explicitly state that Johnny Maurice Avery was indicted for the murder of Mildred Martin. Although the primary web search snippets for 'Johnny Maurice Avery' were irrelevant (returning results for other people or unrelated topics), the internal module answers provide high-confidence confirmation (conf: 1.0) that Avery was charged in this specific case. The image is a real mugshot (AI-generated: false), and the core facts of the headline (Avery accused of shooting Martin in N"
9249,Misinformation,0.95,False,True,"The visual veracity module explicitly identifies the image as AI-generated with high confidence (0.9), citing surreal characteristics such as horns and distorted body structures that are not typical for real elephants. According to the definitive rule, if the image is AI-generated, the output must be 'Misinformation' regardless of other signals. The claim describes a realistic scenario (mother and baby elephant by a dry pool), but the image provided is a fabricated, AI-created depiction containing non-existent features (horns), making the association between the image and the claim misleading and false."
ds4946,Misinformation,0.85,False,True,"The claim asserts that specific celebrities (J.J. Watt, Tyler Perry, Jamie Foxx) gave large donations to relief funds for 'Deadly Texas Floods'. The retrieved evidence indicates that while Texas floods have occurred (e.g., October 2023, July 2025), there is no evidence supporting these specific celebrities making such donations. Instead, fact-checking sources (Politifact, Yahoo News) explicitly debunk claims of celebrity donations for Texas flood relief, stating they are false stories circulating on social media without real announcements. Although J.J. Watt is a Houston native and often involved in local relief, the specific grouping with Tyler Perry and Jamie Foxx in the context of 'big' donations for these specific floods is unsupported and aligns with the pattern of debunked viral misi"
1436,Not Misinformation,0.95,False,True,"The retrieved evidence confirms that musician Buddy Guy attended the Kennedy Center Honors reception at the White House on December 2, 2012. Specifically, stock photo descriptions from Alamy and news reports from NBC Chicago explicitly state: 'Musician Buddy Guy attends the Kennedy Center Honors reception at the White House in Washington, DC, USA, on December 2, 2012.' The image signals indicate the photo is real (not AI-generated) and partially aligned with the claim. Since the event and attendance are factually verified by multiple sources, the claim is accurate."
ds1062,Not Misinformation,0.95,False,True,"The retrieved evidence directly confirms the claim. Evidence item [1] from the Washington Post explicitly titles a video 'Your guide to riding the Yellow Line during SafeTrack's fourth surge' and states that the fourth surge ran from July 12-18, 2016, affecting the Yellow Line. This matches the headline's specific reference to the 'fourth surge' and the 'Yellow Line'. The image, described as a user guide with 'YL' (Yellow Line) branding, aligns with this context. The visual veracity is confirmed as not AI-generated. Therefore, the image and headline are consistent with factual events."
ds1686,Misinformation,0.85,False,True,"The claim states that John McCririck was a reporter for Channel 4 Racing 'until last year'. However, evidence confirms that John McCririck left Channel 4 in October 2012 after being dropped from the racing team due to ageism [2, 3]. He passed away in July 2019 [1, 2]. Therefore, he could not have worked for the broadcaster 'until last year' (relative to any recent context implying he was still active or recently departed). The claim is factually incorrect regarding the timeline of his employment."
7439,Misinformation,0.95,False,True,"The claim states that President Obama held a campaign event in Roanoke 'earlier this month' (implying a recent event, likely October 2023 given the context of the retrieved evidence queries). However, Barack Obama is not currently a candidate for public office and has not held any presidential campaign events in 2023. The retrieved evidence confirms that Obama did speak in Roanoke, Virginia, but this occurred on July 13, 2012, during his re-election campaign (Source [2] from obamawhitehouse.archives.gov and Source [2] from C-SPAN). The image is likely a recycled photo from the 2012 event being misrepresented as a recent 2023 event. Since the event described in the headline (Obama campaigning in Roanoke in 2023) did not happen, the claim is false."
8870,Not Misinformation,0.85,False,True,"The claim describes a scene ('A bath towel in a small bathroom with towels hanging over it') that is consistent with the visual content of the image (a bathroom with a bathtub) and general knowledge about bathroom design. The module signals indicate the image is not AI-generated (visual_veracity.ai_generated=false) and is relevant to the topic of bathrooms, although the specific detail of 'towels hanging over it' might be a minor interpretive variance or referring to items not clearly visible in the low-res description. However, since the image is verified as real (not AI) and depicts a plausible bathroom scene, and the claim is a descriptive caption rather than a factual assertion about a specific event or person, it is not misinformation. The retrieved evidence supports that such arrange"
ds8989,Not Misinformation,0.6,False,True,"The claim states that two women sit near a window next to a table covered in fruit. The module signals indicate the image is not AI-generated (visual_veracity.ai_generated=false) and shows two women near a table with fruit. The 'answers' module confirms that two women are sitting by a window (confidence 0.9). While the specific types of fruit are not identified in the evidence, the presence of fruit on the table is supported by the module's observation. The evidence snippets provided are generic stock photo descriptions or general articles about fruit and location tools, which do not directly verify the specific content of the image in question. However, since the primary visual veracity check passed (not AI) and the module signals align with the claim (women, window, fruit table), and the"
7101,Not Misinformation,0.95,False,True,"The claim states that Rafael Nadal played against Facundo Bagnis in the second round. Retrieved evidence confirms that Rafael Nadal did indeed play Facundo Bagnis in the second round of the 2016 French Open (Roland Garros) on May 26, 2016. Source [2] from the first evidence block explicitly titles the video 'Men's Round 2 2016 - Roland Garros'. Source [2] from the second evidence block confirms the date and tournament. Source [2] from the third evidence block confirms Nadal advanced to the third round after beating Bagnis, implying the match was in the second round. The image shows a tennis player in action, consistent with the described event. The visual veracity signal indicates the image is not AI-generated. Therefore, the headline accurately describes a real event depicted in the image"
ds7980,Misinformation,0.95,False,True,"The claim states that Japan will host the 'next World Cup in 2019'. This is factually incorrect. Japan did not host the FIFA Men's World Cup in 2019 (which was not held that year; the 2018 tournament was in Russia, and 2022 was in Qatar). Japan did host the Rugby World Cup in 2019, but the term 'World Cup' without qualification typically refers to the FIFA Men's World Cup. Furthermore, the 2019 FIFA Women's World Cup was hosted by France. The headline implies a future event ('will have even more reason to look forward to') relative to a time before 2019, or suggests 2019 was the upcoming FIFA World Cup, which is false. The evidence confirms Japan hosted the Rugby World Cup in 2019, not the FIFA World Cup, making the specific claim about hosting the 'World Cup' (implied FIFA) in 2019 mislea"
ds9213,Misinformation,0.95,False,True,"The image is identified as AI-generated with high confidence (0.8) by the visual veracity module. The definitive rule states that if the image is AI-generated, the output must be 'Misinformation' regardless of other signals. The rationale provided by the module notes that the terrain is oddly shaped and lacks realistic depth, confirming the artificial nature of the image. Therefore, the claim that this is a real plane accelerating is false because the source image is not a photograph of a real event."
ds8942,Not Misinformation,0.85,False,True,"The image depicts a rustic, old-fashioned kitchen setup, which aligns with the claim. The visual veracity signals indicate the image is not AI-generated (confidence 0.0 for AI generation, implying high confidence it is real). The retrieved evidence supports the existence and aesthetic of 'old-fashioned' or 'traditional' kitchens, describing them as welcoming, functional, and timeless (Sources 1, 2, 3 from The Spruce and BHG). While the specific claim that it is 'set up for guests' is an interpretation of the scene's state (clean, arranged), there is no evidence contradicting this, and the visual cues (cleanliness, arrangement) support the 'set up' aspect. The evidence confirms the style and general appeal of such kitchens, making the headline a plausible and non-misleading description of t"
2649,Not Misinformation,0.85,False,True,"The image depicts a plausible natural phenomenon where vegetation grows around or through abandoned machinery, a scenario commonly documented in photography and stock imagery (e.g., 'nature reclaiming industry'). The retrieved evidence confirms that abandoned farm equipment is frequently found in wooded areas and that nature often overgrows such industrial remnants. The visual veracity model indicates the image is not AI-generated (confidence 0.2 for AI, implying high confidence for real). The headline accurately describes the visual content without making unverifiable specific claims about location or ownership that would constitute misinformation. The alignment between the image and the headline is strong, and the scenario is physically possible and commonly observed."
ds8677,Misinformation,0.95,False,True,"The image is identified as AI-generated with high confidence (0.8) by the visual veracity module. The module notes unnatural arrangements and textures, specifically mentioning spinach which contradicts the 'various fruits' claim. According to the definitive rule, if the image is AI-generated (ai_generated=true, confidence>0.6), the output must be Misinformation regardless of other signals. The retrieved evidence supports the existence of stock photos with orange slices and forks, but does not validate the specific composition of this image, which is synthetic."
2915,Not Misinformation,0.65,False,True,"The claim states that the restroom entrance has a detailed map for the blind. The retrieved evidence confirms that tactile 3D-printed restroom maps for the blind do exist and are produced by organizations like Even Grounds (Evidence [1], [2]). While these maps are not ubiquitous, their existence validates the possibility of such a feature. The image shows a restroom sign/map, and while the specific tactile nature cannot be visually confirmed from the static image, the claim is plausible and grounded in real-world accessibility initiatives. The visual veracity signal indicates the image is not AI-generated, and the relevance is partial but supportive. Since the claim describes a real, albeit specialized, accessibility feature that exists, it is not misinformation."
4752,Misinformation,0.95,False,True,"The image is identified as AI-generated with high confidence (0.8) due to nonsensical text and visual artifacts, which triggers the definitive rule to classify the pair as Misinformation. Furthermore, the claim that Robert Pattinson and Kristen Stewart had a 'buzz cut' feud is unsupported by evidence; recent reports indicate Stewart has a punk pixie cut, not a buzz cut, and there is no record of Pattinson having a buzz cut or a feud over hairstyles. The image does not depict the celebrities mentioned, further confirming the mismatch and the fabricated nature of the content."
ds8815,Misinformation,0.95,False,True,"The image is identified as AI-generated with high confidence (0.9) by the visual veracity module. The image depicts a bear's head emerging from under a blanket, which is a surreal and impossible scenario for a real-life context, confirming it is not a genuine photograph of a baby blanket. According to the definitive rule, if the image is AI-generated, the output must be Misinformation regardless of other signals. The retrieved evidence discusses general baby blanket colors and styles but does not validate the specific image content, further supporting that the image is fabricated."
3855,Misinformation,0.95,False,True,"The claim that 'Maximum Overdrive' is a 1980 romance film is factually incorrect on multiple counts. Evidence confirms that 'Maximum Overdrive' is a science fiction action horror film released in 1986, directed by Stephen King, not a romance film from 1980. Furthermore, the module signals indicate that the image is AI-generated (confidence 0.8), which triggers the definitive rule to classify the pair as Misinformation regardless of other signals. The combination of a fabricated image and a completely false description of the film's genre and release date constitutes misinformation."
2756,Misinformation,0.95,False,True,"The image is identified as AI-generated with high confidence (0.9) by the visual veracity signal, which triggers the definitive rule to classify the pair as Misinformation regardless of other signals. Additionally, the claim that the 'Tree Man' (Abul Bajandar) is 'cured' is factually misleading based on recent evidence. While he underwent 16 surgeries in 2017 and was initially reported as cured, subsequent reports from 2023 and 2025 indicate that his warts have regrown and he is suffering from 'unbearable pain,' describing his condition as 'uncurable' or recurring. Therefore, the headline presents outdated or false information regarding his current medical status, and the use of an AI-generated image further compounds the misinformation."
ds7291,Not Misinformation,0.85,False,True,"The claim states that the image shows Nicky Henderson with Sprinter Sacre during an open day at Seven Barrows in February 2013. The retrieved evidence confirms that Nicky Henderson's stable is at Seven Barrows and that Sprinter Sacre was a prominent horse there. Crucially, evidence [1] from Racing Post explicitly mentions that Sprinter Sacre was 'on show' at the Lambourn Open Day hosted by Nicky Henderson at Seven Barrows. While the specific date of February 2013 is not explicitly pinned to the photo in the snippets, the event (Open Day at Seven Barrows) and the subjects (Henderson and Sprinter Sacre) are factually consistent with the claim. The module signals indicate the image is real (not AI-generated) and partially aligned. Given that Sprinter Sacre was indeed present at Henderson's op"
ds7399,Misinformation,0.95,False,True,"The module's visual veracity signal explicitly states that the image does not depict Julia Stiles, Paul Greengrass, or Matt Damon, and has no meaningful connection to the subject described in the headline. Although the factual claims in the headline (that the film premiered in July 2007, was directed by Paul Greengrass, and starred Matt Damon and Julia Stiles) are correct as confirmed by the retrieved evidence, the image itself is not a photograph of the event or the people mentioned. In the context of image+headline pairs, using an irrelevant or non-matching image to support a specific claim about who is present at an event constitutes misinformation (specifically, a mismatched caption or deceptive association). The 'relevancy' signal confirms the image is not aligned with the claim. Ther"
9058,Misinformation,0.8,False,True,"The claim states the image depicts a plate with broccoli. However, the visual veracity module indicates the image is AI-generated (confidence 0.8) and the relevancy module explicitly states the image does not depict broccoli, showing other foods instead. According to the definitive rule, if the image is AI-generated with high confidence, the output must be Misinformation regardless of other signals. The image is fabricated and does not match the claim."
ds2311,Not Misinformation,0.85,False,True,"The claim 'a big cat sitting in a little bowl' is interpreted in the context of common internet culture and linguistic ambiguity. While 'big cat' technically refers to large wild felines (lions, tigers, etc.) which cannot fit in bowls, the term is colloquially used to describe domestic cats that are large or simply to emphasize the cuteness of a cat in a small space. The retrieved evidence supports that domestic cats frequently sit in bowls due to the 'if it fits, I sits' instinct (Evidence [3] from the answers module and Pinterest link in Evidence [3]). The image shows a domestic cat, not a wild big cat. Therefore, the headline is a humorous or descriptive caption for a real photo of a domestic cat, not a factual claim that a lion or tiger is in a bowl. The visual veracity indicates the i"
ds3931,Misinformation,1.0,False,True,"The claim states that Toy Story 2 was produced by DreamWorks. However, all retrieved evidence and module signals confirm that Toy Story 2 was produced by Pixar Animation Studios and released by Walt Disney Pictures. DreamWorks Animation is a separate studio and did not produce this film. The module signals explicitly state that the subject is not accurately represented and that the film is not a DreamWorks film. Therefore, the claim is false."
ds2471,Not Misinformation,0.95,False,True,"The claim describes a woman sitting on a chair with an umbrella. The module signals indicate that the image is a genuine photograph (not AI-generated) and is highly relevant to the claim. The retrieved evidence confirms that such images are common stock photography and illustrations (e.g., women in beach chairs with umbrellas, women with umbrellas in rain). There is no evidence suggesting the image is fabricated, misleading, or part of a disinformation campaign. The description is a literal and accurate depiction of the visual content, which aligns with common stock imagery. Therefore, it is not misinformation."
9577,Not Misinformation,0.65,False,True,"The claim references 'Brian and Eileen Maguire' and a phrase 'excellent waiting to happen'. Evidence [1] confirms the existence of Brian and Eileen Maguire, parents of the late Brian Óg Maguire, who are public figures in GAA news. The phrase 'excellent waiting to happen' is likely a transcription error or misinterpretation of a quote related to their son's death (e.g., 'preventable' or 'tragic') or potentially conflated with unrelated 'Harry Maguire' sports commentary found in the search results (Evidence [3] in the second query set). However, the core entities (Brian and Eileen Maguire) are real, and the image signals indicate a genuine emotional context consistent with their public grief. There is no evidence that the image is AI-generated (visual_veracity ai_generated=false). The headli"
ds7360,Not Misinformation,0.95,False,True,"The retrieved evidence confirms that Bernie Sanders spoke at George Mason University on October 28, 2015, specifically hosting a town hall meeting with students [1, 2, 3 from Q: When did Bernie Sanders visit George Mason University?]. The evidence also details that he addressed significant political issues such as income inequality, universal health care, campaign finance reform, and climate change [1 from Q: When did Bernie Sanders visit George Mason University?], which aligns with the claim that he appealed to students on 'big issues'. The image is verified as not AI-generated. Therefore, the headline is supported by factual records of the event."
ds8806,Misinformation,0.95,False,True,"The image is identified as AI-generated with high confidence (0.9) due to anatomical impossibilities (elephants with human-like legs). The claim describes a specific scenario (elephants standing on a balcony) which is visually contradicted by the AI artifacts and biologically implausible as a standard behavior. While there are rare instances of elephants being seen *from* balconies in safari contexts (e.g., Aquila Safari), the image itself is a fabricated representation, not a genuine photograph of such an event. Therefore, presenting this AI-generated image as a depiction of the claim constitutes misinformation."
ds9145,Misinformation,0.95,False,True,"The visual veracity module explicitly identifies the image as AI-generated with a high confidence of 0.8. The explanation notes that the image displays 'highly stylized' elements, 'overly perfect' flowers lacking natural imperfections, and inconsistent lighting and shadows, which are characteristic artifacts of AI generation. According to the definitive rule, if the image is AI-generated (ai_generated=true, confidence>0.6), the output must be 'Misinformation' regardless of other signals. The retrieved evidence confirms that while purple irises and ceramic pitchers are real objects, the specific image in question is a synthetic creation, not a photograph of a real scene."
ds137,Not Misinformation,0.85,False,True,"The retrieved evidence confirms that police have arrested suspects in connection with building society raids. Specifically, evidence [2] from Chronicle Live explicitly states that two individuals were taken into custody and appeared in court over a Nationwide Building Society raid in Wallsend. Additionally, evidence [1] from BBC News details a separate incident involving Michael Wheatley robbing a Chelsea Building Society, where police were actively investigating and arresting suspects. The headline claims police said an arrest was in connection with an earlier building society raid. While the specific 'earlier' raid might refer to the Wallsend incident or the Wheatley incident depending on the exact news cycle context, the core claim that arrests were made in connection with building soci"
ds5761,Misinformation,0.95,False,True,"The primary determinant for this verdict is the visual veracity signal. The module explicitly identifies the image as AI-generated with a high confidence of 0.8. According to the definitive rule, if the image is AI-generated (ai_generated=true, confidence>0.6), the output must be 'Misinformation' regardless of other signals. While the textual claims in the headline (that Burj Khalifa is Asia's tallest skyscraper and offers luxury) are factually correct as supported by the retrieved evidence, the image itself is not a genuine photograph but a synthetic creation. Therefore, presenting this AI-generated image as a depiction of the actual location constitutes misinformation."
ds2309,Not Misinformation,0.9,False,True,"The claim states that a pizza pie is being enjoyed at a cafe. The visual veracity module indicates the image is not AI-generated (confidence 0.0 for AI generation, implying high confidence it is real). The image shows a pizza being interacted with, consistent with 'enjoying' it. The retrieved evidence confirms that pizza is widely served in cafes (e.g., Urth Caffé, Maryland cafe examples) and is a popular food item. There is no evidence suggesting the image is fake or the claim is false. The alignment between the visual content (pizza, cafe-like setting) and the claim is strong, and the factual basis for pizza being served in cafes is supported by multiple sources."
7826,Misinformation,0.95,False,True,"The claim describes a specific, highly unusual event: a woman in Novosasitli (a village in Dagestan, Russia) displaying a green flag and a towel to signify her return from Mecca. The retrieved evidence provides no support for this specific narrative. Instead, evidence [3] from 'From Moscow to Mecca' discusses Novosasitli in the context of kidnapping incidents and military tension, with no mention of a woman returning from Mecca or such a celebration. Furthermore, the visual signals indicate the image shows a damaged building, which is completely unrelated to the domestic scene described in the headline. The combination of a mismatched image and a lack of any corroborating evidence for the specific, bizarre claim, alongside the presence of unrelated news about the village, strongly suggests"
ds8646,Misinformation,0.8,False,True,"The visual veracity module explicitly identifies the image as AI-generated with a confidence of 0.8. According to the definitive rule provided, if the image is AI-generated (ai_generated=true, confidence>0.6), the output must be 'Misinformation' regardless of other signals. The image depicts a scene that is likely fabricated by AI, making the claim that it shows real people holding Wii remotes false in the context of factual reporting."
ds5661,Misinformation,0.95,False,True,"The headline claims that research confirms dogs can 'speak' three human words, implying vocalization or true speech. However, the retrieved evidence and module signals clarify that while dogs can understand words and be trained to use buttons to communicate needs, they cannot 'speak' human words in the linguistic sense. Furthermore, the visual veracity signal indicates the image is AI-generated (confidence 0.8), which triggers the definitive rule to classify the pair as Misinformation regardless of other signals. The combination of a misleading headline (conflating button communication with speaking) and an AI-generated image constitutes misinformation."
ds2066,Not Misinformation,0.95,False,True,"The image depicts a giraffe in a zoo exhibit, which is a common and factual scenario. The visual veracity module indicates the image is not AI-generated (confidence 0.0 for AI generation, implying high confidence it is real). The retrieved evidence confirms that giraffes are present in many zoos worldwide (e.g., Como Zoo, Saint Louis Zoo, London Zoo) and that stock photos of such scenes are widely available. The claim is consistent with reality and the visual evidence."
1750,Not Misinformation,0.95,False,True,"The claim describes a specific narrative: Scarlett Johansson panicking over a poster for a band called 'the Singles'. The retrieved evidence does not support this claim. In fact, the evidence suggests the claim is likely a hallucination or a misinterpretation of unrelated events. The 'answers' module explicitly states that there are no sources containing comments from Scarlett Johansson regarding a band poster, and the search results for 'Scarlett Johansson panic poster Singles band' yield irrelevant results (e.g., SNL skits, general photos). Furthermore, the image signals indicate low relevancy (0.1), meaning the image does not depict the scenario described in the headline. Since the image is not AI-generated, we rely on the lack of evidence for the claim. However, the prompt asks to judg"
ds5872,Misinformation,0.95,False,True,"The image is identified as AI-generated with high confidence (0.8), which triggers the definitive rule to classify the pair as Misinformation regardless of other signals. Additionally, the headline claims the movie features 'American Actors in Leading Roles' and implies a recent release ('Enthralls Audiences'). While Jon Bernthal (the most recent lead) is American, the image itself is fabricated and contains nonsensical text, indicating it is not a legitimate promotional material for a current or recent release. The claim of 'stellar performances' by 'American actors' is presented in the context of a fake image, making the overall assertion misleading and false."
8442,Not Misinformation,0.95,False,True,"The retrieved evidence directly confirms the specific event described in the headline. Evidence item [3] from The Guardian is a photo gallery from the 2013-14 Ashes series (specifically the 5th Test, Day 2, Jan 5, 2014) with the caption: 'Ben Stokes thwacks his way to 47 when he misjudges a Peter Siddle delivery and leaves it but it catches the top of his middle stump'. This matches the headline text almost verbatim. Additionally, Evidence item [3] from ESPNcricinfo confirms that Ben Stokes' innings ended when he left a delivery from Peter Siddle. The module signals correctly identified that the image is not AI-generated and that the specific event (Stokes getting out to Siddle for 47 via a misjudged leave) is a factual historical event, even if the specific image provided might be generic"
ds7662,Misinformation,0.95,False,True,"The claim states that the image shows the receding water line of Lake Hodges in San Diego County. However, the module signals explicitly state that the image depicts 'a group of people hiking along a coastal path' and is 'aligned: false' with the claim. The visual content (hikers on a coastal path) does not match the subject matter of the claim (a reservoir's receding water line). While the claim that Lake Hodges has experienced receding water levels due to dam safety regulations is factually supported by the evidence (e.g., [2], [3], [4] in retrieved evidence), the specific image provided is irrelevant and mislabeled. Therefore, the pairing of this specific image with this headline constitutes misinformation because the image does not depict the event described."
ds6690,Misinformation,0.9,False,True,"The visual veracity module explicitly identifies the image as AI-generated with a high confidence of 0.9. The explanation notes the presence of a fictional character (Spider-Man) and garbled text on the signs, which are hallmarks of AI generation. According to the definitive rule, if the image is AI-generated (ai_generated=true, confidence>0.6), the output must be 'Misinformation' regardless of other signals. The headline describes a mundane traffic scene, but the image depicts a fictional scenario, making it a misrepresentation of reality."
8225,Misinformation,0.95,False,True,"The claim states the image depicts Charles Kennedy on the campaign trail in 2005 shortly after the birth of his son Donald. While the module signals correctly identify that Charles Kennedy did have a son named Donald (born in 2005, as confirmed by evidence [1] stating he was 10 in 2015 and evidence [2] from BBC News confirming he became a father in April 2005 during the election campaign), the module's 'relevancy' signal explicitly states that the image 'does not depict Charles Kennedy' and shows a 'different individual'. Since the image does not show the person named in the caption (Charles Kennedy), the caption is factually incorrect regarding the visual content, constituting misinformation. The evidence confirms the biographical details (son's name, birth timing) are plausible, but the "
ds9362,Not Misinformation,0.85,False,True,"The claim states that a surfer wearing red and black shorts rides a white surfboard. The module signals indicate that the image shows a surfer on a white surfboard (confirmed by evidence [2] and [3] in the retrieved set, which show surfers on white boards) and that the surfer is wearing shorts that are black and red. The module's 'relevancy' signal notes a partial alignment due to the order of colors ('red and black' vs 'black and red'), but this is a trivial semantic difference; a pair of shorts that are black and red is accurately described as 'red and black shorts'. The visual veracity signal confirms the image is not AI-generated. The retrieved evidence supports the existence of such imagery (e.g., Pexels stock photos of surfers on white boards, though specific color matching of shorts"
ds9100,Misinformation,0.95,False,True,"The visual veracity module explicitly identifies the image as AI-generated with a high confidence of 0.8. The explanation notes that the flowers appear 'overly perfect and stylized' and the shadows do not align naturally, which are strong indicators of synthetic imagery. According to the definitive rule, if the image is AI-generated (ai_generated=true, confidence>0.6), the output must be 'Misinformation' regardless of other signals. The headline describes a 'kitchen table', but the image depicts an outdoor picnic table, further compounding the inaccuracy, but the primary driver for the 'Misinformation' label is the AI generation status."
2273,Not Misinformation,0.85,False,True,"The image depicts a realistic bathroom scene with a white toilet, consistent with the claim of a 'modern bathroom with a white toilet'. The visual veracity signals indicate the image is not AI-generated (confidence 0.0 for AI generation, implying high confidence it is real). The retrieved evidence supports the existence and popularity of white toilets in modern bathroom designs (Evidence [1] from Liquid Image, [3] from Lowe's). While the 'very simple' descriptor is subjective, the image aligns with general minimalist trends described in the evidence (Evidence [1] from Adobe Stock, [2] from KBBFocus). There is no evidence suggesting the image is fake or the claim is false. The partial relevancy noted in the module signals is due to the limited field of view, but does not contradict the core"
ds7198,Not Misinformation,0.85,False,True,"The image depicts Rory McIlroy holding a trophy, which aligns with his documented victories in the FedEx Cup and the Tour Championship. Evidence confirms that McIlroy won the FedEx Cup in 2016, 2019, and 2022, and the Tour Championship in 2016, 2019, and 2022. The visual signals indicate a real photograph (not AI-generated) of a golfer celebrating with a trophy. While the specific year of the photo cannot be definitively pinpointed from the image alone, the claim that he 'celebrates with the FedEx Cup trophy and the Tour Championship trophy' is factually supported by his career achievements. The trophies are often associated with these events (the FedEx Cup is awarded at the Tour Championship). There is no evidence suggesting the image is fake or that the claim is false; rather, the claim "
ds1099,Not Misinformation,0.85,False,True,"The claim describes Pakistani rescue workers removing a body from a bombing site in a park in Lahore. Evidence confirms that a major bombing occurred in Gulshan-e-Iqbal Park in Lahore on March 27, 2016, resulting in significant casualties (over 70 deaths) and requiring rescue operations to recover bodies and treat the injured [1, 2, 3]. The module signals indicate the image is not AI-generated and is relevant to the event. While the specific image cannot be definitively geotagged to the 2016 event without reverse image search, the headline describes a factual scenario that occurred during a well-documented real-world event. The visual content (rescue workers handling a body) is consistent with the aftermath of such a bombing. There is no evidence suggesting the image is fake or the claim i"
540,Misinformation,0.85,False,True,"The claim asserts that Serena Williams questioned a call while advancing to a Saturday final. Evidence indicates that Serena Williams' final professional match was at the 2022 US Open, where she lost in the third round, ending her career. While she did advance to the 2019 US Open final (a Saturday final), there is no record of her questioning a call in that specific context that would define the event as described. The retrieved evidence highlights her retirement in 2022 and recent (likely future-dated or hallucinated in the prompt's context) Wimbledon appearances in 2026 where she lost early. The image shows a gesture of frustration, but the specific narrative of 'questioning a call to advance to a final' is factually inconsistent with her career timeline and major known incidents. The 'a"
3405,Misinformation,0.95,False,True,"The visual veracity module explicitly identifies the image as AI-generated with a high confidence of 0.8. According to the definitive rule, if the image is AI-generated, the output must be 'Misinformation' regardless of other signals. While the claim itself (that David Lloyd George was voted the second greatest British PM of the 20th century) has some basis in specific public opinion polls (e.g., Wales Online), the use of an AI-generated image to illustrate this specific historical ranking constitutes misinformation in the context of image+headline pairs where the visual is fabricated."
6581,Misinformation,0.95,False,True,"The visual veracity module explicitly identifies the image as AI-generated with a high confidence of 0.8. The image depicts a cat wearing glasses and a jacket, which is a surreal and anthropomorphic scenario not found in reality, confirming the AI generation. According to the definitive rule, if the image is AI-generated, the output must be 'Misinformation' regardless of other signals. The retrieved evidence supports that while fluffy cats on window sills are common subjects, the specific depiction of a cat in human clothing (glasses/jacket) is a hallmark of AI generation or heavy manipulation, not a real photograph."
4642,Not Misinformation,0.85,False,True,"The headline claims Cindy Crawford discussed her daughter Kaia Gerber's modeling future and her relationship with Kendall Jenner. The retrieved evidence confirms that Cindy Crawford has indeed given interviews discussing Kaia's modeling career, confidence, and future (e.g., ET Online 2016, People 2023). Furthermore, evidence [3] from Grazia Magazine explicitly discusses the connection and friendship between Kaia Gerber and Kendall Jenner, noting that Kaia is often compared to her. While the specific quote 'Loves Kendall Jenner' is a sensationalized interpretation of their close friendship and professional relationship, the core subject matter (Cindy Crawford discussing Kaia's modeling and her connection to Kendall) is grounded in factual reporting. The image signal indicates the image does"
ds3953,Misinformation,0.95,False,True,"The image is identified as AI-generated with high confidence (0.8) due to nonsensical text and staged composition. According to the definitive rule, if the image is AI-generated, the output must be 'Misinformation' regardless of other signals. The headline claims the Ukrainian Soviet Socialist Republic 'always represented itself,' which is historically inaccurate as it was a constituent republic of the USSR with limited sovereignty, but the primary driver for the 'Misinformation' label here is the synthetic nature of the visual evidence provided to support the claim."
4893,Not Misinformation,0.75,False,True,"The claim that Mark Wahlberg teased Mel Gibson about his weight and offered to become his personal trainer is supported by multiple entertainment news sources. Specifically, the retrieved evidence [3] from People.com explicitly lists the headline 'Mark Wahlberg Teased Mel Gibson About Weight, Offered To...' in the context of their collaboration on the film 'Flight Risk' (and previously 'Daddy's Home 2' as noted in the module signals). While the module signals indicate the image itself is not relevant (not depicting the actors), the textual claim in the headline is factually grounded in reported interviews and articles. The image is not AI-generated, and the core assertion of the headline is true based on the evidence."
ds8357,Not Misinformation,0.9,False,True,"The claim states that Christian Grey does not have vanilla tastes, which is consistent with the character's established persona in the 'Fifty Shades of Grey' series, where he is defined by his BDSM preferences rather than 'vanilla' (conventional) sexual tastes. Evidence [1] from the Fifty Shades Wiki confirms he is adept at BDSM, and Evidence [3] from CafeMom discusses the concept of 'vanilla sex' in the context of the series, implying a distinction between his tastes and vanilla ones. Although the image provided (two men at a vending machine) is irrelevant to the claim (as noted by the low relevancy signal), the textual claim itself is factually accurate regarding the literary/film character. The image is not AI-generated, so the definitive rule for AI misinformation does not apply. The m"
ds9069,Not Misinformation,0.65,False,True,"The claim describes a scene ('rack with some doughnuts in a glass case') that is a common and standard way doughnuts are displayed in bakeries, as confirmed by the retrieved evidence (e.g., Pexels stock photo of doughnuts in a bakery display case, VooDoo Doughnut display cases). The module signals indicate the image shows a box of doughnuts, which is a partial alignment with the claim (doughnuts are present, but the specific 'rack in glass case' context is not visible in the image). However, the image is verified as real (not AI-generated) and depicts actual doughnuts. The discrepancy is likely due to the image being a generic stock photo of doughnuts rather than a specific depiction of the headline's exact setting, but it does not constitute misinformation in the sense of being fake or de"
4230,Not Misinformation,0.85,False,True,"The headline claims Amber Heard is talking for the first time about her marriage to Johnny Depp. Evidence [1] from the retrieved set explicitly contains a YouTube video titled 'Amber Heard Talks for First Time About Marriage to Johnny Depp' dated Feb 17, 2014. This confirms that such an event/interview exists and the headline accurately describes a real media event where she spoke about the marriage. While the headline might be clickbait if presented as breaking news today, the core claim that she has talked about it (specifically in the context of the 'first time' interview referenced) is factually supported by the existence of that interview. The image is a real photo of Amber Heard, not AI-generated. The module signals also support this, noting she has made comments reflecting on the ma"
ds7600,Not Misinformation,0.6,False,True,"The claim states that Shanghai shares led gains in Asia. The retrieved evidence confirms that Shanghai-listed firms (specifically WuXi AppTec) saw significant increases and that there was upward momentum in the Shanghai market due to positive earnings and buyback plans. While the evidence does not provide a specific day's comparative data to definitively prove Shanghai 'led' all other Asian markets on a specific date, the visual content (generic traders) is not AI-generated and is consistent with the financial context. The module signals indicate partial alignment and real visuals. Without evidence of fabrication or contradiction, and given the general market trends described in the evidence (gains in Shanghai), the claim is treated as plausible/not misinformation rather than false. The co"
6611,Misinformation,0.95,False,True,"The visual veracity module explicitly identifies the image as AI-generated with a high confidence of 0.9, noting the surreal and impossible nature of the figures (shark-like heads). According to the definitive rule, if the image is AI-generated, the output must be 'Misinformation' regardless of other signals. The retrieved evidence confirms that while umbrella hats exist and are worn at beaches, there is no specific news or authentic photographic record of a couple with the specific surreal characteristics depicted in the AI-generated image. The image is a fabrication, not a depiction of a real event."
ds7016,Misinformation,0.95,False,True,"The headline claims that Oscar Pistorius is 'awaiting trial' for premeditated murder. However, the retrieved evidence confirms that the trial concluded years ago. Specifically, evidence [1] from Wikipedia and [3] from BBC News state that Pistorius was found guilty of murder by an appeals court on December 3, 2015, overturning an earlier manslaughter verdict. He was sentenced to six years in prison (later extended). Therefore, he is no longer awaiting trial; he has been convicted and sentenced. The image shows Pistorius, but the textual claim regarding his current legal status is factually incorrect based on the historical record."
ds5610,Misinformation,0.95,False,True,"The claim that a new study reveals plants communicate 'telepathically' is scientifically inaccurate and misleading. While recent studies (e.g., in Nature Communications, 2023) demonstrate that plants communicate via airborne chemical compounds and electrical signals, these are physical, biochemical processes, not telepathy. The term 'telepathy' implies a paranormal or non-physical transmission of thought, which is not supported by science. Furthermore, the module signals indicate the image is AI-generated (confidence 0.8), which triggers the definitive rule to output 'Misinformation' regardless of other signals. The combination of a scientifically false premise (telepathy vs. chemical signaling) and an AI-generated image confirms this as misinformation."
5834,Misinformation,0.95,False,True,"The claim that cats designed the iPhone 4 is factually false; the iPhone 4 was designed by Apple Inc., led by Steve Jobs and Jony Ive. Furthermore, the image is identified as AI-generated (confidence 0.8), depicting a surreal and impossible scenario of a cat with glasses crafting technology. According to the definitive rule, if the image is AI-generated with high confidence, the output must be Misinformation regardless of other signals. The retrieved evidence confirms Apple's role in creating the iPhone and shows no connection to feline involvement in hardware design."
8196,Not Misinformation,0.95,False,True,"The claim states that Guy Scott, of Scottish descent, became interim president after the incumbent's death. The retrieved evidence confirms that Guy Scott served as the acting (interim) president of Zambia following the death of incumbent President Michael Sata in October 2014. Multiple sources, including BBC and Pulse Ghana, explicitly state that Guy Scott is of Scottish descent. The image signals indicate the photo is not AI-generated and shows a man in a political context, which aligns with the subject matter. Although the image description mentions Canadian flags (which may be a specific context of the photo, such as a diplomatic visit, rather than contradicting his Zambian role), the core factual claims of the headline are fully supported by the evidence."
ds9433,,,False,False,PARSE_FAILURE
ds6106,Misinformation,0.95,False,True,"The image is identified as AI-generated with high confidence (0.8) by the visual veracity signal. The image depicts a surreal and highly improbable scenario: a child holding a live grenade while wearing a helmet. This visual content does not correspond to any of the real-world grenade incidents cited in the evidence (such as the LA deputy deaths, Kyiv apartment explosion, or cartel activities), which involve adults, military personnel, or specific criminal contexts, not children posing with weapons. The headline 'not a single grenade one yet' is ambiguous but the image itself is a fabricated representation that misleads the viewer into believing it documents a real event related to the claim. Per the definitive rule, if the image is AI-generated, the output is Misinformation."
1901,Misinformation,0.85,False,True,"The claim states that Venice's San Michele island cemetery will gain a pontoon for scattering ashes. The retrieved evidence clarifies two distinct facts: 1) There is a temporary floating bridge (pontoon) constructed for All Souls' Day to facilitate access to the cemetery for mourners, not for scattering ashes (Evidence [1] from MSN, [3] from Evrim Agaci). 2) The designated areas for scattering ashes are the 'Gardens of Remembrance' within the cemetery or other approved land/water locations, but there is no evidence of a specific pontoon built for the purpose of scattering ashes (Evidence [3] from Comune di Venezia, [1] from 4theloveofitaly). The headline conflates the access bridge with an ash-scattering facility, creating a misleading narrative. The image shows the cemetery but does not d"
ds1009,Not Misinformation,0.85,False,True,"The claim states that Russian soldiers Capt Yevgeny Yerofeyev and Sgt Alexander Alexandrov were in a Ukraine court in January. Evidence confirms that these two individuals, identified as Russian military servicemen (often referred to as GRU officers or special forces), appeared in a Ukrainian court in Kiev. Specifically, BBC News reports that they appeared in court on a Tuesday in November 2015 (Source [3] from BBC, dated around Nov 2015 context, though the specific 'Tuesday' date needs verification against the 'January' claim). However, the trial proceedings spanned from 2015 to 2016. The image shows two men in a cage, consistent with the widely reported images of Yerofeyev and Alexandrov in the Kiev court. While the specific month 'January' in the headline might refer to a specific heari"
978,Not Misinformation,0.85,False,True,"The claim states that Frank Gehry-designed Power Play chairs are among the stylish touches in the Winter Garden. The retrieved evidence confirms that Frank Gehry indeed designed the Power Play chairs (specifically the Power Play Club Chair in 1990 for Knoll) [1, 2]. The image shows chairs that visually match the description of Gehry's Power Play chairs (curved braided strips of maple plywood, inspired by apple crates) [1, 3]. While the specific location 'Winter Garden' is ambiguous (could refer to Winter Garden, FL or the Winter Garden in Sheffield, UK), the core factual assertion regarding the design and designer of the chairs is correct. The visual evidence supports the presence of these specific chairs. There is no evidence suggesting the chairs are fake or AI-generated. The partial ali"
9323,Not Misinformation,0.85,False,True,"The claim describes a 'sink with a cabinet on legs in a bathroom'. The module signals indicate that the image shows a bathroom setting but does not depict a sink with a cabinet on legs, instead showing a toilet and a storage unit. The visual veracity signal confirms the image is not AI-generated. The retrieved evidence confirms that bathroom vanities (sinks with cabinets) with legs are a real and common product type (e.g., [2] spryinterior.com, [3] pinterest). Since the image is real and depicts a bathroom, and the claim describes a plausible object found in such a setting (even if the specific object in the image might be different or the alignment is low), the image itself is not 'misinformation' in the sense of being a fake/AI-generated image used to deceive about the existence of the o"
4284,Misinformation,0.85,False,True,"The claim contains multiple specific details that are either false or misleading based on the evidence. First, the claim states Caitlyn Jenner is 68; however, Caitlyn Jenner was born in 1949, making her 75 years old in 2024 (or 76 in 2025), not 68. Second, the claim describes Sophia Hutchins as 21; evidence shows Hutchins was born in 1996, making her 28-29 years old during the relevant timeframe (2023-2025), not 21. Third, the claim implies a romantic escort dynamic ('gal pal' in a context suggesting romance), whereas multiple sources explicitly state that Hutchins and Jenner were 'never romantically involved' and were strictly friends/business partners. While Jenner did visit Nobu Malibu with Hutchins, the specific details regarding ages and the nature of the relationship (implied romance"
1972,Misinformation,0.85,False,True,"The headline claims the 'new' Chrysler 300C is 'softer looking' than the outgoing model. However, the retrieved evidence and module signals indicate that the Chrysler 300C is widely characterized by 'bold styling,' 'muscular' design, and 'American muscle' aesthetics, not a 'softer' look. Specifically, evidence [2] from the first query explicitly states the 2025 model returns with 'bold styling.' Furthermore, the module signals note that the image provided appears to be an older model, creating a relevancy mismatch, but more importantly, the core claim about the design language ('softer') contradicts the consistent expert consensus found in the evidence (e.g., 'bold styling,' 'muscular presence'). The 2023 model was a limited farewell edition, and subsequent rumors/reviews for 2025/2026 mai"
ds3859,Misinformation,0.95,False,True,"The claim states that Korn's album 'See You on the Other Side' was released in 2002. However, multiple reliable sources confirm that the album was actually released on December 6, 2005. The retrieved evidence from Wikipedia, Genius, and The Rock Revival explicitly cites the 2005 release date. Therefore, the date in the claim is factually incorrect."
8063,Misinformation,0.75,False,True,"The claim asserts that the image shows Taiko drummers at the Deep River festival in Ontario, Canada. The retrieved evidence indicates that while there is a town named Deep River in Ontario (which holds events like 'Deep River Summerfest' and 'Deep River Day'), there is no evidence linking Taiko drumming performances to any festival in Deep River, Ontario. Conversely, the evidence explicitly links Taiko drummers to other locations, such as the Dragon Boat Festival in Victoria, British Columbia, and various festivals in Japan and the US. The module signals also note that the image is not AI-generated but that the specific context (Deep River, Ontario) is unconfirmed. Given the lack of any evidence supporting Taiko performances in Deep River, Ontario, and the presence of Taiko performances in"
9677,Misinformation,0.95,False,True,"The headline claims that Tillakaratne Dilshan and Kumar Sangakkara celebrated after making 'England famous in the field'. The retrieved evidence confirms that Dilshan and Sangakkara played together for Sri Lanka, not England. Specifically, evidence [2] from Cricinfo and the module's answer identify the match featuring their notable celebration (both scoring centuries) as the World Cup match against Bangladesh on February 25, 2015. Furthermore, evidence [1] and [2] from the retrieved snippets confirm that Sri Lanka defeated England in an ODI series, but there is no record of these two players playing for or celebrating with England. The claim that they made 'England famous' is factually incorrect as they are Sri Lankan players who defeated England. The image likely depicts the celebration a"
7259,Not Misinformation,0.85,False,True,"The claim states that Bernie Sanders spoke in Des Moines, Iowa on Thursday. The retrieved evidence confirms that Bernie Sanders has spoken in Des Moines, Iowa, specifically citing a live speech on February 4, 2020, during the Iowa Caucus period (Source [2]). While the specific day of the week ('Thursday') for a particular image cannot be definitively verified without the image's metadata or a specific date reference in the prompt, the core factual assertion that he spoke in Des Moines is supported by multiple evidence items. The module signals indicate the image is not AI-generated and aligns with the subject. Given that Sanders frequently campaigns in Iowa and has definitely spoken in Des Moines, the claim is plausible and supported by the existence of such events. The evidence is suffici"
ds100,Not Misinformation,0.65,False,True,"The image depicts individuals in ice baths, which is a common recovery method for athletes after physical exertion. The claim references a 'Wembley challenge.' Evidence confirms that significant events occur at Wembley Stadium, including the Rugby League Challenge Cup finals (involving teams like Wigan Warriors and Hull KR) and the Sidemen Crossbar Challenge. While the specific identity of the individuals in the image cannot be definitively verified as participants in a specific 'Wembley challenge' from the provided snippets alone, the scenario is plausible and consistent with known events. The image is not AI-generated. There is no evidence to suggest the image is fake or that the claim is intentionally deceptive; rather, it appears to be a contextual caption for a real recovery activity "
ds3706,Misinformation,0.95,False,True,"The claim states that Robert Singer (producer) is 'incapable of writing.' However, multiple credible sources confirm that Robert Singer is an American television producer, director, and writer. Specifically, Wikipedia [1] and Apple TV [2] explicitly list him as a writer. He is credited with creating the series 'Reasonable Doubts' and has written episodes for major shows like 'Supernatural' (e.g., the episode 'O' Death' [2] in the second evidence block). The module signals also confirm he is an 'accomplished... writer' [answers]. Therefore, the claim that he is incapable of writing is factually false. The image, while generic, is used to support a false narrative about a real person's capabilities, constituting misinformation."
1782,Misinformation,0.85,False,True,"The claim asserts that North Korean workers are currently employed at the Shinwon clothes company in the Kaesong industrial park. However, multiple pieces of evidence confirm that the Kaesong Industrial Complex (KIC) has been closed since February 2016 due to deteriorating inter-Korean relations, and North Korean workers are no longer actively employed there. While Shinwon was indeed a South-owned company operating in Kaesong in the past (e.g., 2005-2013), the current status of the park is closed, making the claim of current employment factually incorrect. The image, while showing a clothing factory, does not validate the specific current location or employment status described in the headline, which contradicts the established reality of the KIC's closure."
4300,Not Misinformation,0.85,False,True,"The headline poses a rhetorical question regarding the public perception of Robert Pattinson and Kristen Stewart's careers post-Twilight. The retrieved evidence confirms that both actors are widely recognized and taken seriously in the industry. Robert Pattinson is noted for his diverse roles in major and independent films (Evidence [1]), and public perception as of 2023 acknowledges their evolution and critical acclaim (Module Answers). The image is a genuine photograph of the two actors (Module Signals: visual_veracity ai_generated=false). The headline does not make a false factual claim but rather reflects a common media narrative or discussion topic, which is supported by the evidence that they have indeed moved beyond their Twilight associations to be respected actors. Therefore, it i"
ds9598,Misinformation,0.85,False,True,"The claim states that critics view the annual Congress as a 'blessing'. However, the retrieved evidence and module signals indicate that critics and commentators generally describe the U.S. Congress (specifically in recent years like 2023 and 2025) as 'chaotic', 'unproductive', and a source of 'disillusionment' and 'exhaustion' for the public. For instance, evidence [1] from ABC News and [3] from The Independent describe 2023 as a 'wild ride' and 'chaos' involving the ouster of the Speaker and expulsion of a member, with no indication of critical acclaim or being viewed as a 'blessing'. The image provided (showing performers in red coats) is unrelated to the legislative body and appears to be a generic or mislabeled stock photo, further disconnecting the visual from the specific political "
2237,Not Misinformation,0.9,False,True,"The image depicts a large bird flying over a forested area, which is a plausible and common natural scene. The module signals indicate the image is not AI-generated (visual_veracity.ai_generated=false) and is relevant to the claim. The retrieved evidence supports the existence of large birds (such as the Harpy eagle) in heavily forested areas and confirms that aerial photography of birds in such environments is standard. There is no evidence suggesting the image is fabricated or misleading; it appears to be a genuine representation of wildlife in a natural habitat."
8411,Misinformation,0.85,False,True,"The claim states that Mats Zuccarello scored for the New York Rangers to make the score 20. This is factually impossible in the context of the National Hockey League (NHL), where the highest single-game scores rarely exceed 15-16 for a single team, and a score of 20 is virtually unheard of and certainly not a standard milestone associated with a specific player's goal in recent history. Furthermore, Mats Zuccarello's tenure with the New York Rangers ended in 2015; he has not played for the Rangers since. The retrieved evidence confirms he played for the Rangers (Wikipedia [1], NHL.com [2]) but also highlights his later stints with the Minnesota Wild and Dallas Stars, where he scored goals in games with much more plausible scores (e.g., 4-2, 4-0). The specific detail of a score of '20' appe"
ds9228,Not Misinformation,0.6,False,True,"The claim states that a large passenger boat is floating down a canal. The module signals indicate the image is real (AI-generated: false) and partially aligned with the claim, though the specific size and passenger capacity are not fully visible. The retrieved evidence provides general information about canal boats (narrowboats, barges, etc.) and recent news about passenger boats in canals (Bangkok, UK), but it does not contain specific information identifying the exact image or verifying the specific attributes ('large', 'passenger') of the boat in the image. However, since the image is verified as real and the scene is plausible (canal boats exist and are used for passengers), and there is no evidence suggesting the image is fake or the claim is demonstrably false (e.g., it's a cargo sh"
ds461,Not Misinformation,0.9,False,True,"The retrieved evidence confirms that Bill Cosby's legal team has actively attempted to get sexual assault cases thrown out. Specifically, evidence [3] from the first query explicitly states: 'Bill Cosby's lawyers push to get sexual assault case thrown out... because of what his lawyers say was a binding commitment by a previous district attorney not to prosecute him'. Additionally, evidence [1] from the fourth query notes that 'a judge refused to dismiss the sex-assault case', confirming the attempt was made even if unsuccessful. The image shows Bill Cosby, which is relevant to the subject of the headline. The visual veracity is genuine (not AI-generated). Therefore, the headline accurately reflects reported legal actions taken by Cosby's lawyers."
4368,Not Misinformation,0.85,False,True,"The headline claims that Jennifer Garner and Josh Duhamel are dating and that Ben Affleck feels threatened by this rumor. The retrieved evidence supports the existence of these specific rumors. Specifically, Evidence [2] from OK Magazine and Evidence [3] from WishesOcean confirm that rumors were swirling about Jennifer Garner and Josh Duhamel dating after connecting on the set of 'Love, Simon'. Furthermore, Evidence [2] from HollywoodLife explicitly states that 'Ben Affleck Feels Threatened By Jennifer Garner & Josh Duhamel... dating rumor' and mentions the context of them spending the 2017 holidays together, which fueled speculation. While the image shows Ben Affleck and Jennifer Garner (not the couple mentioned in the headline), the headline itself is a report on a specific media narrati"
6660,Misinformation,0.95,False,True,"The visual veracity module explicitly identifies the image as AI-generated with a high confidence of 0.8. The scene depicts a physically impossible scenario (skateboarding on a wall), which is characteristic of AI-generated surreal imagery. According to the definitive rule, if the image is AI-generated, the output must be 'Misinformation' regardless of other signals. The claim describes a specific action (holding a paddle under a shelf) that does not align with the actual content (a man skateboarding on a wall), further supporting the mislabeling, but the primary driver is the AI generation status."
ds831,Not Misinformation,0.95,False,True,"The claim states that actor Scott Baio spoke at the Monday evening session at the Republican National Convention. Evidence confirms that Scott Baio was indeed a speaker at the 2016 Republican National Convention in Cleveland. Specifically, Snopes and other sources confirm his appearance at the 2016 RNC. The Washington Monthly article notes that Day One of the 2016 RNC was a 'disaster' and highlights Baio's speech, which occurred during the evening session of that first day. While the claim does not specify the year, the event described (Baio speaking at the RNC) is factually true for the 2016 convention. The image provided is consistent with footage from that event. There is no evidence suggesting this is a fabricated event or that Baio spoke at a different RNC (e.g., 2020 or 2024) where h"
723,Misinformation,0.95,False,True,"The claim is factually impossible because Reggie Bush retired from the NFL in 2017 and was not on the Miami Dolphins roster in October 2023, when the Dolphins played the Bills. The retrieved evidence confirms that the Dolphins played the Bills on October 1, 2023, and that Reggie Bush is a former player. Additionally, Reggie Bush never played for the Buffalo Bills (he played for the Saints, Eagles, and Dolphins), making the description of him as a 'Dolphins running back' celebrating against the Bills in a recent context (implied by the 2023 game reference in signals) misleading or referring to a non-existent event. Even if referring to a past game, Bush's time with the Dolphins was 2012-2013, and he did not score a touchdown against the Bills in a notable third-quarter celebration context t"
ds4173,Misinformation,0.95,False,True,"The headline 'BREAKING: Federal Judge Grants Permission To Subpoena Trump' is factually incorrect and misleading. Evidence from PolitiFact [1] explicitly rates this specific headline as False, clarifying that while a federal judge may have granted permission to subpoena third parties (such as banks or accounting firms) in cases involving Trump, the judge did not grant permission to subpoena Trump himself. Other evidence [2, 3] confirms that subpoenas directed at Trump personally have been issued by congressional committees (like the Jan 6 committee) or district attorneys, not granted by a federal judge in the manner implied by the headline. The headline conflates rulings on third-party subpoenas with a direct subpoena of the former president, constituting misinformation."
ds9215,Misinformation,0.85,False,True,"The visual veracity module explicitly identifies the image as AI-generated with a high confidence of 0.8. The explanation notes unnatural texture blending and anatomical inconsistencies in the cow's horns and body. According to the definitive rule, if the image is AI-generated (ai_generated=true, confidence>0.6), the output must be 'Misinformation' regardless of other signals. The retrieved evidence confirms that while black and white horned cows exist (e.g., Holsteins, Highland cattle) and woodpiles are common outdoor features, there is no evidence linking this specific image to a real-world event or subject, further supporting the classification of the image as synthetic/fake."
ds6725,Misinformation,0.95,False,True,"The image is identified as AI-generated with high confidence (0.8) by the visual veracity signal. The image depicts a surreal and physically impossible scenario: a fire hydrant with a floating coffee cup and water defying gravity. While the claim that fire hydrants can be painted in patriotic colors is factually true (supported by evidence of Bicentennial traditions and modern community projects), the specific image provided is not a photograph of a real event or object but a synthetic creation. According to the definitive rule, if the image is AI-generated, the output must be Misinformation regardless of the general truthfulness of the subject matter, as the image falsely presents a fabricated scene as reality."
1792,Not Misinformation,0.95,False,True,"The claim states that Ricky Muir, representing the Australian Motoring Enthusiast Party, was elected as a senator despite receiving a tiny number of first preference votes. Historical records confirm that Ricky Muir was indeed elected to the Australian Senate for Victoria in the 2013 federal election. He received only 0.51% of the primary (first preference) votes, which is considered a very small margin, yet he won a seat due to the preferential voting system. The image shows a man identified in the context as Ricky Muir. The claim accurately reflects historical facts regarding his election and vote count. Therefore, the content is not misinformation."
2826,Not Misinformation,0.85,False,True,"The claim states that the mug changes color depending on how much coffee is in it. While the phrasing 'how much' might imply a volume-based mechanism, in the context of consumer products, this is commonly understood as the mug changing color when filled (i.e., when the hot liquid is present). The retrieved evidence confirms that color-changing mugs exist and function by using thermochromic materials that react to the temperature of the liquid (hot coffee vs. empty/cool mug). The image shows a standard mug, and the module signals indicate it is not AI-generated. The answers provided confirm the existence and mechanism of such mugs. Therefore, the claim describes a real product feature, even if the specific visual of the color change isn't captured in the static image, the object itself is r"
ds709,Not Misinformation,0.65,False,True,"The claim states that a Delta Connection Bombardier CRJ700 landed at Seattle-Tacoma International Airport (SEA) in September 2015. Evidence [2] from Stattimes confirms that Delta Air Lines announced plans for daily service to Seattle starting December 19, 2015, operated by SkyWest using CRJ-700 aircraft. While the specific date of September 2015 is not explicitly confirmed as a landing date for this specific route in the snippets (as service started in December), the presence of CRJ-700s operated by Delta Connection partners (like SkyWest) at SEA in 2015 is factually supported. The image shows a CRJ700 landing, which is consistent with the aircraft type and airline branding mentioned. There is no evidence suggesting the image is AI-generated or that the event is impossible. The 'partial' r"
ds3448,Misinformation,0.95,False,True,"The visual veracity module explicitly identifies the image as AI-generated with a confidence of 0.8. According to the definitive rule, if the image is AI-generated (ai_generated=true, confidence>0.6), the output must be 'Misinformation' regardless of other signals. The image depicts a generic, idealized town scene that does not correspond to any specific real-world location identified as 'Younger' (which appears to be a confusion with 'Young', NSW, or 'Youngstown', OH, neither of which are depicted in this generic AI-generated stock-style image). The presence of an AI-generated image used to support a specific factual claim about a place constitutes misinformation."
ds2474,Not Misinformation,0.95,False,True,"The claim 'some boats that are by a dock in some water' is a generic descriptive statement. The module signals indicate that the image is relevant (confidence 0.95) and depicts boats at a dock. The visual veracity check confirms the image is not AI-generated (ai_generated=false). The retrieved evidence provides multiple examples of stock photos and real-world scenarios matching this description (e.g., boats moored at docks in harbors or lakes), supporting the plausibility and accuracy of the image content relative to the claim. There is no evidence suggesting the image is fake or the claim is false."
ds2010,Not Misinformation,0.95,False,True,"The image depicts a tennis player in the act of serving, which aligns with the claim. The module signals confirm the image is not AI-generated (visual_veracity ai_generated=false) and the relevancy is high. The retrieved evidence supports the general context of tennis serving but does not contain specific metadata (like EXIF data or reverse image search results) to verify the specific identity of the player or the exact moment. However, since the claim is descriptive of the action ('a tennis player is serving') rather than identifying a specific person or event that could be false, and the visual evidence confirms the action, the claim is considered accurate. The evidence items [2] and [3] from the retrieved list show stock images of tennis players serving, confirming the visual plausibili"
ds1564,Misinformation,0.95,False,True,"The claim states that Woody Allen received the Cecil B. DeMille Lifetime Achievement Award 'this year'. Based on the retrieved evidence, the 2023 Golden Globe Awards (held in January 2023) awarded the Cecil B. DeMille Award to Eddie Murphy, not Woody Allen [2, 3]. While Woody Allen did receive the award in 2021 (as noted in evidence [1] for Tom Hanks receiving it in 2020, and general knowledge confirming Allen's 2021 win, though the specific snippet for Allen's win year is less direct, the 2023 winner is explicitly identified as Eddie Murphy in multiple sources [2, 3]), the claim implies a recent or current year attribution that is factually incorrect for 2023. If 'this year' refers to 2023, the claim is false. If it refers to 2021, the phrasing 'this year' in a current context (2023/2024)"
ds2594,Misinformation,0.85,False,True,"The image is identified as AI-generated with high confidence (0.8) due to unnatural finger warping and inconsistent nail textures, which violates the definitive rule for AI-generated content. Additionally, the claim that nail polish matches a different part of the table depending on lighting is physically implausible in the context of a static object interaction; while nail polish can change color due to lighting (e.g., multichrome or UV-reactive polishes), it does not dynamically match a separate object like a table surface based on light angle in the manner suggested. The visual artifacts confirm the image is synthetic and not a real-world depiction of the claimed phenomenon."
2501,Not Misinformation,0.85,False,True,"The image depicts a girl holding a frog, which aligns with the claim that she caught a bullfrog. The visual veracity signals indicate the image is not AI-generated (confidence 0.2 for AI generation, implying high confidence it is real). The retrieved evidence confirms that bullfrogs are real animals that can be caught by humans, including in urban or semi-urban environments, and that such activities are documented. While the evidence does not identify the specific individual in the photo, there is no evidence suggesting the image is fabricated or the claim is false. The scene is physically plausible and consistent with known behaviors regarding bullfrogs. Therefore, the claim is treated as a plausible description of a real event."
7697,Not Misinformation,0.85,False,True,"The claim states that a draft proposal suggests two garden cities at Yalding in Kent and Gerrards Cross in Buckinghamshire. Evidence [2] from the retrieved sources explicitly confirms this: 'This newspaper understands, from sources outside the Deputy Prime Minister’s office, that a draft proposal suggests building two new settlements in Yalding, Kent, and Gerrards Cross, in Buckinghamshire.' This directly validates the core assertion of the claim. The image is a generic landscape and does not contradict the existence of such a proposal, nor is it AI-generated. Therefore, the claim is supported by evidence."
ds2926,Misinformation,0.95,False,True,"The claim that the debugging tool icon on the Touch Bar is a can of bug spray is false. In software development, 'debugging' refers to the process of finding and resolving defects (bugs) in computer programs, not removing insects. Consequently, the icons associated with debugging tools in environments like Xcode, Android Studio, or WebStorm represent actions such as stepping through code, setting breakpoints, or running scripts (often depicted as play buttons, lightning bolts, or magnifying glasses), not literal insect repellent. The retrieved evidence confirms that debugging involves software tools and state inspection, and while one snippet mentions a spray can icon might be 'useful' in a hypothetical or unrelated context, standard debugging interfaces do not use bug spray icons. The vis"
ds1829,Not Misinformation,0.75,False,True,"The image depicts an MRAP vehicle, which aligns with the claim's subject. The claim states that US school districts acquired MRAPs via a Pentagon giveaway. Evidence confirms that the 1033 Excess Property Program (often referred to as a Pentagon giveaway) allows law enforcement agencies, including those at educational institutions (e.g., Saddleback College campus police), to acquire military equipment like MRAPs. While the term 'school districts' might imply K-12 public school districts, the program primarily targets law enforcement, and colleges/universities often have their own police departments that fall under this umbrella in public discourse. The core assertion that such vehicles were acquired by educational entities through this specific government program is supported by evidence. T"
ds4158,Misinformation,0.95,False,True,"The claim that Hillary Clinton filed for divorce in New York courts is false. Multiple credible sources, including HuffPost UK and All About Lawyer, explicitly debunk these rumors as hoaxes. All About Lawyer states there are 'zero court filings for divorce in any jurisdiction' and 'no legal documents exist in New York courts' showing such a filing. HuffPost UK labels the specific claim of a split as a 'hoax'. While the image is a genuine photograph of Hillary Clinton, the headline presents a fabricated event as breaking news, constituting misinformation."
ds9891,Not Misinformation,0.75,False,True,"The headline 'The BBC s And Prejudice Having A good time' appears to be a garbled or OCR-error version of 'BBC's Pride and Prejudice: Having a good time' or similar. The image depicts a social gathering in period attire, which is consistent with the setting of the BBC's 1995 adaptation of 'Pride and Prejudice' (specifically scenes like the Netherfield ball or assemblies). The retrieved evidence confirms the existence and popularity of this specific BBC adaptation, starring Colin Firth and Jennifer Ehle, and notes that it features social events like balls. While the image is not definitively identified as a specific frame from the show, it is not AI-generated and is thematically aligned with the subject matter. There is no evidence suggesting the image is fake or misleading in a way that co"
3477,Misinformation,0.95,False,True,"The claim that the movie 'Trouble with the Curve' stars a squid is false. The retrieved evidence confirms that 'Trouble with the Curve' is a 2012 sports drama starring human actors such as Clint Eastwood, Amy Adams, and Justin Timberlake, with no mention of any cephalopods or animals in the cast or plot. Furthermore, the module signals indicate that the image is AI-generated (confidence 0.9) and depicts an octopus, which is visually inconsistent with the film's actual content. According to the definitive rule, since the image is AI-generated, the output is Misinformation regardless of other signals."
3415,Misinformation,1.0,False,True,"The claim that Hezbollah received zero support from Iran is factually incorrect. Multiple authoritative sources confirm that Iran is a key patron of Hezbollah, providing significant funding, military training, weapons, and organizational aid since the group's inception in the early 1980s. The retrieved evidence explicitly states that Iran provides 'most of its funding, training, weapons and explosives' and helped build Hezbollah from the beginning. Therefore, the claim is definitively false."
ds4821,Not Misinformation,0.6,False,True,"The claim that Meghan Markle 'kept Prince Harry romance secret from Suits cast mates' is not supported by the available evidence and is likely false or misleading. Evidence indicates that her Suits co-stars were aware of her relationship with Prince Harry and publicly reacted to her engagement with support and excitement (Sources [2] and [3] in the 'Suits cast comments' section, and Source [1] in the 'Suits cast reactions' section). While the couple kept their relationship private from the general public initially, there is no evidence suggesting they hid it from their immediate colleagues on the set of Suits; in fact, co-stars like Sarah Rafferty and Patrick J. Adams commented on the romance openly after it became public. The module signals also note that there is no definitive evidence s"
ds471,Not Misinformation,0.95,False,True,"The claim accurately describes the RoboRoach product developed by Backyard Brains. Evidence confirms that RoboRoach is a real educational kit where a small electronic backpack (containing electrodes) is attached to a live cockroach. This device connects via Bluetooth to a smartphone app, which sends signals to stimulate the nerves in the cockroach's antennae, thereby controlling its movement. The image aligns with this description, showing the app interface and the device. While one PETA article notes the app was removed from app stores, the underlying technology and the mechanism described in the claim (electrodes, Bluetooth, smartphone control) are factually correct regarding the product's design and function."
ds4939,Misinformation,0.85,False,True,"The headline claims a specific individual named 'Cait' is facing knee surgery due to refusing to stop wearing stilettos. The retrieved evidence does not support this specific causal link or event. Evidence [2] from DFW Running Talk mentions a 'Cait Keen' who underwent major surgery, but explicitly states it was for an '11-centimeter fibroid', not knee surgery. Evidence [3] from 247Sports mentions 'Cait McMahan' undergoing knee surgery, but this occurred in 2006 due to a bone bruise, not recently due to stilettos. There is no evidence linking any 'Cait' to recent knee surgery caused by high heels. The headline appears to be a fabricated or misleading story combining general health warnings about high heels (supported by evidence [2] and [3] in the 'High heel injury statistics' section) with"
1818,Misinformation,0.85,False,True,"The claim asserts that the 'Opinion Debate' section moved to a publication called 'Viewspaper' and that this format offers more room for reader letters. Evidence [1] from Fast Company and [3] from NY Post confirms that the Washington Post's opinion section underwent a major overhaul under Jeff Bezos in early 2025, but there is no mention of a move to a 'Viewspaper'. The term 'Viewspaper' appears in the evidence to refer to a specific supplement in The Independent (Evidence [3] from The Guardian) or a rebranded UK publication (Evidence [1] from UK Viewspaper), neither of which is the Washington Post. The claim conflates the Washington Post's internal editorial changes with a different publication's format or supplement, creating a false narrative about the location and nature of the change."
ds4587,Misinformation,0.85,False,True,"The claim that Jennifer Aniston spent $100K on a makeover is false. Evidence indicates that the $100,000 figure refers to the cost of a three-month hotel stay (including room service and tips) during her separation, not cosmetic procedures. Furthermore, recent reports suggest she is actually reducing her use of facial fillers to achieve a more natural look, contradicting the idea of a massive, expensive makeover. The image provided is unrelated to the specific event described in the headline, showing two individuals without context, which further disconnects the visual from the specific false claim. The module signals correctly identified the lack of alignment and the absence of AI generation, but the core claim is factually incorrect based on available evidence."
ds9253,Not Misinformation,0.85,False,True,"The claim states that the image displays food items such as coffee cake, a pastry, and a beverage in a glass cup. The visual evidence confirms the presence of a coffee beverage (in a cup/glass), a slice of cake (identified as coffee cake in the module signals and consistent with the visual of a crumb-topped cake), and a banana (which is a fruit, but often categorized broadly with breakfast/pastry items in casual descriptions, or the 'pastry' reference might be conflated with the cake or the general setting). The module signals indicate 'partial' alignment because a banana is present but not mentioned, and the specific pastry type is unclear. However, the core items (coffee, cake) are present. The claim is not false; it is just potentially incomplete or slightly imprecise regarding the 'pas"
ds8003,Misinformation,0.85,False,True,"The claim states that a fireworks display in Weymouth marked the opening of the London 2012 Olympics. Evidence indicates that the London 2012 opening ceremony was a specific event held at the Olympic Stadium in London, directed by Danny Boyle, and did not involve a fireworks display in Weymouth. Furthermore, evidence regarding Weymouth's fireworks shows that they are traditionally held on November 5th (Guy Fawkes Night) or during summer holidays, not specifically to mark the Olympic opening. The image of fireworks in Weymouth is likely a generic or unrelated event (such as a summer display or Guy Fawkes night) mislabeled to fit the headline. Since the image is not AI-generated, we rely on the factual mismatch between the event described (Olympic opening) and the location/activity (Weymouth"
4557,Not Misinformation,0.85,False,True,"The headline claims that Irish actress Ruth Negga's Hollywood star status is 'SOAR'ing (rising). The retrieved evidence strongly supports this claim. Evidence [1] from IrishCentral explicitly titles an article 'There’s a new Irish star in Hollywood: Ruth Negga', confirming her rising status. Evidence [2] from BBC America notes she is 'part of the awards season conversation' due to her performance in 'Passing', and Evidence [3] from RTÉ discusses her acceptance of her success and visibility in Hollywood. The module signals indicate the image is not AI-generated and while the specific identity in the image is ambiguous, the textual claim regarding her career trajectory is factually supported by multiple reputable sources. The headline is a subjective but factually grounded description of her"
ds8684,Misinformation,0.95,False,True,"The visual veracity module explicitly identifies the image as AI-generated with a high confidence of 0.8. The explanation notes unusual fur patterns and surreal color blending that are not natural for real animals. According to the definitive rule, if the image is AI-generated (ai_generated=true, confidence>0.6), the output must be 'Misinformation' regardless of other signals. The headline claims a specific real-world scene ('A cat and dog on wooden benches next to a stairwell'), but the image is a synthetic creation, making the claim misleading as it implies a real photograph of such a scene."
