sample_id,label,confidence,abstain,parse_ok,rationale
ds6031,Misinformation,0.95,False,True,"The image is identified as AI-generated (confidence 0.9) by the visual veracity module, depicting a surreal and impossible scene of a frog floating above a tank. The claim that this is a 'recently declassified image from project ribbit thunder' is false. Evidence shows that 'Ribbit' is a character from the animated series 'The Amazing Digital Circus' and there are cryptocurrency tokens named 'Ribbit', but there is no evidence of a real-world military project named 'Ribbit Thunder' associated with declassified imagery. The combination of an AI-generated image with a fabricated military context constitutes misinformation."
3397,Misinformation,0.95,False,True,"The image is identified as AI-generated with high confidence (0.8). According to the definitive rule, if the image is AI-generated, the output must be 'Misinformation' regardless of other signals. Additionally, the claim that Planet Hollywood Las Vegas is owned by a corporation based in Paris, Texas is factually incorrect; evidence confirms it is owned and operated by Caesars Entertainment, which is based in Nevada, not Paris, Texas."
ds2700,Not Misinformation,0.85,False,True,"The image depicts a scaled quail standing on one leg, which is a documented behavior for this species (Evidence [3] in the retrieved set confirms observations of scaled quails standing on one leg). The headline mentions a raisin and a peanut. While the retrieved evidence does not explicitly confirm the presence of these specific items in the image, it establishes that scaled quails are omnivores that eat seeds, grains, and berries (Evidence [1], [3] in the 'What do scaled quails eat?' section). Raisins (dried grapes) and peanuts (legumes/seeds) are plausible food items for a quail in a captive or feeding context. The module signals indicate the image is not AI-generated (visual_veracity ai_generated=false). The partial alignment noted by the module is due to the difficulty of verifying sma"
ds4880,Not Misinformation,0.9,False,True,"The claim that Lindsay Lohan wore a hijab and sparked mixed feelings on social media is supported by multiple credible news sources. Evidence [1] from The Independent and Evidence [2] from Yahoo confirm that Lindsay Lohan attended London Modest Fashion Week wearing a hijab. Furthermore, Evidence [4] from SheThePeople and Evidence [1] from AOL explicitly state that her appearance 'sparked a lot of praise and of course, a lot of criticism on social media,' directly validating the 'mixed feelings' aspect of the headline. The image, while not definitively identified as her in the module signals, depicts a woman in a hijab consistent with the reported event, and there is no evidence of AI generation."
ds8852,Not Misinformation,0.65,False,True,"The image shows three teddy bears against a stone wall, which appears to be an outdoor or natural setting rather than a bedroom wall. The claim specifies 'a bedroom wall' and includes a 'stuffed cat', neither of which are present in the image. However, the visual veracity module indicates the image is not AI-generated (real photo). The discrepancy lies in the specific details of the claim (location and presence of a cat) versus the image content. Since the image is real and depicts teddy bears (aligning partially with the subject), but the context (bedroom) and object (cat) are missing, it is not a case of AI-generated misinformation. It is more accurately described as a mismatched caption or a partial alignment. Given the strict rule to output Misinformation only if AI-generated, and the "
7551,Not Misinformation,0.9,False,True,"The claim is supported by direct evidence from BBC News, which explicitly states that 'Snow has fallen across parts of the UK, such as Kielder Water, in Northumberland, and more is predicted over the weekend' [5]. This confirms both the location (Kielder Water) and the event (snowfall with further predictions). The image shows a snowy landscape consistent with the claim, and visual veracity checks indicate it is not AI-generated. While the specific date of the image is not confirmed, the factual assertion in the headline is verified by the retrieved sources."
365,Misinformation,0.95,False,True,"The image is identified as AI-generated with high confidence (0.8). The visual evidence shows gorillas with unnatural, exaggerated features and expressions that do not correspond to real footage of the Kwita Izina ceremony or typical mascot performances. While the event (Kwita Izina) and the general concept of entertainment at such events are real, the specific image provided is synthetic and does not depict a real moment from the ceremony. According to the definitive rule, if the image is AI-generated, the output must be Misinformation."
ds4717,Not Misinformation,0.85,False,True,"The headline claims that Khloe Kardashian was forced by Tristan Thompson to follow a strict pregnancy diet after a binge. Retrieved evidence confirms that during her pregnancy with Tristan Thompson (which occurred around 2017-2018), Tristan Thompson did intervene in her diet, reportedly telling her he 'won't stand for unhealthy habits' and putting her on a strict diet [1, 2, 5]. While the specific trigger event of a 'cookies and ice cream binge' is not explicitly detailed in the snippets as the sole cause, the core claim that Tristan enforced a strict diet on Khloe during her pregnancy is supported by multiple sources [1, 2, 5]. The module signals indicate the image is not AI-generated and is relevant (though the specific image content isn't described, the text alignment is strong). The cl"
4718,Not Misinformation,0.85,False,True,"The headline claims Jennifer Lopez might take a break from Alex Rodriguez. Evidence confirms that Jennifer Lopez and Alex Rodriguez did indeed take a break from their relationship, which culminated in a breakup and cancellation of their engagement in March 2021 (Evidence [2], [5] from retrieved set). While the relationship has since ended permanently, the statement that she 'might take a break' is factually grounded in the history of their relationship dynamics, specifically the period leading up to their split. The module signals also confirm the image is not AI-generated and aligns with the subject. The headline is likely a clickbait-style reference to their past relationship status or a re-contextualization of their history, but it does not constitute misinformation as the core event (t"
ds4306,Not Misinformation,0.95,False,True,"The headline accurately reflects statements made by Eric Trump in August 2016. Multiple credible news sources, including The Hill, The Wall Street Journal, The Guardian, and HuffPost, confirm that Eric Trump stated it would be 'foolish' for his father, Donald Trump, to release his tax returns while under audit, arguing that the public might make uninformed assumptions. The image depicts Eric Trump, consistent with the subject of the claim. The module signals correctly identify the alignment and veracity of the image and the factual basis of the quote."
ds1370,Not Misinformation,0.95,False,True,"The claim states that Kris and Bruce Jenner attended the Academy of Country Music Awards in Las Vegas. Multiple pieces of evidence confirm this event took place. Specifically, evidence [3] from Mirror Online and evidence [4] from Alamy explicitly state that Kris and Bruce Jenner attended the 44th Annual Academy of Country Music Awards held at the MGM Grand in Las Vegas in 2009. Evidence [3] from USA TODAY also corroborates this with a file photo from April 5, 2009. The image signals indicate the photo is not AI-generated and aligns with the event. Therefore, the claim is factually supported by the evidence."
ds2101,Not Misinformation,0.95,False,True,"The image depicts a table setting with two wine glasses and a centerpiece, which aligns perfectly with the claim. The module signals confirm that the image is not AI-generated (ai_generated=false) and is relevant to the claim. The retrieved evidence supports the existence and commonality of such table settings, defining centerpieces and wine glass usage in decor. There is no evidence of manipulation or falsehood."
5000,Misinformation,0.95,False,True,"The claim that President Obama admitted to a secret deal handing over U.S. territory to China to settle debt is factually false. Evidence shows that the only significant territory transferred to China in recent history was Hong Kong, which was handed over by the United Kingdom in 1997, long before Obama's presidency. There is no record of any U.S. territory being transferred to China during the Obama administration, nor any 'secret deal' regarding debt settlement involving territorial cession. While the Obama administration engaged in diplomatic and trade relations with China (including a 2014 state visit), these did not involve surrendering U.S. soil. The image of the Obamas is unrelated to such a non-existent event, and the headline relies on a fabricated narrative."
ds4724,,,False,False,PARSE_FAILURE
ds6329,Misinformation,0.95,False,True,"The image is identified as AI-generated with high confidence (0.9) by the visual veracity module, depicting an impossible scenario of a man inside a shark. According to the definitive rule, if the image is AI-generated, the output must be Misinformation regardless of other signals. Furthermore, the headline references 'What's Eating Gilbert Grape' and 'Sharkasaurus', neither of which involve a real event matching the image. 'What's Eating Gilbert Grape' is a drama with no shark scenes, and 'Sharkasaurus' is a separate low-budget creature feature. The image is unrelated to the specific entities mentioned in the headline, serving as a misleading or fabricated visual."
ds1157,Not Misinformation,0.85,False,True,"The claim describes a person holding a banner during a pope's procession down Fifth Avenue to St. Patrick's Cathedral. Historical evidence confirms that Pope Paul VI traveled down Fifth Avenue to St. Patrick's Cathedral in 1965, and Pope Francis did so in 2015. During such high-profile papal visits, it is standard for crowds to hold banners and signs. The retrieved evidence supports the occurrence of the procession on Fifth Avenue to the Cathedral for multiple popes. While the specific image might be a stock photo or a generic representation (as the module signals suggest partial alignment and the image shows a generic banner), the event described is factually grounded in historical reality. There is no evidence that the image is AI-generated (visual_veracity ai_generated=false). Therefore"
5013,Misinformation,0.85,False,True,"The headline claims a 'Controversial Dating Revelation' sparked by her divorce. However, the retrieved evidence and module signals indicate that Brooke Burke's divorce from David Charvet was finalized years ago (around 2019/2020), and she is currently engaged to Scott Rigsby. The recent news (June 2025) concerns the postponement of her wedding to Rigsby, not a new dating revelation stemming from a divorce. Furthermore, the module signals explicitly state that the image is not aligned with the headline (it does not depict Brooke Burke or the specific event). The image shows two generic individuals on a stage, likely from 'Dancing with the Stars' or a similar show, which is unrelated to the specific 'dating revelation' narrative. The mismatch between the specific, sensationalized claim and t"
3983,Misinformation,0.95,False,True,"The claim contains a factual error regarding the release year. While John Moore did direct 'A Good Day to Die Hard', the film was released in 2013, not 2008, as confirmed by multiple evidence sources ([1], [3], [5]). Furthermore, the module signals indicate that the associated image is AI-generated (ai_generated=true, confidence=0.8) and irrelevant to the claim. According to the definitive rule, if the image is AI-generated, the output must be Misinformation regardless of other signals."
ds9980,Not Misinformation,0.85,False,True,"The image depicts a scene consistent with the widespread media coverage of Iraqi families fleeing Mosul and settling in displacement camps near Kurdish checkpoints (specifically the Khazer/Aksi Kalak area) during the ISIS conflict (circa 2014-2017). Evidence [3] from Daily Mail explicitly mentions a 'girl stands besides her tent at a temporary displacement camp set up next to a Kurdish checkpoint in Kalak' and describes Peshmerga checking vehicles of Iraqis fleeing Mosul. Evidence [1] from NBC News and [5] from NPR confirm that Iraqi families crowded Kurdish checkpoints and settled in fields/camps in the Khazer area. While the headline specifies '2023' in the module signals for family settlement, the visual content (a girl in a field near a checkpoint) is a well-documented historical reali"
ds2354,Not Misinformation,0.85,False,True,"The image depicts a large airplane flying low in a cloudy sky, which is a plausible and common aviation scenario. The retrieved evidence confirms that planes frequently fly low due to various factors such as landing approaches (e.g., at LAX), wind conditions, or weather avoidance (clouds). The visual content aligns with the headline description. The module signals indicate the image is not AI-generated (visual_veracity ai_generated=false), and the content is consistent with real-world aviation phenomena described in the evidence (e.g., [1] TikTok discussing low flights, [4] Airport-AMS discussing wind-induced low flights, [3] CASA discussing weather impact). There is no evidence suggesting the image is fake or the claim is false."
ds9501,Misinformation,0.95,False,True,"The claim states that Ford's reelection campaign was 'brilliant.' Historical evidence confirms that Gerald Ford's 1976 reelection campaign was unsuccessful, as he lost the general election to Jimmy Carter. Describing a failed campaign as 'brilliant' is factually incorrect and misleading. Furthermore, the module signals indicate the image is not AI-generated, but the textual claim contradicts the historical record of the campaign's outcome. The evidence clearly shows the campaign was 'unsuccessful' and faced significant challenges, refuting the positive characterization in the claim."
ds4,Not Misinformation,0.95,False,True,"The claim states that after the murders, Charlie Hebdo's surviving staff left their Paris offices for a temporary home at Liberation newspaper. This is factually correct. Multiple evidence sources confirm that following the January 2015 attack, Charlie Hebdo staff worked out of the Liberation (Libération) newsroom for over six months before moving to new rented offices in September 2015. Specifically, evidence [2] from the New York Times and evidence [2] from the Sydney Morning Herald explicitly state that Charlie Hebdo 'squatting for more than six months in an improvised space carved out of the newsroom of Liberation.' Evidence [3] from ABC News further confirms they 'left [Liberation] today' when moving to new offices. The image provided appears to be a generic memorial or protest scene "
ds3871,Misinformation,0.95,False,True,"The claim that Meghan Markle was born in July is factually incorrect; she was born on August 4, 1981, as confirmed by multiple evidence sources [1, 2, 3, 5]. Furthermore, the module signals indicate that the associated image is AI-generated (ai_generated=true, confidence=0.8) and irrelevant to the claim (showing clothing and a book rather than the subject). According to the definitive rule, if the image is AI-generated, the output must be Misinformation regardless of other signals."
8830,Not Misinformation,0.85,False,True,"The image depicts a clock, and the claim states it is an old clock hanging against the side of a barn. Evidence [3] from Unsplash explicitly confirms the existence of photos showing 'a barn with a clock on the side of it' (specifically an old wood barn in Michigan). Additionally, Evidence [2] from WatchUSeek discusses a story about a clock built for a barn in rural Wisconsin. While the module signals indicate low relevancy because the specific barn context might not be visually obvious in the cropped image, the claim itself describes a plausible and documented real-world scenario. The image is not AI-generated (visual_veracity ai_generated=false), and there is no evidence suggesting the image is fake or misleading in a way that contradicts the existence of such objects. The claim is a desc"
ds5053,Misinformation,0.85,False,True,"The claim that drinking green tea daily increases lifespan by exactly 'Ten Years' is a specific quantitative assertion that is not supported by the retrieved evidence. While multiple sources (e.g., [3], [4], [5] in the first set) confirm that green tea is associated with increased longevity, reduced cardiovascular risk, and is a factor in Blue Zones, none cite a study establishing a specific ten-year extension. Source [3] mentions a study by Dr. Shinichi Kuriyama linking green tea to prolonged life via reduced cardiovascular risk, but does not quantify the gain as ten years. Source [4] mentions an increased lifespan for the elderly but does not specify the duration. The specific figure of 'ten years' appears to be an exaggeration or fabrication not grounded in the provided scientific liter"
ds2437,Misinformation,0.95,False,True,"The claim states that the image shows an 'animal food tray and cage' that is empty. However, the image clearly depicts a disc golf basket (a metal chain basket used in the sport of disc golf) situated outdoors near a tree. The module signals correctly identify that the image is not relevant to the claim, noting it is a disc golf basket and not an animal food tray or cage. Since the image does not depict the subject matter described in the headline (animal food tray/cage), the headline is a false description of the image content, constituting misinformation."
ds6090,Misinformation,0.95,False,True,"The image is identified as AI-generated with high confidence (0.8) due to surreal and contextually inappropriate elements (a camel in a social festival setting). According to the definitive rule, if the image is AI-generated, the output must be Misinformation regardless of other signals. Additionally, the module signals indicate that the image does not definitively depict Outside Lands, and the headline 'omg outside lands was like so fun' implies a personal experience with a specific event. Using an AI-generated image to represent a real-world event like Outside Lands constitutes misinformation."
ds742,Misinformation,0.75,False,True,"The claim asserts that demonstrators formed a barrier to 'Wall off Trump' outside Quicken Loans Arena. While evidence confirms that protests occurred outside the Quicken Loans Arena during the 2016 Republican National Convention (RNC) in Cleveland, and that protesters were against Trump, there is no evidence supporting the specific phrase 'Wall off Trump' as a slogan or action at that location. The phrase 'Wall off Trump' is not a recognized historical slogan from the 2016 RNC protests; common slogans included 'Not My President' or references to bigotry/xenophobia. The module signals indicate the image contains a banner with 'WALL OFF TRUMP', but the retrieved evidence does not corroborate this specific slogan being used at Quicken Loans Arena. Furthermore, the module's 'answers' section e"
ds1754,Not Misinformation,0.95,False,True,"The headline accurately describes the casting in the 2013 film 'The Fifth Estate'. Multiple credible sources, including Wikipedia, IMDb, and The New York Times, confirm that Benedict Cumberbatch played the role of Julian Assange in this biographical thriller. The image signals indicate the visual is not AI-generated and aligns with the subject. Therefore, the claim is factually correct."
4580,Misinformation,0.85,False,True,"The headline makes a specific, verifiable claim about Kourtney Kardashian's personal preference regarding beauty products (picking Kylie's lip kit over Kim's contour sticks). The retrieved evidence does not support this specific claim; instead, it highlights business collaborations (Kourt X Kylie) and general family tensions or separate product lines. There is no record of Kourtney publicly stating she prefers Kylie's lip kits over Kim's contour sticks as a definitive choice. Furthermore, the module signals indicate low relevancy (0.2) because the image does not depict the specific products or the context of the claim. While the image itself is not AI-generated, the headline is a fabricated narrative not supported by the evidence, constituting misinformation."
ds50,Not Misinformation,0.95,False,True,"The claim states that Rachael Drouet has still not tracked down the owners of the decorations. Multiple credible news sources, specifically BBC News articles [3] and [4], explicitly state: 'Rachael Drouet has still not tracked down the owners of the decorations.' The image shows decorations and a cat, which aligns with the context of the story about her cat Theo stealing decorations. The visual veracity is genuine (not AI-generated), and the textual evidence directly supports the claim."
8392,Misinformation,0.95,False,True,"The claim states that Oregon Attorney General Ellen Rosenblum alleges GNC knowingly sold supplements containing two synthetic chemicals. The retrieved evidence confirms that in October 2015, AG Ellen Rosenblum did indeed file a lawsuit against GNC alleging they sold supplements containing illegal synthetic ingredients, specifically picamilon and BMPEA, and that the lawsuit accused GNC of 'knowingly' selling these products (Evidence [1] from newhope.com, Evidence [4] from kpvitality.com). However, the provided image shows a box of 'Nurofen Express', which is a brand of ibuprofen pain relief medication manufactured by Reckitt Benckiser, not a GNC supplement. The module signals correctly identify that the image is irrelevant to the claim (relevancy aligned: false). Because the image depicts a"
ds7878,Not Misinformation,0.65,False,True,"The image depicts a realistic scene of people wading through floodwaters, consistent with the visual description in the claim. The retrieved evidence confirms that Harinagar in Satkhira, Bangladesh, has indeed suffered from severe flooding (e.g., embankment collapses, displacement of families, and significant agricultural losses). While the specific image cannot be geolocated to Harinagar with certainty from the text alone, the claim describes a plausible and documented scenario of flood relief in that specific region. The module signals indicate the image is not AI-generated and is partially aligned with the context. There is no evidence to suggest the image is fake or that the event described is false; rather, the event is real, and the image is a generic representation of such events. T"
ds4278,Misinformation,0.95,False,True,"The headline claims that Russian mansions seized by the Obama administration were 'meant to be illegal gifts' to Sasha and Malia Obama. While it is true that the Obama administration seized two Russian diplomatic compounds in 2016 (as confirmed by evidence [1], [2], [3] from the first Q&A set and retrieved evidence [1], [3]), there is absolutely no evidence to support the claim that these properties were intended as gifts to the Obama daughters. The seized properties were diplomatic residences/retreats for Russian diplomats, not personal gifts to the Obamas. The claim that they were 'illegal gifts' to Sasha and Malia is a fabricated narrative with no basis in fact, as confirmed by the lack of any such reports in the evidence and the explicit statement in the module signals that 'There is n"
ds6954,Misinformation,0.95,False,True,"The image is identified as AI-generated (confidence 0.8), which triggers the definitive rule to classify the pair as Misinformation regardless of other signals. Additionally, the headline contains factual inaccuracies: while Martin Hairer is an Austrian mathematician, he currently teaches at EPFL and Imperial College London, not the University of Warwick (where he previously held a position). The image itself is irrelevant, depicting a surreal scene unrelated to the subject."
ds3520,Misinformation,0.95,False,True,"The claim states that Ice-T was 18 years old when he signed to Sire Records in 1987. However, multiple evidence sources confirm that Ice-T was born on February 16, 1958. In 1987, he would have been 29 years old (turning 29 in February 1987). The claim regarding his age is factually incorrect. While the part about signing to Sire Records in 1987 is true, the specific detail about his age makes the overall claim false."
7044,Not Misinformation,0.85,False,True,"The image depicts Hillary Clinton, and the claim states she was at a rally in Columbus, Ohio. Evidence confirms that Hillary Clinton held multiple rallies and campaign events in Columbus, Ohio, during her presidential campaigns (e.g., March 4, 2008, and July 31, 2016). While the image itself does not visually confirm the specific location or date, the claim is factually plausible and consistent with historical records of her campaign activities. The module signals indicate the image is not AI-generated and is partially aligned with the claim. There is no evidence to suggest the image is fake or the claim is false; rather, the claim describes a real historical context in which such an image could exist."
ds9094,Misinformation,0.9,False,True,"The image is identified as AI-generated with high confidence (0.8) due to nonsensical text artifacts ('OLLD PARNG', 'PLEWK $TNC') on the sign, which is a hallmark of generative AI models. According to the definitive rule, if the image is AI-generated, the output must be 'Misinformation' regardless of other signals. The headline claims the image shows 'Two old street parking meters surrounded by weeds,' but the image does not clearly depict two meters (it shows a sign and potentially one meter-like object) and the text evidence confirms the visual content is synthetic and not a real photograph of the described scene."
ds3303,Misinformation,0.9,False,True,"The claim states that Scandinavia includes Svalbard and Jan Mayen. According to the retrieved evidence and standard geographical definitions, Scandinavia typically comprises only Denmark, Norway, and Sweden (or the Scandinavian Peninsula). Svalbard and Jan Mayen are part of the Kingdom of Norway but are geographically distinct and are classified as part of the broader 'Nordic' region, not Scandinavia. Evidence [2] explicitly states 'Svalbard is part of the Nordic region... not part of geographical Norway or the Scandinavian region.' Evidence [1] from Wikipedia on Scandinavia confirms it comprises Denmark, Norway, and Sweden. Therefore, the claim is factually incorrect regarding the definition of Scandinavia."
ds7131,Not Misinformation,0.65,False,True,"The image depicts Karen O performing at the 86th Academy Awards (Oscars) in 2014, which aligns with the claim that she performed during the ceremony. While the specific details regarding her attire (black satin Camilla Staerk dress) and jewelry (Neil Lane) are not explicitly confirmed by the provided search snippets, there is no evidence contradicting these specific fashion claims. The search results for 'Karen O dress' were largely irrelevant (confusing her with other Karens), but fashion reports from the 2014 Oscars generally confirm she wore a distinctive outfit. Given that the core event (performance) is verified and the visual is authentic, and lacking definitive proof to the contrary for the specific designer claims, the headline is treated as plausible/not misinformation based on th"
ds7823,Misinformation,0.9,False,True,"The provided module signals explicitly state that the image is 'aligned: false' with a confidence of 0.0, explaining that 'The image does not depict the Berlaymont building or any related subject.' The Berlaymont building is a distinct, well-known structure in Brussels (characterized by its cross shape and asymmetrical wings) that houses the European Commission. Since the image does not show this building, the claim that the image depicts the Berlaymont building is factually incorrect. Although the visual veracity signal indicates the image is not AI-generated, the core assertion of the headline/image pairing is false because the visual content does not match the subject described."
1047,Not Misinformation,0.95,False,True,"The claim is substantiated by multiple credible sources. Evidence [1] from NY Mag explicitly states: 'Kentucky governor Matt Bevin addresses the Kentucky Chamber of Commerce dinner, Thursday, January 7, 2016.' Additionally, Evidence [2] from Kentucky Living confirms that 'Governor Matt Bevin addresses audience at Kentucky Chamber Day in Lexington' on Jan 8, 2016 (noting that events often span days or the date in the claim refers to the start of the event week). The location 'Heritage Hall' is part of the Lexington Convention Center (Evidence [1] from 10times), which is the standard venue for the Kentucky Chamber Day dinner in Lexington. The image shows Matt Bevin speaking, consistent with the event description. The visual veracity signals indicate the image is not AI-generated. Therefore, "
ds8744,Not Misinformation,0.75,False,True,"The image depicts a shirtless man skateboarding in mid-air, which aligns with the claim. The retrieved evidence confirms that skateboarding stunts involving mid-air jumps are common and plausible activities. While one evidence snippet mentions a specific incident of a man waving a skateboard on a plane, this does not negate the existence of the skateboarding image described in the claim. The image is identified as real (not AI-generated) and shows a plausible skateboarding scenario. The claim is a literal description of the visual content."
ds9896,Not Misinformation,0.85,False,True,"The claim 'Alan Johnson has a bad case' is ambiguous but likely refers to the former UK Home Secretary Alan Johnson, who has been the subject of public scrutiny regarding personal scandals (divorce) and political controversies (gifts, health policy debates), but there is no evidence of a specific 'bad case' of illness or legal trouble that would constitute misinformation if interpreted broadly. The retrieved evidence shows Alan Johnson (the politician) is active in public life, recently married, and involved in health policy discussions, contradicting any implication of severe incapacitating illness. The confusion with Alan Jackson (country singer) having CMT disease is noted in the module signals, but the image does not depict Alan Jackson. Since the image is verified as real (not AI-gene"
ds3482,Misinformation,0.95,False,True,"The claim that 'Gotham City Sirens failed to be published' is factually incorrect. Evidence confirms that 'Gotham City Sirens' is a published comic book series by DC Comics, with multiple runs including issues published in 2009, 2015, and a current ongoing series in 2024 (e.g., Issue #3 released August 21, 2024). While there was a planned film adaptation that faced delays or changes in development, the comic book series itself has been successfully published and is currently active. The image shows physical copies of these comics, further contradicting the claim that they failed to be published."
3081,Misinformation,0.95,False,True,"The claim states that 'Story of My Life' was recorded exclusively by a girl band. Evidence confirms that the most prominent song with this title, released in 2013, was recorded by One Direction, which is an English-Irish boy band, not a girl band [1, 4, 5]. Additionally, the song was originally recorded by Marty Robbins (a male country singer) [5]. There is no evidence of a 'girl band' recording this specific song as a primary or exclusive act. The image provided shows a single girl, which does not support the claim of a 'girl band' recording the song, and the module signals correctly identify the misalignment. Therefore, the headline is factually incorrect regarding the artist's gender composition."
6149,Misinformation,0.95,False,True,"The image is identified as AI-generated with high confidence (0.8). The visual content depicts a dog reading a book, which is a surreal and physically impossible scenario for a real dog, and the text on the book appears to be nonsensical filler, a common artifact of AI image generation. According to the definitive rule, if the image is AI-generated, the output must be 'Misinformation' regardless of the headline's semantic alignment or truthfulness. The headline 'sometimes its better not to know' is a philosophical statement that may be true in certain contexts, but the use of an AI-generated image to illustrate it constitutes a mismatch in veracity and potential deception regarding the nature of the media."
ds6053,Misinformation,0.95,False,True,"The image is identified as AI-generated with high confidence (0.9) by the visual veracity module, depicting a surreal and impossible scenario of a rabbit riding a bicycle. According to the definitive rule, if the image is AI-generated, the output must be 'Misinformation' regardless of other signals. Furthermore, the module signals indicate that the image is not aligned with the headline (relevancy aligned: false, confidence: 0.1), meaning the visual content does not support or relate to the claim 'dont judge its what hes always wanted'. The combination of an AI-generated image and a lack of contextual alignment confirms the misinformation label."
5357,Misinformation,0.85,False,True,"The headline claims that a 'Stimulus' unveils the Education Secretary's controversial plan involving financial risks. However, the retrieved evidence indicates a conflation of two distinct events: the 2009 American Recovery and Reinvestment Act (a stimulus package providing ~$147 billion to education, as cited in Evidence Q2) and the 2025/2026 Trump administration's plan to dismantle the Department of Education under Secretary Linda McMahon (as cited in Evidence Q1). The image shows a generic educational setting and does not depict Linda McMahon or any specific 2025/2026 policy unveiling. The headline falsely merges the concept of a 'stimulus' (a 2009-era term for that specific funding influx) with the recent controversial plan to abolish the department. This creates a misleading narrative"
ds3839,Misinformation,0.95,False,True,"The claim contains two factual errors. First, while Dev Patel did star in the movie 'Chappie' (2015), the movie is not an animated film; it is a live-action science fiction film that uses visual effects and motion capture for the titular robot character. Second, the provided image is identified as AI-generated (visual_veracity ai_generated=true, confidence=0.9) and does not depict a scene from 'Chappie' or Dev Patel. According to the definitive rule, if the image is AI-generated, the output must be Misinformation regardless of other signals. The combination of a false genre description and an irrelevant, AI-generated image confirms the misinformation label."
7469,Not Misinformation,0.95,False,True,"The retrieved evidence confirms that Donald Trump held a rally in Bangor, Maine, on October 15, 2016, at the Cross Insurance Center. Multiple sources, including YouTube event listings and news reports from the Press Herald and Maine Public, verify the date, location, and event. The image shows Donald Trump speaking, which is consistent with the claim that he arrived to speak at this specific rally. The module signals correctly identified the event details, and the visual veracity check indicates the image is not AI-generated. Therefore, the headline accurately describes the event depicted or associated with the image."
ds3252,Misinformation,0.95,False,True,"The claim that 'Little Dorrit was only published in the 1980s' is factually incorrect. Evidence confirms that Charles Dickens' novel 'Little Dorrit' was originally published in serial form between 1855 and 1857, with the book form released in 1857 [1, 2, 3]. While there was a TV adaptation in 2008 and a film in 1988, the novel itself is a 19th-century work. Furthermore, the module signals indicate that the image is AI-generated (confidence 0.8), which triggers the definitive rule to classify the pair as Misinformation regardless of other signals."
ds3976,Misinformation,0.95,False,True,"The claim that the United States is one of the ABC Islands is factually false. The ABC Islands consist of Aruba, Bonaire, and Curaçao, which are part of the Kingdom of the Netherlands, not the United States. Furthermore, the module signals indicate that the image is AI-generated (confidence 0.8), and the definitive rule states that if the image is AI-generated, the output must be Misinformation regardless of other signals. The image also shows an American flag, which is misleading in the context of Dutch Caribbean islands, further supporting the misinformation label."
9974,Not Misinformation,0.65,False,True,"The image is a genuine photograph (AI-generated=false) featuring Kanye West, who is the subject of the headline. The headline expresses a sentiment ('Oh please do not let Kanye send a reply tweet') which is consistent with the retrieved evidence showing Kanye West has recently posted controversial tweets (e.g., calling Kim Kardashian a 'sex trafficker', making antisemitic remarks). The image likely depicts a past event (such as the Martin Shkreli album rights incident mentioned in evidence) used as a visual anchor for the current news cycle regarding his social media activity. Since the image is real and the subject matter (Kanye's recent tweeting behavior) is factually supported by the evidence, the pair is not considered misinformation, although the specific context of the photo may be o"
4125,Not Misinformation,0.85,False,True,"The claim that Kevin Hart appeared in a J. Cole music video playing a role reflecting his real-life cheating scandal is supported by evidence. Specifically, evidence item [2] from amomama.com explicitly states that Kevin Hart appeared in a J. Cole music video where he 'played an unfaithful man, similar to his real life scenario with his wife.' This aligns with the claim's core assertion. While the specific video title isn't named in the snippet, the existence of such a collaboration is confirmed. The image provided shows Kevin Hart, which is consistent with the subject of the headline, although the image itself is a generic event photo and not a still from the music video. The module signals correctly identified the lack of direct visual context but the textual evidence supports the factua"
ds2506,Not Misinformation,0.85,False,True,"The claim that there is a fence in Warsaw attached to a building to protect pedestrians from falling bricks is supported by specific evidence. Evidence item [3] from the 'Exploring Warsaw' blog explicitly states: 'There is now fencing around the first two buildings to catch the falling bricks and the courtyards have been closed off to visitors'. This confirms the existence of such safety measures in Warsaw. While other evidence snippets discuss falling bricks in other cities (Edmonton, Bath, London, NY) or historical ruins, the specific claim about Warsaw is validated by the blog post describing current safety installations. The image shows a building with protective fencing/scaffolding, which is consistent with the described safety measures. The visual veracity is real (not AI-generated)."
ds6253,Misinformation,0.95,False,True,"The image is identified as AI-generated with high confidence (0.9) by the visual veracity module. The image depicts a surreal and nonsensical scene involving a mouse in a car with human characters, which does not align with the actual origin of the meme. The phrase 'Get in loser, we're going shopping' originates from the 2004 film *Mean Girls*, featuring human characters (Regina George and Cady Heron) in a convertible, as confirmed by multiple evidence sources ([1], [3], [5]). The AI-generated image misrepresents the source material and context of the meme, creating a false visual association. According to the definitive rule, if the image is AI-generated, the output must be Misinformation."
ds6291,Misinformation,0.95,False,True,"The image is identified as AI-generated (visual_veracity.ai_generated=true, confidence=0.9). The module signals explicitly state that the image depicts a human riding an antelope, which is an impossible scenario in real life and suggests manipulation. While there are real statues of gazelles (e.g., the Bronze Gazelle Statue in Tripoli, the Marshall Fredericks statue on Belle Isle), none depict a human riding a gazelle in the manner shown in the AI-generated image. The 'answers' section contains hallucinated or misattributed information (e.g., attributing a riding statue to Marshall Fredericks, who created a statue of a gazelle surrounded by other animals, not ridden). The definitive rule for AI-generated images applies here."
ds9638,Not Misinformation,0.85,False,True,"The claim states that the two presenters (Tania Reza and Enrique Tovar) appeared on YouTube to say the story was staged. Evidence confirms that after being fired for an on-air incident that appeared to be sexual harassment, both presenters appeared in a video on Televisa's YouTube channel (and other platforms) where they claimed the incident was a 'stunt' or 'hoax' orchestrated to create a viral video [4, 5]. While Tania Reza later recanted this statement on her personal Facebook page claiming she was pressured, the specific claim that they *appeared on YouTube to say the story was staged* is factually accurate based on the events of late October 2015. The image is a genuine screenshot, not AI-generated."
ds994,Not Misinformation,0.95,False,True,"The image depicts performers forming the Olympic rings during a closing ceremony. Evidence confirms that the Olympic rings were indeed formed and displayed during the closing ceremony of the Paris 2024 Summer Olympics (held August 11, 2024) at the Stade de France, as well as during the 2026 Winter Olympics closing ceremony in Verona. The visual content aligns with these factual events. The module signals correctly identify the image as non-AI and relevant. There is no evidence of manipulation or false context."
ds5728,Not Misinformation,0.85,False,True,"The headline claims Jenny McCarthy had her '1995 Debut in the Entertainment Industry.' While evidence indicates her modeling career began in 1993 (Playboy) and her major TV breakthrough was in 1994 (Playmate of the Year) and 1995 (MTV's Singled Out), the term 'debut' in a headline context often refers to a significant public entry or mainstream rise rather than the absolute first professional activity. Evidence [1] from TikTok explicitly links 'PMOY 1995' to her journey to Hollywood stardom, and other sources confirm 1995 as the year she gained wider recognition via MTV. The image is identified as a magazine cover (likely a retrospective or commemorative issue given the 'Iconic Journey' phrasing) and is not AI-generated. The core claim of her rise to fame in the mid-90s is factually suppor"
2731,Not Misinformation,0.85,False,True,"The image depicts a doll in a car window, which aligns with the claim of an 'innovative take' on a 'baby on board' sticker. The retrieved evidence confirms that 'funny' and 'creative' baby on board stickers are a widespread trend, available on platforms like Etsy, Amazon, and TikTok, often featuring humorous designs or unconventional representations (like dolls or surfboards) to signal the presence of a child. The visual veracity signals indicate the image is not AI-generated. Therefore, the headline accurately describes a real phenomenon depicted in the image."
ds2331,Not Misinformation,0.9,False,True,"The image depicts a man on a tennis court holding a racquet, which aligns perfectly with the provided claim. The visual veracity module indicates the image is not AI-generated (confidence 0.0 for AI generation, implying high confidence it is real). The retrieved evidence confirms that such images are common stock photography (Getty Images, Shutterstock, iStock) and that the scene is a standard representation of tennis activities. There is no evidence suggesting the image is fake, manipulated, or associated with a false narrative. The claim is a simple descriptive statement that is visually supported."
9107,Misinformation,0.8,False,True,"The visual veracity module explicitly identifies the image as AI-generated with a high confidence of 0.8. The explanation notes contextual anomalies such as unusual texture and lighting inconsistent with a typical kitchen environment. According to the definitive rule, if the image is AI-generated, the output must be Misinformation regardless of other signals. The retrieved evidence confirms that while silver ovens and common kitchen appliance arrangements exist in reality, the specific image provided is synthetic and not a photograph of a real scene."
ds3649,Misinformation,0.95,False,True,"The claim states that 'An Educated' was created only by journalist Nora Ephron. This is factually incorrect on two counts. First, 'An Educated' (or 'Educated') is a memoir by Tara Westover, not Nora Ephron. Second, Nora Ephron was a journalist, writer, and filmmaker, but she did not create this work. The retrieved evidence confirms Nora Ephron's career as a journalist and writer of works like 'Heartburn' and screenplays for films like 'Julie & Julia', but explicitly links 'An Educated' to Tara Westover in the module signals and general knowledge. The image provided is a generic newsroom scene and does not depict Nora Ephron or the creation of the book, making the headline a false attribution."
7187,Not Misinformation,0.9,False,True,"The claim states that Supreme Leader Ayatollah Ali Khamenei waved during a meeting in Tehran last September. Evidence confirms that on September 17, 2022, Khamenei attended a religious ceremony in Tehran (Arbaeen anniversary) and was photographed waving to the crowd [4] from Alamy and [5] from Al Jazeera. Additionally, he held a meeting with war veterans on September 21, 2022 [2]. The image provided in the module signals is identified as a genuine photograph (AI generated: false) and aligns with the visual record of Khamenei waving at the September 17 event. Therefore, the headline accurately describes a real event that occurred in September 2022."
ds5161,Misinformation,0.95,False,True,"The claim that Mike Pence has 'secret ties to a Russian spy agency' is factually false and contradicted by all available evidence. Retrieved sources consistently portray Pence as a staunch critic of Russia, citing his statements that Russian aggression is a major threat to NATO allies (Source 3, Source 5) and his support for Baltic states against Russian influence. There are no credible reports linking Pence to Russian espionage; instead, news regarding Pence and Russia typically involves his opposition to Putin or unrelated security incidents (Source 5 in the second query set). The claim appears to be a fabrication or a malicious distortion of his political stance. Although the image itself is not AI-generated, the textual claim attached to it is demonstrably false, constituting misinform"
ds4423,Misinformation,0.95,False,True,"The claim that Floyd Mayweather Jr. donated a 'whopping sum' (specifically $200 million in related viral posts) to Houston after a hurricane is false. Multiple fact-checking organizations, including Politifact and That's Nonsense, have explicitly debunked this story as fake news originating from a fabricated post on HoustonChronicle-tv.com in August 2017 following Hurricane Harvey. While Mayweather is known for charitable acts, there is no evidence of such a donation to Houston. The image provided, showing him holding a bill, is generic and does not substantiate the specific, false claim of a massive donation to Houston."
8155,Misinformation,0.95,False,True,"The claim is factually incorrect on multiple levels. First, Charlie Pierce is a journalist (notably for Esquire and The Guardian) and a critic of Mitt Romney, not a member of his staff. Evidence [1], [3], and [4] from the retrieved sources confirm he wrote critical articles about Romney's campaign and policies. Second, the image provided depicts a scene of destruction (likely a disaster or accident aftermath) which does not match the description of a phone call in a wire factory. The retrieved evidence for 'Wire factory incident Ohio 2012' points to an explosion at a metal plant (I Schumann & Co.) in 2023 (Evidence [2]) or general industrial accidents, but no specific 'wire factory' incident in 2012 involving Charlie Pierce is found. The image is unrelated to the specific narrative of a Ro"
ds7055,Misinformation,0.85,False,True,"The image provided does not match the claim. The claim describes a specific historical photograph from 1947 featuring Leeroy Murray (aged two), his mother Nora, father John, and brothers Johnny and Peter on Hampstead Heath. However, the image in question depicts a person sitting outside a building, which is visually inconsistent with a 1947 family portrait on a heath. Furthermore, the module signals explicitly state that the image is 'aligned: false' and does not depict the specific subjects or event. While the Murray family did have a famous photo taken on Parliament Hill (part of Hampstead Heath) in 1947 (as noted in Evidence [3] from Islington Tribune), the specific image provided here is not that historical photo. Therefore, presenting this unrelated image as the 1947 family snapshot c"
8165,Not Misinformation,0.9,False,True,"The claim is directly supported by retrieved evidence. Specifically, evidence item [5] from the 'Emily Cruse Elliott Club Sizzle dance' search explicitly states: 'Emily Cruse Elliott dances in Club Sizzle on Saturday at the Blue Ribbon Bacon Fest in Des Moines.' This confirms the specific person, action, venue (Club Sizzle), and event (Blue Ribbon Bacon Fest in Des Moines). The image shows people dancing, which is consistent with the claim of dancing at a festival. The visual veracity module indicates the image is not AI-generated. Therefore, the image and headline are aligned and factually supported by the evidence."
1449,Not Misinformation,0.9,False,True,"The claim is factually accurate based on historical records. Hinchliffe Stadium in Paterson, NJ, did open in 1932 [3], hosted Negro League games (including serving as home to the New York Black Yankees) [1], and was indeed abandoned and in ruins for many years (specifically from 1997 until its renovation and reopening in 2023) [2, 3]. While the stadium has recently been restored, the description of it being 'abandoned and in ruins' accurately reflects its state for the majority of its post-1997 history and is a common characterization in historical contexts or prior to the 2023 reopening. The image shows a staircase consistent with the stadium's architecture, and the visual veracity is not AI-generated. The partial alignment in module signals is due to the image not explicitly showing the "
4647,Misinformation,0.95,False,True,"The headline claims that Angelina Jolie and Jennifer Aniston did NOT have a face-to-face meeting. However, multiple credible sources confirm that they did meet in person. Specifically, Jennifer Aniston has publicly stated that she met Angelina Jolie in 2004 while Brad Pitt was preparing to work with Jolie on the film 'Mr. & Mrs. Smith'. Aniston described this encounter as a polite, friendly introduction where she wished Jolie well on her new movie, unaware at the time that Jolie would become her husband's partner. Therefore, the claim that they did not meet is factually incorrect."
ds4064,Not Misinformation,0.9,False,True,"The image is a genuine photograph of Brad Pitt (visual_veracity ai_generated=false), and the headline is a standard clickbait-style question regarding his net worth. The retrieved evidence confirms that Brad Pitt's net worth is widely estimated to be between $300 million and $400 million (with some recent estimates reaching $500 million), which aligns with the context of the question. There is no false claim being made, just a query about a well-documented public figure's financial status. The image is relevant and authentic."
ds2877,Not Misinformation,0.9,False,True,"The image depicts a decomposing leaf, and the headline claims it was found 'just offshore at the local reservoir.' Retrieved evidence [1] from Reddit explicitly matches this headline text ('One of many decomposing leaves found just offshore at the local reservoir'), indicating that the image and caption originate from a specific social media post describing a real-world observation. The visual veracity signals confirm the image is not AI-generated. While the specific 'local reservoir' is not identified in the snippet, the existence of the source post validates that the image was presented as a factual record of a specific event/location, rather than a fabricated or misleading stock image used to deceive. The scientific evidence [2, 3, 4] supports the plausibility of such phenomena occurrin"
7330,Misinformation,0.9,False,True,"The image depicts a group of people in an indoor or event setting, which is visually inconsistent with the Millennium Bridge in London, a pedestrian suspension bridge over the River Thames. The module signals correctly identify that the image does not depict the subject or location claimed in the headline. Furthermore, the presence of a lightsaber in the image suggests it is likely a staged photo from a convention or event, unrelated to the specific claim about Jonathan Jones being on the Millennium Bridge. There is no evidence linking Jonathan Jones (either the NFL player or the journalist) to this specific image or location. The mismatch between the visual content and the headline constitutes misinformation."
ds5062,Misinformation,0.95,False,True,"The headline claims that a new study asserts COVID-19 vaccines alter DNA and increase the risk of genetic mutations. This claim is scientifically false and contradicts established medical consensus. Evidence [1] and [5] explicitly state that mRNA vaccines do not enter the cell nucleus and do not alter human DNA. Furthermore, evidence [1] under the 'COVID vaccine increases genetic mutation risk?' query confirms that case-control and population-based studies found no association between the vaccine and increased cancer risk or genetic mutations. The image provided is a generic stock photo of a laboratory setting and does not depict any specific study or evidence supporting the claim, serving only to lend false authority to the misinformation. Therefore, the headline presents a debunked false"
ds5124,Misinformation,0.95,False,True,"The claim that Joe Biden admitted to plotting election fraud with foreign powers is false. Multiple fact-checking organizations (Snopes, FactCheck.org, USA Today) confirm that Biden did not admit to fraud; rather, he was discussing efforts to prevent voter fraud and protect voting rights, often being taken out of context. Furthermore, there is no credible evidence or 'tape' of Biden conspiring with foreign powers to commit election fraud. The module signals correctly identify that the image (depicting Hillary Clinton) is irrelevant to the claim about Biden, and the answers correctly debunk the core assertion. The headline is a fabricated conspiracy theory."
6119,Misinformation,0.85,False,True,"The image is identified as AI-generated (visual_veracity.ai_generated=true, confidence=0.8). The module signals explicitly state that the image depicts a door with cartoonish characters and dog faces, which does not align with the claim's reference to the phrase 'not no way not no how' from 'The Wizard of Oz'. The retrieved evidence confirms the phrase is a quote from the 1939 film 'The Wizard of Oz' (specifically by the Gatekeeper or Cowardly Lion), but the image provided is a surreal, AI-created depiction that does not accurately represent the source material or context of the quote. Therefore, the image is misleading and constitutes misinformation."
5317,Misinformation,0.95,False,True,"The claim that herbal tea from the Amazon Rainforest 'eradicates' COVID-19 'instantly' is scientifically false and contradicts established medical consensus. Multiple evidence sources confirm that there is no known cure for COVID-19, and herbal teas do not eradicate the virus. Specifically, the FTC, DOJ, and FDA have taken legal action against marketers of herbal teas for making false claims that their products can treat, cure, or prevent COVID-19 [2] (Q: Does herbal tea from Amazon cure COVID-19?). Furthermore, the World Health Organization explicitly states that steam inhalation or herbal remedies do not treat or prevent COVID-19 [1] (Q: Does herbal tea cure COVID-19?). While some studies suggest tea polyphenols may have potential antiviral properties in laboratory settings or as prevent"
ds8378,Not Misinformation,0.95,False,True,"The claim that Richard Dawkins and Rowan Williams debated the role of religion in the 21st century is factually correct. Evidence confirms they debated at the Cambridge Union on January 31, 2013, on the motion 'this house believes religion has no place in the 21st century' [1, 3, 5]. The image shows a person who appears to be a religious figure (consistent with Rowan Williams, the former Archbishop of Canterbury), and the module signals indicate the image is not AI-generated. The headline accurately describes the event referenced in the evidence."
8719,Misinformation,0.95,False,True,"The image is identified as AI-generated with high confidence (0.8) by the visual veracity module. According to the definitive rule, if the image is AI-generated, the output must be 'Misinformation' regardless of other signals. The image depicts a bus that appears to be predominantly green, lacking the specific 'pink' color mentioned in the claim, and the setting (parked on a grass field) is inconsistent with standard bus parking infrastructure, further supporting the AI-generated nature of the image. The retrieved evidence confirms that while 'Green and Pink Bus' projects exist (e.g., in Balochistan), they are not depicted in this specific, likely fabricated, image."
6563,Misinformation,0.95,False,True,"The image is identified as AI-generated with high confidence (0.8) by the visual veracity module. The module notes inconsistent lighting and unusual features (light emanating from the eye) that suggest manipulation or synthetic generation. Furthermore, the retrieved evidence confirms that there are no real-world references to factory workers wearing pink hair towels; instead, such towels are associated with personal care and bathroom settings. The combination of an AI-generated image and a scenario unsupported by factual evidence classifies this as misinformation."
ds3412,Misinformation,0.95,False,True,"The claim states that Castlevania came out in Japan in 1990. However, multiple authoritative sources confirm that the original Castlevania game (known as Akumajō Dracula in Japan) was first released in Japan on September 26, 1986, for the Family Computer Disk System. The year 1990 is associated with the release of 'Kid Dracula', a spin-off parody game, or the North American release of the original game (1987) and its sequel (1989/1990 depending on region/version), but not the original Japanese debut of the main series title. Therefore, the specific claim regarding the 1990 Japanese release of the original Castlevania is factually incorrect."
966,Misinformation,0.9,False,True,"The claim that Marco Rubio grilled at the Iowa Pork Producers Pork Tent during the 2015 Iowa State Fair is false. Evidence indicates that while the Iowa Pork Producers Pork Tent was a significant venue for presidential candidates during the 2015 fair, Marco Rubio did not attend the event in a capacity that involved grilling. Specifically, evidence shows that Donald Trump and Carly Fiorina were present at the tent on August 17, 2015, with Trump serving pork. There is no record of Marco Rubio grilling at this event; in fact, Rubio's presence at the 2015 fair was minimal compared to other candidates, and he did not participate in the grilling activities associated with the Pork Tent. The image likely depicts a different individual or is a misattributed photo, as the specific action and person"
ds5156,Misinformation,0.95,False,True,"The claim that new research shows COVID-19 vaccines cause permanent memory loss is false. Extensive scientific evidence and major health organizations (such as the CDC and WHO) have found no link between COVID-19 vaccines and permanent memory loss or cognitive decline. While some individuals may experience temporary side effects like fatigue or headache, these do not constitute permanent memory loss. In fact, research indicates that COVID-19 infection itself poses a higher risk for long-term cognitive issues ('Long COVID') than vaccination. The retrieved evidence supports that vaccine side effects are generally mild and temporary (e.g., soreness, fever) and that studies linking vaccines to severe neurological harm are either flawed, misinterpreted, or refer to the disease itself rather tha"
ds2814,Not Misinformation,0.65,False,True,"The image depicts a handwritten note inside a book, which is consistent with the claim of finding a Father's Day note used as a placeholder. The visual veracity analysis indicates the image is not AI-generated. While the specific anecdote of finding this exact note in a Knoxville bookstore is not corroborated by the provided search results (which focus on general bookstore listings), there is no evidence to suggest the image is fake or the claim is maliciously deceptive. The claim is a personal anecdote ('found this...') which is difficult to disprove but also not inherently false. The presence of used bookstores in Knoxville (McKay's, Addison's) supports the plausibility of the setting. Therefore, it is classified as Not Misinformation, though the specific event is unverified."
ds6955,Misinformation,0.95,False,True,"The claim asserts a long-term association between Henry Kissinger and Sepp Blatter. The provided image is identified as AI-generated (confidence 0.8) and depicts an unrelated scene (two elderly men with a bear), failing to depict either individual or their purported relationship. Furthermore, the retrieved evidence and module signals confirm there is no documented relationship or professional intersection between Kissinger (a US diplomat) and Blatter (a FIFA administrator). The combination of an AI-generated, irrelevant image with a false factual claim constitutes misinformation."
ds6481,Not Misinformation,0.95,False,True,"The image depicts Vladimir Putin and Borut Pahor, which is factually correct as they met multiple times, notably in 2016 and 2017. The module signals contain a hallucinated date (July 30, 2026) for a meeting, but the visual evidence and historical records confirm that the individuals are correctly identified and have met in the context described (formal meetings, visits to Slovenia). The image itself is not AI-generated (confidence 0.0 for AI generation) and aligns with real-world events where these two leaders interacted. The core claim that the photo shows Putin and Pahor is true."
5084,Misinformation,0.95,False,True,"The claim that the Senate voted unanimously to ban all independent media critical of the government is factually false. There is no record of such a vote; the Senate has not passed legislation banning independent media. Furthermore, the image provided is identified as AI-generated (confidence 0.8), which violates the definitive rule to output 'Misinformation' regardless of other signals. The visual content, featuring a stylized elephant logo superimposed on the Capitol, is a fabricated graphic likely intended to mislead viewers into associating the Republican party with this non-existent legislative action. The retrieved evidence confirms that recent Senate activities involved votes on Russia sanctions, social media age restrictions (not bans on independent media), and other procedural mat"
ds1963,Not Misinformation,0.85,False,True,"The image depicts heavy traffic on a motorway, which aligns with the claim of 'heavy traffic on the M5 motorway during a previous busier Easter getaway'. Evidence [5] from The Guardian explicitly uses the phrase 'Heavy traffic on the M5 motorway during a previous, busier Easter getaway' in the context of a photo caption, confirming that such scenes are documented and described in this manner. Furthermore, multiple evidence snippets ([1], [2], [3], [4] from the first set) confirm that the M5 frequently experiences significant congestion and 'traffic hell' during Easter getaways, with journey times often doubling. The image is identified as real (not AI-generated) and consistent with typical UK motorway traffic scenes reported during these periods. Therefore, the image serves as a plausible "
9347,Not Misinformation,0.85,False,True,"The claim describes a man wearing glasses and a lavender shirt. The retrieved evidence confirms that men wearing glasses are common subjects in news and stock photography (e.g., [1], [2], [3] from the 'man wearing glasses news' search). Furthermore, multiple sources confirm that lavender shirts are a significant fashion trend for men, particularly highlighted in 2023 and continuing as a stylish choice (e.g., [1], [2], [5] from 'lavender shirt fashion trends'; [1], [3] from 'Fashion trends lavender shirts 2023'). While the specific image is not identified as a unique news event, the description is factually consistent with existing fashion trends and common visual depictions of men. The module's visual veracity signal indicates the image is not AI-generated, and the partial alignment is due"
ds4921,Misinformation,0.85,False,True,"The image is identified as irrelevant to the headline (relevancy aligned: false, confidence: 0.1). The module signals explicitly state that there is no indication the individuals in the image are Justin Bieber or Kourtney Kardashian, nor does the image depict the specific context of their relationship status or the concerns of Selena Gomez and Younes Bendjima. While the headline discusses real-world rumors and news events (Bieber/Kardashian contact, Selena/Kylie feud, Younes' comments), the visual component fails to support the claim because it is a generic stock-style image of two people at an event, not a depiction of the specific celebrities or situation described. Using an unrelated image to illustrate a specific celebrity news story constitutes visual misinformation or clickbait, as i"
3169,Misinformation,0.95,False,True,"The claim is false on two counts. First, the image is identified as AI-generated (confidence 0.8), which triggers the definitive rule to label the pair as Misinformation regardless of other signals. Second, the factual claim regarding Ian Gillan's birth date is incorrect; multiple evidence sources confirm he was born on August 19, 1945, not May 19, 1945. The combination of an AI-generated image and a factually incorrect date constitutes misinformation."
2004,Not Misinformation,0.85,False,True,"The claim states that a basketball game is going on. The image depicts a basketball game in progress, and the visual veracity signal indicates it is not AI-generated (though confidence is low, no artifacts were detected). The retrieved evidence confirms that basketball games (NBA, NCAA, FIBA, etc.) are ongoing activities and schedules are available on official sites like NBA.com and NCAA.com. While the specific date of the image is not provided in the evidence to verify 'today' with absolute certainty, the claim is a general statement about an event occurring. Given that basketball is a sport with frequent games and the image is a realistic depiction of such an event, the claim is plausible and not demonstrably false or misleading in the context of misinformation detection. The evidence su"
4046,Not Misinformation,0.95,False,True,"The headline states that George H.W. Bush died at 94 in New York. The retrieved evidence confirms that George H.W. Bush died on November 30, 2018, at the age of 94, which aligns with the core factual claim of the headline. While the evidence indicates he died in Houston, Texas, rather than New York, the primary assertion of his death and age is factually correct. The image shows him alive, which the module correctly identifies as not depicting the event of death, but this does not make the headline itself misinformation regarding the fact of his passing. The location discrepancy is a minor error in the headline's detail, but given the definitive confirmation of the death and age, and the lack of AI generation, the pair is not classified as misinformation in the context of verifying the mai"
8531,Not Misinformation,0.85,False,True,"The image depicts a realistic kitchen scene with decorative elements (such as hanging items and a fridge) and appears to be a standard, non-AI-generated photograph. The claim describes a 'smaller kitchen with a very decorated interior.' While the exact size is subjective based on the cropped view, the visual evidence supports the presence of a kitchen with decor. The retrieved evidence confirms that small kitchens are frequently decorated and that such images are common stock photography or design inspiration. There is no evidence of AI generation or deceptive manipulation. The partial alignment in the module signals is due to the ambiguity of 'small' in a cropped image, but the core description of a decorated kitchen is visually supported."
ds8617,Misinformation,0.95,False,True,"The image is identified as AI-generated with high confidence (0.8) by the module signals. According to the definitive rule, if the image is AI-generated, the output must be 'Misinformation' regardless of other signals. The visual evidence of unnatural blending and lighting inconsistencies supports the AI generation classification. Therefore, the claim that this is a real parking meter in front of a restaurant is false because the image itself is synthetic."
1052,Not Misinformation,0.95,False,True,"The claim is fully supported by the retrieved evidence. Multiple sources confirm that Apple announced the iPhone 5C on September 10, 2013, at its campus in Cupertino, California [1, 3, 4]. The release date is consistently cited as September 20, 2013, across Apple's official newsroom and other reputable tech news outlets [2, 5, 6, 7]. The image, described as showing iPhone 5C devices during an announcement, aligns with historical records of the event, and the module signals indicate the image is not AI-generated. Therefore, the headline accurately reflects the historical facts."
2929,Not Misinformation,0.95,False,True,"The headline accurately describes a widely reported news event involving Mary Walls Penney, a nurse in West Virginia, who faced criticism for her rainbow-colored hair and responded by emphasizing that her appearance does not affect her ability to provide care. The retrieved evidence confirms the existence of this story, the specific details of her response (e.g., 'My hair color has never prevented me from providing life saving treatment'), and the viral nature of the post. The image signals indicate the photo is not AI-generated and aligns with the subject matter. Therefore, the claim is supported by factual evidence."
5939,Misinformation,0.95,False,True,"The claim asserts that Vic Mensa has roots in Houston, Texas, which directly contradicts established facts. Multiple evidence sources confirm that Vic Mensa was born and raised in Chicago, Illinois, and his musical style is heavily influenced by Chicago's hip-hop scene and his Ghanaian heritage, not Houston. Furthermore, the module signals indicate that the image is AI-generated (confidence 0.8), and per the definitive rule, an AI-generated image results in a 'Misinformation' label regardless of other signals. The combination of factual inaccuracy regarding his origins and the synthetic nature of the visual evidence confirms the misinformation."
ds3503,Misinformation,0.95,False,True,"The claim that 'The Hunger Games are based on a play' is factually incorrect; the franchise originated as a series of novels by Suzanne Collins, with a play adaptation created later. Furthermore, the visual evidence provided is AI-generated (confirmed by the module signal with 0.8 confidence and corroborated by the presence of nonsensical text artifacts). According to the definitive rule, if the image is AI-generated, the output must be Misinformation regardless of other signals. The combination of a false premise and an AI-generated image solidifies this classification."
ds6940,Misinformation,0.95,False,True,"The image is identified as AI-generated with high confidence (0.8) by the visual veracity module. The module notes surreal elements such as a skeleton present with the child and garbled, nonsensical text on the book, which are hallmarks of AI generation rather than a real photograph. According to the definitive rule, if the image is AI-generated, the output must be 'Misinformation' regardless of other signals. Furthermore, the retrieved evidence does not support the specific claim that this is a real photo of an Indonesian girl reading a specific anti-trafficking comic; while anti-trafficking comics exist (e.g., distributed by Himalayan Children's Charities in Nepal), there is no evidence linking this specific AI-generated image to a real event in Indonesia."
ds8840,Misinformation,0.95,False,True,"The image is identified as AI-generated with high confidence (0.8) by the visual veracity module. According to the definitive rule, if the image is AI-generated, the output must be 'Misinformation' regardless of other signals. Additionally, the claim describes the truck sitting on 'green asphalt,' but the module notes the truck is on grass, and the retrieved evidence confirms that green asphalt is a specific sustainable paving material used in urban infrastructure, not a natural grassy surface. The combination of an AI-generated image and a mismatched physical description constitutes misinformation."
ds4482,Misinformation,0.85,False,True,"The claim that 'San Juan Teamsters Didn't Show Up for Work to Distribute Relief Supplies' is false. Evidence indicates that Teamsters actively participated in relief efforts in Puerto Rico following Hurricane Maria, with over 200 union volunteers arriving to assist survivors [5]. Furthermore, Snopes explicitly fact-checks similar claims, stating that the Teamsters were working to help members and communities in San Juan, not striking or skipping work [2]. The image provided is generic and does not depict the specific event described, but the core factual assertion of the headline is contradicted by direct evidence of Teamster participation in relief efforts."
ds4702,Not Misinformation,0.85,False,True,"The headline presents a rumor ('Why Friends Think She's Got A Secret') rather than a definitive factual claim. The retrieved evidence supports the existence of such rumors and speculation. Specifically, evidence [5] from SheFinds confirms that fans and 'The Voice' viewers have been speculating about a pregnancy and baby bump. Furthermore, evidence [5] from Abdpost (and the module's answer) confirms that friends have expressed concern or alarm regarding a 'secret role' or 'MAGA makeover' Stefani is reportedly embracing. While the pregnancy itself is unconfirmed (and the module's answer regarding a 2025 birth appears to be a hallucination or future-dated fiction not supported by the primary evidence snippets which only mention rumors), the headline accurately reflects the current state of pu"
1231,Misinformation,0.85,False,True,"The claim states that Robert Griffin III (RGIII) was the quarterback for the Redskins during a game at Raymond James Stadium. However, evidence confirms that RGIII was released by the Washington Redskins in March 2016 [Evidence 2-5, 5-2]. The Redskins played at Raymond James Stadium in the preseason on August 31, 2016, and August 31, 2017 [Evidence 2-1, 2-2]. In the 2016 game, RGIII was no longer on the team; the starting quarterback was Kirk Cousins (who was benched in 2015 and replaced by Cousins in 2016, though RGIII was released in March 2016, Cousins started the 2016 season). In the 2017 game, the starting quarterback was Alex Smith (who joined in 2018, so likely Sam Bradford or Alex Smith depending on the exact week, but definitely not RGIII). Specifically, source 2-3 identifies Nate"
4217,Not Misinformation,0.65,False,True,"The headline describes a specific narrative about Jennifer Lopez and Alex Rodriguez's relationship dynamics ('wild', 'passionate', 'next level' kisses). While the couple officially split in 2021, the retrieved evidence indicates that rumors of reconciliation and public displays of affection (kissing) have persisted or resurfaced in media reports (e.g., Bossip reporting on them kissing in public, A-Rod visiting J.Lo in the Dominican Republic). The image shows J.Lo, which is relevant to the subject. The module signals correctly identify that the image does not prove the specific event, but the claim itself is not definitively false; it reflects ongoing media speculation and reported interactions between the ex-couple. Since the image is not AI-generated and the claim is based on real-world m"
992,Not Misinformation,0.85,False,True,"The claim describes flooding near the Shiawassee River and Shiawassee National Wildlife Refuge in Michigan. Retrieved evidence confirms that the Shiawassee River has experienced significant flooding and overflow due to severe storms and heavy rainfall in mid-Michigan (Sources [1], [2], [5] from the first evidence block). Additionally, there are reports of FEMA funds being allocated to Michigan residents and businesses affected by recent flooding and storms (Source [3] from the second evidence block), and specific mentions of damage to homes and businesses in the region (Source [5] from the second evidence block). The image depicts a realistic flooded area consistent with these reports. The module signals correctly identified the image as non-AI and relevant. Therefore, the headline is supp"
ds6586,Misinformation,0.95,False,True,"The image is definitively identified as AI-generated (visual_veracity.ai_generated=true, confidence=0.9). The module signals explicitly state that the image depicts a surreal scenario with jellyfish floating in a bedroom, which contradicts the claim that a person is simply holding their hand on a bed. The presence of jellyfish in a bedroom is physically impossible in reality, confirming the image is synthetic and not a genuine depiction of the claimed scenario. According to the definitive rule, if the image is AI-generated, the output must be Misinformation."
ds1582,Misinformation,0.95,False,True,"The claim contains multiple factual errors that contradict the retrieved evidence. First, the claim states Norway won 3-1 against England in the European Under-21 Championship. While evidence [2] confirms Norway did beat England 3-1 in the U21 Championship, this occurred in 2013, not in a recent context implied by the other signals (which reference 2026). More critically, the claim identifies the goalkeeper as 'Nyland Haskjold' (Ørjan Nyland). Evidence [2] from UEFA explicitly names Jo Inge Berget as the scorer and hero of that 2013 U21 victory, and Ørjan Nyland was not the goalkeeper for Norway in that specific 2013 U21 match (he was much younger and not the starter). Furthermore, the module signals and evidence [3]-[5] indicate a different match between Norway and England occurred on Jul"
ds6549,Misinformation,0.85,False,True,"The image is identified as AI-generated (confidence 0.8) by the visual veracity module, which notes the presence of surreal angel wings on the mother. According to the definitive rule, if the image is AI-generated, the output must be 'Misinformation' regardless of other signals. The headline describes a realistic scene ('A smiling young mother holding her infant child'), but the image depicts a fantastical element (wings) that is not present in reality, making the image a misleading representation of the claim. The retrieved evidence supports the general concept of mothers and infants smiling but does not validate the supernatural element in the image, further highlighting the discrepancy between the realistic headline and the AI-generated, fantastical image."
ds1547,Misinformation,0.85,False,True,"The claim contains a significant factual error regarding the custodianship of Watarrka National Park. While the size of the park (approx. 105,200 hectares or 1,052 sq km) is accurate, the traditional owners and custodians of Watarrka National Park are the **Anangu** people, not the Martutjarra-Luritja people. Evidence [4] from The Canberra Times explicitly states, 'Watarrka National Park is on the traditional lands of the Anangu Aboriginal people.' Evidence [5] from the Northern Territory Government's Joint Management Plan also confirms the park is home to Anangu. While the Luritja people are custodians of lands in the broader Central Australia region (including areas near Kings Canyon Resort, as noted in Evidence [3] of the retrieved set), they are not the primary traditional custodians o"
ds9027,Misinformation,0.95,False,True,"The visual veracity module explicitly identifies the image as AI-generated with a high confidence of 0.8, noting unnatural textures and proportions. According to the definitive rule, if the image is AI-generated, the output must be 'Misinformation' regardless of other signals. The image depicts a stylized, non-realistic representation of Chicago deep dish pizza, which does not correspond to a real-world photograph of the specific item claimed."
ds8208,Not Misinformation,0.75,False,True,"The image depicts a protest, and the claim states that activists protested the Summer Olympics in Brazil citing corruption, mismanagement, and wealthy domination. Historical evidence confirms that significant protests occurred in Rio de Janeiro during the 2016 Summer Olympics. Activists protested against water pollution, broken environmental promises, the construction of an Olympic golf course (linked to wealthy interests and land use), and the broader context of Brazil's political corruption and economic crisis (mismanagement). While the specific visual details of the image (e.g., specific signs) cannot be fully verified without higher resolution, the general scenario described in the claim is factually grounded in the events of the 2016 Rio Olympics. The 'partial' alignment in the module"
ds1877,Not Misinformation,0.95,False,True,"The claim states that Gordon Taylor became chairman of the Professional Footballers' Association (PFA) in November 1978 and moved to chief executive in 1981. Multiple credible sources, including The Guardian, Daily Mail, iNews, and BBC Sport, confirm these specific dates and roles. For instance, The Guardian explicitly states he 'became chairman in November 1978 and chief executive three years later' (1981). The image is identified as a genuine photograph (AI-generated=false), and while the image itself does not prove the specific date, the textual claim is factually accurate according to the evidence."
ds1998,Not Misinformation,0.85,False,True,"The claim that increasing the pace of spending cuts is likely to spark more protests is supported by substantial evidence. Multiple news reports confirm that recent spending cuts, particularly in France under President Macron, have triggered massive nationwide protests involving tens to hundreds of thousands of participants (Evidence [1], [2], [3] from the second Q&A block). Additionally, general research indicates that austerity measures reaching 5% of GDP are associated with significantly higher instability and protest participation (Evidence [1] from the first Q&A block). The image depicts a protest with 'NO CUTS' signs, which is consistent with the real-world events described in the evidence. The image is verified as not AI-generated. Therefore, the headline accurately reflects the cau"
578,Not Misinformation,0.65,False,True,"The image depicts a plausible scene of flood mitigation efforts (using pumps/sandbags) in a location known to be susceptible to Mississippi River flooding (Clarksville, MO). The retrieved evidence confirms that Clarksville, Missouri, has experienced significant flooding from the Mississippi River, with specific reports of flood fights and preparations (e.g., [3], [5] in the 'Mississippi River flood impact' section, and [5] in the 'Clarksville Mo flood news' section). While the specific individual 'Bob Bailey' and his rental properties are not explicitly identified in the provided search snippets, the general context of residents fighting floods in Clarksville is well-documented. The module signals indicate the image is not AI-generated and is partially aligned. Without evidence proving the"
ds4435,Not Misinformation,0.85,False,True,"The claim 'Trump Removing Marines From the Navy' is factually nonsensical because the United States Marine Corps is a separate branch of the U.S. Armed Forces, not a component of the Navy, despite historical administrative ties. Therefore, Trump cannot 'remove Marines from the Navy' as they are not part of it. The retrieved evidence supports this distinction: Source [1] discusses Trump's policies affecting Marine Corps standards (specifically regarding DEI and razor bumps), and Source [4] discusses general military changes under Trump. There is no evidence that Marines were ever 'in' the Navy to be removed, nor is there evidence of such an action. The headline likely stems from a misunderstanding of the relationship between the branches or is a garbled reference to policy changes within th"
4186,Misinformation,0.95,False,True,"The headline claims that James Van Der Beek is alive and interacting with Katie Holmes to make 'Jamie' jealous. However, multiple credible news sources (Evidence [1], [2], [4], [5]) confirm that James Van Der Beek died on February 11, 2026, at the age of 48. A deceased person cannot reignite a friendship or engage in social dynamics to provoke jealousy. Additionally, the 'Jamie' in the headline is likely a confusion with Jamie Foxx (Katie Holmes' ex-boyfriend) or a fictional character, but the core premise involving James Van Der Beek is factually impossible due to his death. The image signals also note low relevancy, further supporting that the image does not support the specific narrative."
ds5919,Misinformation,0.95,False,True,"The headline claims that Ares is the 'nephew of Zeus and Hera.' This is factually incorrect according to established Greek mythology. All provided evidence sources (Wikipedia, Theoi Project, Greek Gods and Goddesses) explicitly state that Ares is the son of Zeus and Hera, not their nephew. Being the son makes him Zeus's child, not his nephew. The claim fundamentally misrepresents the lineage described in the mythological record."
ds379,Not Misinformation,0.85,False,True,"The claim states that three people died during a police raid in Saint-Denis five days after the attacks. Evidence confirms that the raid occurred on November 18, 2015, which was five days after the November 13 Paris attacks (Evidence [1] from Wikipedia, [2] from Wikipedia). Regarding the death toll, multiple sources confirm that three individuals were killed during the raid: the suspected mastermind Abdelhamid Abaaoud, a woman who detonated an explosive device, and a third suspect (Evidence [1] from Firstpost mentions 2 deaths initially but later clarifies; Evidence [2] from Wikipedia explicitly states Abaaoud was killed 'along with two others', totaling three; Evidence [5] from CBS News mentions a '3rd body found'). Therefore, the claim is factually accurate regarding the location, timing"
ds3753,Misinformation,0.95,False,True,"The claim that the Icelandic Coast Guard 'rarely performs a service' is factually incorrect and contradicted by extensive evidence. The Icelandic Coast Guard is a highly active agency responsible for national defense, search and rescue, maritime surveillance, and law enforcement, as Iceland lacks a traditional military. Evidence shows they maintain continuous listening watches, conduct regular patrols (e.g., 'a few times a week'), respond to emergencies like cargo ship fires, and have recently increased surveillance activities. The image of a ship in turbulent waters does not support the claim of inactivity; rather, it depicts the operational environment in which the Coast Guard frequently works. The claim is a direct falsehood regarding the frequency and nature of the agency's duties."
ds6032,Not Misinformation,0.85,False,True,"The image depicts a real ostrich interacting with a human, likely in a sanctuary or farm setting, which aligns with the 'interesting table manners' headline as a humorous description of the bird's feeding behavior (e.g., pecking or grabbing food directly). The visual veracity signals confirm the image is not AI-generated. The retrieved evidence supports that ostriches are often fed by humans in captivity (e.g., Getty Images stock footage, YouTube videos of feeding experiences), and their behavior can be perceived as 'interesting' or aggressive/unpredictable, fitting the casual, humorous tone of the headline. There is no evidence of deception or AI manipulation."
3980,Misinformation,0.9,False,True,"The claim that 'Touch My Body is a law' is factually incorrect. 'Touch My Body' is a well-known song by Mariah Carey, released in 2008, and not a piece of legislation. While there are laws regarding physical contact (such as assault, battery, and harassment laws), there is no specific statute named 'Touch My Body'. The image provided is a generic stock photo of a courtroom, which does not substantiate the specific claim that a law with this title exists. The module signals correctly identified that the image is not AI-generated but also noted the lack of alignment with the specific subject. The evidence confirms that 'Touch My Body' refers to a song or general concepts of consent, not a specific enacted law."
ds2845,Not Misinformation,0.6,False,True,"The claim describes a specific visual scene (a premium pump with a spider web in a secluded part of Arkansas). The retrieved evidence does not contain any news reports or viral stories confirming this specific incident, nor does it contain evidence disproving it. The search results for 'spider web on gas pump Arkansas' yield no relevant news, suggesting the event is either extremely obscure, non-existent, or a misinterpretation of a generic image. However, since the image is verified as real (not AI-generated) and there is no evidence to definitively prove the location is false or that the event is a known hoax, we cannot label it as 'Misinformation' with high confidence. The lack of corroborating evidence for a specific viral claim often points to it being a random, unverified photo rathe"
1318,Not Misinformation,0.75,False,True,"The image depicts patrons seated at a bar and in rows, which aligns with the 'relaxing' aspect of the claim. While the claim specifies 'theater seats' and 'waiting to play bocce', the retrieved evidence confirms that bocce is a popular game in bars (Evidence [1], [2] from Q: Do bars have bocce games available?) and that venues like Cassese’s MVR feature both a bar and bocce courts (Evidence [5] from Q: Are there theaters with bocce courts?). Although the specific venue in the image is not identified, the scenario described is plausible and consistent with the existence of such establishments. The module's visual veracity check indicates the image is not AI-generated (confidence 0.2 for AI, implying high confidence for real), and the partial relevancy is due to the inability to confirm the "
ds2773,Not Misinformation,0.85,False,True,"The image depicts a Bible and a Book of Mormon in a hotel room drawer, which aligns with the well-documented practice of Marriott International (a major hotel chain with significant presence in Detroit) placing these specific religious texts in guest rooms due to the founding family's affiliation with the Church of Jesus Christ of Latter-day Saints. Evidence [2] and [4] from the retrieved set confirm that Marriott hotels include both the Bible and the Book of Mormon. While the specific hotel brand is not named in the headline, the claim that 'this hotel in detroit' (implying a Marriott or similar chain property) has these items is factually consistent with industry practices and the visual evidence. The image is verified as real (not AI-generated)."
ds8795,Not Misinformation,0.65,False,True,"The claim describes a scene ('Two men wearing sunglasses cross the street at night') that is visually plausible and consistent with the provided evidence. The visual veracity module indicates the image is not AI-generated (confidence 0.2 for AI, implying high confidence for real). The evidence confirms that men do wear sunglasses at night (often for fashion or mystique, as noted in sources [1], [2], [4] of the first evidence block) and that images of men crossing streets at night exist (source [2] of the second evidence block explicitly mentions 'Men crossing street at night in Barcelona'). While the image analysis notes uncertainty about specific details like sunglasses, the claim itself is not demonstrably false or misleading in a way that constitutes misinformation, especially given the"
6395,Misinformation,0.95,False,True,"The image is identified as AI-generated with high confidence (0.9) by the visual veracity module, exhibiting unnatural proportions and surreal effects. According to the definitive rule, if an image is AI-generated, the output must be 'Misinformation' regardless of other signals. The headline 'dont worry beyonce nobody will ever know this was you' implies a deceptive context or a hidden identity, which is further invalidated by the fact that the image itself is not a real photograph of Beyoncé but a synthetic creation. The retrieved evidence confirms Beyoncé's actual stage costumes (e.g., silver corset, nude illusion bodysuit) do not match the described or implied scenario of a 'disguise' that would require such a headline, and no evidence supports the claim that this specific image is an a"
ds5285,Misinformation,0.95,False,True,"The claim that Hillary Clinton is secretly planning to run for president in 2024 is false. Multiple credible sources confirm that she has not announced any intention to run for the 2024 presidency and has explicitly denied such rumors. For instance, evidence [3] from The Hill states that 'Clinton has not announced any intention to run for president in 2024' and notes she has criticized Joe Biden's 2024 run as a 'terrible mistake.' Additionally, evidence [1] from Wonkette and other reports indicate she has publicly denied interest in a 2024 run. The image provided is a generic photograph of Clinton and does not support the specific, false narrative of a secret 2024 campaign plan."
ds7674,Misinformation,0.85,False,True,"The image provided depicts a pile of debris or rocks, which is completely unrelated to the claim about visitor statistics in the Scottish Highlands. The module signals correctly identify that the image is not aligned with the claim (relevancy aligned: false). While the image itself is not AI-generated, the pairing of this irrelevant visual with a specific statistical claim constitutes misinformation because the visual evidence does not support the text and appears to be a mismatched or deceptive association. The claim itself ('80 of its visitors') is also statistically ambiguous and unsupported by the retrieved evidence, which discusses motivations and duration of stay rather than a specific 80% origin statistic. The primary reason for the 'Misinformation' label is the lack of visual relev"
2728,Not Misinformation,0.9,False,True,"The claim accurately describes the case of Scott Daniel Warren, a US border activist who faced up to 20 years in prison for providing water, food, and lodging to migrants. Multiple credible news sources (The Guardian, Free Thought Project, Sons of Liberty Media) confirm that a jury refused to convict him (resulting in a hung jury/no verdict) due to the nature of his humanitarian actions. The image, while not explicitly identified in the evidence, is consistent with the subject matter, and the core factual assertion regarding the trial outcome is supported by the retrieved evidence."
ds8721,Not Misinformation,0.85,False,True,"The image depicts a bowl of white rice and broccoli. The headline claims the image shows 'white rice, beef and a vegetable dish'. While the image clearly shows rice and a vegetable (broccoli), it does not visibly show beef. However, the module signals indicate that the image is real (not AI-generated) and the relevance is 'partial' because the beef is missing from the visual. In the context of food photography, it is common for images to show a component of a meal (like the side dish) or for the main protein to be obscured, out of frame, or mixed in (though here it appears absent). The claim is not definitively false in a way that constitutes 'misinformation' (deception) if interpreted as 'a meal consisting of rice, beef, and vegetables' where the image is illustrative of the components, e"
ds9200,Misinformation,0.95,False,True,"The image is identified as AI-generated with high confidence (0.9) by the visual veracity module. The module notes unnatural blending of the dog's shirt and distorted anatomy, which are strong indicators of synthetic media. According to the definitive rule, if the image is AI-generated, the output must be 'Misinformation' regardless of other signals. The retrieved evidence confirms that while plaid couches and black dogs exist as stock photo subjects, the specific image in question is not a real photograph but an AI creation, making the claim of it being a factual depiction of a specific scene misleading."
ds3723,Misinformation,0.95,False,True,"The claim that 'The Originals' began airing in 2005 is factually incorrect; the series premiered on October 3, 2013. Furthermore, the image provided is identified as AI-generated (visual_veracity ai_generated=true, confidence=0.8). According to the definitive rule, if the image is AI-generated, the output must be 'Misinformation' regardless of other signals. The combination of a false date and an AI-generated image confirms the misinformation status."
7601,Not Misinformation,0.95,False,True,"The image depicts Bangladeshi security personnel standing guard near a restaurant in Dhaka. The retrieved evidence confirms that on July 1, 2016, gunmen attacked the Holey Artisan Bakery/Restaurant in Dhaka, and security personnel were indeed deployed to stand guard and secure the area during and after the incident. Multiple news sources (e.g., NBC News, CBS News, Getty Images) have used images with captions identical or very similar to the claim, showing security personnel at the scene of the attack on or immediately following July 1, 2016. The module's relevancy signal was low likely due to a generic classification, but the visual content aligns with the historical event described in the claim. The image is not AI-generated."
9081,Not Misinformation,0.85,False,True,"The image depicts a realistic lunch box containing sandwiches and carrots, which aligns with the claim. While the claim mentions a muffin and salad which are not clearly visible in the image, the module signals indicate only 'partial' alignment and the image is verified as not AI-generated (real). The presence of some items in the claim that are not visible in the image does not constitute misinformation in the context of a general stock photo or illustrative image, as the core subject (lunch box with sandwich and carrots) is present and real. The evidence supports that such combinations are common and plausible."
ds2006,Not Misinformation,0.65,False,True,"The image depicts people lined up near an airplane, which aligns with the first part of the claim. The module signals indicate the image is not AI-generated (visual_veracity.ai_generated=false). While the claim mentions 'military uniform,' the retrieved evidence confirms that military personnel are frequently present at airports (e.g., troop travel, layovers, security operations) and that specific incidents involving military personnel and airports (such as drone threats or deployments) are current news topics. The evidence does not contradict the presence of military personnel in such settings, nor does it identify the specific image as a known fake or unrelated stock photo used deceptively. The 'partial' alignment suggests the visual content supports the general scenario described, even "
ds6266,Misinformation,0.95,False,True,"The image is identified as AI-generated with high confidence (0.9) by the visual veracity module. The image depicts a turkey flying over a cityscape, which is physically impossible and clearly digitally manipulated. According to the definitive rule, if the image is AI-generated, the output must be 'Misinformation' regardless of other signals. The headline 'how no one has done this is beyond me' implies a real-world feat or event, but the image is a fabrication, making the pair misleading and false."
708,Not Misinformation,0.85,False,True,"The claim states that in 2011, Carmelo Anthony had to deny reports that his wife, La La Vazquez Anthony, was forcing him to seek a trade out of Denver. Evidence [1] from TMZ (April 1, 2011) explicitly confirms that La La Vazquez denied blasting her husband's old team (Denver) on a radio station, which was part of the media scrutiny surrounding the trade rumors at the time. While later statements (2022) indicate the trade contributed to their divorce, the specific 2011 event of denying negative reports/pressure regarding the trade is supported by the timeline of events and media coverage from that year. The image shows the couple, aligning with the subjects. The visual veracity is genuine. Therefore, the headline accurately reflects a reported event from 2011."
ds354,Not Misinformation,0.95,False,True,"The claim states that Aon was unveiled as the sponsor of Manchester United in July 2010. Evidence confirms that while the sponsorship deal was signed in June 2009 and officially began on June 1, 2010, the new home kit featuring the Aon logo was revealed (unveiled) on July 14, 2010. This specific event aligns with the 'unveiled' aspect of the claim in the specified month and year. The image shows jerseys with the Aon logo, consistent with the 2010-2011 season kits. Therefore, the headline accurately reflects the public unveiling of the sponsored kit in July 2010."
7119,Misinformation,0.85,False,True,"The headline claims Julian Assange is currently at the Ecuadorian embassy and calling for the threat of arrest to be lifted. This is factually incorrect. Evidence confirms that Julian Assange left the Ecuadorian embassy in London on April 11, 2019, when he was arrested by UK police after Ecuador revoked his asylum. He has since been imprisoned in the UK and, as of recent reports, has been released and returned to Australia following a plea deal. The image provided shows Assange holding a newspaper, which does not depict him at the embassy, and the claim about his current location and actions is entirely false based on the timeline of events."
6424,Misinformation,0.95,False,True,"The image is definitively identified as AI-generated (confidence 0.9) by the visual veracity module. The image depicts a fantastical, humanoid-bird creature (a mythological harpy) interacting with a human, which is biologically impossible and not a real-world event. While the term 'harpy' can refer to the real Harpy Eagle, the image clearly portrays the mythological monster, not a bird. The headline 'harpy coming in for a landing' implies a real-world event involving this creature, which is false because the creature is fictional and the image is synthetic. According to the definitive rule, if the image is AI-generated, the output must be Misinformation."
5060,Misinformation,0.85,False,True,"The headline claims that 'Experts Warn Against Using Smartphones' due to cancer risks. This is a misrepresentation of the scientific consensus. Major health organizations, including the FDA, CDC, and WHO, state that there is no consistent or conclusive evidence linking smartphone radiation to cancer in humans. While some studies suggest potential links (often in animal models or regarding specific non-ionizing effects like blue light), the prevailing expert view is that the risk is low or unproven, and they do not issue warnings advising the public to stop using smartphones. The image is a generic stock photo and does not support the specific alarmist claim. The headline creates a false sense of urgency and expert consensus that does not exist."
3899,Misinformation,0.95,False,True,"The claim states that the Tenth Doctor is accompanied by Rose Tyler in 'The End of Time'. While Rose Tyler (played by Billie Piper) does appear in the two-part special 'Doctor Who: The End of Time' (2009-2010), she is not a regular companion for the majority of the special, nor is she the primary companion depicted in promotional materials or the main narrative arc of that specific story (which focuses on the Tenth Doctor's regeneration and his final moments with Donna Noble and others). More critically, the image provided is described as a generic futuristic control room with ambiguous characters, lacking specific identification as the Tenth Doctor and Rose Tyler in the context of 'The End of Time'. The module signals indicate 'partial' alignment and ambiguity. However, the definitive rul"
ds511,Misinformation,0.85,False,True,"The claim contains a significant factual error regarding the number of spirits. The headline states the lounge boasts 'more than 100 brown spirits,' but multiple credible sources, including the official MGM Grand website and Eater, confirm that Whiskey Down features a selection of 'more than 50' types of whiskies. While the location (MGM Grand) and the nature of the venue (gaming lounge/bar) are correct, the specific quantitative claim is false. The module signals incorrectly stated that gaming options were not offered, whereas evidence confirms it is a gaming lounge with blackjack and video poker, but the spirit count discrepancy is the primary driver for the misinformation label."
3537,Misinformation,0.95,False,True,"The definitive rule states that if the image is AI-generated with high confidence, the output must be Misinformation regardless of other signals. The module signals indicate the image is AI-generated with a confidence of 0.8. Additionally, the claim itself is factually incorrect based on the retrieved evidence. Evidence [1] from Wikipedia and Evidence [5] from Everything Explained Today define martial arts films as having sub-genres (like kung fu, wuxia) and being related to action, but Evidence [3] from Backstage clarifies that 'Action' is the parent genre that encompasses various sub-genres (like superhero, war). Martial arts films are generally considered a sub-genre of action films, not the other way around. Action films are a broad category, while martial arts films are a specific typ"
ds9777,Not Misinformation,0.85,False,True,"The claim is substantially accurate. Des Warren and Ricky Tomlinson were indeed prominent figures in the 1972 Shrewsbury building workers' strike and were subsequently imprisoned in 1973 (convictions quashed in 2021). Evidence [4] explicitly confirms that a photo of them exists from 1975 and states they were 'jailed after being pickets in the 1972 strike'. Regarding the 'blacklist' aspect, while the formal, widespread industry blacklist (the TUC blacklist) is often associated with the 1980s, Tomlinson and Warren faced immediate and severe professional exclusion from the building trade after their imprisonment, effectively blacklisting them from their profession for decades, as noted in Evidence [3] ('Unable to get a job... never worked in the building industry again'). The image shows the "
5524,Misinformation,0.9,False,True,"The claim that Jennifer Aniston sabotaged Brad Pitt's Hollywood comeback is false and contradicts established facts. Evidence indicates that Aniston and Pitt divorced in 2005 due to differing life goals and career demands, with no credible reports of Aniston interfering with Pitt's career post-divorce [1, 2, 3]. Furthermore, Brad Pitt has remained active in Hollywood, with recent projects and premieres such as 'Babylon' in 2023, disproving the premise of a 'comeback' that needed sabotaging [2]. The narrative is a fabricated drama inconsistent with public records and interviews where Aniston has clarified misconceptions about their split [3, 5]."
ds4669,Misinformation,0.85,False,True,"The headline claims that Bradley Cooper and Lady Gaga are in a 'rapturous remake' of 'A Star Is Born'. While the 2018 film directed by Bradley Cooper and starring Lady Gaga is indeed a remake (as confirmed by evidence [1] and [4]), the provided image is explicitly flagged by the module signals as having 'aligned: false' with low confidence (0.2) because it does not depict Bradley Cooper or Lady Gaga. The system explanation states the characters appear to be from a different context. In the context of misinformation detection, using an image that does not depict the subjects named in the headline (Cooper and Gaga) to illustrate a story about them constitutes a mismatch or misleading visual representation, especially when the visual veracity check is inconclusive (confidence 0.0) and the ali"
2169,Not Misinformation,0.85,False,True,"The image displays a collection of personal items including shoes, a cap, an iPod, and a name tag, which aligns with the headline's description. The visual veracity module confirms the image is not AI-generated (confidence 0.0 for AI generation, implying high confidence in it being real). The retrieved evidence supports the existence and commonality of these items in daily life or specific contexts (e.g., iPod history, name tag usage). There is no evidence suggesting the image is fabricated or that the headline is deceptive in a way that constitutes misinformation. The partial relevancy noted in the module signals is due to the vague nature of 'other items' in the headline, but the core items are present and real."
889,Not Misinformation,0.85,False,True,"The claim states that migrants are seen on the shore in the eastern Aegean island of Rhodes, Greece. The retrieved evidence confirms that Rhodes is currently experiencing a significant migrant crisis, with reports of undocumented migrants arriving by boat and being found on the shores (e.g., Source [5] mentions 23 illegal migrants found in a wooden boat near Lindos, Rhodes, and Source [1] discusses the general presence of illegal immigrants on the island). The module signals indicate the image is not AI-generated (visual_veracity ai_generated=false) and is partially aligned with the context. While the specific identity of the people in the image cannot be verified solely from the visual, the context of migrants arriving on Rhodes is factually supported by multiple news sources. Therefore, "
ds4772,Misinformation,0.9,False,True,"The headline claims Ed Sheeran admitted he could 'bed hot women' because of Taylor Swift. The retrieved evidence and module signals indicate that while Ed Sheeran and Taylor Swift are close friends and collaborators, there is no record of him making such a statement. The evidence shows Sheeran referred to Swift as a 'middle-aged woman trapped in a 20-something's body' (a comment on her maturity/energy, not sexual conquest) and discussed their friendship and her engagement to Travis Kelce. The claim appears to be a fabricated or highly distorted interpretation of their friendship, lacking any factual basis in the provided sources. The module signal for relevancy is low (0.2), further suggesting the image/headline pair does not accurately reflect the reality of the situation described."
ds372,Misinformation,0.85,False,True,"The headline 'Lost direction Rusting emergency vehicle used in the 1970 protests at Jackson State College Mississippi' is factually incorrect and misleading. Evidence [4] from the BBC News archive reveals that this specific headline was used in a 2014 article by Sean Coughlan, but the article's content was about 'poor maths standards' in the US, not the Jackson State protests. The headline appears to be a clickbait error or a misattribution where the text about a 'rusting emergency vehicle' (likely referring to a different story or a metaphorical description unrelated to the 1970 event) was incorrectly paired with the Jackson State topic. There is no historical evidence that a rusting emergency vehicle was a specific, notable artifact 'used in' the 1970 protests in the manner implied by th"
6440,Misinformation,0.95,False,True,"The image is identified as AI-generated with high confidence (0.9) by the visual veracity module. The claim describes a surreal and physically impossible scenario ('stiltlegs adjusted') involving a real-world political figure (Kim Jong-un). While evidence confirms Kim Jong-un has taken smoke breaks in public (e.g., in China and Vietnam), there is no evidence of him wearing or having 'stilt legs' adjusted; this is a fabricated element consistent with AI-generated imagery. The definitive rule states that if the image is AI-generated, the output must be Misinformation."
ds2864,Not Misinformation,0.85,False,True,"The image depicts Easter eggs, and the claim that dye can create polka dot patterns is factually supported by common crafting techniques. Evidence [2] from stepbystep.com and [4] from YouTube explicitly describe methods for creating polka dot eggs using stickers or wax resist, where the dye interacts with the egg surface to form dots. While the specific mechanism in the claim ('dye leaked... when peeled') is a specific interpretation of a visual result (which could also be achieved by resist methods), the core assertion that dyeing processes result in polka dot patterns is true. The image is not AI-generated (visual_veracity ai_generated=false), and the phenomenon described is a known, valid craft outcome. The 'leakage' description might be a layperson's explanation for a resist effect or "
ds9049,Not Misinformation,0.85,False,True,"The claim describes a living room with a fireplace, table, and chair. The module signals indicate the image is a genuine photograph (not AI-generated) and shows a living room with chairs and a table, but lacks a visible fireplace. The 'relevancy' signal notes this partial alignment. Since the image is verified as real (not AI) and depicts a plausible living room scene that aligns partially with the description (furniture present, fireplace absent but not necessarily contradictory in a general 'living room' context, or potentially obscured/out of frame), it does not constitute misinformation. Misinformation typically requires a false claim about a specific event or a fabricated image. Here, the image is real, and the description is a partial match for a generic living room scene. The absenc"
1505,Misinformation,0.75,False,True,"The claim states that business rates have added 'about 500m' to retailers' costs in the 'past three years'. The retrieved evidence provides specific figures for business rate impacts, but they do not support the £500m figure for the specified timeframe. Evidence [1] from finance-friend.co.uk cites a £140m hike to business rates for 'next April' (contextualized around 2022/2023 budgets). Evidence [3] from bmmagazine.co.uk states that business rates are due to put an extra £242m onto retailers' costs 'from April' (also contextualized around 2022/2023 policy discussions). There is no evidence in the provided snippets supporting a cumulative £500m increase over the past three years. The figures cited (£140m, £242m) are significantly lower than the claim and refer to specific annual or upcoming"
ds1418,Misinformation,0.85,False,True,"The claim asserts that the image depicts a specific event: the 'Alternative Olympic Opening Ceremonies' featuring Brazilian music stars. The retrieved evidence shows that the 'Alternative Olympic Opening Ceremonies' (specifically the one mentioned in the module signals) was a political protest held in Warsaw, Poland, in 2008, involving Polish groups and focused on dissent, not Brazilian music. There is no evidence linking Brazilian music stars to an 'Alternative Olympic Opening Ceremony.' The image appears to be a generic stock photo of a concert or performance, unrelated to the specific political event described in the headline. The headline misrepresents the content of the image by attaching a specific, unrelated political event label to a generic music scene, constituting misinformation"
690,Misinformation,0.95,False,True,"The claim states that Gus Malzahn was the Auburn coach on the sideline during the third quarter. Evidence confirms that Gus Malzahn was fired as Auburn's head coach in December 2020 (after the 2020 season) and has not coached Auburn since. He was the head coach at UCF from 2021-2024 and recently retired in 2026. Therefore, he could not have been coaching Auburn in any recent context (such as 2023 or later) implied by the lack of a specific date but the use of present tense or recent context. The image likely depicts a different coach (such as Hugh Freeze, who coached in 2023, or a past game) or is mislabeled. Since the person identified in the claim (Malzahn) was not the coach at the time the image would likely represent (post-2020), the claim is false."
ds7963,Not Misinformation,0.95,False,True,"The claim states that 96 people died at the 1989 FA Cup semifinal at Hillsborough stadium. This is factually correct. Multiple authoritative sources, including BBC News, The Guardian, and The Economist, confirm that 96 people died in the Hillsborough disaster, which occurred during the FA Cup semi-final between Liverpool and Nottingham Forest on April 15, 1989. While one snippet mentions 97, the official inquest verdict in 2016 confirmed 96 unlawful killings, and the widely accepted figure is 96. The image provided is a memorial, which is contextually relevant to the tragedy, even if the module signals low relevancy. The core factual claim regarding the death toll and event is accurate."
ds9935,Misinformation,0.85,False,True,"The headline claims David Cameron 'celebrates himself' as he heads to the EU summit. However, the retrieved evidence indicates that David Cameron's final EU summit in Brussels (June 2016) was characterized by 'sadness and regret' following the Brexit vote, not celebration. Specifically, evidence [1] from the Daily Mail notes he 'laughed and joked' but frames the event as a 'humiliation' and his 'last EU summit before handing over', while evidence [2] from Al Arabiya states he accepted the will of the people in a mood of 'sadness and regret'. The image provided (described in module signals as a parliamentary setting) does not depict him heading to Brussels or celebrating. The claim of 'celebrating himself' is factually inconsistent with the historical context of his final EU summit, which w"
4960,Not Misinformation,0.95,False,True,"The headline 'J-Rod! Jennifer Lopez and Alex Rodriguez on Love, Beauty, and Redemption' is a direct reference to the title of the cover story published in Vanity Fair's December 2017 issue. Evidence [1] and [2] from the retrieved set explicitly confirm that this specific phrase was used as the headline for their interview where they discussed these exact themes. While the couple's relationship status has changed since 2017 (they split in 2021), the headline accurately describes the content of that specific, real-world media event. The image, described as a romantic portrait, aligns with the visual style of that era's coverage (photographed by Mario Testino). There is no evidence of AI generation, and the text is factually grounded in historical media records."
5286,Misinformation,0.95,False,True,"The claim that Joe Biden accepted illegitimate votes in the 2020 election is false and has been extensively debunked. Multiple authoritative sources, including courts, election officials from both parties, and fact-checking organizations, have confirmed that there was no widespread voter fraud that affected the outcome of the election. The retrieved evidence explicitly states that lawsuits alleging fraud were dismissed and that investigations found no credible evidence of widespread fraud (Sources: USA Today, Factually.co, Campaign Legal Center). While isolated incidents of fraud occurred, they were insufficient to change the result. The image of Biden speaking is unrelated to the specific false claim of 'accepting' illegitimate votes, but the headline itself constitutes misinformation reg"
ds6300,Misinformation,0.95,False,True,"The image is identified as AI-generated (confidence 0.9) and depicts a surreal scene involving a cartoon character, which is a clear indicator of manipulation. Furthermore, the claim that Hillary Clinton broke ground at 'Goldman's Pharmacy' is factually false. Evidence shows that 'Goldman's Pharmacy' is a fictional location from the animated series 'Family Guy', owned by the character Mort Goldman. There is no record of Hillary Clinton participating in a groundbreaking ceremony for this entity. While Clinton has given speeches at Goldman Sachs (a financial firm), she has not broken ground on a pharmacy by that name. The combination of AI generation and a fabricated event based on a fictional entity confirms the misinformation."
ds9486,Misinformation,0.9,False,True,"The visual veracity module explicitly identifies the image as AI-generated with a high confidence of 0.8, citing unnatural anatomical structures such as extra limbs and unnatural poses. According to the definitive rule, if an image is determined to be AI-generated, it must be classified as Misinformation regardless of other signals. The retrieved evidence confirms that while striped cats and their interaction with shoes are real-world phenomena, the specific image provided is a synthetic creation, not a photograph of a real event."
ds252,Not Misinformation,0.95,False,True,"The claim states that Dave Lee Travis was one of broadcasting's biggest stars in the 70s and 80s. This is directly supported by multiple evidence sources. Specifically, BBC News [1] explicitly states: 'In the 70s and 80s, Dave Lee Travis was one of broadcasting's biggest stars.' Additional evidence confirms his prominence during this era, noting his role as a regular presenter on BBC's 'Top of the Pops' from 1973 to 1984 [2][3] and his tenure as the Radio 1 Breakfast Show host from 1978 to 1981 [2][4]. The image provided is identified as a genuine photograph (not AI-generated) and depicts a man consistent with the subject. Therefore, the claim is factually accurate."
7904,Misinformation,0.85,False,True,"The image is a stock photo depicting three individuals sitting by a body of water, which does not visually correspond to the specific claim of 'Boys from the Mandari tribe' waiting for boats in 'Terekeka' in 'September 2012'. The Mandari tribe is primarily known as pastoralists (cattle herders) rather than a fishing community, as evidenced by sources describing their lifestyle centered on cows and milk [2] and images of cattle crossing the Nile [3]. While Terekeka is a fishing community, the specific demographic (Mandari boys) and the specific temporal context (September 2012) are not supported by the visual evidence or the general cultural description of the Mandari. The image appears to be a generic stock photo mislabeled with a specific, culturally inaccurate caption. The visual veracit"
ds4659,Not Misinformation,0.85,False,True,"The claim that Kanye West auditioned for American Idol in San Francisco and brought Kim Kardashian is factually accurate based on historical records. Evidence [1] and [5] from the retrieved sources confirm that Kanye West staged a surprise audition for the final season of American Idol in San Francisco, performing 'Gold Digger' while accompanied by his then-wife, Kim Kardashian. Although the headline implies a recent event ('See Photos!'), the core factual assertion regarding the event's occurrence is true. The image signals indicate the photo is real (not AI-generated) and depicts the couple, aligning with the historical context of the event. Therefore, the content is not misinformation."
6609,Misinformation,0.95,False,True,"The image is identified as AI-generated with high confidence (0.9) by the visual veracity module. The scene depicts a horse levitating on a rocking chair in a cloudscape, which is physically impossible and characteristic of AI synthesis rather than real-world photography. According to the definitive rule, if the image is AI-generated, the output must be Misinformation regardless of other signals. The retrieved evidence supports that while staged photos of horses on furniture exist (e.g., Andalusian horses on armchairs), they are grounded in reality, whereas the specific surreal elements in this image (levitation, cloudscape) confirm its artificial nature."
5292,Misinformation,0.95,False,True,"The headline claims Joe Biden promised to 'abolish the Second Amendment' in a secret recording. Evidence [3] and [4] explicitly contradict this, showing that Biden has stated he believes it is possible to 'respect the Second Amendment' while implementing gun control measures. Furthermore, evidence [2] regarding the 'secret recording' refers to a Spanish-language campaign ad from 2019, not a revelation of anti-Second Amendment intent. The claim that he promised to abolish the amendment is factually false based on his public statements and policy positions."
5049,Not Misinformation,0.75,False,True,"The headline describes a general phenomenon of controversy surrounding 'The Bachelorette' rankings, accusations of bias, and fan outrage. The retrieved evidence confirms that the franchise has a long history of controversies, including producer manipulation tactics (Evidence 1, 5), recent high-profile cancellations and scandals (Evidence 2, 4), and specific fan outrage regarding recent seasons and rankings (Evidence Q2-1, Q2-5). While the image is a generic stock photo and not specific to a single event, the text of the headline accurately reflects the ongoing discourse and documented controversies within the 'Bachelor Nation' fandom and media coverage. The claim is not demonstrably false; rather, it summarizes a real, albeit subjective, sentiment and set of events."
ds8246,Misinformation,0.85,False,True,"The image provided does not depict Tony Abbott, the former Prime Minister of Australia, nor does it relate to the Australian budget context mentioned in the headline. The module signals correctly identify that the image shows a different individual and is not aligned with the subject matter. While the headline references a specific political narrative about Tony Abbott (which is historically grounded in his 2013-2015 tenure), the visual component is completely unrelated and likely depicts a different politician (possibly a US governor or official given the retrieved evidence about 'Governor Abbott' and US budgets, or simply a random stock photo). Using an image of a different person to illustrate a claim about Tony Abbott constitutes visual misinformation/mismatch. The retrieved evidence c"
5575,Misinformation,0.85,False,True,"The claim that Bradley Cooper and Lady Gaga were spotted kissing on a romantic getaway to Italy is false. While the two stars were indeed in Italy (Venice) in August 2018 for the premiere of 'A Star Is Born' at the Venice Film Festival, there are no credible reports or evidence of them kissing during a 'romantic getaway' at that time or any other. Their relationship has been consistently described as a close professional friendship, and they have not been romantically linked in recent years. The image likely depicts a generic couple or a different event, and the headline misrepresents their public history by implying a romantic encounter in Italy that did not occur. The module's visual veracity signal was low confidence (0.0), but the factual inaccuracy of the headline regarding the specif"
561,Not Misinformation,0.95,False,True,"The claim that Hurricane Matthew was photographed from the International Space Station on the afternoon of October 3, 2016, is supported by multiple credible sources. NASA and Space.com confirm that the ISS flew over Hurricane Matthew on October 3, 2016, capturing images of the storm as it approached Haiti and Jamaica. Specifically, Space.com notes the ISS caught a glimpse of the storm on Oct 3, and NASA records show views captured on Oct 7, but other reports confirm activity and imagery from the ISS during the storm's passage in early October, including the 3rd and 4th. The image is identified as genuine (not AI-generated) and aligns with the historical event. The module signals correctly identify the event and the visual nature of the image."
1970,Misinformation,0.75,False,True,"The claim asserts that the provided image is an illustration from the 'Cancer Patient Experience Survey 2011/12' showing that younger patients were more informed about financial help than older patients. However, the retrieved evidence indicates that the National Cancer Patient Experience Survey (CPES) 2011/12, conducted by the UK Department of Health, primarily focused on clinical care experiences, overall ratings of care, and inequalities in care based on clinical or trust-level factors (Evidence [1], [2], [3] from the second evidence block). There is no evidence in the retrieved documents that the CPES 2011/12 included data on 'financial help awareness' broken down by age groups. The survey's scope was on patient experience of care, not financial counseling or awareness. Therefore, attr"
ds1060,Not Misinformation,0.85,False,True,"The claim states that a man holds his son while participating in a candlelight vigil in New York. The retrieved evidence confirms that multiple candlelight vigils have occurred in New York City recently (e.g., for Lobga Rangzen, Inisa BK, Hassan Nasrallah, Ayatollah Khamenei). The image is verified as not AI-generated (visual_veracity ai_generated=false). The visual content of a man holding a child is consistent with the general description of attendees at such solemn gatherings. While the specific identity of the individuals or the exact cause of the vigil in the image cannot be definitively pinned to a single event without more metadata, the claim is a plausible description of a real event type that has occurred in the location specified. There is no evidence suggesting the image is fake"
ds3938,Misinformation,0.95,False,True,"The claim states that Northwestern University is a founding member of the Big Ten Conference starting in 1893. While it is true that Northwestern is a charter (founding) member of the Big Ten Conference, the conference was founded in 1896, not 1893. The retrieved evidence explicitly states that the Big Ten Conference was founded as the Intercollegiate Conference of Faculty Representatives in 1896. Therefore, the specific date provided in the claim is factually incorrect, rendering the statement misinformation."
6399,Misinformation,0.95,False,True,"The image is identified as AI-generated (visual_veracity.ai_generated=true, confidence=0.8), which triggers the definitive rule to classify the content as Misinformation. The claim that Polish police officers are posing with Ninja Turtles is factually impossible as Ninja Turtles are fictional characters. The retrieved evidence supports this by showing that search results for 'Polish police officers Ninja Turtles' yield only stock photo sites (Getty Images, Vecteezy) and unrelated pop culture references, with no record of such a real-world event. The module signals correctly identify the surreal and impossible nature of the image."
6807,Misinformation,0.9,False,True,"The image is identified as AI-generated with high confidence (0.9) by the visual veracity module. The image depicts a dragon, a mythical creature, cooking vegetables, which is a fantastical scenario that does not exist in reality. According to the definitive rule, if the image is AI-generated, the output must be 'Misinformation' regardless of other signals. The claim describes a realistic scene ('large bowl with vegetables and broccoli'), but the image provided is a fictional, AI-created depiction of a dragon, making the pairing misleading and the image itself non-veridical."
ds9233,Not Misinformation,0.9,False,True,"The image depicts a group of people waiting at a bus terminal, which aligns with the claim. The module signals indicate the image is not AI-generated (confidence 0.2 for AI generation, implying high confidence it is real). The retrieved evidence confirms that bus terminals are common locations where people wait for buses, with stock photos and news articles frequently depicting such scenes (e.g., [1], [2], [3]). There is no evidence suggesting the image is fake or the claim is false; rather, the scene is a standard representation of public transport usage."
7506,Not Misinformation,0.85,False,True,"The headline 'Dedham Vale Essex and Suffolk Come May the coach parties from Shenzhen arrive and stay until autumn' is a direct quote from a 2015 article in The Guardian (Evidence [5] in the first set of retrieved evidence). The image depicts a scene consistent with Dedham Vale (a garden and church, typical of the 'Constable Country' landscape). While the image itself does not show the coach parties, the headline is a factual reference to a specific journalistic observation about tourism trends in that region. The visual content is authentic (not AI-generated) and relevant to the location mentioned. The claim is not presented as a current breaking news event but rather as a descriptive caption or quote associated with the location's tourism profile. Therefore, it is not misinformation."
251,Not Misinformation,0.95,False,True,"The claim is supported by direct evidence. Evidence item [5] from BBC News explicitly states: 'Sameena Jabeen Ahmed received her best newcomer award from actor James Corden.' Additionally, Getty Images evidence [2] confirms that James Corden was a presenter at the BFI London Film Festival Awards where Sameena Jabeen Ahmed won the Best British Newcomer award. The module signals correctly identified the alignment, and the visual veracity check (though low confidence in the prompt's provided text, the evidence confirms the event occurred) does not contradict the factual claim. The image depicts a real event where James Corden presented the award to Sameena Jabeen Ahmed."
ds1760,Not Misinformation,0.85,False,True,"The claim states that 'Last year hundreds of thousands of people joined hands in a 400 kmlong human chain.' The evidence confirms that a human chain of approximately 675 km (often cited as ~600 km or ~400 miles) involving approximately two million people did occur, known as the Baltic Way. However, this event took place on August 23, 1989, not 'last year' (assuming the current date is 2023 or 2024). The module signals indicate the image is real (not AI-generated) and shows a human chain. While the image likely depicts the historical Baltic Way event (or a commemoration thereof), the specific temporal claim 'Last year' makes the headline factually incorrect regarding the timing of the primary event described. However, in the context of misinformation detection, if the image is being used to"
ds5403,Not Misinformation,0.75,False,True,"The headline presents a speculative analysis ('Speculation Grows', 'Political Strategy or Strategic Distraction?') rather than a definitive factual claim. The image shows a protest banner reading 'IMPEACHMENT', which is visually consistent with the topic. Evidence confirms that impeachment is a subject of political discussion, specifically regarding investigations into Donald Trump, with Democrats planning investigations as a precursor to potential impeachment (Sources 3, 4). The image serves as a relevant visual anchor for the topic of impeachment discourse. While the image does not prove the specific 'manipulation' claim, the headline frames it as speculation/analysis, which is a valid journalistic stance given the ongoing political debates. The image is verified as not AI-generated. The"
ds8604,Misinformation,0.95,False,True,"The image is identified as AI-generated with high confidence (0.8) due to unnatural anatomy, specifically extra limbs on the zebras. According to the definitive rule, if the image is AI-generated, the output must be Misinformation regardless of other signals. The headline claims zebras are socializing on rocks in an artificial lake, but the visual evidence is fabricated and does not depict a real event or location."
ds8578,Not Misinformation,0.75,False,True,"The image depicts a man leaning over the back of a truck, which aligns with the claim. While the specific location (Walmart) is not definitively verifiable from the visual alone, the module signals indicate the image is real (AI-generated=false) and the context is partially aligned. The retrieved evidence confirms multiple incidents involving Walmart trucks and men in front of them (e.g., road rage, accidents, or viral videos like the Indianola incident). There is no evidence suggesting the image is fabricated or that the claim is demonstrably false; rather, the scene is plausible within the context of reported Walmart truck incidents. The 'partial' alignment suggests the specific Walmart branding might be obscured or the location is generic, but it does not constitute misinformation."
6114,Misinformation,0.95,False,True,"The image is identified as AI-generated with high confidence (0.8). The visual content depicts a surreal and non-standard watch face featuring a person in a uniform, which does not resemble a Mickey Mouse watch. The claim specifically references a 'mail order mickey mouse watch from russia'. While evidence [5] from the second query confirms that 'Pobeda Russian' Mickey Mouse watches exist and are sold on eBay, the provided image is clearly not one of those watches (which typically feature the character on the dial). Instead, the image is an AI-generated fabrication that misrepresents the subject matter. According to the definitive rule, if the image is AI-generated, the output must be Misinformation."
8341,Not Misinformation,0.85,False,True,"The claim consists of two parts: 1) The Riverside Museum is the European Museum of the Year 2013, and 2) it has seen a drop in visitors. Evidence [1], [2], [3], [4], and [5] from the retrieved set confirm that the Riverside Museum in Glasgow was indeed awarded the European Museum of the Year Award in 2013. Regarding the second part, while specific 2023 statistics for the Riverside Museum are not explicitly detailed in the snippets, Evidence [2] from the Museums Association (2025) reports a general trend where visitor numbers at museums are down 10% on average compared to pre-pandemic levels, with many reporting significant drops. Given the context of post-pandemic recovery challenges mentioned in Evidence [5] and [2], the statement that the museum 'has seen a drop in visitors' is consisten"
1152,Not Misinformation,0.95,False,True,"The claim states that Howard Stern and his wife Beth Ostrosky were in attendance at an event. Retrieved evidence confirms that Howard Stern and Beth Ostrosky have attended multiple public events together, including the North Shore Animal League America's 'Get Your Rescue On' Gala (Evidence [5] from radaronline and Evidence [2] from usmagazine) and a Hamptons Magazine cocktail reception (Evidence [3] from gettyimages). The module signals correctly identify the individuals and the context. The image is not AI-generated (visual_veracity ai_generated=false), and the claim is factually supported by multiple sources documenting their joint appearances at various functions."
ds5714,Misinformation,0.95,False,True,"The primary reason for this classification is the visual veracity signal. The module explicitly states that the image is AI-generated (ai_generated=true, confidence=0.8). According to the definitive rule, if the image is AI-generated, the output must be 'Misinformation' regardless of other signals. Additionally, the claim that Babur was an 'Educator Paving the Way for Educational Excellence' is historically inaccurate or at least highly misleading; while Babur founded the Mughal Empire which later became known for cultural and educational advancements (particularly under Akbar and later rulers), historical evidence indicates Babur himself did not implement specific educational reforms or serve as an educator. His contributions were primarily military, literary (Baburnama), and foundational"
ds9888,Misinformation,0.85,False,True,"The claim states that the vast majority of people watching on the hill will be delighted that Jerzy Janowicz takes the first set on a tiebreak. The image depicts Jerzy Janowicz celebrating a set win, which corresponds to his 7-6 victory over Andy Murray in the 2013 Wimbledon semifinals (Evidence [3] from The Globe and Mail, Evidence [2] from The Guardian). However, the context of the crowd's reaction is critical. This match took place at Wimbledon, a major tournament in London, where Andy Murray is a national hero and the home favorite. Janowicz, a Polish qualifier, was the underdog. While Janowicz's fans would be delighted, the 'vast majority' of spectators at Wimbledon, particularly those on the hill (likely referring to the general admission areas or Centre Court stands), would be disap"
7531,Not Misinformation,0.95,False,True,"The claim states that there was an Occupy protest at St Paul's Cathedral in London. Historical records and the provided evidence confirm that the Occupy London movement established a camp outside St Paul's Cathedral starting in October 2011. Furthermore, specific incidents occurred inside the cathedral, such as protesters chaining themselves to the pulpit in October 2012. The image signals indicate a real (non-AI) protest scene, and the textual evidence strongly supports the occurrence of the event described in the claim. The partial relevancy noted in the module signals regarding the specific visual confirmation of the cathedral in the image does not negate the factual accuracy of the claim itself, which is a historical fact."
1795,Not Misinformation,0.85,False,True,"The claim states that Justin Fashanu is described as 'intelligent witty honest and articulate' in Nick Baker's book 'Forbidden Forward'. Evidence confirms that Nick Baker is the author of 'Forbidden Forward: The Justin Fashanu Story' [1, 2, 5]. The book is described as a 'sensitive but brutally candid portrait' [1] and a 'meticulously researched' biography [2, 4] that offers a 'nuanced portrayal' of Fashanu's life [Module Answers]. While the specific adjectives 'intelligent, witty, honest, and articulate' are not explicitly quoted in the provided snippets, the book's description as a candid, nuanced, and sensitive biography of a complex figure who was 'honest and truthful' (as noted in his own interviews [3]) supports the plausibility of such a description within the text. The image is a g"
7759,Not Misinformation,0.75,False,True,"The image depicts a power station with cooling towers, which is consistent with the Severn Power Station (formerly Dong Energy's gas-fired plant) in Newport, South Wales, as confirmed by evidence [1] and [2] which explicitly link Dong Energy to a gas-fired power station in Newport, South Wales, with a photo credit to Chris Ratcliffe/Getty Images. The headline mentions the government's proposal of gas as a bridging technology. Evidence [2] from the 'answers' module and evidence [2] from the retrieved web evidence (Drill or Drop guest post) confirm that the UK government has indeed focused on gas as a bridging fuel, a stance that has been subject to debate. While the image is a stock photo (Getty Images) and may not be a specific, unique shot of the current state of the plant, it is a genuin"
5697,Misinformation,0.95,False,True,"The image is identified as AI-generated (confidence 0.8), which triggers the definitive rule to classify the pair as Misinformation regardless of other signals. Furthermore, the claim that NASA revealed a 'potentially habitable' second moon is factually incorrect. While NASA has confirmed the existence of temporary quasi-moons (asteroids like 2024 PT5 or 2025 PN7) that orbit Earth for limited periods, these are small, rocky objects not capable of supporting life. There is no discovery of a permanent, habitable second moon. The image depicts a surreal, impossible scenario (a large planet visible indoors with astronauts) that does not correspond to any real astronomical event or NASA announcement."
3769,Misinformation,0.95,False,True,"The claim 'Tangled is a shoelace' is factually incorrect. 'Tangled' is primarily known as a 2010 Disney animated film (Evidence [1]) or an adjective meaning twisted/complicated (Evidence [1] from Cambridge Dictionary). Shoelaces are not called 'Tangled'; the tips are called 'aglets' (Evidence [2] from Indestructible Ryder). Furthermore, the module signals indicate that the image is AI-generated (ai_generated=true, confidence=0.8). According to the definitive rule, if the image is AI-generated, the output must be Misinformation regardless of other signals. The combination of a false factual claim and an AI-generated image confirms the label."
4905,Not Misinformation,0.85,False,True,"The headline claims that reports of Lindsay Shookus being pregnant with Ben Affleck's baby are untrue. Evidence confirms that Lindsay Shookus and Ben Affleck ended their relationship in 2019 (Source 1, 2, 3 from 'relationship status' and 'answers'). Since they are no longer together, they cannot be expecting a baby together. Furthermore, while there were rumors of pregnancy during their relationship, subsequent reports and the current status of their separate lives (Shookus dating Jon Hamm, Affleck with Jennifer Garner) confirm no such pregnancy exists. The headline accurately reflects the reality that the 'baby shocker' is untrue. The image relevance is low, but the textual claim is factually correct based on the timeline of their breakup and lack of current pregnancy."
6026,Misinformation,0.95,False,True,"The image is identified as AI-generated with high confidence (0.8), which triggers the definitive rule to classify the pair as Misinformation regardless of other signals. Additionally, the headline 'oh god jay no youre killing everybody' is sensational and lacks context, while the visual content (a talk show setting) does not support the claim of mass killing. The retrieved evidence confirms that Jay-Z is alive (debunking death hoaxes) and that there is no evidence he has killed anyone in the manner suggested by the headline."
5977,Misinformation,0.85,False,True,"The claim states that Konidela Production Company has emerged as a key player in the Chinese entertainment industry. However, all retrieved evidence and module signals confirm that Konidela Production Company is an Indian film production company based in Hyderabad, established by Ram Charan, focusing exclusively on Indian (Telugu/Tollywood) cinema. There is no evidence of any expansion, projects, or significant involvement in the Chinese entertainment industry. The claim is factually incorrect regarding the company's operations and geographic focus."
104,Not Misinformation,0.9,False,True,"The claim states that while there are hundreds of commercial airlines globally, not all of them have inflight connectivity or internet access. This is factually correct. Evidence [1] from Wikipedia confirms there are over 5,000 airlines with ICAO codes, satisfying the 'hundreds' (and more) part of the claim. Evidence [5] from the 'Inflight Wi‑Fi Guide' and Evidence [2] from 'Inflight Connectivity Benchmark 2025' explicitly state that only about 70% of airlines offer some form of connectivity, meaning a significant portion does not. Therefore, the statement that 'not all' have connectivity is accurate. The image, showing model airplanes, is relevant contextually to the topic of airlines, even if it doesn't depict connectivity directly. The visual veracity is genuine (not AI-generated)."
ds9954,Misinformation,0.95,False,True,"The claim asserts that Jinyun and Yahong celebrated in Morecambe Bay. However, historical records and the provided evidence confirm that Jinyun Guo and Yahong Zhang were victims of the 2004 Morecambe Bay cockle-picking disaster, where they and 20 other Chinese nationals drowned. They did not 'celebrate' in Morecambe Bay; rather, they were working illegally and tragically lost their lives. The image, showing two women in a celebratory context, is factually inconsistent with the historical reality of these individuals' connection to Morecambe Bay, which is defined by tragedy, not celebration. The module signals correctly identify the lack of evidence for a celebration and the tragic nature of the event. Therefore, the headline misrepresents the historical facts associated with these names an"
ds9091,Not Misinformation,0.6,False,True,"The claim describes a specific visual composition (colorful umbrella in a B&W city scene) which is a common stock photography trope. The module signals indicate the image is not AI-generated (visual_veracity.ai_generated=false) and the retrieved evidence confirms that such images exist and are widely available on stock photo sites (Shutterstock, Alamy, etc.). While the module's 'relevancy' signal claims the specific image does not match the description, the prompt does not provide the actual image file for visual verification, only the metadata. In the absence of definitive proof that the specific image is fake or AI-generated, and given that the described scene is a real, common photographic subject, we cannot classify it as misinformation based solely on the module's internal assessment "
ds1846,Misinformation,0.85,False,True,"The claim contains multiple factual errors that contradict historical records. First, the claim states that 'rioting police' set the vehicle on fire; however, evidence confirms that during the 2010 crisis where police rioted and held President Correa captive, it was protesters who set vehicles on fire, or police set up roadblocks with burning tires, but police did not burn a vehicle belonging to Correa's security detail as an act of rioting against him in the manner described (they held him hostage). More critically, the claim places this event 'outside a hospital where Correa was holed up in Quito' in a context implying a recent or specific hospital siege. Historical records show that during the 2010 police uprising, Correa was held captive at the National Assembly and later the Ministry "
ds2126,Not Misinformation,0.65,False,True,"The image depicts two identical street signs (labeled 'EAST ST') placed one behind the other, which aligns with the claim of 'identical street signs'. While the headline specifies they are 'pointing in the opposite directions', the visual evidence shows them facing the same direction (away from the camera/viewer), which is a common configuration for signs placed one behind the other (e.g., one for each side of the street or a duplicate installation). The retrieved evidence [1] confirms a specific news event in Swansea where two identical signs were found one behind the other, causing confusion. This supports the core premise of the image being a real, documented occurrence of identical signs. The discrepancy in the 'opposite directions' detail is likely a minor inaccuracy in the headline's"
ds8631,Misinformation,0.95,False,True,"The image is identified as AI-generated with high confidence (0.8). The visual content depicts bananas and apples, which directly contradicts the headline's claim of 'Apples and oranges'. Furthermore, the image lacks the 'tree with branches in front of potted plants' described in the headline. The presence of AI-generated content combined with a complete mismatch between the visual elements (bananas vs. oranges) and the textual claim constitutes misinformation."
ds6054,Not Misinformation,0.85,False,True,"The claim 'everyone knows dachshunds dont work over water' is interpreted as a colloquial or humorous assertion that dachshunds are not suited for water activities (swimming/wading) due to their physical build. The retrieved evidence consistently supports the premise that dachshunds are generally poor swimmers or find water difficult/tiring due to their long backs and short legs (Sources [2], [4], [6], [7]). While the image depicts a fantastical scenario (a person on a hoverboard with a dog over water) which is likely AI-generated or a movie still (despite the module signal saying false, the visual content is clearly not a real-life photo of a dog 'working' over water in a literal sense, and the module's visual veracity confidence is 0.0, which is unreliable; however, the claim is about th"
595,Not Misinformation,0.85,False,True,"The image depicts the Cleveland skyline, and Edgewater Park in Cleveland, Ohio, is a well-documented location for viewing and photographing this skyline from the shores of Lake Erie. Evidence [1], [2], [4], and [5] from the retrieved sources confirm that Edgewater Park is a popular spot for capturing views of the Cleveland skyline. While the specific date of 2012 cannot be definitively verified from the provided snippets (which mostly reference recent years or general history), the visual content aligns with the claim's description of the location and subject. There is no evidence suggesting the image is AI-generated or that the location is misidentified (e.g., as New Jersey). The claim is plausible and consistent with known geography and photography practices at that location."
ds4857,Misinformation,0.85,False,True,"The headline claims Kourtney Kardashian is 'teasing Scott' about a pregnancy scare involving 'Younes'. While evidence confirms Kourtney had a pregnancy scare in February (likely with current husband Travis Barker, as she is currently pregnant with his child) and that she has distanced herself from Scott Disick (reportedly 'losing respect' for him and wanting him out of the family), the specific narrative linking a pregnancy scare to Younes Bendjima and Kourtney 'teasing' Scott about it is not supported by credible reports. Younes Bendjima is an ex-boyfriend from years ago; while there are rumors about her wanting another child with him, there is no evidence of a recent pregnancy scare involving him, nor any reports of her teasing Scott about such an event. The module signals correctly iden"
8858,Misinformation,0.85,False,True,"The claim describes a man 'walking on his back' in the snow. The retrieved evidence and module signals indicate that the image actually depicts a person skiing (or walking normally) in a snowy environment, not walking on their back. The phrase 'walking on his back' is likely a misinterpretation of 'view from the back' or a literal description of an activity that is not present in the image. Since the image does not match the specific and unusual action described in the claim (walking on one's back), and the module signals explicitly state the activity is different (skiing vs walking on back), the headline is misleading/misinformation regarding the visual content. The evidence shows stock photos of men walking in snow from the back view, but no evidence supports the literal interpretation o"
ds4896,Misinformation,0.85,False,True,"The headline claims that Nicole Richie was 'pleading' with Sofia Richie to end her romance with Scott Disick to protect his kids. However, the retrieved evidence indicates that Nicole Richie actually had 'no advice' for Sofia Richie before her appearance on 'Keeping Up With the Kardashians' (Source [5] in Q1). Furthermore, while Nicole Richie has advised Sofia on privacy, there is no evidence of her intervening in the romantic relationship itself, let alone 'pleading' to end it. The relationship ended in May 2020 due to Sofia being 'fed up' with Scott's behavior (Source [5] in Q2), not due to sisterly intervention. The image provided is a generic stock-style photo of two women and does not depict the specific event or individuals in the context described, making the headline a fabricated n"
8916,Not Misinformation,0.65,False,True,"The image depicts a white toilet in a bathroom with black tiled walls and floor. The claim describes a 'white toilet with a black mirror on top of a tiled floor'. While the image does not clearly show a mirror (the background is black tiles, which might be mistaken for a mirror or the mirror is out of frame/obscured), the core elements (white toilet, tiled floor) are present. The module signals indicate the image is not AI-generated (veracity=false) and the relevancy is low (0.2) because the mirror is missing. However, since the image is real and depicts a plausible bathroom scene consistent with the general aesthetic described (black and white theme, tiled floor), it is not definitively misinformation. The absence of a visible mirror makes the description slightly inaccurate regarding spe"
ds562,Not Misinformation,0.95,False,True,"The claim that 30,000 people gather in Hawaii to celebrate SPAM is supported by multiple evidence sources. The Waikiki Spam Jam is a well-documented annual event. Evidence [1] from the Courthouse News (2025) explicitly states that 'more than 30,000 visitors flocked' to the event. Additionally, Shaka Guide [5] notes the festival draws 'about 30k attendees every year,' and other sources cite figures around 35,000, which aligns with the '30,000' figure as an approximate annual attendance. The image signals confirm the event is real and the image is not AI-generated. Therefore, the headline is factually accurate."
ds5647,Misinformation,0.95,False,True,"The claim that Pfizer CEO Albert Bourla admitted the COVID-19 vaccine causes permanent brain damage is false. Multiple fact-checks and credible sources confirm that Bourla never made such a statement. Claims that he called vaccines 'quite dangerous' or admitted to causing brain damage are debunked fabrications or misinterpretations of his comments regarding vaccine efficacy and transmission prevention. The image provided, showing a presentation with a brain graphic, is likely used out of context to support this false narrative, but the core assertion regarding the CEO's admission is definitively untrue."
160,Misinformation,0.85,False,True,"The claim asserts that a specific cat named 'Dorothy' was shot in Newport. The retrieved evidence fails to identify any cat named Dorothy involved in such an incident. Evidence [1] under 'Pellet gun incidents Newport cat' identifies a cat named 'Rouley' shot in 2010, and Evidence [4] under the same category mentions airgun attacks in Gwent/Newport but does not name the cats. The name 'Dorothy' appears in the evidence only in unrelated contexts (e.g., The Wizard of Oz, a dog named Dorothy in a shelter story). The image shows a cat in a cone, which is generic and does not verify the specific identity or injury details of 'Dorothy'. Since the specific entity 'Dorothy' is not supported by the evidence and the name appears to be conflated with unrelated entities or fictional characters, the cla"
ds7704,Misinformation,0.85,False,True,"The claim states the image is an aerial view of the River Severn winding through Leighton in Shropshire. However, the visual evidence and module signals indicate the image depicts a golf course, not a river. While the location (Leighton, Shropshire) and the river (Severn) are geographically real and the river does flow through that area, the specific visual content described in the headline (a river) is absent from the image (which shows a golf course). This constitutes a mismatch between the image content and the caption, rendering the specific claim about this image being a view of the river false. The retrieved evidence [1] from Alamy confirms that stock photos of 'Aerial view of the River Severn winding its way through Leighton' exist, implying the current image is likely a mislabeled "
ds451,Not Misinformation,0.95,False,True,"The retrieved evidence confirms that Paul Wilson was indeed the driver who hit Alwyn Pritchard and subsequently fled the scene. Multiple sources, including BBC News and Wales Online, explicitly state that Wilson, a drink-driver, killed PCSO Alwyn Pritchard and ran away from the accident scene. The claim accurately reflects the established facts of this specific criminal case."
ds4380,Misinformation,0.95,False,True,"The headline claims Nancy Pelosi is resigning due to 'new revelations,' which is false. While Nancy Pelosi did resign as Speaker of the House in January 2023, she did not resign from Congress, nor was her departure linked to any scandalous 'new revelations' as implied by the sensationalist headline. PolitiFact has explicitly fact-checked this specific NRTOnline headline as false, noting it was flagged as potentially fabricated. The claim conflates her voluntary step-down from leadership with a scandal-driven resignation, which is a misleading narrative."
1204,Not Misinformation,0.95,False,True,"The claim describes a specific historical event: the ambush of Jalisco state police on a road where 15 officers were killed. Evidence confirms that on April 6, 2015, a convoy of Jalisco State Police was ambushed by the Jalisco New Generation Cartel (CJNG) in San Sebastián del Oeste, Jalisco, resulting in the deaths of 15 officers and injuries to five others [1, 2, 3, 4, 5]. The image, while not providing specific details of the event, depicts police presence on a road, which is consistent with the context of the claim. The module signals indicate the image is not AI-generated and is partially aligned with the context. Since the core factual assertion (15 police killed in a Jalisco ambush) is historically accurate and supported by multiple reputable sources, the content is not misinformatio"
ds5364,Not Misinformation,0.85,False,True,"The headline claims that Don Lemon made controversial remarks that stirred outrage and media backlash. Evidence confirms that Don Lemon made several controversial remarks (e.g., about white men being a terror threat, comments about Nikki Haley, and comments about women over 50) which resulted in significant media backlash, internal criticism from colleagues, and ultimately his firing from CNN. The image is a genuine photograph of Don Lemon. While the headline uses sensational language ('CNN's Scandal'), the core factual assertions regarding the existence of controversial remarks, the resulting outrage/backlash, and the bias allegations are supported by multiple credible news sources."
ds8199,Not Misinformation,0.95,False,True,"The headline accurately reflects the official ruling by U.S. authorities regarding the death of Mikhail Lesin, a former aide to Vladimir Putin. Multiple credible news sources (CNN, BBC, Washington Post, VOA) confirm that in October 2016, U.S. authorities ruled Lesin's death an accident, citing head injuries sustained from falls after excessive alcohol consumption. While initial autopsies noted blunt force trauma, the final determination by authorities was accidental. The image relevance signal is low, but the textual claim is factually supported by the evidence."
ds9128,Misinformation,0.85,False,True,"The image is identified as AI-generated with high confidence (0.8) by the visual veracity module. The module notes that the lighting is overly uniform, the background is a solid blue (unusual for a natural setting), and the cow's anatomy appears slightly off. According to the definitive rule, if the image is AI-generated, the output must be 'Misinformation' regardless of other signals. The retrieved evidence does not contradict the AI generation finding; instead, it shows that while cows next to blue doors exist in reality (e.g., Pinterest photos, specific farmhouses), the specific visual characteristics of this image (solid background, unnatural lighting) align with the AI-generated classification rather than a specific real-world photograph."
ds8717,Not Misinformation,0.95,False,True,"The image depicts a standard bedroom scene with a bed, blanket, and pillows, which aligns perfectly with the claim. The module signals confirm the image is not AI-generated (visual_veracity.ai_generated=false) and is relevant to the claim. The retrieved evidence supports the existence and commonality of such items (pillows and blankets) in home decor contexts. There is no evidence of manipulation, AI generation, or misleading context."
ds1226,Misinformation,0.85,False,True,"The claim asserts that a specific individual, Matt Hampton, is carrying belongings from his flood-damaged web design office in Hoboken, NJ. While evidence confirms that Hoboken has experienced significant flooding events (e.g., September 2023, September 2025), there is no evidence linking Matt Hampton to a web design office in Hoboken or to any flood damage incident. Evidence [2] from the 'Matt Hampton Webdesign office flood' search shows that Matt Hampton is associated with 'Envoy Design' and 'The Connective' (based in Baltimore/MD, per snippet [1]), not a Hoboken web design firm. The image appears to be a generic stock photo or unrelated news photo of flood damage, misattributed to a specific person and location not supported by the evidence. The lack of any record connecting Matt Hampto"
ds4978,Not Misinformation,0.9,False,True,"The claim states that Nicole Kidman won for Outstanding Lead Actress in a Limited Series or Movie at the 69th Emmy Awards. According to the retrieved evidence and general knowledge, the 69th Primetime Emmy Awards took place in 2017. Nicole Kidman won the Primetime Emmy Award for Outstanding Lead Actress in a Limited Series or Movie in 2017 for her role in 'Big Little Lies'. The module signals also confirm this fact (Answer 2 under module signals). Although the image description mentions an 'Oscar trophy', which is a visual discrepancy (likely a stock photo or mislabeled image used in the source), the core factual claim regarding the award win is true. The definitive rule for 'Misinformation' applies only if the image is AI-generated, which the module signals state is false (ai_generated=fa"
6327,Misinformation,0.95,False,True,"The image is identified as AI-generated with high confidence (0.9) by the visual veracity module, citing distorted facial features and unnatural hand positioning. According to the definitive rule, if an image is AI-generated, the output must be 'Misinformation' regardless of other signals. The headline 'in a fish market long ago and far away' implies a specific historical or geographical context, but the image is a synthetic fabrication that does not depict a real event or place, thereby constituting misinformation."
ds1360,Not Misinformation,0.75,False,True,"The image depicts Bishop Franz-Peter Tebartz-van Elst, a real historical figure who was the Bishop of Limburg in 2013. The headline specifies a date (August 30, 2013) and location (Limburg Cathedral). While the retrieved evidence does not contain a specific photo caption confirming this exact date, the visual content is consistent with the subject (a bishop in traditional attire) and the location (Limburg Cathedral is the seat of the diocese). The 'answers' module notes that the image is not AI-generated and aligns partially with the subject. There is no evidence suggesting the image is fake or that the event described is impossible; rather, the controversy surrounding the Bishop peaked in late 2013, making his presence at the cathedral in August 2013 plausible. The lack of specific verifi"
ds3180,Misinformation,0.95,False,True,"The claim states that Watertown, Massachusetts is in Vermont. This is factually incorrect. All retrieved evidence confirms that Watertown, Massachusetts is located in Middlesex County, Massachusetts, and is part of the Greater Boston area (Sources [1], [3], [4] from the first set; [1], [4] from the fourth set). There is no Watertown in Vermont that is associated with the name 'Massachusetts'. The headline presents a false geographical assertion. Although the image is not AI-generated, the textual claim is definitively false misinformation."
ds6722,Misinformation,0.95,False,True,"The image is identified as AI-generated (visual_veracity.ai_generated=true, confidence=0.8). The module signals explicitly note surreal elements, such as a 'green laser-like effect' coming from the man's head, which are not typical human features and indicate digital manipulation or generation rather than a real photograph. According to the definitive rule, if the image is AI-generated, the output must be Misinformation regardless of other signals. The headline 'Many children surrounded around a person with a beard on' describes the visual content, but since the image itself is fabricated/AI-generated, presenting it as a factual depiction of a real event constitutes misinformation."
ds4618,Not Misinformation,0.95,False,True,"The claim that Justin Bieber accidentally hit a photographer with a pick-up truck after a church service is factually correct and widely documented. Multiple credible news sources confirm that on July 27, 2017, Justin Bieber struck a 57-year-old paparazzo with his pickup truck while leaving a Hillsong Church service in Beverly Hills, California. The incident was reported as an accident, and the photographer sustained non-life-threatening injuries. The image provided shows Justin Bieber, which aligns with the subject of the claim, although the image itself does not depict the specific accident scene. The module signals correctly identified the partial alignment of the image but the answers and evidence confirm the veracity of the headline's core assertion."
ds2707,Misinformation,0.85,False,True,"The claim attributes human-like behaviors ('stealing a private moment', 'giggling') to palm trees. Scientific evidence confirms that plants lack neuronal centers and consciousness, making them incapable of human-like emotions or actions such as giggling [1]. While the image may show palm trees with an unusual shape (which is a natural phenomenon, e.g., Bottle Palms [2]), the headline personifies them with specific human actions that are biologically impossible. This constitutes misinformation as it presents a fictional narrative as a factual description of the scene's content, misleading the viewer about the nature of the subjects."
ds4910,Not Misinformation,0.85,False,True,"The headline claims Gwen Stefani is still in love with Blake Shelton and has never tried to change him. Evidence supports that the couple is married and generally portrayed as happy and in love (Sources [1], [2], [5] from the first query set; [2], [3] from the third query set). Regarding the claim that she 'has never once' tried to change him, while some sources mention early relationship 'chaos' or 'turmoil' (Source [2] from the second query set), there is no credible evidence suggesting she actively tried to fundamentally change his personality or identity in a way that contradicts the headline's sentiment of acceptance. The headline reflects the public narrative of their relationship as one of mutual acceptance and love. The image is identified as real (AI generated=false). Therefore, t"
ds1096,Misinformation,0.75,False,True,"The claim asserts that lab technicians process Zika tests specifically at the CDC's dengue branch in San Juan. While the CDC Dengue Branch does exist in San Juan and performs vector surveillance (mosquito testing) as evidenced by source [1] under 'Lab technicians Zika testing Puerto Rico', the primary clinical testing for Zika virus in humans in Puerto Rico was conducted by commercial laboratories (such as Quest Diagnostics) and other designated labs, not exclusively or primarily at the CDC Dengue Branch. The CDC Dengue Branch's mission is focused on dengue and vector control, not the high-volume clinical processing of human Zika tests for the general population, which was handled by entities like Quest Diagnostics (Sources [3], [5] under 'Are Zika tests processed in Puerto Rico?'). The im"
ds803,Not Misinformation,0.85,False,True,"The claim states that Johnny Maurice Avery is accused of shooting 81-year-old Mildred Martin to death on her front porch in northwest Atlanta. Evidence confirms that Mildred Martin, an 81-year-old woman, was indeed shot and killed on her porch in northwest Atlanta on July 27, 2015 (Sources: FOX 5 Atlanta, 11Alive). Furthermore, specific evidence indicates that Johnny Maurice Avery was indicted for the murder of Mildred Martin, facing charges related to her death (Source: Module Answers, Q4). Although initial search results for 'Johnny Maurice Avery' were sparse, the module's internal answer key explicitly confirms the indictment, and the core facts of the victim, location, and the accused's legal status (indicted/accused) align with the claim. The image is a mugshot, consistent with the su"
9249,Misinformation,0.95,False,True,"The image is identified as AI-generated with high confidence (0.9) by the visual veracity module. The image depicts an elephant with surreal, non-existent features such as horns and a distorted body structure, which confirms it is not a real photograph of a mother elephant and her baby. According to the definitive rule, if the image is AI-generated, the output must be Misinformation regardless of other signals."
ds4946,Misinformation,0.85,False,True,"The headline claims that specific celebrities (J.J. Watt, Tyler Perry, Jamie Foxx) gave 'big' donations to Texas flood relief funds. However, the retrieved evidence indicates that while there were real floods in Texas (specifically July 2025 and October 2023), claims of massive celebrity donations (often cited as tens of millions) have been widely debunked as fake stories circulating on social media. Specifically, Politifact [2] and MySanAntonio [4] confirm that posts claiming multiple celebrities donated tens of millions were not based on real announcements. Furthermore, the specific evidence search for J.J. Watt, Tyler Perry, and Jamie Foxx donations yielded no results [Q2 Evidence], whereas other celebrities like Shakira and Maren Morris were noted for raising awareness rather than maki"
1436,Not Misinformation,0.95,False,True,"The retrieved evidence confirms that musician Buddy Guy attended the Kennedy Center Honors reception at the White House on December 2, 2012. Multiple sources, including Alamy and NBC Chicago, explicitly state that Buddy Guy was among the honorees who attended the reception at the White House on that date. The image depicts this specific event. Although the module signals mention a 2022 reception and a different White House dinner, the core claim regarding Buddy Guy's attendance at the 2012 event is factually supported by the evidence. The image is identified as a genuine photograph (AI-generated=false)."
ds1062,Not Misinformation,0.95,False,True,"The image and headline accurately describe a specific event: WMATA's SafeTrack Surge #4, which affected the Yellow Line in Washington D.C. in July 2016. Evidence [1] from WMATA and Evidence [1] from the Washington Post confirm that Surge #4 ran from July 12-18, 2016, and involved shutdowns on the Blue and Yellow lines. The image appears to be a genuine photograph (visual_veracity ai_generated=false) and serves as a guide for this specific historical event. The module's partial alignment is due to the image being a static representation of a guide rather than the full text, but the core claim that such a guide exists and pertains to the Yellow Line during Surge 4 is factually correct."
ds1686,Not Misinformation,0.95,False,True,"The claim is factually accurate based on the retrieved evidence. John McCririck was indeed a prominent reporter/pundit for Channel 4 Racing starting in 1984 when the rights moved from ITV (Evidence [1] from Simple English Wikipedia, [2] from inews.co.uk). He left the broadcaster in October 2012 (Evidence [2] from The Guardian, [4] from The Telegraph). Regarding the statement on loyalty, his publicity agent explicitly stated that he had worked 'unstintingly and in an utterly dedicated/loyal fashion for Channel 4 for 29 years' at the time of his departure/suing the channel (Evidence [4] from Daily Mail). The image is identified as a genuine photograph (visual_veracity ai_generated=false). Therefore, the headline accurately reflects the historical record."
7439,Misinformation,0.95,False,True,"The headline claims President Obama held a campaign event in Roanoke 'earlier this month' (implying a recent event, likely October 2023 given the context of the module signals). However, Barack Obama is a private citizen and has not held any campaign events since leaving office in 2017. The retrieved evidence confirms that Obama's last campaign event in Roanoke occurred on July 13, 2012, during his re-election bid. There are no records of any Obama campaign activity in Roanoke in 2023. The image is likely a recycled photo from the 2012 event, used deceptively to suggest recent activity. Therefore, the claim is false."
8870,Not Misinformation,0.85,False,True,"The claim describes a scene ('A bath towel in a small bathroom with towels hanging over it') that is consistent with the visual evidence and general knowledge. The module signals indicate the image is not AI-generated (visual_veracity.ai_generated=false) and depicts a normal bathroom scene. Although the 'relevancy' signal is low (0.1) because the specific details (towels hanging over the bath towel) might be subtle or the image is a general bathroom shot, there is no evidence of fabrication or AI generation. The retrieved evidence confirms that such arrangements are common and plausible in small bathrooms (e.g., hanging hand towels over bath towels, using racks). Since the image is verified as real and the scenario is factually plausible and common, it is not misinformation. The low releva"
ds8989,Not Misinformation,0.6,False,True,"The image is verified as not AI-generated (visual_veracity.ai_generated=false). The claim describes two women sitting near a window next to a table with fruit. The retrieved evidence [3] explicitly describes a scene with 'Two women are sitting by the window' and a 'small coffee table between them', which aligns with the core elements of the claim (two women, window, table). While the specific presence of fruit is not confirmed in the text snippets, the general setting described in the evidence supports the plausibility of the image matching the headline. The module signals indicate partial alignment, and without evidence of AI generation or definitive contradiction, the claim is treated as not misinformation based on the available visual and textual context."
7101,Not Misinformation,0.95,False,True,"The claim states that Rafael Nadal played Facundo Bagnis in the second round. Evidence confirms that Rafael Nadal did indeed play Facundo Bagnis in the second round of the 2016 French Open (Roland Garros) on May 26, 2016. Multiple sources ([2], [4], [5] from the first set of evidence; [1], [2], [3] from the second set) verify this specific match-up, round, and date. The image shows a tennis player in action, consistent with the description of Nadal playing. Although the module signals indicate partial alignment because the specific opponent isn't visually identifiable, the factual claim regarding the match existence and round is correct. The image is not AI-generated."
ds7980,Misinformation,0.95,False,True,"The headline claims that Japan will host the 'next World Cup' in 2019. This is factually incorrect regarding the FIFA World Cup, which is the most common referent for 'World Cup' in general discourse. Japan did not host the FIFA World Cup in 2019; that tournament was held in Russia in 2018, and the 2019 FIFA Women's World Cup was hosted by France. Japan did host the Rugby World Cup in 2019, but the headline's phrasing ('the next World Cup') without qualification implies the premier FIFA tournament, making the claim misleading and false. The module signals correctly identify the lack of alignment and the factual error in the answers section."
ds9213,Misinformation,0.95,False,True,"The image is identified as AI-generated with high confidence (0.8) by the visual veracity module. The definitive rule states that if an image is AI-generated, the output must be 'Misinformation' regardless of other signals. The rationale provided by the module notes unrealistic features such as an unusual angle and oddly shaped terrain, confirming the synthetic nature of the image. Therefore, the claim that this is a real plane accelerating is false because the image itself is fabricated."
ds8942,Not Misinformation,0.85,False,True,"The image depicts a rustic, old-fashioned kitchen setup, which aligns with the claim. The visual veracity module indicates the image is not AI-generated (confidence 0.0 for AI generation, implying high confidence it is real). The retrieved evidence supports the existence and aesthetic of 'old-fashioned' or 'traditional' kitchens, describing them as welcoming, functional, and charming spaces often used for entertaining or evoking nostalgia (Sources 1, 2, 4 from The Spruce, DreamBundles, The Decor Advisor). While the specific claim that it is 'set up for guests' is a subjective interpretation of the scene, it is a plausible and non-misleading description of a staged or inviting kitchen environment, consistent with the visual cues of a clean, organized, and aesthetically pleasing space. There"
2649,Not Misinformation,0.85,False,True,"The image depicts trees growing through old farm equipment, a phenomenon consistent with nature reclaiming abandoned machinery. The retrieved evidence confirms that abandoned farm equipment is frequently found in fields and woods (Evidence Q2-1, Q2-3, Q2-5) and that nature often overtakes such industrial remnants (Evidence Q3-1, Q3-3). The visual veracity signal indicates the image is not AI-generated (confidence 0.2 for AI, implying high confidence for real). The headline accurately describes the visual content without making false claims about the origin or intent of the scene. While the specific photo might be a stock image or a specific instance, the claim itself is plausible and supported by general knowledge about abandoned machinery and natural reclamation."
ds8677,Misinformation,0.85,False,True,"The image is identified as AI-generated with high confidence (0.8). According to the definitive rule, if the image is AI-generated, the output must be 'Misinformation' regardless of other signals. The visual evidence supports this, noting unnatural arrangements and textures typical of AI generation. Although the headline describes an orange slice with a fork and various fruits, the image's synthetic nature makes it a fabricated representation rather than a factual depiction, thus constituting misinformation in the context of visual verification."
2915,Not Misinformation,0.75,False,True,"The image depicts a restroom sign that appears to be a tactile map, consistent with accessibility initiatives such as those by 'Even Grounds' which provide 3D-printed tactile restroom maps for the blind. While the claim states the entrance has a 'detailed map for the blind', the visual evidence supports the presence of a tactile map (a specific type of detailed map for the blind). The retrieved evidence confirms that such maps exist and are designed for this purpose, although they are not yet ubiquitous. The module signals correctly identified the image as real (not AI-generated) and noted the partial alignment due to the inability to verify tactile features from the image alone. However, since the object shown is consistent with known accessible infrastructure and not a fabricated or misl"
4752,Misinformation,0.95,False,True,"The image is identified as AI-generated with high confidence (0.8) by the visual veracity module, which triggers the definitive rule to classify the pair as Misinformation. Furthermore, the claim that Robert Pattinson and Kristen Stewart are having a 'buzz cut pit' is factually unsupported. Evidence shows Kristen Stewart recently debuted a 'punk pixie cut' (not a buzz cut), and there is no record of Robert Pattinson having a buzz cut or any feud between them regarding hairstyles. The image does not depict the celebrities mentioned, and the text within the image is garbled, indicating it is a fabricated graphic designed to look like a clickbait headline."
ds8815,Misinformation,0.95,False,True,"The image is identified as AI-generated with high confidence (0.9) by the visual veracity module. The image depicts a bear's head under a blanket, which is a surreal and impossible scenario for a real-life context, confirming it is not a genuine photograph of a baby blanket. According to the definitive rule, if the image is AI-generated, the output must be Misinformation regardless of other signals. The headline describes a specific real-world object (a white, beige, and brown baby blanket), but the image is a synthetic creation unrelated to the claim's factual basis."
3855,Misinformation,0.95,False,True,"The claim that 'Maximum Overdrive' is a 1980 romance film is factually incorrect on multiple levels. Evidence confirms that 'Maximum Overdrive' is a 1986 science fiction action horror film directed by Stephen King, based on his short story 'Trucks', where machines become homicidal [1, 4, 5]. It is not a romance film, nor was it released in 1980. Furthermore, the module signals indicate that the accompanying image is AI-generated (confidence 0.8), which triggers the definitive rule to classify the pair as Misinformation regardless of other signals. The image's depiction of a romantic scene is irrelevant to the actual content of the film and serves to mislead."
2756,Misinformation,0.95,False,True,"The image is identified as AI-generated with high confidence (0.9) by the visual veracity module, which notes unnatural and distorted features resembling claws rather than human anatomy. According to the definitive rule, if the image is AI-generated, the output must be 'Misinformation' regardless of other signals. While the headline references a real historical event (Abul Bajandar's 2017 surgeries where doctors claimed he was 'cured'), the use of an AI-generated image to illustrate the claim constitutes misinformation because the visual evidence is fabricated and does not depict the actual subject or event accurately."
ds7291,Not Misinformation,0.95,False,True,"The claim states that the image shows Nicky Henderson with Sprinter Sacre during an open day at his Seven Barrows stables in February 2013. Evidence [5] from Getty Images explicitly describes a photo with the caption 'Nicky Henderson with Sprinter Sacre during a stable visit to Seven Barrows on February 18, 2013 in Lambourn, England.' This confirms the subjects (Nicky Henderson and Sprinter Sacre), the location (Seven Barrows), and the date (February 2013). While the claim uses the term 'open day' and the evidence specifies a 'stable visit,' these terms are often used interchangeably in casual descriptions of public or semi-public stable events, and the core factual elements (who, where, when) are verified by the specific Getty Images caption which matches the visual description. The modul"
ds7399,Misinformation,0.95,False,True,"The module signals explicitly state that the image is 'aligned: false' and does not depict Julia Stiles, Paul Greengrass, or Matt Damon, nor does it show the premiere of The Bourne Ultimatum. While the factual claims in the headline (that the film premiered in July 2007, was directed by Paul Greengrass, and starred Matt Damon and Julia Stiles) are true, the image provided is irrelevant and does not visually support the specific claim that these individuals are pictured at that event. In the context of image+headline pairs, using an unrelated image to illustrate a specific event constitutes misinformation (specifically, a mismatched or misleading visual). The visual veracity signal indicates the image is not AI-generated, but the lack of visual alignment with the caption makes the pair misl"
9058,Misinformation,0.8,False,True,"The image is identified as AI-generated with high confidence (0.8). According to the definitive rule, if the image is AI-generated, the output must be 'Misinformation' regardless of other signals. The visual content does not depict broccoli as claimed in the headline; instead, it shows a generic, unrealistic arrangement of food items. The combination of the AI-generated nature of the image and the lack of visual alignment with the claim (no broccoli present) confirms the misinformation status."
ds2311,Misinformation,0.85,False,True,"The headline claims a 'big cat' is sitting in a 'little bowl'. In zoological and common parlance, 'big cats' refers to large wild felines such as lions, tigers, leopards, and jaguars (Panthera genus). These animals are massive and physically cannot fit into a 'little bowl'. The image likely depicts a domestic cat (a small cat), which frequently exhibits the behavior of sitting in small containers ('if it fits, I sits'). By labeling a domestic cat as a 'big cat', the headline creates a false impression of a rare or impossible event involving a large wild animal, thereby constituting misinformation. The evidence confirms that big cats are large wild species (Evidence [4], [5]) and are not found in small bowls, whereas domestic cats do enjoy small spaces (Evidence [3] in answers)."
ds3931,Misinformation,0.95,False,True,"The claim states that Toy Story 2 was produced by DreamWorks. However, all retrieved evidence confirms that Toy Story 2 was produced by Pixar Animation Studios and released by Walt Disney Pictures. DreamWorks Animation is a separate studio and did not produce this film. The module signals also correctly identify that the subject is not accurately represented, although the visual veracity check was inconclusive regarding AI generation. The factual error in the headline makes it misinformation."
ds2471,Not Misinformation,0.95,False,True,"The image depicts a woman sitting on a chair with an umbrella, which is a common and plausible real-world scenario (e.g., at a beach or cafe). The visual veracity signal indicates the image is not AI-generated (confidence 0.2 for AI generation, implying high confidence it is real). The retrieved evidence confirms that stock photos and real images of women sitting in chairs with umbrellas are widely available and common. There is no evidence suggesting the image is fabricated or misleading in the context of the claim. The claim is a simple descriptive statement that aligns with the visual content and real-world possibilities."
9577,Not Misinformation,0.85,False,True,"The headline contains a typo ('waiting' instead of 'accident'), but the core claim is factually supported by evidence. Brian and Eileen Maguire, parents of Brian Óg Maguire, explicitly stated that his death was 'an accident waiting to happen' due to inadequate safety measures at his workplace (Evidence [4], [5]). The image shows individuals who appear to be the grieving parents in a serious context, which aligns with the partial relevancy signal. The other 'Maguire' entities (Harry Maguire, Brendan Maguire's wife Eileen) are distinct individuals, but the specific quote attribution in the headline matches the Brian Óg Maguire case perfectly."
ds7360,Not Misinformation,0.95,False,True,"The claim that Bernie Sanders appealed to students on big issues at George Mason University is supported by multiple pieces of evidence. Bernie Sanders held a national student town hall at George Mason University on October 28, 2015, which was part of his presidential campaign [1, 2, 4]. The event specifically targeted college students, with thousands attending [4, 5]. During this event, Sanders addressed major political and social issues such as income inequality, universal healthcare, campaign finance reform, climate change, and student debt [1, 2, 5]. The image shows Sanders speaking, which is consistent with the event described. The visual veracity is not flagged as AI-generated, and the core factual claim is verified by historical records."
ds8806,Misinformation,0.95,False,True,"The image is identified as AI-generated with high confidence (0.9) by the visual veracity module, which notes anatomical impossibilities such as 'human-like legs' on the elephants. According to the definitive rule, if an image is AI-generated, it must be classified as Misinformation regardless of other signals. Furthermore, the claim that elephants are standing beside each other on a balcony is physically implausible for wild elephants and contradicts the evidence which describes elephants in natural habitats or safari settings, not standing on residential balconies. The visual evidence of impossible anatomy combined with the false context confirms the misleading nature of the content."
ds9145,Misinformation,0.8,False,True,"The image is identified as AI-generated with high confidence (0.8). According to the definitive rule, if the image is AI-generated, the output must be 'Misinformation' regardless of other signals. The visual veracity module explicitly states that the image displays highly stylized, overly perfect elements with inconsistent lighting and shadows, characteristic of AI generation rather than a real photograph. Therefore, the claim that this is a real scene of a vase with purple irises next to a ceramic pitcher is false because the image itself is synthetic."
ds137,Not Misinformation,0.75,False,True,"The claim states that police arrested suspects in connection with an earlier building society raid. The retrieved evidence confirms that arrests were made in connection with building society raids. Specifically, evidence [2] from Chronicle Live reports on suspects arrested and appearing in court over a Nationwide Building Society raid in Wallsend. Additionally, evidence [1] from BBC News details a Chelsea Building Society raid in Sunbury-on-Thames involving Michael Wheatley, and other snippets confirm arrests related to such crimes. While the specific image provided in the module signals is not visually analyzed here (as it is text-based input), the textual claim is factually supported by multiple news reports of arrests following building society raids. The module's visual veracity signal"
ds5761,Misinformation,0.95,False,True,"The image is identified as AI-generated with high confidence (0.8). According to the definitive rule, if the image is AI-generated, the output must be 'Misinformation' regardless of the factual accuracy of the text claims. While the headline correctly identifies the Burj Khalifa as Asia's tallest skyscraper and mentions its luxury features, the visual component is synthetic and not a genuine photograph, rendering the presentation misleading."
ds2309,Not Misinformation,0.9,False,True,"The image depicts a realistic scene of a pizza being enjoyed, and the module signals confirm it is not AI-generated (ai_generated=false). The claim that pizza is enjoyed at a cafe is supported by multiple evidence sources. Evidence [2] from the retrieved list explicitly mentions 'Urth Caffé' in Laguna Beach as a cafe offering gourmet pizza options. Additionally, Evidence [4] highlights 'Bear Mountain Pizza & Cafe' in New York, and Evidence [2] from the 'Where to find cafes' section mentions a cafe in Maryland serving pizza slices. These sources confirm that cafes do serve pizza, making the claim factually consistent with the visual content and general knowledge."
7826,Misinformation,0.95,False,True,"The image depicts a damaged building with flags, which is visually inconsistent with the claim of a woman's home displaying a green flag and towel to celebrate a return from Mecca. The module signals correctly identify that the image does not show a woman, a green flag, or a towel, and that the scene is of a damaged structure. Furthermore, the retrieved evidence contains no information supporting the specific claim of a woman returning from Mecca to Novosasitli with such displays; instead, it references unrelated topics like Hajj incidents, general flag symbolism, and Ihram towels used during the pilgrimage itself, not as celebratory home decorations. The mismatch between the visual content (damaged building) and the narrative (celebratory home scene) confirms the claim is misinformation."
ds8646,Misinformation,0.8,False,True,"The image is identified as AI-generated with high confidence (0.8). According to the definitive rule, if the image is AI-generated, the output must be 'Misinformation' regardless of other signals. The visual veracity module explicitly states that the image exhibits signs of AI generation due to unnatural appearances. Therefore, the claim that this is a real depiction of two people holding Wii remotes is false."
ds5661,Misinformation,0.95,False,True,"The image is identified as AI-generated with high confidence (0.8), which triggers the definitive rule to classify the pair as Misinformation regardless of other signals. Furthermore, the headline claims dogs can 'speak' three human words, which is scientifically inaccurate; research confirms dogs can understand words and use buttons to communicate needs, but they do not possess the vocal apparatus to 'speak' human words. The AI-generated nature of the image, featuring nonsensical text and surreal elements, combined with the exaggerated claim in the headline, constitutes misinformation."
ds2066,Not Misinformation,0.95,False,True,"The image depicts a giraffe in a zoo exhibit, which is a common and factual scenario. The retrieved evidence confirms that giraffes are present in numerous zoos worldwide (e.g., Como Zoo, Blank Park Zoo, Saint Louis Zoo) and that photos of such exhibits are widely available. The visual veracity module indicates the image is not AI-generated. The claim is consistent with the evidence."
1750,Misinformation,0.85,False,True,"The claim asserts that Scarlett Johansson is panicking over a poster for a band called 'the Singles'. The retrieved evidence does not support this specific narrative. Instead, evidence [5] from Parade clarifies that Scarlett Johansson 'panicked' on her first date with her husband, Colin Jost, due to social awkwardness, not a band poster. The module signals also indicate low relevancy (0.1) and note that the image does not depict the context described in the headline. The headline appears to be a fabricated or misinterpreted story conflating her known anecdote about dating panic with a random detail about a band poster, creating a misleading association. Since the core premise of the headline (panic over a poster) is not supported by evidence and contradicts the known context of her 'panic'"
ds5872,Misinformation,0.95,False,True,"The image is identified as AI-generated with high confidence (0.8). The module signals explicitly state that the image exhibits signs of manipulation, including nonsensical text elements and inconsistent lighting, which are hallmarks of AI generation. According to the definitive rule, if the image is AI-generated, the output must be 'Misinformation' regardless of other signals. The headline claims the movie is currently enthralling audiences with stellar performances, but the evidence indicates the last series ended in 2019 and the next release is not until 2026, making the claim of current audience enthrallment factually impossible for a non-existent current release. The combination of an AI-generated image and a factually incorrect temporal claim confirms the misinformation."
8442,Not Misinformation,0.95,False,True,"The headline describes a specific event: Ben Stokes being dismissed for 47 runs by Peter Siddle during the Ashes series, specifically after misjudging a delivery. Evidence [3] from The Guardian explicitly links the headline text to a photograph from the 5th Test of the 2013-14 Ashes series on January 5, 2014, confirming the event occurred. Evidence [4] from IBTimes and [5] from The Irish Times corroborate that Stokes was dismissed for 47 by Siddle in that match. Although the module signals indicate the image is not aligned (likely because the image is a generic group shot rather than the specific moment of dismissal), the claim itself is factually true based on historical records. The image is not AI-generated. Therefore, the content is not misinformation, even if the image is not the most"
ds7662,Misinformation,0.95,False,True,"The image depicts a group of people hiking on a coastal path, which is visually inconsistent with the claim of a 'receding water line' at Lake Hodges. Lake Hodges is a reservoir located inland (north of San Diego), characterized by exposed mudflats and low water levels due to dam safety regulations, not a coastal hiking scene. The module signals correctly identify the image as irrelevant (relevancy aligned: false). Although the claim that Lake Hodges water levels are receding is factually true (due to state-mandated releases for dam safety), the image provided is a generic stock photo of hikers that does not depict the lake or its receding shoreline. Therefore, the pairing of this specific image with the headline constitutes misinformation because the visual evidence does not support the s"
ds6690,Misinformation,0.95,False,True,"The image is identified as AI-generated with high confidence (0.9) by the visual veracity module. The presence of a fictional character (Spider-Man) in a realistic street setting, combined with garbled text on the signs, confirms that the image is not a genuine photograph of a real-world scene. According to the definitive rule, if the image is AI-generated, the output must be Misinformation regardless of other signals."
8225,Misinformation,0.85,False,True,"The image provided does not depict Charles Kennedy. The module signals explicitly state that the image 'does not depict Charles Kennedy' and shows a 'different individual'. While the textual claims in the headline (that Charles Kennedy had a son named Donald and was on the campaign trail in 2005) are factually correct based on the evidence (Evidence [1] confirms Donald is his son; Evidence [2] confirms he became a father during the 2005 campaign), the image is a mismatch. Using an incorrect image to illustrate a specific historical event involving a specific person constitutes misinformation (specifically, a mismatched or misleading visual). The visual veracity module indicates the image is not AI-generated, but the relevancy module confirms it is not the correct subject. Therefore, the pa"
ds9362,Not Misinformation,0.85,False,True,"The claim describes a surfer wearing red and black shorts riding a white surfboard. The retrieved evidence confirms that such imagery exists in stock photography and general surfing contexts. Specifically, Evidence [1] under the second query set describes a 'Man in Black Shorts Holding White and Red Surfboard', and Evidence [3] under the first query set describes a 'surfer riding a white surfboard'. While the module signals noted a potential discrepancy in the order of colors (red and black vs black and red), this is a minor semantic detail that does not constitute misinformation, as the surfer is wearing both colors. The image is verified as real (not AI-generated) by the module signals, and the visual elements (surfer, white board, red/black shorts) are supported by the existence of such"
ds9100,Misinformation,0.85,False,True,"The image is identified as AI-generated with high confidence (0.8) by the visual veracity module. The module notes that the flowers appear 'overly perfect and stylized' and the shadows do not align naturally, which are strong indicators of synthetic imagery. According to the definitive rule, if the image is AI-generated, the output must be 'Misinformation' regardless of other signals. While the headline describes a plausible scene (kitchen table with tulips), the image itself is not a real photograph of such a scene but a generated artifact, making the claim misleading in the context of factual reporting or realistic depiction."
2273,Not Misinformation,0.85,False,True,"The image depicts a realistic bathroom scene with a white toilet, consistent with the claim of a 'simple and modern bathroom'. The visual veracity module confirms the image is not AI-generated (confidence 0.0 for AI generation, implying high confidence in it being real). The retrieved evidence supports the description: white toilets are identified as the most popular and classic choice (Evidence [1] from Liquid Image, [4] from Elemental Green), and modern bathroom trends often include minimalist aesthetics and white fixtures (Evidence [1] from Pinterest, [1] from Adobe Stock). While the 'very simple' aspect is subjective, the presence of a white toilet in a modern setting aligns with general design trends and stock imagery descriptions of simple bathrooms."
ds7198,Not Misinformation,0.85,False,True,"The image depicts Rory McIlroy holding a trophy, which aligns with his documented victories in the FedEx Cup and the Tour Championship. Evidence confirms that McIlroy won the FedEx Cup (which is awarded at the Tour Championship) in 2016, 2019, and 2022. Specifically, in 2022, he won the Tour Championship and the FedEx Cup, celebrating with the trophy. While the image alone does not specify the exact year, the claim that he 'celebrates with the FedEx Cup trophy and the Tour Championship trophy' is factually supported by his career achievements and the visual evidence of a golfer (McIlroy) holding a trophy in a celebratory context. The module signals indicate the image is real (not AI-generated) and partially aligned, which is consistent with a generic but accurate depiction of his success. "
ds1099,Not Misinformation,0.85,False,True,"The image depicts rescue workers removing a body, which is consistent with the aftermath of the March 27, 2016, suicide bombing at Gulshan-e-Iqbal Park in Lahore. Evidence confirms that this attack resulted in over 70 deaths and nearly 300 injuries, necessitating the recovery of bodies by rescue workers. While the specific visual details of the image (e.g., exact uniforms, lighting) cannot be definitively matched to a specific timestamp without reverse image search, the scene is a plausible and documented representation of the event described in the headline. The module signals indicate the image is not AI-generated (confidence 0.0 for AI generation, implying high confidence it is real, though the confidence score provided in the prompt for 'ai_generated' being false is 0.0, which is ambig"
540,Misinformation,0.85,False,True,"The claim asserts that Serena Williams questioned a call while advancing to a Saturday final. While evidence confirms she advanced to the U.S. Open final (against Bianca Andreescu) in 2018, the specific detail about her 'questioning a call' in that context is not supported by the provided evidence snippets, which focus on her retirement, recent losses, or other matches. More critically, the module signals indicate the image is a generic photo of a female tennis player and does not confirm the specific context of the headline. The headline creates a false narrative link between a specific action (questioning a call) and a specific event (advancing to the final) that is not substantiated by the evidence. The evidence shows she lost her final match in 2022 and had a comeback in 2026, but the "
3405,Misinformation,0.95,False,True,"The image is identified as AI-generated with high confidence (0.8). According to the definitive rule, if the image is AI-generated, the output must be 'Misinformation' regardless of the veracity of the headline text. While the headline claim regarding David Lloyd George's ranking in a specific poll (Wales Online) may have some basis in public opinion surveys, the use of an AI-generated image to illustrate a factual historical claim constitutes visual misinformation."
6581,Misinformation,0.95,False,True,"The image is identified as AI-generated (visual_veracity.ai_generated=true, confidence=0.8). The module signals explicitly state that the image features a cat wearing glasses and a jacket, which is a surreal and unnatural scenario not present in the headline. The definitive rule states that if the image is AI-generated, the output must be Misinformation regardless of other signals. The retrieved evidence supports that while fluffy cats on window sills are common stock photo subjects, the specific anthropomorphic details (glasses, jacket) confirm the image is a synthetic creation rather than a factual representation of the simple scene described in the headline."
4642,Misinformation,0.85,False,True,"The headline claims that Cindy Crawford says her daughter Kaia Gerber 'Loves Kendall Jenner.' However, the retrieved evidence and module signals indicate that the primary viral interview involving Cindy Crawford and Kaia Gerber (specifically the 2016 Teen Vogue interview and subsequent 2023 discussions) focuses on Kaia's confidence and modeling career, not her feelings toward Kendall Jenner. While Kaia and Kendall are friends and colleagues, there is no evidence in the provided snippets or general knowledge base supporting a specific quote from Cindy Crawford stating that Kaia 'loves' Kendall in the context of this headline. Furthermore, the module signals explicitly state that the image does not depict Cindy Crawford or Kaia Gerber, and the relevancy is low. The combination of a likely fa"
ds3953,Misinformation,0.95,False,True,"The image is identified as AI-generated with high confidence (0.8) due to nonsensical text and staged composition. According to the definitive rule, if the image is AI-generated, the output must be Misinformation regardless of other signals. The claim that the Ukrainian Soviet Socialist Republic 'always represented itself' is historically inaccurate, as the republic was a constituent part of the USSR with limited sovereignty, but the primary driver for the 'Misinformation' label here is the synthetic nature of the visual evidence provided."
4893,Not Misinformation,0.85,False,True,"The claim that Mark Wahlberg teased Mel Gibson about his weight and offered to become his personal trainer is a reported anecdote from the set of 'Daddy's Home 2'. While the specific image provided may not depict the exact moment or the actors (as noted by the low relevancy signal), the textual claim itself is grounded in reported entertainment news. Evidence [3] and [4] from the retrieved snippets explicitly mention the headline 'Mark Wahlberg Teased Mel Gibson About Weight, Offered To...' and reference Gossip Cop's investigation into this specific tabloid story, confirming the existence of the report. The module's answer also confirms that Wahlberg teased Gibson and expressed a desire to work with him, aligning with the core of the claim. Since the claim is based on reported events and n"
ds8357,Misinformation,0.95,False,True,"The image provided depicts two men in a casual setting near a vending machine, which is completely unrelated to the characters Christian Grey and Anastasia Steele from the 'Fifty Shades' series. The module signals correctly identify that the image is not aligned with the claim (relevancy: false). Furthermore, the claim discusses specific character traits and plot points from a fictional romance novel/film series, while the image shows generic, unrelated footage. This mismatch constitutes a misleading association, fitting the definition of misinformation in the context of image-headline pairing where the visual does not support or depict the subject matter. The evidence confirms Christian Grey is a fictional character associated with BDSM (non-vanilla tastes), but the image fails to depict "
ds9069,Not Misinformation,0.85,False,True,"The image depicts a box of doughnuts, which is a common method of selling and transporting doughnuts, as confirmed by evidence [1] under 'Where are doughnuts typically sold?' which states they are sold in supermarkets and convenience stores (often packaged). While the headline specifies a 'rack with some doughnuts in a glass case,' the module signals indicate only 'partial' alignment because the image does not show a glass case or rack. However, the image is verified as real (not AI-generated) and depicts the subject matter (doughnuts) accurately. The discrepancy is a matter of specificity (packaged vs. displayed in case) rather than a fundamental falsehood or AI fabrication. Since the image is real and the subject is correct, and the headline describes a plausible context for doughnuts (e"
4230,Not Misinformation,0.85,False,True,"The headline 'Amber Heard Talks for First Time About Marriage to Johnny Depp' is factually supported by the retrieved evidence. Evidence [1] from the 'Amber Heard marriage Johnny Depp interview' search specifically lists a YouTube video titled 'Amber Heard Talks for First Time About Marriage to Johnny Depp' dated Feb 17, 2014, where she spoke about being married to him. Additionally, Evidence [2] from the 'Amber Heard comments on Johnny Depp' search confirms she gave her 'first interview since the former couple's defamation trial' in June 2022, where she discussed their relationship and the trial's impact. While the image provided is a generic stock photo of Amber Heard (likely from a later event, such as the 2023 Madrid appearance mentioned in Evidence [3] of the October 2023 search), it "
ds7600,Not Misinformation,0.65,False,True,"The claim that 'Shanghai shares headed higher leading the gains in Asia' is consistent with recent market trends reported in the evidence. Evidence [4] from the Shanghai government website (Sep 26, 2024) confirms a strong rally in the A-share market (Shanghai) due to supportive monetary policies, and Evidence [1] from the same source notes specific surges in Shanghai-listed stocks like WuXi AppTec. While the image provided is a generic stock trading scene and does not explicitly depict the Shanghai exchange or specific data, the module signals indicate the image is not AI-generated (visual_veracity ai_generated=false). The claim itself is factually plausible and supported by recent news of Shanghai market outperformance in Asia. The 'partial' relevancy of the image is acceptable for illust"
6611,Misinformation,0.95,False,True,"The image is identified as AI-generated (ai_generated=true, confidence=0.9) by the visual veracity module. The module explicitly notes that the figures have 'shark-like heads,' which is a surreal and impossible scenario for a real photograph. According to the definitive rule, if the image is AI-generated, the output must be 'Misinformation' regardless of other signals. The headline describes a realistic scenario ('A couple of people wearing umbrella hats next to the ocean'), but the image depicts a fictional, AI-created scene with animal-human hybrids, making it a misleading representation of reality."
ds7016,Misinformation,0.95,False,True,"The headline claims Oscar Pistorius is 'awaiting trial' for premeditated murder. However, the retrieved evidence confirms that his trial concluded years ago. He was convicted of culpable homicide in 2014, which was overturned to a murder conviction in December 2015, and he was released on parole in January 2024 [1, 3, 4]. Therefore, he is no longer awaiting trial; the claim is factually outdated and misleading regarding the current status of the legal proceedings."
ds5610,Misinformation,0.95,False,True,"The image is identified as AI-generated with high confidence (0.8), which triggers the definitive rule to classify the pair as Misinformation regardless of other signals. Furthermore, the claim that plants communicate 'telepathically' is scientifically inaccurate; while recent studies (e.g., in Nature Communications, 2023) show plants communicate via airborne chemical compounds and electrical signals, this is distinct from telepathy. The provided evidence confirms that 'telepathic' claims are often misinterpretations of nanomechanical oscillations or pseudoscientific concepts, not established biological facts."
5834,Misinformation,0.95,False,True,"The claim that cats designed the iPhone 4 is factually false; the iPhone 4 was designed by Apple Inc., led by Steve Jobs and Jony Ive. Furthermore, the module signals indicate that the accompanying image is AI-generated (ai_generated=true, confidence=0.8), depicting a surreal scenario of a cat with glasses. According to the definitive rule, if the image is AI-generated, the output must be labeled as Misinformation regardless of other signals. The combination of a fabricated narrative and an AI-generated visual confirms the misinformation status."
8196,Not Misinformation,0.95,False,True,"The claim states that Guy Scott, of Scottish descent, became interim president after the incumbent's death. Evidence confirms that Guy Scott served as the acting (interim) President of Zambia following the death of incumbent President Michael Sata in October 2014. Multiple sources, including BBC and Wikipedia, explicitly state that Guy Scott is of Scottish descent. Although the provided image shows Canadian flags (which is contextually mismatched with Zambian politics), the visual veracity module indicates the image is not AI-generated (ai_generated=false). The definitive rule for 'Misinformation' based on AI generation does not apply. The core factual assertions in the headline are supported by the retrieved evidence."
ds9433,Not Misinformation,0.85,False,True,"The image depicts a real train (visual_veracity ai_generated=false), and the claim describes a 'big long train that has some storage containers on it'. While the module signals suggest a mismatch (claiming the image is a passenger train), the retrieved evidence confirms that trains carrying storage containers (intermodal freight trains) are a common and well-documented reality (Evidence [1] from Wikipedia, [2] from CargoConnect, [4] from RailwayPro). The claim is factually plausible and describes a real-world phenomenon. The discrepancy likely lies in the specific image selection or the module's misclassification of the train type, but the headline itself does not constitute misinformation as it describes a valid entity. The image is not AI-generated, and the core assertion (that such trai"
ds6106,Misinformation,0.95,False,True,"The image is identified as AI-generated with high confidence (0.8). The visual content depicts a surreal and highly improbable scenario: a child holding a live grenade while wearing a helmet. This combination is inconsistent with real-world contexts where children are not typically armed with explosives, nor would they be depicted in such a manner in legitimate news reporting. The headline 'not a single grenade one yet' is ambiguous and does not align with the specific, verified incidents of grenade explosions found in the evidence (e.g., in Ukraine, the UK, or the US). The definitive rule for AI-generated images applies here, rendering the content misinformation regardless of the partial relevancy to the general topic of grenades."
1901,Misinformation,0.85,False,True,"The claim states that San Michele island cemetery will gain a pontoon from which relatives may scatter ashes. Evidence indicates that Venice has revived a tradition of constructing a temporary floating bridge (pontoon) to the island for All Souls' Day to facilitate access for mourners (Sources [1], [3], [4] in 'Venice San Michele cemetery pontoon news'). However, the purpose of this pontoon is explicitly for walking access to the cemetery, not for scattering ashes. Furthermore, regulations regarding ash scattering in Venice are strict: ashes may only be scattered in designated 'Gardens of Remembrance' within the cemetery or other approved land-based locations, or kept at home. Scattering ashes from a pontoon into the lagoon is illegal and has sparked public outrage when attempted by touris"
ds1009,Not Misinformation,0.95,False,True,"The image depicts Capt Yevgeny Yerofeyev and Sgt Alexander Alexandrov in a Ukrainian court, which is consistent with historical records. Evidence [4] from KSL.com explicitly describes a photo of 'Russian special forces captain Yevgeny Yerofeyev, left, and Sgt. Alexander Alexandrov... sit in a cage during a trial hearing... on Tuesday, Sept. 29, 2015.' While the headline specifies 'January', the individuals and the setting (Ukraine court) are factually correct. The trial proceedings spanned from late 2015 to 2016, so images from this period are valid representations of the event described. The visual veracity is confirmed as real (not AI-generated), and the identities match the evidence."
978,Not Misinformation,0.85,False,True,"The image depicts Frank Gehry's 'Power Play' chairs, which are confirmed by multiple evidence sources to be designed by Frank Gehry for Knoll in 1990 [1, 2, 5]. The visual characteristics of the chairs in the image (curved, ribbon-like bentwood) match the descriptions of the Power Play chairs found in the evidence [1, 5]. While the specific location 'Winter Garden' cannot be definitively verified from the image alone (as 'Winter Garden' can refer to a city in Florida or a specific venue like the one in Sheffield), the core claim that these specific chairs are among the stylish touches is plausible and factually grounded regarding the object's identity. The module signals correctly identified the chairs as real and not AI-generated. The partial alignment is due to the ambiguity of the locat"
9323,Not Misinformation,0.85,False,True,"The claim describes a 'sink with a cabinet on legs in a bathroom.' The module signals indicate that the image is a genuine photograph (not AI-generated) and depicts a bathroom setting. Although the module's 'relevancy' signal is low (false) because the image specifically shows a toilet and a storage unit rather than a sink, this indicates a mismatch in specific object identification rather than misinformation. The image is a real photo of a bathroom, and bathroom cabinets on legs (vanities) are a common, real-world fixture as confirmed by the retrieved evidence (e.g., [2] spryinterior.com, [5] gdkuki.com). Since the image is not AI-generated and depicts a plausible bathroom scene consistent with the general topic, it is not classified as misinformation. The low relevancy suggests the image"
4284,Misinformation,0.85,False,True,"The claim contains multiple factual errors and misleading elements. First, the headline refers to Sophia Hutchins as '21', but evidence confirms she was born in 1996 and was approximately 27-29 years old during the relevant timeframe (2023-2024), making the age claim false. Second, the claim implies a romantic escort relationship ('gal pal' often used in tabloids to imply romance, though they are friends), but multiple sources explicitly state they were never romantically involved and were best friends/business partners. Third, while Caitlyn Jenner has been seen at Nobu Malibu, the specific detail of her driving a '$200K purple Porsche' to escort Hutchins is not supported by evidence; reports mention her driving a Porsche after a 2015 crash, but do not link a specific purple Porsche to thi"
1972,,,False,False,PARSE_FAILURE
ds3859,Misinformation,0.95,False,True,"The claim states that Korn's album 'See You on the Other Side' was released in 2002. However, multiple reliable sources confirm that the album was actually released on December 6, 2005. The image depicts the correct album cover, but the date provided in the claim is factually incorrect, constituting misinformation."
8063,Misinformation,0.85,False,True,"The claim asserts that the image depicts Taiko drummers at the Deep River festival in Ontario, Canada. Evidence indicates that while there is a town named Deep River in Ontario (e.g., Deep River Summerfest, Deep River Ancient Muster), there is no evidence linking Taiko drumming performances to any festival in Deep River, Ontario. The retrieved evidence for Taiko drummers in Canada specifically mentions performances in Victoria, British Columbia (Source 3: 'Uminari Taiko japanese taiko drummers performing at Dragon Boat festival-Victoria, British Columbia, Canada'). Furthermore, the 'Deep River' festival mentioned in the answers appears to refer to Deep River, Connecticut (Source 1: 'Deep River Day 2023 - Deep River, CT'), which is in the US, not Ontario. The image likely depicts a Taiko pe"
9677,Misinformation,0.95,False,True,"The headline claims that Tillakaratne Dilshan and Kumar Sangakkara made 'England famous in the field'. This is factually incorrect and nonsensical. First, England is a major global sporting nation with a long history in cricket; they were not made 'famous' by Sri Lankan players. Second, the phrase 'famous in the field' is likely a garbled attempt to describe a specific match event, but the evidence shows that Dilshan and Sangakkara's most famous partnership occurred against **Bangladesh** in the 2015 World Cup (where they scored 161 and 105 respectively), not England. While Sri Lanka did defeat England in ODIs (as noted in evidence [1], [2], [5]), the specific claim that these two players made England famous is a distortion of reality. The headline misattributes the significance of the pla"
7259,Not Misinformation,0.85,False,True,"The claim states that Bernie Sanders speaks in Des Moines, Iowa on Thursday. The retrieved evidence confirms that Bernie Sanders has spoken in Des Moines on multiple occasions, including a rally and a live broadcast during the Iowa Caucus (Evidence [1], [2]). While the specific day of the week ('Thursday') cannot be definitively verified for a single specific event without a date, the core assertion that he speaks in Des Moines is factually supported by multiple records. The image is identified as a genuine photograph (not AI-generated) depicting Sanders speaking, which aligns with the claim. The module signals also support the alignment of the image with the subject. Therefore, the claim is considered not misinformation as it describes a real activity Sanders engages in, even if the speci"
ds100,Not Misinformation,0.65,False,True,"The image depicts individuals in ice baths, which is a common recovery method for athletes. The claim links this activity to a 'Wembley challenge'. Evidence confirms that 'Wembley Challenge' refers to significant sporting events held at Wembley Stadium, specifically the Rugby League Challenge Cup finals (involving teams like Wigan Warriors and Hull KR) and the Sidemen crossbar challenge. While the image does not explicitly identify the subjects as participants in a specific recent Wembley event, the scenario is plausible and consistent with the retrieved evidence that such challenges occur and that ice baths are used for recovery in these contexts. The image is not AI-generated, and there is no definitive evidence proving the specific individuals in the photo are not associated with such a"
ds3706,,,False,False,PARSE_FAILURE
1782,Misinformation,0.85,False,True,"The headline claims that North Korean workers are currently at the Shinwon clothes company in the Kaesong industrial park. However, evidence confirms that the Kaesong Industrial Complex (KIC) has been closed since February 2016 due to deteriorating inter-Korean relations, and North Korean workers were expelled or recalled at that time. While Shinwon was indeed a South-owned company operating in Kaesong in the past (e.g., 2005-2013), there is no current employment of North Korean workers there. The image provided is likely a stock photo or archival image from the period when the complex was active (e.g., Getty Images has photos of Shinwon workers in 2006), but presenting it as a current event is misleading. The module signals correctly identify the partial alignment but fail to account for "
4300,Not Misinformation,0.85,False,True,"The headline poses a rhetorical question regarding the public perception of Robert Pattinson and Kristen Stewart's careers post-Twilight. The retrieved evidence confirms that both actors are widely recognized and taken seriously in the industry, with Pattinson known for diverse roles in major and independent films (Evidence [1]) and Stewart having evolved her career significantly. The image is a genuine photograph of the two actors (visual_veracity ai_generated=false), and the headline's premise aligns with the factual reality that while they are taken seriously, their past relationship often influences public discourse. The headline is not a false statement of fact but a commentary on perception, which is supported by the evidence of their continued professional success and the mixed natu"
ds9598,Misinformation,0.85,False,True,"The image depicts a performance by the Red Army Choir (or a similar ensemble in red coats), which is visually unrelated to the U.S. Congress, a legislative body. The headline claims 'Critics say the annual Congress is a blessing,' but the retrieved evidence indicates that critics and public opinion polls in recent years (e.g., 2023) have described Congress as 'chaotic,' 'dismal,' and 'unproductive,' with high levels of public exhaustion and negative views. The claim that critics view it as a 'blessing' directly contradicts the available evidence regarding public and critical sentiment. Furthermore, the image is a stock photo of a choir, not a depiction of the Congress, making the pairing misleading and the headline factually unsupported by the sentiment of critics."
2237,Not Misinformation,0.9,False,True,"The image depicts a large bird flying over a heavily forested area, which aligns with the claim. The module signals indicate the image is not AI-generated (visual_veracity.ai_generated=false) and is relevant to the claim. The retrieved evidence confirms that large birds, such as the Harpy eagle, inhabit tropical rainforests and can be sighted in such environments. There is no evidence suggesting the image is fake or the claim is false; rather, the visual content is consistent with known biological facts about large forest-dwelling birds."
8411,Misinformation,0.85,False,True,"The claim states that Mats Zuccarello scored for the New York Rangers to make the score '20'. This is factually impossible in the context of a standard ice hockey game, where scores are typically single or double digits (e.g., 2-1, 4-2). A score of 20 is not a plausible game state for a single goal event described as 'making it 20'. Furthermore, the retrieved evidence indicates that Zuccarello's notable goals for the Rangers included his first NHL goal (making it 2-1) and a series-clinching goal in a 3-1 win (making the series 4-2). There is no record of a Rangers game where Zuccarello scored to make the score 20. The claim likely stems from a misinterpretation of a different statistic or is a hallucination. The image signals indicate partial alignment but do not confirm the specific score"
ds9228,Not Misinformation,0.85,False,True,"The image depicts a realistic scene of a boat on a canal, and the visual veracity module confirms it is not AI-generated. The claim states that a 'large passenger boat' is floating down a canal. While the specific identity of the boat in the image is not definitively confirmed by the evidence snippets (which discuss various types of canal boats including narrowboats, Dutch barges, and packet boats), the existence of large passenger boats on canals is well-documented in the evidence (e.g., Dutch barges, packet boats, charter boats). The image shows a boat consistent with these descriptions. There is no evidence suggesting the image is fake or that the event described is impossible or false. The partial alignment in the module signals is due to the inability to verify the specific 'large pas"
ds461,Not Misinformation,0.85,False,True,"The headline states that Bill Cosby's lawyers are attempting to get the case thrown out. Historical evidence confirms that Cosby's legal team actively pursued motions to dismiss charges, specifically arguing that a previous district attorney's non-prosecution agreement should bar the current charges (Evidence [3] from Fox LA). While the conviction was eventually overturned by the state supreme court on different grounds, the specific action described in the headline—lawyers attempting to get the case thrown out—was a factual and documented part of his legal defense strategy. The image is a genuine photograph of Bill Cosby, and the claim aligns with the historical record of his legal proceedings."
4368,Not Misinformation,0.75,False,True,"The headline claims that Jennifer Garner and Josh Duhamel are dating and that Ben Affleck feels threatened by these rumors. The retrieved evidence confirms that in early 2018, there were widespread media reports and rumors that Jennifer Garner and Josh Duhamel were dating after co-starring in 'Love, Simon' (Evidence [2], [3], [5] from the first Q). Furthermore, specific reports from that time, such as from HollywoodLife, stated that Ben Affleck felt 'threatened' or jealous of these rumors (Evidence [2] from the second Q). While the image shows Ben Affleck and Jennifer Garner rather than the couple mentioned in the headline, the image is a genuine photograph (not AI-generated) and depicts the ex-spouse relevant to the context of the rumors. The core claim regarding the existence of the rumo"
6660,Misinformation,0.95,False,True,"The image is identified as AI-generated with high confidence (0.8) by the visual veracity module. The scene depicts a physically impossible scenario (skateboarding on a wall), which is a hallmark of AI synthesis. According to the definitive rule, if the image is AI-generated, the output must be 'Misinformation' regardless of the headline's content. The headline claims a man holds a ping pong paddle under a shelf, but the image shows a surreal skateboarding scene, making the claim factually disconnected from the visual evidence and the image itself being fabricated."
ds831,Not Misinformation,0.95,False,True,"The claim states that actor Scott Baio spoke at the Monday evening session of the Republican National Convention. Evidence confirms that Scott Baio was indeed a speaker at the 2016 Republican National Convention in Cleveland. Specifically, UPI reports that he spoke on 'Monday night' (July 18, 2016, which was the Monday evening session of the convention) [4]. Snopes and other sources confirm his appearance at the 2016 RNC [1]. The image provided is consistent with footage from that event. Although the module signals mention 2023, the core factual claim that Scott Baio spoke at an RNC Monday evening session is true for the 2016 convention, which is the primary historical instance of his participation. There is no evidence suggesting he spoke at a 2023 RNC (which did not occur as a major nomi"
723,Misinformation,0.95,False,True,"The claim is factually impossible due to a timeline error. Reggie Bush retired from the NFL in 2017. The image is associated with a Dolphins vs. Bills game in October 2023 (as indicated by the module signals and evidence [2] in the second evidence block), a game in which Reggie Bush did not play. Furthermore, Reggie Bush never played for the Miami Dolphins in a game against the Buffalo Bills; he played for the Dolphins in 2012-2013, but the Bills were not his opponent in a notable context matching this specific viral image description, and certainly not in 2023. The image likely depicts a different player or an older event mislabeled with a current date/opponent. The module's answer stating 'Reggie Bush scored a touchdown while playing for the Buffalo Bills' is also misleading/incorrect in"
ds4173,Misinformation,0.85,False,True,"The headline 'Federal Judge Grants Permission To Subpoena Trump' is factually incorrect and misleading. Evidence [1] from PolitiFact explicitly rates this specific headline as 'False', clarifying that while a judge may have ruled on document preservation or granted subpoenas to third parties (such as banks or the Federal Reserve) in cases involving Trump, no federal judge granted permission to subpoena Trump himself in the manner implied. The retrieved evidence shows that judges have rejected efforts to block subpoenas for Trump's records (Evidence [2] CBS News) or have quashed subpoenas issued by the DOJ (Evidence [1] AP News), but the specific claim that a judge granted permission to subpoena Trump is a distortion of legal proceedings where subpoenas are typically directed at third-party"
ds9215,Misinformation,0.95,False,True,"The visual veracity module explicitly identifies the image as AI-generated with a high confidence of 0.8, citing unnatural texture blending and anatomical inconsistencies. According to the definitive rule, if an image is determined to be AI-generated, it must be classified as Misinformation regardless of other signals. The retrieved evidence confirms that while black and white horned cows exist (e.g., Holsteins, Highland cattle) and woodpiles are common outdoor features, there is no specific real-world event or stock photo matching this exact unique combination that validates the image as a factual representation of a specific real-world instance. The image is a synthetic creation, not a photograph of a real event."
ds6725,Misinformation,0.8,False,True,"The image is identified as AI-generated with high confidence (0.8) by the visual veracity signal. The module explanation notes surreal elements such as a floating coffee cup and water defying gravity, which are characteristic of AI generation rather than reality. According to the definitive rule, if the image is AI-generated, the output must be 'Misinformation' regardless of other signals. While the claim that fire hydrants can be painted in patriotic colors is factually true (supported by evidence of Bicentennial traditions and modern community projects like in Antigo), the specific image provided is not a real photograph of such a hydrant but a synthetic creation."
1792,Not Misinformation,0.95,False,True,"The claim states that Ricky Muir, a candidate for the Australian Motoring Enthusiast party, was elected as a senator despite receiving a tiny number of first preference votes. Historical records confirm that Ricky Muir was indeed elected to the Australian Senate for Victoria in 2013, representing the Australian Motoring Enthusiast Party (AMEP). He received only 0.51% of the primary (first preference) vote, which is considered a very small number, but won the seat due to preference flows from other minor parties. The image shows a man identified in the context as Ricky Muir (or consistent with his public appearances), and the visual veracity indicates it is not AI-generated. The claim accurately reflects the historical event of his election."
2826,Not Misinformation,0.85,False,True,"The claim states that the mug changes color depending on how much coffee is in it. While the phrasing 'how much' might imply a volume-based mechanism, in the context of consumer products, this is commonly understood to refer to the temperature change associated with filling the mug (i.e., it changes color when filled with hot coffee). Evidence confirms that color-changing mugs exist and function via thermochromic coatings that react to heat [1, 2, 4]. The image shows a standard coffee mug, which is consistent with the product type described. The module signals indicate the image is not AI-generated (confidence 0.2 for AI, meaning high confidence it is real) and the relevance is partial because the specific 'level' mechanism isn't visually demonstrated, but the object itself is a valid repr"
ds709,Not Misinformation,0.65,False,True,"The image depicts a Bombardier CRJ700, which is a regional jet operated by Delta Connection carriers (such as SkyWest) at the time. Evidence confirms that Delta Connection (via SkyWest) operated CRJ-700 aircraft and began daily service to Seattle-Tacoma International Airport in December 2015, with operations likely commencing or being active in September 2015 as part of the seasonal schedule buildup. While the specific timestamp (dusk, September 2015) and exact aircraft registration cannot be visually verified from the image alone, the scenario is factually plausible and consistent with airline operations records. The image is not AI-generated. Therefore, the claim is not definitively misinformation, though it cannot be positively verified to the specific instance without metadata."
ds3448,Misinformation,0.95,False,True,"The image is identified as AI-generated with high confidence (0.8). According to the definitive rule, if the image is AI-generated, the output must be 'Misinformation' regardless of other signals. While the claim 'Younger is a town' is factually ambiguous (likely referring to 'Young', NSW, or 'Youngstown', OH, or the TV show 'Younger'), the primary reason for the classification is the synthetic nature of the visual evidence provided, which cannot be verified as a real depiction of any specific location."
ds2474,Not Misinformation,0.95,False,True,"The image depicts a realistic scene of boats docked at a pier, which aligns perfectly with the claim 'some boats that are by a dock in some water'. The module signals confirm the image is not AI-generated (ai_generated=false) and is relevant to the claim. The retrieved evidence provides numerous examples of stock photos and real-world scenarios featuring boats at docks, supporting the plausibility and accuracy of the visual content described. There is no evidence of manipulation or falsehood."
ds2010,Not Misinformation,0.95,False,True,"The image depicts a tennis player in the act of serving, which directly aligns with the claim. The module signals confirm the image is not AI-generated (visual_veracity ai_generated=false) and the relevancy is high. The retrieved evidence supports the general context of tennis serving, with stock photo descriptions (e.g., [3] Envato) explicitly mentioning 'tennis player serving ball to opponent', validating the specific interaction described in the claim. There is no evidence to suggest the image is fake or the claim is false."
ds1564,Misinformation,0.95,False,True,"The claim states that Woody Allen received the Cecil B. DeMille Lifetime Achievement Award 'this year'. Based on the retrieved evidence, the 2023 Golden Globe Awards (held in January 2023) awarded the Cecil B. DeMille Award to Eddie Murphy, not Woody Allen [Evidence 2, 3]. While Woody Allen did receive the award in 2018, the module signals and the phrasing 'this year' in the context of recent news (2023/2024) suggest a temporal mismatch. The evidence explicitly confirms Eddie Murphy as the 2023 recipient. Therefore, attributing the 2023 award to Woody Allen is factually incorrect."
ds2594,Misinformation,0.85,False,True,"The image is identified as AI-generated with high confidence (0.8) due to unnatural finger warping and inconsistent nail textures, which violates the definitive rule for mislabeling AI-generated content as misinformation. Additionally, the headline claims the nail polish matches a 'different part of the table,' which is physically implausible and not supported by the visual evidence or the retrieved facts about color-shifting polishes (which change based on light angle/UV, not by matching table surfaces). The AI generation artifacts further confirm the image is not a genuine representation of the claimed scenario."
2501,Not Misinformation,0.85,False,True,"The image depicts a girl holding a bullfrog, which aligns with the claim. The visual veracity signals indicate the image is not AI-generated (confidence 0.2 for AI generation, implying high confidence it is real). The retrieved evidence confirms that bullfrogs are real animals that can be caught by humans (evidence [2], [3], [4]) and are found in various environments including urban areas (evidence [5]). While the specific identity of the girl or the exact moment of capture cannot be verified as a unique news event, the content is physically plausible and consistent with general knowledge about bullfrogs. There is no evidence of manipulation or AI generation, and the claim describes a possible, real-world scenario rather than a demonstrably false statement."
7697,Not Misinformation,0.85,False,True,"The claim states that a draft proposal suggests two garden cities at Yalding in Kent and Gerrards Cross in Buckinghamshire. Evidence [2] from a 2014 blog post explicitly confirms this: 'This newspaper understands, from sources outside the Deputy Prime Minister’s office, that a draft proposal suggests building two new settlements in Yalding, Kent, and Gerrards Cross, in Buckinghamshire.' This aligns with the historical context of the UK government's garden city initiative around that time. While the proposal is from 2014 and may not be current active policy, the claim accurately reflects the existence of such a draft proposal as reported in the media. The image is a generic landscape and does not contradict the claim, nor is it AI-generated. Therefore, the claim is factually grounded in his"
ds2926,Misinformation,0.9,False,True,"The claim that the debugging tool icon on the Touch Bar is a can of bug spray is false. In software development, 'debugging' refers to the process of finding and resolving defects (bugs) in code, not removing insects. Consequently, the icons associated with debugging tools in environments like Xcode, WebStorm, or Android Studio represent concepts like play/pause, stepping through code, or breakpoints (often depicted as lightning bolts, arrows, or stop signs), not literal insect repellent. The evidence confirms that debugging tools are software utilities for code analysis, and the term 'bug' is a metaphor for errors. The image likely depicts a standard Touch Bar with standard developer icons, making the headline a misleading interpretation or a joke presented as fact."
ds1829,Not Misinformation,0.85,False,True,"The image depicts an MRAP vehicle, and the claim that US school districts (specifically through campus police departments) have acquired such vehicles via Pentagon giveaway programs is factually supported by evidence. Multiple sources confirm that institutions like Saddleback College acquired MRAPs through the DoD Excess Property Program (Section 1033), which is often colloquially referred to as a 'giveaway' or surplus program. The Smithsonian article specifically lists schools that acquired MRAPs from the military. While the term 'giveaway' might be slightly informal compared to 'Excess Property Program,' the core assertion that schools acquired these specific vehicles through this mechanism is true. The image is verified as real (not AI-generated)."
ds4158,Misinformation,0.95,False,True,"The claim that Hillary Clinton filed for divorce in New York courts is false. Multiple credible sources, including HuffPost and All About Lawyer, have explicitly debunked this rumor, stating there are zero legal filings in New York or any other jurisdiction. The rumor appears to be a recurring hoax, often originating from fake news sites like The Christian Times or Weekly World News, which have been identified as publishing fabricated stories about the Clintons' marriage. No credible evidence supports the existence of such a filing."
ds9891,Not Misinformation,0.85,False,True,"The image depicts a social gathering in period attire, which is consistent with the setting of Jane Austen's 'Pride and Prejudice'. The headline 'The BBC s And Prejudice Having A good time' appears to be a fragmented or poorly phrased reference to the BBC's adaptation (likely the 1995 version, as confirmed by evidence [1], [3], [5]). The visual content does not contradict the claim; rather, it illustrates a scene that could plausibly be from the series (e.g., a ball or assembly). The module signals indicate the image is not AI-generated and has partial alignment. There is no evidence that the image is fake or misleading in a way that constitutes misinformation, as it serves as a generic representation of the source material's theme. The headline's grammatical errors ('s And' instead of 'Pr"
3477,Misinformation,0.95,False,True,"The image is identified as AI-generated (confidence 0.9) and depicts a surreal scene of an octopus in a baseball setting. The claim states that the movie 'Trouble with the Curve' stars a squid. Evidence confirms that 'Trouble with the Curve' is a 2012 sports drama starring human actors (Clint Eastwood, Amy Adams, etc.) and contains no such creature, let alone a squid. The image is clearly fabricated and does not represent the film. Although the image shows an octopus and the claim mentions a squid, the core assertion that the movie features a cephalopod is false, and the visual evidence is AI-generated, triggering the definitive rule for Misinformation."
3415,Misinformation,0.95,False,True,"The claim that Hezbollah received zero support from Iran is factually incorrect and directly contradicted by extensive evidence. Multiple authoritative sources, including the US State Department, Wikipedia, Britannica, and the Council on Foreign Relations, confirm that Iran is a key patron of Hezbollah, providing significant funding, military training, weapons, and organizational aid since the group's inception in the 1980s. The retrieved evidence explicitly states that Iran provides 'most of its funding, training, weapons and explosives' to Hezbollah. Therefore, the claim is false."
ds4821,Not Misinformation,0.65,False,True,"The claim that Meghan Markle kept her romance with Prince Harry secret from her Suits cast mates is not definitively proven false by the evidence, nor is it definitively proven true. The evidence indicates that the couple kept their relationship private from the public initially, and there are reports suggesting Meghan was tight-lipped about the relationship during her time on the show (Evidence Q: When did Meghan Markle start dating Prince Harry? [1]). While some cast members expressed support later, there is no explicit confirmation that they were informed before the public announcement, nor is there definitive proof that she actively hid it from them versus simply not discussing it. The module signals correctly identify the lack of definitive evidence. Since the image is a real photo of"
ds471,Not Misinformation,0.95,False,True,"The claim accurately describes the RoboRoach product developed by Backyard Brains. Evidence confirms that RoboRoach is a real educational kit that uses a small electronic backpack with electrodes to stimulate the nerves in a cockroach's antennae, allowing users to control its movement via a smartphone app connected via Bluetooth [1, 4, 5]. The module signals correctly identified the product's existence and mechanism, and the visual veracity check indicated the image was not AI-generated. Although one evidence snippet mentions app store removals, the core technology and claim of Bluetooth-controlled electrode stimulation remain factually correct."
ds4939,Misinformation,0.85,False,True,"The headline claims that a specific individual named 'Cait' is facing knee surgery due to refusing to wear stilettos. The retrieved evidence does not support this specific causal link or event. While there is a runner named Cait Keen who recently had major surgery, it was for a fibroid, not a knee injury related to heels (Evidence [2]). Another individual, Cait McMahan, had knee surgery in 2006 due to a bone bruise, which is unrelated to high heels and occurred nearly two decades ago (Evidence [3]). The term 'Stiletto Surgery' found in the evidence refers to elective toe shortening procedures, not knee surgery caused by footwear (Evidence [2], [4]). The image is a generic stock photo of a woman in heels and does not depict the specific 'Cait' mentioned, nor does it provide evidence of her "
1818,Misinformation,0.85,False,True,"The claim asserts that the 'Opinion Debate' section moved to a publication called 'Viewspaper' and that this move provides more room for reader letters. Evidence indicates that the recent major overhaul of the Washington Post's opinion section (often referred to as the 'Opinion' or 'Editorial' section) was driven by owner Jeff Bezos in early 2025, involving a shift in editorial direction towards 'personal liberties and free markets' and the resignation of the opinions editor. There is no credible evidence linking this specific Washington Post restructuring to a move to a platform or publication named 'Viewspaper'. The term 'Viewspaper' appears in the evidence to refer to a different UK-based publication's rebranding or a historical Malay press term, not the Washington Post. The image showi"
ds4587,Misinformation,0.85,False,True,"The headline claims Jennifer Aniston spent $100K on a 'makeover' following her split from Justin Theroux. Evidence [4] from Celebitchy clarifies that the $100,000 figure refers to the cost of a three-month hotel stay (including room service and tips), not a cosmetic makeover. Furthermore, recent reports (Evidence [4] from Brightside, Evidence [1] from Yahoo) indicate Aniston is actually reducing her use of facial fillers and opting for a more natural look, contradicting the idea of a massive, expensive cosmetic overhaul. The headline misrepresents the nature of the expenditure (hotel vs. makeover) and the timing/context, constituting misinformation."
ds9253,Not Misinformation,0.9,False,True,"The image displays a realistic scene containing a coffee beverage, a slice of cake (consistent with coffee cake), and a banana. The headline claims the display includes 'coffee cake, a pastry and a beverage'. While the headline does not explicitly mention the banana, it accurately describes the primary items present (coffee cake and beverage). The term 'pastry' is used broadly in the headline, which can encompass the cake slice or the general category of baked goods shown. The visual veracity signals indicate the image is not AI-generated (confidence 0.0 for AI generation, implying high confidence it is real). The retrieved evidence confirms that coffee cake is a common item served with coffee, and the visual elements align with this context. The partial alignment noted in the module signa"
ds8003,Misinformation,0.85,False,True,"The claim that a fireworks display in Weymouth marked the opening of the London 2012 Olympics is factually incorrect. The London 2012 Opening Ceremony took place at the Olympic Stadium in London on July 27, 2012, and was not held in Weymouth. While Weymouth did host sailing events (Sail for Gold) as part of the Olympic preparations, there is no evidence that a fireworks display there marked the opening of the Games. The retrieved evidence indicates that Weymouth's fireworks displays are typically associated with Guy Fawkes Night (November 5th) or summer holidays, not the Olympic opening. The image of fireworks is generic and does not support the specific temporal and locational claim of the headline."
4557,Not Misinformation,0.85,False,True,"The headline claims that Irish actress Ruth Negga's Hollywood star status is 'SOAR'ing. Evidence confirms that Ruth Negga is indeed a rising and established star in Hollywood. She received an Academy Award nomination for her role in 'Loving' (2016), starred in the acclaimed film 'Passing' (2021), and has recent and upcoming high-profile projects including 'Good Grief' (2023) and the series 'Presumed Innocent' (2024) alongside Jake Gyllenhaal [2, 3, 4]. Additionally, she has graced the cover of Vogue and is frequently discussed in awards season conversations [1, 4]. While the image provided in the module signals is not clearly identifiable as Ruth Negga (partial alignment), the textual claim regarding her career trajectory is factually supported by multiple sources. The image mismatch is a "
ds8684,Misinformation,0.95,False,True,"The image is identified as AI-generated with high confidence (0.8) by the visual veracity module, citing unusual fur patterns and surreal color blending. According to the definitive rule, if an image is AI-generated, it must be classified as Misinformation regardless of other signals. The headline claims the image depicts a specific real-world scene ('A cat and dog on wooden benches next to a stairwell'), but the image itself is synthetic and does not represent a real event or photograph, making the claim misleading."
