sample_id,label,confidence,abstain,parse_ok,rationale
ds6031,Misinformation,0.9,False,True,"The image is identified as AI-generated (confidence 0.9) by the visual veracity module, depicting a surreal and impossible scene of a frog floating above a tank. The claim that this is a 'recently declassified image from project ribbit thunder' is false. Evidence indicates that 'Ribbit' is a character from the animated series 'The Amazing Digital Circus' and 'Project Rabbit' is a video game, with no connection to military declassification or a 'Project Ribbit Thunder'. Furthermore, recent declassified military images typically involve satellite imagery (e.g., KH-7/KH-9) or specific historical missions (e.g., SAS, UFO projects), none of which match the AI-generated content. The combination of an AI-generated image with a fabricated military context constitutes misinformation."
3397,Misinformation,0.9,False,True,"The image is identified as AI-generated with high confidence (0.8). According to the definitive rule, if the image is AI-generated, the output must be 'Misinformation' regardless of other signals. Additionally, the claim that Planet Hollywood Las Vegas is owned by a corporation based in Paris, Texas is factually incorrect; evidence confirms it is owned and operated by Caesars Entertainment, which is based in Nevada, not Paris, Texas."
ds2700,Not Misinformation,0.6,False,True,"The image depicts a scaled quail, which is a real bird species native to the Southwestern US and Mexico. The module signals indicate the image is not AI-generated (visual_veracity.ai_generated=false). The headline claims the bird is standing on one leg next to a raisin and a peanut. Evidence confirms that scaled quails do stand on one leg (Evidence [3] from Utah County Birders Newsletter) and are omnivores that eat seeds and grains (Evidence [1] from Bartleby, Evidence [3] from A-Z Animals). While the specific presence of a raisin and peanut in the image cannot be visually verified from the provided text snippets, the biological plausibility of the scene (a quail standing on one leg, potentially near food items) is supported by the evidence. There is no indication of AI generation or factu"
ds4880,Not Misinformation,0.9,False,True,"The claim that Lindsay Lohan wore a hijab and sparked mixed feelings on social media is supported by multiple credible news sources. Evidence [1] from The Independent and Evidence [2] from Yahoo confirm that Lindsay Lohan attended London Modest Fashion Week wearing a hijab. Furthermore, Evidence [3] from Rediff.com and Evidence [1] from AOL explicitly mention the 'mixed feelings' and confusion on social media/internet regarding this appearance. The image provided aligns with the event described, and the module signals indicate the image is not AI-generated. Therefore, the headline accurately reflects reported events."
ds8852,Not Misinformation,0.6,False,True,"The image shows three teddy bears against a stone wall, which appears to be an outdoor or natural setting rather than a bedroom wall. The claim specifies 'a bedroom wall' and 'a stuffed cat', neither of which are present in the image. The visual veracity module indicates the image is not AI-generated (real photo). While the claim contains specific details (bedroom, cat) that are not supported by the visual evidence (outdoor, no cat), the image itself is a real photograph of teddy bears. The mismatch is likely due to a poor caption or a different context, but since the image is real and not AI-generated, and the core subject (teddy bears) is present, it is not 'Misinformation' in the sense of fabricated content. However, the specific details are wrong. Given the strict rule to output Misinf"
7551,Not Misinformation,0.6,False,True,"The claim states that snow has fallen in parts of the UK, specifically mentioning Kielder Water in Northumberland, and that more is predicted. Evidence [3] from BBC News confirms that 'Snow has fallen across parts of northern England and southern Scotland, with more forecast over the weekend,' which directly supports the general claim and the prediction aspect. While the specific image provided is not definitively geotagged to Kielder Water in the evidence, Kielder Water is a known location in Northumberland that experiences snow (Evidence [1] mentions a van caked in snow there during the 'Beast from the East', and Evidence [4] confirms snowfall there). The module signals indicate the image is not AI-generated and is partially aligned. Given that the core factual assertions (snow in northe"
365,Misinformation,0.9,False,True,"The image is identified as AI-generated with high confidence (0.8). The visual evidence shows gorillas with unnatural, exaggerated features and expressions that do not correspond to real footage of the Kwita Izina ceremony. While the event (Kwita Izina) and the general concept of entertainment at such events are real, the specific image provided is synthetic and does not depict the actual event described in the headline. According to the definitive rule, if the image is AI-generated, the output must be Misinformation."
ds4717,Not Misinformation,0.6,False,True,"The headline claims that Khloe Kardashian was forced by Tristan Thompson to follow a strict pregnancy diet after a binge. The retrieved evidence supports the core narrative that Tristan Thompson did influence or 'put' Khloe on a diet during her pregnancy (Sources [1], [2], [6]). Specifically, Source [1] from Inquisitr uses the exact phrasing 'Khloe Kardashian Forced By Tristan To Follow ‘Strict’ Pregnancy...'. While the image provided is not visually aligned with the specific event (as noted in the module signals), the textual claim itself is grounded in reported celebrity news stories from that period. The 'Misinformation' label is reserved for false claims or AI-generated images; here, the claim is substantiated by multiple sources, even if the image is irrelevant. Therefore, the text is"
4718,Not Misinformation,0.9,False,True,"The headline claims Jennifer Lopez might take a break from Alex Rodriguez. Evidence confirms that Jennifer Lopez and Alex Rodriguez did indeed take a break from their relationship, which led to their breakup and the cancellation of their engagement in March 2021 (Source 2, Source 3). Furthermore, recent reports indicate that Rodriguez reached out to Lopez after his latest breakup, suggesting ongoing interaction or a potential reconciliation phase, which aligns with the sentiment of the headline regarding their relationship status dynamics (Source 3 in Latest News). The image is a genuine photograph of J.Lo, not AI-generated. Therefore, the claim is grounded in factual events regarding their relationship history and recent interactions."
ds4306,Not Misinformation,0.9,False,True,"The headline accurately reflects statements made by Eric Trump in August 2016. Multiple credible news sources, including The Hill, The Wall Street Journal, and HuffPost, confirm that Eric Trump stated it would be 'foolish' for his father, Donald Trump, to release his tax returns while under audit, arguing that the public might make uninformed assumptions. The image is identified as a genuine photograph of Eric Trump, and the module signals confirm the alignment between the visual and the claim. Therefore, the claim is supported by evidence."
ds1370,Not Misinformation,0.9,False,True,"The claim states that Kris and Bruce Jenner attended the Academy of Country Music Awards in Las Vegas. Evidence [3] from Mirror Online and Evidence [3] from USA TODAY explicitly confirm that Kris and Bruce Jenner attended the 44th Annual Academy of Country Music Awards held at the MGM Grand in Las Vegas on April 5, 2009. The image signals indicate the photo is authentic (not AI-generated) and aligns with the event. Therefore, the claim is supported by factual evidence."
ds2101,Not Misinformation,0.9,False,True,"The image depicts a table setting with wine glasses and a centerpiece, which aligns perfectly with the claim. The visual veracity module indicates the image is not AI-generated (confidence 0.0 for AI generation, implying high confidence it is real). The retrieved evidence confirms that such table settings are common and that centerpieces and wine glasses are standard elements of table decor, supporting the factual nature of the description. There is no evidence of manipulation or false context."
5000,Misinformation,0.9,False,True,"The claim that President Obama admitted to a secret deal to hand over U.S. territory to China to settle debt is factually false. Evidence shows that the only significant transfer of territory involving China in recent history was Hong Kong, which was returned by the UK to China in 1997, long before Obama's presidency. There is no record of any U.S. territory being handed over to China during the Obama administration, nor any 'secret deal' regarding debt settlement involving territorial cession. The retrieved evidence confirms that while Obama engaged in diplomatic relations and trade discussions with China, no such territorial handover occurred. The image of the Obamas is unrelated to this fabricated narrative."
ds4724,Not Misinformation,0.6,False,True,"The headline claims the couple is sleeping in separate bedrooms. While the image shows them together, it does not verify sleeping arrangements. However, the retrieved evidence indicates that while there are rumors and speculation about separation or marital issues, specific claims about sleeping arrangements are often debunked or attributed to misunderstandings (e.g., snoring). Evidence [2] from menzfirst.com explicitly states it is 'not accurate' that they sleep in separate rooms due to snoring, suggesting they have adapted to each other's quirks. Other evidence points to general divorce rumors being false or exaggerated. Since the specific claim of separate bedrooms is contradicted by at least one source and the couple is generally reported as happy despite rumors, the headline is likely"
ds6329,Misinformation,0.9,False,True,"The image is identified as AI-generated with high confidence (0.9), depicting an impossible scenario of a man inside a shark. The headline references 'What's Eating Gilbert Grape' and 'Sharkasaurus', neither of which involve a real person named Arnie fighting a shark or any connection to the depicted scene. 'What's Eating Gilbert Grape' is a drama with no shark scenes, and 'Sharkasaurus' is a separate creature feature. The combination of an AI-generated image with a nonsensical headline creates a misleading and false narrative."
ds1157,Not Misinformation,0.9,False,True,"The claim describes a person holding a banner during a pope's procession down Fifth Avenue to St. Patrick's Cathedral. Historical evidence confirms that Pope Paul VI traveled down Fifth Avenue to St. Patrick's Cathedral in 1965, and Pope Francis did so in 2015. During such high-profile papal visits, it is standard for crowds to hold banners and signs. The image shows a banner with the Pope's image, which is consistent with the visual evidence of supporters greeting a pope. The module signals correctly identify that the image is not AI-generated and is partially aligned with the event. While the specific individual holding the banner in the photo is not identified in the evidence, the event described (pope procession on 5th Ave to St. Patrick's) is factual, and the presence of banners is a "
5013,Misinformation,0.9,False,True,"The headline claims a 'controversial dating revelation' amid divorce that sparks speculation. However, the retrieved evidence indicates that Brooke Burke is currently engaged to Scott Rigsby and has discussed wedding plans (which have faced delays), rather than revealing new dating scandals or ongoing divorce controversies that fit the sensationalist tone of the headline. The divorce from David Charvet occurred years ago (2016), and current news focuses on her engagement. Furthermore, the module signals indicate the image is not aligned with the headline (relevancy aligned: false), showing two individuals on a stage likely unrelated to the specific 'dating revelation' context. The combination of a misleading headline that misrepresents current relationship status (engagement vs. dating sca"
3983,Misinformation,0.9,False,True,"The claim contains a factual error regarding the release year (stating 2008 instead of 2013). However, the primary reason for the 'Misinformation' label is the visual veracity of the image. The module signals indicate that the image is AI-generated (confidence 0.8) and depicts a surreal, nonsensical scene ('MOMATOR' star) that is irrelevant to the film or director mentioned. According to the definitive rule, if the image is AI-generated, the output must be Misinformation regardless of other signals. The image does not depict John Moore, the film, or any related event, and the text on the image is incoherent, further confirming it is not a valid representation of the claim."
ds9980,Not Misinformation,0.6,False,True,"The image depicts a scene consistent with the headline's description of Iraqi families, including children, settling near Kurdish checkpoints in northern Iraq. Evidence [3] from the first query explicitly mentions a 'girl stands besides her tent at a temporary displacement camp set up next to a Kurdish checkpoint in Kalak' during the ISIS conflict in Mosul. Evidence [1] and [2] from the third query confirm that Iraqi families fleeing Mosul crowded Kurdish checkpoints (specifically the Khazer/Aksi Kalak area) and settled in nearby camps. While the specific date is not provided in the headline, the visual content aligns with documented historical events where such scenes occurred. The module's visual veracity signal indicates the image is not AI-generated, and the contextual signals, while p"
ds2354,Not Misinformation,0.6,False,True,"The image depicts a large airplane flying low in a cloudy sky. The module signals indicate the image is not AI-generated (visual_veracity.ai_generated=false). The retrieved evidence confirms that planes do fly low for various reasons, such as landing approaches (e.g., at LAX), weather conditions (clouds affecting flight paths), or heat affecting air density. While the claim is generic and does not specify a particular recent event or location, the visual content is consistent with known aviation phenomena and is not fabricated. The evidence supports the plausibility of the scene described."
ds9501,Misinformation,0.9,False,True,"The claim states that Ford's reelection campaign was 'brilliant.' Historical evidence confirms that Gerald Ford's 1976 reelection campaign was unsuccessful, as he lost the general election to Jimmy Carter. Describing a failed campaign as 'brilliant' is factually incorrect and misleading, especially given the context of the Watergate scandal and the primary challenge from Ronald Reagan which hampered his efforts. The module signals correctly identify the campaign as unsuccessful (conf: 1.0), directly contradicting the positive framing of the claim."
ds4,Not Misinformation,0.9,False,True,"The claim states that after the murders, Charlie Hebdo's surviving staff left their Paris offices for a temporary home at Liberation newspaper. Historical records confirm that following the January 2015 attack, Charlie Hebdo staff did indeed relocate to the offices of the newspaper Liberation, where they worked for over six months before moving to a new high-security location. The image provided appears to be a generic memorial scene (flowers, notes) which is consistent with the public mourning and support shown after the attacks, though it does not explicitly depict the office move. However, the core factual claim regarding the relocation to Liberation is true. The visual is not AI-generated and is relevant to the context of the event, even if it doesn't show the specific office interior."
ds3871,Misinformation,0.9,False,True,"The claim states that Meghan Markle was born in July. However, multiple verified sources confirm she was born on August 4, 1981, not in July. Furthermore, the module signals indicate that the associated image is AI-generated (confidence 0.8) and irrelevant to the claim, showing nonsensical objects rather than the subject. According to the definitive rule, if the image is AI-generated with high confidence, the output must be Misinformation regardless of other signals."
8830,Not Misinformation,0.6,False,True,"The image depicts a clock, and the retrieved evidence confirms that clocks on barns exist as both decorative items and functional structures (e.g., Unsplash photo of a barn with a clock, WatchUSeek discussion of a barn clock). While the module signals indicate low relevancy because the specific image might not show a barn (or the connection is weak), the claim itself is factually plausible and not demonstrably false or AI-generated. The visual veracity is real, and the subject matter is grounded in reality. Therefore, it is not misinformation, though the specific alignment is uncertain."
ds5053,Misinformation,0.9,False,True,"The claim that drinking green tea daily increases lifespan by exactly 'ten years' is a specific, quantifiable assertion that is not supported by the retrieved evidence. While multiple sources (e.g., [3] from Benzinger on Health, [3] from Nepal Tea Collective) confirm that green tea is associated with reduced risk of cardiovascular disease and potential longevity benefits, none cite a study claiming a specific ten-year extension. The evidence suggests general health benefits and reduced mortality risk, but the specific 'ten years' figure appears to be an exaggeration or fabrication not grounded in the provided scientific summaries. Therefore, the headline misrepresents the scientific consensus by presenting an unverified specific statistic as fact."
ds2437,Misinformation,0.9,False,True,"The claim states that the image shows an 'animal food tray and cage' that is empty. However, the image clearly depicts a disc golf basket (a metal chain basket used in the sport of disc golf) situated outdoors near a tree. The module signals correctly identify that the image is not relevant to the claim, noting that it shows a disc golf basket and not an animal food tray or cage. Since the subject matter of the image (disc golf equipment) is fundamentally different from the subject matter of the claim (animal husbandry items), the claim is factually incorrect regarding the visual content. The image does not support the headline."
ds6090,Misinformation,0.9,False,True,"The image is identified as AI-generated with high confidence (0.8) due to surreal and contextually inappropriate elements (a camel in a social festival setting). According to the definitive rule, if the image is AI-generated, the output must be Misinformation regardless of other signals. The headline 'omg outside lands was like so fun' implies a genuine personal experience at the event, but the image is fabricated, making the pair misleading."
ds742,Not Misinformation,0.6,False,True,"The image depicts a protest with a 'WALL OFF TRUMP' banner, which aligns with the claim of demonstrators protesting Trump. Evidence confirms that significant protests occurred outside Quicken Loans Arena in Cleveland during the 2016 Republican National Convention (RNC), where Trump was the nominee. While the specific phrase 'form a barrier to Wall off Trump' is slightly ambiguous (likely meaning 'wall off' as in containment or a specific protest slogan), the core elements—protesters, Trump, and Quicken Loans Arena—are factually linked by the historical event. The image is verified as real (not AI-generated). The module's answer notes that sources don't explicitly state demonstrators 'blocked' Trump in a way that stopped him, but they confirm the presence of protests at the location. Given "
ds1754,Not Misinformation,0.9,False,True,"The headline accurately describes the casting in the 2013 film 'The Fifth Estate'. Multiple credible sources, including Wikipedia, IMDb, and Rotten Tomatoes, confirm that Benedict Cumberbatch played the role of Julian Assange in this biographical thriller. The image signals indicate the visual is not AI-generated and aligns with the subject matter. Therefore, the claim is factually correct."
4580,Misinformation,0.6,False,True,"The headline makes a specific, verifiable claim about a personal preference ('Kourtney Kardashian Picks Kylie Jenner's Lip Kit Over Kim Kardashian's Contour Sticks'). The retrieved evidence does not support this specific claim; in fact, the evidence regarding Kourtney's relationship with her sisters highlights 'heated arguments' and 'tension' rather than a specific beauty product preference favoring Kylie over Kim [3]. Furthermore, the module signals indicate the image is not aligned with the headline (relevancy: false, confidence: 0.2), as the image does not depict the products or the specific interaction described. While the image is not AI-generated, the combination of a specific, unsupported factual claim and a non-representative image constitutes misinformation in the context of news "
ds50,Not Misinformation,0.9,False,True,"The claim states that Rachael Drouet has still not tracked down the owners of the decorations. Evidence [3] from BBC News explicitly states: 'Rachael Drouet has still not tracked down the owners of the decorations.' This directly corroborates the headline. The image shows decorations and a cat, which is consistent with the context of the story about a cat stealing decorations, although the image itself does not prove the specific outcome of the search. The visual veracity is genuine (not AI-generated). Therefore, the headline is supported by the evidence."
8392,Misinformation,0.9,False,True,"The claim states that Oregon Attorney General Ellen Rosenblum alleges GNC knowingly sold supplements containing two synthetic chemicals. The retrieved evidence confirms that in October 2015, AG Rosenblum did indeed file a lawsuit against GNC alleging the sale of supplements containing illegal synthetic ingredients, specifically picamilon and BMPEA (Evidence [2], [3] from Q1; Evidence [1], [2] from Q2). The evidence also notes that the AG cited internal emails suggesting the company was aware of the ingredients, supporting the 'knowingly' aspect of the allegation. However, the provided image is of 'Nurofen Express,' a pain relief medication, which is completely unrelated to GNC or dietary supplements. The module signals correctly identify this as 'aligned: false' with low confidence (0.1) b"
ds7878,Not Misinformation,0.6,False,True,"The image depicts a realistic scene of people wading through floodwaters, consistent with the visual description in the claim. The retrieved evidence confirms that Harinagar in Satkhira, Bangladesh, has indeed suffered from severe flooding (e.g., loss of Rs 242.7 million reported in Oct 2023, embankment collapses affecting villages). While the specific image cannot be geotagged to 'Harinagar' with certainty based on the provided snippets, the claim describes a plausible event occurring in a location known for such disasters. The visual veracity is confirmed as real (not AI-generated), and the contextual elements (floods in Satkhira/Harinagar) are supported by news reports. Therefore, it is not classified as misinformation, though the specific attribution of this exact photo to that specifi"
ds4278,Misinformation,0.9,False,True,"The claim that Russian mansions seized by the Obama administration were 'meant to be illegal gifts' to Sasha and Malia Obama is false. While it is true that the Obama administration seized two Russian diplomatic compounds in December 2016 as retaliation for election interference (evidenced by [1] and [3] in the first evidence block), there is no evidence that these properties were intended as gifts to the Obama daughters. The seized properties were diplomatic compounds used by Russian diplomats for recreation and residence, not personal gifts. The claim conflates the seizure of diplomatic assets with a fabricated narrative about the First Daughters. PolitiFact explicitly labeled similar claims as fake news [1]."
ds6954,Misinformation,0.9,False,True,"The image is identified as AI-generated (confidence 0.8) with a surreal depiction of a man in a suit floating in space, which bears no resemblance to the subject, Prof. Martin Hairer. According to the definitive rule, an AI-generated image results in a 'Misinformation' label regardless of other signals. Furthermore, the headline contains factual inaccuracies: while Martin Hairer is an Austrian mathematician, he teaches at EPFL and Imperial College London, not the University of Warwick. The retrieved evidence confirms his affiliations with EPFL and Imperial College London [1, 2] and his Austrian-British nationality [1, 3]."
ds3520,Misinformation,0.9,False,True,"The claim states that Ice-T was 18 years old when he signed to Sire Records in 1987. However, multiple evidence sources confirm that Ice-T was born on February 16, 1958. In 1987, he would have been 29 years old, not 18. While the part of the claim regarding signing to Sire Records in 1987 is correct, the specific detail about his age is factually false, making the overall claim misinformation."
7044,Not Misinformation,0.9,False,True,"The image depicts Hillary Clinton, and the claim states she was at a rally in Columbus, Ohio. Evidence confirms that Hillary Clinton held multiple rallies and speaking events in Columbus, Ohio, during her presidential campaigns (e.g., March 4, 2008, and July 31, 2016). While the image itself does not explicitly prove the specific date or location without metadata, the claim is factually consistent with historical records of her activities. The image is verified as not AI-generated. Therefore, the claim is plausible and supported by evidence of her presence in that location for campaign events."
ds9094,Misinformation,0.9,False,True,"The image is identified as AI-generated with high confidence (0.8) due to nonsensical text artifacts ('OLLD PARNG', 'PLEWK $TNC') on the sign, which is a hallmark of generative AI models. According to the definitive rule, if the image is AI-generated, the output must be Misinformation regardless of other signals. The headline claims the image shows 'Two old street parking meters surrounded by weeds,' but the image does not clearly depict two meters (it shows a sign and potentially one meter-like object) and the text evidence confirms the visual content is synthetic and not a real photograph of the described scene."
ds3303,Misinformation,0.9,False,True,"The claim states that Scandinavia includes Svalbard and Jan Mayen. According to the retrieved evidence and standard geographical definitions, Scandinavia typically comprises only Denmark, Norway, and Sweden (or the Scandinavian Peninsula). Svalbard and Jan Mayen are part of the Kingdom of Norway but are geographically distinct and are classified as part of the broader 'Nordic' region, not Scandinavia. Svalbard is explicitly noted as not being part of geographical Norway or the Scandinavian region in the evidence. Therefore, the claim is factually incorrect regarding the definition of Scandinavia."
ds7131,Not Misinformation,0.6,False,True,"The image depicts Karen O performing at the 86th Academy Awards (Oscars), which aligns with the claim that she performed at the ceremony. The retrieved evidence confirms she performed 'The Moon Song' at this event [1, 3]. While the specific details regarding the designer of her dress (Camilla Staerk) and the specific jewels (Neil Lane) are not explicitly confirmed by the provided snippets, there is no evidence contradicting these specific fashion claims. The visual veracity is genuine (not AI-generated). Since the core event (performance) is verified and the specific fashion details are plausible and uncontradicted by the evidence, the claim is not identified as misinformation, though confidence is limited by the lack of specific fashion verification in the snippets."
ds7823,Misinformation,0.9,False,True,"The module signals explicitly state that the image is not relevant to the claim, noting that 'The image does not depict the Berlaymont building or any related subject' and shows a 'different structure'. The Berlaymont building is a distinctive cross-shaped office building in Brussels (confirmed by evidence [1], [2], [3] in the retrieved snippets). Since the image provided does not match the subject of the headline (it is not the Berlaymont building), the pairing is misleading and constitutes misinformation. Although the AI generation flag is false, the irrelevance of the visual content to the specific entity named in the headline is sufficient to classify this as misinformation."
1047,Not Misinformation,0.9,False,True,"The retrieved evidence confirms that Kentucky Governor Matt Bevin addressed the Kentucky Chamber of Commerce dinner on Thursday, January 7, 2016. Specifically, a New York Magazine article explicitly states: 'Kentucky governor Matt Bevin addresses the Kentucky Chamber of Commerce dinner, Thursday, January 7, 2016.' Additionally, a Kentucky Living article from January 8, 2016, references Bevin speaking at the 'annual Kentucky Chamber Day dinner' on that date. While the specific venue 'Heritage Hall' is not explicitly confirmed in the snippets (which mention Lexington generally), the core claim regarding the person, event, and date is substantiated by multiple sources. The image is identified as a genuine photograph (AI-generated=false)."
ds8744,Not Misinformation,0.6,False,True,"The image depicts a skateboarder in mid-air, which aligns with the claim of a man skateboarding mid-air. The retrieved evidence does not identify this specific image as part of the recent viral incident involving a man waving a skateboard on a Breeze Airways flight (which involved a shirtless man causing a disturbance, but not performing a skateboarding trick mid-air over people). The evidence regarding a 'skateboard stunt on top of a Melbourne skyscraper' suggests that such dangerous stunts exist and are newsworthy, supporting the plausibility of the image's context. The image is verified as not AI-generated. While the specific identity of the skater is uncertain (suggested as Brian Wenning), the core claim of a man skateboarding mid-air is visually supported and not contradicted by the e"
ds9896,Not Misinformation,0.6,False,True,"The claim 'Alan Johnson has a bad case' is ambiguous but likely refers to Alan Johnson, the former UK Labour politician, given the retrieved evidence. The evidence indicates that Alan Johnson (the politician) is currently in a positive personal situation, having recently married his partner Carolyn Burgess, and there are no reports of significant health issues or scandals ('bad cases') associated with him. The evidence for health issues pertains to Alan Jackson, the country music singer, who has Charcot-Marie-Tooth disease. The image shows a man in a suit and sunglasses, which is generic and does not definitively identify the subject, but the module signals indicate the image is not AI-generated. Since the claim implies a negative condition ('bad case') for Alan Johnson, and the evidence s"
ds3482,Misinformation,0.9,False,True,"The claim that 'Gotham City Sirens failed to be published' is factually incorrect. Evidence confirms that 'Gotham City Sirens' is an ongoing comic book series published by DC Comics, with issues released as recently as August 2024 (e.g., issue #3) and new issues scheduled for 2024 [2, 4, 1]. While there was a film project that was put on hold or cancelled, the comic series itself has been published and continues to be published. The image shows comic books, which aligns with the existence of the published series, but the headline's assertion of non-publication is false."
3081,Misinformation,0.9,False,True,"The claim states that 'Story of My Life' was recorded exclusively by a girl band. Evidence confirms that the most prominent version of the song 'Story of My Life' was recorded by One Direction, which is a boy band, not a girl band [1, 3]. Additionally, the song was recorded by Social Distortion, a rock band [3]. While there are songs with similar titles by female artists (e.g., Loretta Lynn, Irma Thomas), the specific hit song 'Story of My Life' associated with the title in pop culture is by a boy band. Therefore, the assertion that it was recorded exclusively by a girl band is factually incorrect."
6149,Misinformation,0.9,False,True,"The image is identified as AI-generated with high confidence (0.8). The visual content depicts a dog reading a book, which is a surreal and physically impossible scenario for a real dog, and the text on the book appears to be nonsensical filler, a common artifact of AI image generation. According to the definitive rule, if the image is AI-generated, the output must be Misinformation regardless of other signals. Additionally, the image is not relevant to the headline's theme, further supporting the classification."
ds6053,Misinformation,0.9,False,True,"The image is identified as AI-generated with high confidence (0.9), depicting a surreal and impossible scenario of a rabbit riding a tricycle. According to the definitive rule, if the image is AI-generated, the output must be 'Misinformation' regardless of other signals. The headline 'dont judge its what hes always wanted' implies a specific narrative or context that is entirely disconnected from the visual content, which is a generic, AI-created illustration. The lack of relevancy (0.1) further supports that this is not a genuine news or documentary image, but rather a fabricated visual paired with a misleading or irrelevant caption."
5357,Not Misinformation,0.6,False,True,"The headline references a 'Stimulus' plan and 'Education Secretary's Controversial Plan' with 'Critics Fear Financial Risks'. The retrieved evidence confirms that Linda McMahon is the Education Secretary under the Trump administration and that there is a controversial plan to dismantle the Department of Education (Evidence [2] from NEA, [1] from Politico). Additionally, there is a historical context of a 'Huge Education Stimulus Plan' (referenced in Evidence [2] from Reason Foundation) that critics argued would not fix the system and involved significant funding risks. While the image is a generic stock photo of a teacher and children (not specifically the Education Secretary), the textual claims in the headline are grounded in real political events and debates regarding education policy a"
ds3839,Misinformation,0.9,False,True,"The claim contains two factual errors. First, while Dev Patel did star in the movie 'Chappie' (2015), the movie is not an animated film; it is a live-action science fiction film that uses visual effects and motion capture for the titular robot character. Second, the provided image is identified as AI-generated (visual_veracity ai_generated=true, confidence=0.9). According to the definitive rule, if the image is AI-generated, the output must be Misinformation regardless of other signals. The image does not depict a scene from 'Chappie' nor does it accurately represent the film's style or cast in a verifiable way."
7469,Not Misinformation,0.9,False,True,"The retrieved evidence confirms that Donald Trump held a rally in Bangor, Maine, on October 15, 2016, at the Cross Insurance Center. Multiple sources, including a YouTube video titled 'Donald Trump Rally, Bangor, Maine, Oct. 15, 2016' and a Press Herald article dated October 15, 2016, corroborate the specific date, location, and event described in the claim. The image shows Trump speaking, which is consistent with the event. Therefore, the headline accurately describes the event depicted or associated with the image."
ds3252,Misinformation,0.9,False,True,"The claim that 'Little Dorrit was only published in the 1980s' is factually false. Evidence confirms that Charles Dickens' novel 'Little Dorrit' was originally published in serial form between 1855 and 1857, and in book form in 1857 [1, 2, 3]. While there was a 1988 film adaptation and a 2008 TV series, the novel itself dates to the 19th century. Furthermore, the module signals indicate the image is AI-generated (confidence 0.8), which triggers the definitive rule to output 'Misinformation' regardless of other signals."
ds3976,Misinformation,0.9,False,True,"The image is identified as AI-generated with high confidence (0.8). According to the definitive rule, if the image is AI-generated, the output must be 'Misinformation' regardless of other signals. Additionally, the claim that the United States is one of the ABC Islands is factually false; the ABC Islands (Aruba, Bonaire, and Curaçao) are part of the Kingdom of the Netherlands, not the United States."
9974,Not Misinformation,0.6,False,True,"The image is a genuine photograph (AI-generated: false) featuring Kanye West, who is the subject of the headline. The headline expresses a subjective opinion or plea ('Oh please do not let Kanye send a reply tweet') rather than stating a verifiable fact that is demonstrably false. While the image may be contextually ambiguous regarding the specific 'reply tweet' mentioned, the core claim is not a factual assertion of a specific event that contradicts evidence, but rather a commentary on Kanye's behavior. The retrieved evidence confirms Kanye West is active on Twitter and has made controversial tweets, supporting the general context of the headline without proving the specific 'reply tweet' scenario false. Since the image is real and the text is subjective/opinion-based rather than a false "
4125,Not Misinformation,0.9,False,True,"The claim is supported by multiple pieces of evidence. Kevin Hart appeared in J. Cole's music video for the song 'Daddy's Little Girl' (released in 2011), where he played the role of an unfaithful man. This role was widely reported as reflecting Hart's real-life 2017 cheating scandal, where he admitted to infidelity with his then-pregnant wife. The image provided shows Kevin Hart, consistent with the subject of the headline. Although the headline uses the phrase 'Relives His Cheating Scandal' which might imply a recent event, the core factual assertion that he played himself (or a character based on his scandal) in a J. Cole video is true. The module's 'relevancy' signal was low because the image itself is just a photo of Hart, but the textual evidence confirms the connection between Hart,"
ds2506,Not Misinformation,0.9,False,True,"The claim is supported by specific evidence found in the retrieved snippets. Snippet [3] from the 'Exploring Warsaw' blog explicitly states: 'There is now fencing around the first two buildings to catch the falling bricks and the courtyards have been closed off to visitors'. This directly confirms the existence of such fences in Warsaw for the stated purpose. While other snippets discuss falling bricks in other locations (Edmonton, Bath, London) or historical ruins, the specific claim about Warsaw is validated by the blog post describing current safety measures in the city. The image shows a building with protective fencing, consistent with the description."
ds6253,Misinformation,0.9,False,True,"The image is identified as AI-generated with high confidence (0.9). The module signals explicitly state that the image features a surreal combination of a rodent in a car with human characters and nonsensical text overlay, which are artifacts of AI generation rather than a real photograph or a standard meme template. According to the definitive rule, if the image is AI-generated, the output must be Misinformation regardless of other signals. The headline references a specific meme format ('get in loser were going shopping imgur'), but the provided image is an AI hallucination of that concept, not the actual meme or a real photo associated with it."
ds6291,Misinformation,0.9,False,True,"The image is identified as AI-generated (visual_veracity.ai_generated=true, confidence=0.9). The module explanation notes that the anatomy is unnatural and the scenario (a human riding a gazelle) is impossible in reality. While real statues exist depicting humans interacting with gazelles (e.g., the 'Bronze Gazelle Statue' of a girl holding horns, or the Hittite relief of a man with a gazelle on his shoulders), the specific image provided is a synthetic creation, not a photograph of a real-world object. Therefore, presenting it as a factual depiction of a statue is misleading."
ds9638,Not Misinformation,0.9,False,True,"The claim states that two presenters appeared on YouTube to say a story was staged. Evidence confirms that Tania Reza and Enrique Tovar, hosts of 'A Toda Máquina', appeared on YouTube (and other platforms) to discuss the incident. While the initial narrative from the network (Televisa) was that it was a staged stunt, Reza later claimed she was pressured to support this version and that the groping was real, while Tovar initially supported the 'staged' narrative for viral purposes. The image shows the two presenters, and the context of them appearing on YouTube to discuss the 'staged' nature of the event (or the controversy surrounding it) is factually grounded in the events of late 2015. The visual is a genuine screenshot, not AI-generated. The headline's assertion that they appeared on Yo"
ds994,Not Misinformation,0.9,False,True,"The image depicts performers forming the Olympic rings during a closing ceremony. Evidence confirms that the Olympic rings were indeed featured and assembled during the closing ceremony of the Paris 2024 Olympics (Source 1, 3) and the 2026 Winter Olympics in Verona (Source 3, Q4). The visual veracity signals indicate the image is not AI-generated. The claim aligns with factual events where the rings were a central visual element of recent closing ceremonies."
ds5728,Not Misinformation,0.9,False,True,"The image is a real magazine cover featuring Jenny McCarthy, and the module signals confirm it is not AI-generated (ai_generated=false). The headline claims her 'debut' was in 1995. While evidence indicates her modeling career began in 1993 (Playboy) and she gained wider fame in 1994/1995 (Playmate of the Year, MTV's Singled Out), the term 'debut' in a headline context often refers to a major breakthrough or public entry into the mainstream spotlight rather than the literal first professional engagement. Given that 1995 is widely cited as the year she rose to significant fame (PMOY 1995, MTV debut), the headline is not definitively false or misleading in a way that constitutes misinformation, but rather a slightly imprecise summary of her rise. The image accurately depicts the subject."
2731,Not Misinformation,0.9,False,True,"The image depicts a doll in a car window, which aligns with the claim of an 'innovative take' on a 'baby on board' sticker. The module signals indicate the image is not AI-generated (visual_veracity.ai_generated=false). The retrieved evidence confirms that 'innovative', 'funny', and 'creative' baby on board stickers are a widespread trend available on platforms like Etsy, TikTok, and Temu, often featuring humorous designs or unconventional items. The headline accurately describes the visual content as a creative variation of a common car accessory."
ds2331,Not Misinformation,0.9,False,True,"The image depicts a man on a tennis court holding a racquet, which aligns perfectly with the provided claim. The visual veracity module indicates the image is not AI-generated (confidence 0.0 for AI generation). The retrieved evidence confirms that such imagery is common in stock photography (Getty Images, Shutterstock) and represents standard tennis activities. There is no evidence suggesting the image is fabricated or misleading in the context of the generic claim."
9107,Misinformation,0.9,False,True,"The visual veracity module explicitly identifies the image as AI-generated with a high confidence of 0.8, citing contextual anomalies such as unusual texture and lighting inconsistent with a typical kitchen environment. According to the definitive rule, if the image is AI-generated, the output must be Misinformation regardless of other signals. The retrieved evidence confirms that while silver ovens and various kitchen appliances exist, the specific image provided is not a photograph of a real scene but a synthetic generation."
ds3649,Misinformation,0.9,False,True,"The claim states that 'An Educated' was created only by journalist Nora Ephron. This is factually incorrect. 'Educated' (often referred to as 'An Educated' in the claim) is a memoir by Tara Westover, published in 2018. Nora Ephron, a renowned journalist and filmmaker who died in 2012, had no involvement in creating this work. The retrieved evidence confirms Nora Ephron's bibliography (including 'Heartburn', 'Julie & Julia', etc.) and does not list 'Educated' as her work. Furthermore, the module signals explicitly state that Nora Ephron did not create 'An Educated' and that the title refers to Tara Westover's memoir. Therefore, the claim is false."
7187,Not Misinformation,0.9,False,True,"The claim states that Supreme Leader Ayatollah Ali Khamenei waved during a meeting in Tehran last September. Evidence confirms that Khamenei made a public appearance in Tehran on September 17, 2022, at a religious ceremony (Arbaeen) where he addressed attendees and was seen waving to the crowd (Evidence [3] from Al Arabiya and Evidence [2] from Alamy/Reuters context). Additionally, he held a meeting with war veterans on September 21, 2022 (Evidence [2] from Alamy). The image signals indicate the photo is not AI-generated and partially aligns with the event. Although the claim says 'meeting' and the waving occurred at a 'ceremony', these events are closely linked in the same timeframe and location, and the core assertion of him being in Tehran in September 2022 and waving is factually suppo"
ds5161,Misinformation,0.9,False,True,"The claim that Mike Pence has 'secret ties to a Russian spy agency' is false and unsupported by any credible evidence. The retrieved evidence and module signals confirm that Mike Pence has consistently taken a hardline stance against Russia, describing Russian aggression as a major threat to NATO allies (Evidence [3] from Novinite). There are no reports linking him to Russian espionage; in fact, his former National Security Advisor, Michael Flynn, was the figure associated with Russian ties, not Pence (Evidence [1] from Wikipedia). The claim appears to be a fabrication or a conflation of unrelated events, constituting misinformation."
ds4423,Misinformation,0.9,False,True,"The claim that Floyd Mayweather Jr. donated a 'whopping sum' (specifically $200 million in related viral posts) to Houston after a hurricane is false. Multiple fact-checking organizations, including PolitiFact and That's Nonsense, have explicitly debunked this story as fake news. While Mayweather is known for charitable acts, there is no evidence of such a massive donation to Houston for Hurricane Harvey relief. The image provided, showing Mayweather holding a bill, is generic and does not substantiate the specific, exaggerated claim in the headline."
8155,Misinformation,0.9,False,True,"The claim is demonstrably false on multiple factual grounds. First, Charlie Pierce is a journalist (notably for Esquire and The Guardian) and was not a member of Mitt Romney's staff; he was a critic and observer of the campaign, as confirmed by evidence [1] and [3] which cite his articles critiquing Romney. Second, the image provided depicts a disaster scene with significant destruction, which contradicts the specific claim of a phone call in a wire factory doorway. The retrieved evidence for a 'wire factory incident' in Ohio refers to a metal plant explosion (evidence [1] and [2]), but there is no record of Charlie Pierce being involved in such an event or making a phone call there. The image is likely unrelated stock footage or a photo from a different event, making the pairing of the im"
ds7055,Misinformation,0.9,False,True,"The image provided does not match the claim. The claim describes a specific historical photograph from 1947 featuring Leeroy Murray (aged two), his parents, and brothers on Hampstead Heath. However, the module signals explicitly state that the image is 'aligned: false' and depicts 'a person sitting outside a building,' which contradicts the described scene of a family on a heath. Furthermore, the visual veracity module indicates the image is a genuine photograph (not AI-generated), but the content is irrelevant to the historical event described. Evidence [3] from the retrieved sources confirms that a Picture Post article did feature the Murray family walking on Parliament Hill (part of Hampstead Heath) in 1947, validating the existence of such a photo in history, but the image presented he"
8165,Not Misinformation,0.6,False,True,"The claim involves a specific individual (Emily Cruse Elliott) performing at a specific event (Blue Ribbon Bacon Fest). The retrieved evidence confirms that the Blue Ribbon Bacon Festival is a real, recurring event in Des Moines, Iowa, and that the 18th annual event took place at the High Life Lounge and El Bait Shop (which aligns with the 'Club Sizzle' venue context often associated with such festivals or specific nights within them). While the evidence does not explicitly name 'Emily Cruse Elliott' dancing at 'Club Sizzle' in the snippets, the module signals indicate a high confidence (0.9) that she performed there, and the visual veracity is genuine (not AI-generated). The partial alignment in the module signals suggests the image is relevant but not definitively proving the specific id"
1449,Not Misinformation,0.9,False,True,"The claim contains three main assertions: 1) Hinchliffe Stadium opened in 1932, 2) it hosted Negro League and barnstorming games, and 3) it is now abandoned and in ruins. Evidence confirms the first two points definitively: the stadium was constructed in 1932 and is a historic Negro League ballpark [1, 3, 1]. Regarding the third point, while the stadium underwent a major renovation and reopened in May 2023, it was indeed abandoned and in ruins for decades (closed in 1997, abandoned until 2021) [2, 3]. The image provided shows a dilapidated, abandoned structure consistent with the stadium's appearance during its long period of neglect. Although the claim uses the present tense 'is now abandoned,' which is technically outdated post-2023, the visual evidence supports the description of the fa"
4647,Misinformation,0.9,False,True,"The headline claims that Angelina Jolie and Jennifer Aniston did NOT have a face-to-face meeting. However, multiple credible sources confirm that they did meet in person. Specifically, Jennifer Aniston has publicly stated that she met Angelina Jolie only once, in 2004, while she was still married to Brad Pitt [2], [3]. Aniston described this encounter in a Vanity Fair profile [1]. Since the core factual claim of the headline (that they never met) is demonstrably false based on the celebrity's own testimony and widespread media reporting, the content is misinformation. The image of Angelina Jolie is relevant but does not negate the factual error in the text."
ds4064,Not Misinformation,0.9,False,True,"The image is a genuine photograph of Brad Pitt (visual_veracity ai_generated=false), and the headline is a clickbait-style question regarding his net worth, which is a factual topic. The retrieved evidence confirms that Brad Pitt's net worth is estimated to be between $300 million and $400 million, derived from his acting and producing career. The headline does not contain a false statement or deceptive claim; it merely poses a question about a well-documented fact. Therefore, it is not misinformation."
ds2877,Not Misinformation,0.9,False,True,"The image depicts a decomposing leaf, and the headline claims it was found just offshore at a local reservoir. Evidence [1] from Reddit explicitly matches the headline text ('One of many decomposing leaves found just offshore at the local reservoir'), indicating that this specific image and caption originated from a user sharing a photo of a real-world occurrence. The visual veracity signals confirm the image is not AI-generated. While the specific 'local reservoir' is not identified in the evidence, the existence of the original post confirms the event described in the headline actually occurred, making the claim a factual description of that specific instance rather than misinformation."
7330,Misinformation,0.9,False,True,"The image depicts a group of people in an indoor or event setting, which is visually inconsistent with the Millennium Bridge in central London, a pedestrian suspension bridge over the River Thames. The module signals explicitly state that the image does not depict the subject or location claimed in the headline (relevancy aligned: false). Furthermore, the presence of a lightsaber in the image suggests a staged or fictional context, further disconnecting it from the factual claim of Jonathan Jones being on the bridge. There is no evidence linking Jonathan Jones (whether the athlete or journalist) to the Millennium Bridge in the provided context."
ds5062,Misinformation,0.9,False,True,"The headline claims that COVID-19 vaccines alter DNA and increase the risk of genetic mutations. This claim is scientifically false and contradicted by extensive evidence. The primary mRNA vaccines (Pfizer, Moderna) do not enter the cell nucleus where DNA is located and therefore cannot alter human DNA [1]. Furthermore, reputable studies have found no association between COVID-19 vaccines and an increased risk of cancer or genetic mutations [1]. While DNA vaccines exist as a separate technology, they are not the standard COVID-19 vaccines distributed to the public, and the claim that current vaccines alter human DNA is a known debunked myth. The image is generic and does not validate the specific false claim, but the headline itself constitutes misinformation."
ds5124,Misinformation,0.9,False,True,"The claim that Joe Biden admitted to plotting election fraud with foreign powers is false. Multiple fact-checking sources confirm that Biden did not admit to election fraud; rather, he was discussing measures to combat voter fraud or was taken out of context in viral clips [1, 2, 3]. Furthermore, there is no credible evidence of a 'tape' where Biden admits to conspiring with foreign powers regarding election fraud [2]. The module signals correctly identify that the image (depicting Hillary Clinton) is irrelevant to the claim about Biden, and the answers correctly debunk the core assertion. The headline presents a fabricated narrative unsupported by evidence."
6119,Misinformation,0.9,False,True,"The image is identified as AI-generated with high confidence (0.8). The visual content depicts a surreal scene with cartoonish characters and dog faces, which does not align with the claim's reference to the phrase 'not no way not no how' (a famous quote from the 1939 film *The Wizard of Oz* spoken by the Cowardly Lion or the Gatekeeper). The mismatch between the AI-generated, nonsensical imagery and the specific cultural reference in the headline confirms the misinformation."
5317,Misinformation,0.9,False,True,"The headline claims that a specific herbal tea from the Amazon Rainforest 'eradicates' COVID-19 'instantly.' This is a demonstrably false medical claim. Multiple evidence sources confirm that no herbal tea cures or eradicates COVID-19. Specifically, the World Health Organization (WHO) and fact-checking organizations (AFP, The Logical Indian) explicitly state that claims of herbal teas or steam inhalation curing COVID-19 are misleading and unsupported by scientific evidence. Furthermore, regulatory bodies like the FTC have taken legal action against marketers making similar false claims about herbal teas treating or curing COVID-19. While some studies suggest tea polyphenols may have antiviral properties in laboratory settings or potentially reduce infection risk, they do not support the cl"
ds8378,Not Misinformation,0.9,False,True,"The claim that Richard Dawkins and Rowan Williams debated the role of religion in the 21st century is factually correct. Evidence confirms they debated at the Cambridge Union on January 31, 2013, on the motion 'this house believes religion has no place in the 21st century' [1, 3]. The image shows a person who appears to be a religious figure (consistent with Rowan Williams, the former Archbishop of Canterbury) and is not AI-generated. The module signals indicate partial alignment due to uncertainty about the specific individuals in the image, but the core factual claim of the headline is supported by multiple sources. Since the image is verified as real (not AI-generated) and the event described actually occurred, the pair is not misinformation."
8719,Misinformation,0.9,False,True,"The image is identified as AI-generated with high confidence (0.8) by the visual veracity module. The definitive rule states that if the image is AI-generated, the output must be Misinformation regardless of other signals. Additionally, the visual evidence shows a predominantly green bus, which contradicts the specific claim of a 'pink and green' bus, further supporting the misrepresentation."
6563,Misinformation,0.9,False,True,"The image is identified as AI-generated with high confidence (0.8) by the visual veracity module. The definitive rule states that if the image is AI-generated, the output must be Misinformation regardless of other signals. Furthermore, the retrieved evidence indicates that there are no real-world instances or stock photos of factory workers wearing pink hair towels; such images typically depict women in bathrooms or are generic beauty product advertisements. The combination of an AI-generated image and a scenario unsupported by factual evidence confirms the claim is misleading."
ds3412,Misinformation,0.9,False,True,"The claim states that Castlevania came out in Japan in 1990. However, multiple authoritative sources confirm that the original Castlevania game (known as Akumajō Dracula in Japan) was first released in Japan on September 26, 1986, for the Family Computer Disk System. While a spin-off titled Kid Dracula was released in Japan in 1990, the primary title 'Castlevania' did not release in Japan in 1990. Therefore, the headline is factually incorrect regarding the release date of the main series entry."
966,Misinformation,0.9,False,True,"The claim that Marco Rubio grilled at the Iowa Pork Producers Pork Tent during the 2015 Iowa State Fair is false. Retrieved evidence confirms that while the Iowa Pork Producers Pork Tent was a significant venue for presidential candidates during the 2015 fair, the documented attendees who interacted with the grill or the tent included Donald Trump and Carly Fiorina (Evidence [2] from Getty Images and [3] from AOL). There is no evidence in the retrieved sources that Marco Rubio was present at the fair in 2015, let alone grilling there. In fact, one source notes Rubio's 'relatively low profile' in Iowa during that period (Evidence [3] from NYT). The image likely depicts a different candidate (such as Trump or Fiorina) or is a misattributed stock photo, making the headline a misrepresentation"
ds5156,Misinformation,0.9,False,True,"The claim that new research shows COVID-19 vaccines cause permanent memory loss is false. Extensive scientific evidence and major health organizations (such as the CDC and WHO) have found no link between COVID-19 vaccines and permanent memory loss. The retrieved evidence supports this by highlighting that common side effects are temporary (e.g., soreness, fatigue, fever) and that studies regarding other alleged side effects (like infertility or weight loss) have been debunked or found to have no causal link. Furthermore, research into vaccine efficacy drops attributes them to variants and behavior, not biological mechanisms like memory loss. The image provided is generic and does not depict memory loss, making the headline a misleading association with a non-existent scientific finding."
ds2814,Not Misinformation,0.6,False,True,"The image depicts a handwritten note used as a bookmark in a book, which aligns with the claim of a 'placeholder' note. The visual evidence shows a genuine photograph (AI-generated=false) of a personal item, consistent with the 'found in a used bookstore' narrative. While the specific anecdote of a Father's Day note in a fishing book in Knoxville is not widely documented in the provided search results (which focus on general bookstore listings), there is no evidence to suggest the image is fake or the claim is maliciously deceptive. The claim is plausible as a personal, local story often shared on social media. The module signals indicate high relevancy and low AI generation confidence. Without definitive proof of fabrication, and given the benign nature of the content, it is classified as"
ds6955,Misinformation,0.9,False,True,"The image is identified as AI-generated with high confidence (0.8), depicting a surreal and unrealistic scene of two elderly men sitting with a bear. According to the definitive rule, if the image is AI-generated, the output must be Misinformation regardless of other signals. Furthermore, the retrieved evidence confirms there is no documented relationship or association between Henry Kissinger and Sepp Blatter, making the claim factually baseless as well."
ds6481,Not Misinformation,0.9,False,True,"The image depicts Vladimir Putin and Borut Pahor, which is factually correct as they met multiple times, including a notable visit by Putin to Slovenia in July 2016 for the 100th anniversary of the Russian Chapel (Evidence [3] from STA, [1] from Kremlin). The module's answer claiming a meeting in 'July 2026' is a temporal hallucination (future date), but the core claim that the photo shows these two individuals is true. The visual veracity indicates the image is not AI-generated. Since the primary identification is correct and the image is real, it is not misinformation, despite the erroneous date in the supporting text."
5084,Misinformation,0.9,False,True,"The claim that the Senate voted unanimously to ban all independent media critical of the government is false. There is no record of such a vote; the Senate has not passed legislation banning independent media. The module signals correctly identify that the image is AI-generated (ai_generated=true, confidence=0.8), featuring a digitally inserted elephant logo over the Capitol. According to the definitive rule, if the image is AI-generated with high confidence, the output must be Misinformation regardless of other signals. The retrieved evidence confirms that recent Senate activities involve votes on contempt of Congress (Fauci) or social media age restrictions (KOSMA), not a ban on independent media."
ds1963,Not Misinformation,0.6,False,True,"The image depicts heavy traffic on a motorway, which aligns with the claim of heavy traffic on the M5 during a previous Easter getaway. The module signals indicate the image is real (not AI-generated) and partially aligned with the M5/Easter context. The retrieved evidence confirms that the M5 motorway in the UK frequently experiences significant traffic congestion and 'traffic hell' during Easter getaways, with reports of double journey times and long queues (e.g., [1], [2], [3] from the first evidence block; [2], [3] from the second). While the specific image cannot be definitively timestamped to a specific year without metadata, the claim is general ('during a previous busier Easter getaway'), and the visual content is consistent with the well-documented reality of M5 Easter traffic. Th"
9347,Not Misinformation,0.6,False,True,"The image is verified as real (AI-generated: false) and depicts a man wearing glasses and a purple/lavender-colored garment (identified as a scarf in the module signals, but visually consistent with the 'lavender shirt' claim in terms of color and general appearance). The claim describes a person's attire, which is a subjective visual description. While the module notes a 'partial' alignment because the item is a scarf rather than a shirt, this constitutes a minor descriptive inaccuracy rather than misinformation, especially given the lack of specific context (e.g., news event) that would make the image deceptive. The retrieved evidence confirms that men wearing glasses and lavender/purple clothing are common stock photo subjects and fashion trends, supporting the plausibility of the image"
ds4921,Misinformation,0.9,False,True,"The headline claims that Justin Bieber and Kourtney Kardashian 'still talk' and implies a specific dynamic regarding Selena Gomez and Younes Bendjima. However, the provided evidence indicates that while rumors and alleged private messages have surfaced (Source [1], [2] in Q1), these are largely speculative or part of ongoing tabloid narratives rather than confirmed facts. More critically, the image provided is described by the module signals as having 'relevancy: aligned: false' with low confidence (0.1), meaning the image does not actually depict Justin Bieber and Kourtney Kardashian as claimed. The module explicitly states there is 'no indication that they are Justin Bieber or Kourtney Kardashian'. Using an image that does not depict the subjects named in the headline to support a claim "
3169,Misinformation,0.9,False,True,"The claim is false on two counts. First, the factual date of Ian Gillan's birth is August 19, 1945, not May 19, 1945, as confirmed by multiple sources including Wikipedia and IMDb [1, 2, 3]. Second, the image provided is identified as AI-generated (confidence 0.8) and depicts a generic baby in a stroller, which is irrelevant to the specific historical figure and event mentioned. According to the definitive rule, if the image is AI-generated, the output must be Misinformation."
2004,Not Misinformation,0.6,False,True,"The image depicts a realistic basketball game scene, and the visual veracity signal indicates it is not AI-generated (confidence 0.0 for AI generation). The headline 'THERE IS A GAME A BASKETBALL GAME GOING ON' is a general statement that aligns with the visual content. While the specific timing ('today') or location cannot be verified without metadata, the claim is not demonstrably false or misleading in the context of the image provided, which shows a game in progress. The retrieved evidence confirms that basketball games are ongoing events (NBA, NCAA, etc.), supporting the plausibility of the claim. However, confidence is medium because the evidence does not explicitly link this specific image to a specific live event occurring at the moment of retrieval, leaving a slight ambiguity rega"
4046,Not Misinformation,0.9,False,True,"The headline states that George H.W. Bush died at 94 in New York. The retrieved evidence confirms that George H.W. Bush died on November 30, 2018, at the age of 94. While the evidence specifies he died in Houston, Texas, the core factual claim regarding his death and age is accurate. The module signal regarding relevancy notes the image shows him alive, which is a mismatch for a death announcement, but the prompt's definitive rule only mandates a 'Misinformation' label if the image is AI-generated (which it is not). Since the text claim is factually true (he did die at 94) and the image is a genuine photograph (not AI), the pair does not meet the criteria for the 'Misinformation' label under the strict rules provided. The location discrepancy (New York vs Houston) is a minor error in the h"
8531,Not Misinformation,0.9,False,True,"The image depicts a realistic kitchen scene with decorative elements, consistent with the claim of a 'smaller kitchen with a very decorated interior.' The visual veracity module indicates the image is not AI-generated (ai_generated=false), and there are no signs of manipulation. The retrieved evidence supports the existence and popularity of decorated small kitchen designs, confirming that such a scene is plausible and not inherently misleading. The partial alignment in relevancy is due to the limited visibility of the full room size, but the visible elements (decorated interior, kitchen setting) align with the claim."
ds8617,Misinformation,0.9,False,True,"The visual veracity module explicitly identifies the image as AI-generated with a high confidence of 0.8. According to the definitive rule, if the image is AI-generated, the output must be 'Misinformation' regardless of other signals. The image depicts a scene (parking meter, restaurant, parking lot) that is plausible but fabricated by AI, making it a misleading representation of a specific real-world event or location."
1052,Not Misinformation,0.9,False,True,"The claim is fully supported by the retrieved evidence. Evidence [3] from Apple's Newsroom confirms the iPhone 5C was introduced on September 10, 2013, in Cupertino, California. Evidence [2] from Apple's Newsroom and Evidence [1] from Simple English Wikipedia confirm the release date was September 20, 2013. Additionally, Evidence [1] from NBC News explicitly describes an image of an iPhone 5C being displayed during an Apple product announcement at the Apple campus on September 10, 2013, which matches the visual description in the claim. The module signals correctly identified the image as non-AI and relevant."
2929,Not Misinformation,0.9,False,True,"The image depicts a nurse with colorful hair, which aligns with the headline's subject. The retrieved evidence confirms that a nurse in West Virginia (identified as Mary Walls Penney) went viral for her response to criticism regarding her rainbow-colored hair, piercings, and tattoos. She posted on Facebook stating that her appearance has never hindered her ability to provide life-saving treatment, which matches the 'perfect response' described in the claim. The visual veracity indicates the image is not AI-generated, and the content is factually supported by multiple news sources."
5939,Misinformation,0.9,False,True,"The claim asserts that Vic Mensa has roots in Houston, Texas, which directly contradicts established biographical facts. Evidence confirms that Vic Mensa was born and raised in Chicago, Illinois, with Ghanaian, Irish, German, English, and Scottish ancestry, not Houston roots [1][3]. Furthermore, the image provided is identified as AI-generated (confidence 0.8), which triggers the definitive rule to classify the pair as Misinformation regardless of other signals. The visual content, featuring a fabricated book title, combined with the false geographical claim, constitutes misinformation."
ds3503,Misinformation,0.9,False,True,"The claim that 'The Hunger Games are based on a play' is factually incorrect; the franchise originated as a series of novels by Suzanne Collins, with a play adaptation created later. Furthermore, the visual evidence provided is AI-generated (confidence 0.8), which triggers the definitive rule to classify the pair as Misinformation regardless of the textual claim's nuance. The image depicts a surreal, non-coherent scene with garbled text, typical of AI artifacts, rather than a factual representation of a play or book."
ds6940,Misinformation,0.9,False,True,"The image is identified as AI-generated with high confidence (0.8). The visual evidence includes a surreal and unrealistic combination of a child reading a book next to a skeleton, along with garbled, nonsensical text on the book cover, which are strong indicators of synthetic media rather than a real photograph. According to the definitive rule, if the image is AI-generated, the output must be Misinformation regardless of other signals. Furthermore, the retrieved evidence does not support the specific claim that this is a real photo of an Indonesian girl reading a specific anti-trafficking comic; while anti-trafficking comics exist (e.g., in Nepal), there is no evidence linking this specific AI-generated image to a real event in Indonesia."
ds8840,Misinformation,0.9,False,True,"The image is identified as AI-generated with high confidence (0.8). According to the definitive rule, if the image is AI-generated, the output must be Misinformation regardless of other signals. Additionally, the visual content contradicts the claim: the truck is on grass, not green asphalt, and the scene appears unnatural for a construction vehicle."
ds4482,Misinformation,0.9,False,True,"The claim that 'San Juan Teamsters Didn't Show Up for Work to Distribute Relief Supplies' is false. Evidence from Snopes explicitly debunks the narrative that Puerto Rico's Teamsters Union went on strike or skipped work during disaster relief efforts, stating instead that they were actively working with local leadership to help members and communities [2]. Furthermore, the retrieved evidence indicates that the Teamsters were involved in relief efforts, such as sending supplies to hurricane-affected areas in North Carolina [2] and supporting members in San Juan [2]. The image provided is generic and does not depict the specific event described in the headline, which is factually unsupported by the available records."
ds4702,Not Misinformation,0.9,False,True,"The headline asks a question ('Why Friends Think She's Got A Secret') rather than stating a definitive false fact. The retrieved evidence confirms that Gwen Stefani and Blake Shelton have indeed welcomed a child (Harmony Iris Shelton) and that there are public discussions about their relationship dynamics (referred to as a 'secret ingredient' or 'third party' in interviews). The image is a genuine photograph of the couple. While the headline uses sensationalist language ('Secret'), it aligns with the public narrative regarding their family expansion and relationship advice, and does not constitute verifiable misinformation given the context of celebrity speculation and confirmed family news."
1231,Misinformation,0.9,False,True,"The claim states that Robert Griffin III (RGIII) was the quarterback for the Redskins during a game at Raymond James Stadium. However, evidence confirms that RGIII was released by the Washington Redskins in March 2016 and did not play for them after the 2015 season. The Redskins played at Raymond James Stadium in August 2016 and August 2017, but RGIII was not on the roster during these games. Therefore, the image cannot depict RGIII warming up as a Redskins quarterback at that stadium, making the headline factually incorrect regarding the player's tenure and presence."
4217,Not Misinformation,0.6,False,True,"The headline claims J.Lo and A-Rod are having 'passionate kisses' and their makeouts are 'next level'. While the couple officially split in 2021, recent evidence (Snippet 1 from Bossip and Snippet 2 from AOL) indicates they have reconciled or are attempting to rekindle their romance, with reports of them kissing in public and A-Rod visiting J.Lo. The image shows J.Lo, which is relevant to the subject, though it does not depict the specific event. The claim is not definitively false as it aligns with recent reconciliation rumors and reports of public affection, distinguishing it from a fabricated story about a current engagement or marriage. However, the 'next level' descriptor is subjective tabloid language, and the visual does not prove the specific act, leading to a medium confidence rat"
992,Not Misinformation,0.9,False,True,"The image depicts flooding in Michigan, and the retrieved evidence confirms that the Shiawassee River in mid-Michigan (specifically Owosso) has experienced significant overflow and flooding due to severe storms and heavy rainfall. Evidence [1] from WILX explicitly states the Shiawassee River overflowed, and Evidence [3] from MLive confirms FEMA funds were sent to Michigan residents and businesses affected by recent flooding and storms. The visual content aligns with the claim of high water affecting homes and businesses near the river and refuge area."
ds6586,Misinformation,0.9,False,True,"The image is identified as AI-generated with high confidence (0.9) by the module signals, depicting a surreal and physically impossible scenario of jellyfish floating in a bedroom. According to the definitive rule, if the image is AI-generated, the output must be Misinformation regardless of other signals. The headline 'a person holds their hand on a bed' implies a realistic, mundane action, which contradicts the fabricated, surreal nature of the image. The retrieved evidence confirms that while 'hand on bed' is a common stock photo theme, actual jellyfish do not float in bedrooms, and the specific image described (jellyfish in a bedroom) is a known output of AI image generators like Craiyon, further supporting the conclusion that the image is not a genuine representation of the claim."
ds1582,,,False,False,PARSE_FAILURE
ds6549,Misinformation,0.9,False,True,"The image is identified as AI-generated (confidence 0.8) by the visual veracity module, specifically noting the presence of surreal angel wings on the mother. According to the definitive rule, if the image is AI-generated, the output must be 'Misinformation' regardless of other signals. The headline describes a realistic scenario ('A smiling young mother holding her infant child'), but the image depicts a fantastical element (wings) that is not typical in a realistic context, making the image a synthetic fabrication rather than a genuine photograph of the described event."
ds1547,Not Misinformation,0.9,False,True,"The claim is factually accurate based on the retrieved evidence. The size of Watarrka National Park is approximately 105,700 hectares (often rounded to 105,200 in various sources or specific legal descriptions, but the magnitude is correct). The Martutjarra-Luritja people are identified in the evidence as the traditional owners and custodians of the land, specifically associated with Kings Canyon within the park. Evidence [3] from the Daily Mail and [3] from The Hotel Conversation explicitly link the Martutjarra-Luritja people to the custodianship of the area. While the module signals mentioned 'Anangu' as traditional owners, this is a broader term often used for Central Australian Aboriginal people, and the specific group for this region is indeed the Luritja/Martutjarra. The image is ver"
ds9027,Misinformation,0.9,False,True,"The visual veracity module explicitly identifies the image as AI-generated with a high confidence of 0.8, citing unnatural textures and overly perfect crust characteristics. According to the definitive rule, if the image is AI-generated, the output must be 'Misinformation' regardless of other signals. The headline claims the image depicts a specific real-world food item (Chicago style deep dish pizza with sausage), but since the image is synthetic, it cannot be a factual representation of such a dish, constituting misinformation."
ds8208,Not Misinformation,0.6,False,True,"The image depicts a protest, and the claim references activists protesting the Summer Olympics in Brazil regarding corruption and mismanagement. Evidence confirms that significant protests did occur in Brazil (Rio) during the 2016 Summer Olympics, driven by concerns over water pollution, broken promises, the construction of an Olympic golf course (Occupy Golf movement), and broader issues of corruption and economic inequality in Brazil [1, 3, 6]. While the specific image cannot be definitively linked to a specific date or location without metadata, the claim describes a real historical phenomenon supported by multiple sources. The visual veracity is confirmed as real (not AI-generated). Therefore, the claim is grounded in fact."
ds1877,Not Misinformation,0.9,False,True,"The claim states that Gordon Taylor settled into his role as chairman of the Professional Footballers Association (PFA) in November 1978 before moving to chief executive in 1981. Multiple retrieved evidence sources confirm these specific dates and roles. The Guardian explicitly states he 'became chairman in November 1978 and chief executive three years later' (Source 2). The Daily Mail confirms he 'initially became the chairman of the PFA back in November 1978' (Source 3). BBC and other sources confirm he headed the PFA as chief executive from 1981 (Source 1, Source 4). The image signals indicate the image is a genuine photograph (not AI-generated) and is partially aligned with the context, though it does not visually prove the specific date. However, since the textual claim is factually v"
ds1998,Not Misinformation,0.9,False,True,"The claim that increasing the pace of spending cuts is likely to spark more protests is supported by multiple pieces of evidence. Evidence [1] from the first query explicitly states that 'Episodes of instability occur twice as often when spending cuts reach 5% of GDP' and that 'Protests induced by austerity also attract far more participants'. Furthermore, recent news reports (Evidence [1], [2], [3] from the second query) document massive protests in France against President Macron's government specifically due to proposed public spending cuts, with tens of thousands to hundreds of thousands of people participating. The image depicts a protest with signs reading 'NO CUTS', which is consistent with the real-world events described in the evidence. The visual veracity check indicates the imag"
578,Not Misinformation,0.6,False,True,"The image depicts a plausible scene of flood mitigation efforts (using pumps/sandbags) in a location identified as Clarksville, Missouri, which has a documented history of Mississippi River flooding (Evidence [3], [4]). The module signals indicate the image is not AI-generated (visual_veracity ai_generated=false). While the specific individual 'Bob Bailey' and his rental properties cannot be definitively verified from the provided evidence snippets (Evidence [5] notes no specific info on Bob Bailey), the general context of the claim (flooding in Clarksville, MO, requiring pump usage) is factually supported by news reports of flood events in that town (Evidence [3], [6]). The claim is not demonstrably false or misleading in a way that suggests fabrication, but rather specific details that a"
ds4435,Not Misinformation,0.6,False,True,"The claim that Trump is 'removing Marines from the Navy' is factually incoherent because the United States Marine Corps is a distinct branch of the U.S. Armed Forces, separate from the U.S. Navy, although it operates under the Department of the Navy. There is no evidence in the retrieved snippets or general knowledge that Trump has removed Marines from the Navy, as they were never 'in' the Navy in a way that allows for such removal. The snippets discuss unrelated topics such as DEI policies, military standards, and political primaries. The image shows Marines in uniform, which is consistent with the subject matter but does not support the specific, nonsensical claim of removal from the Navy. Since the image is not AI-generated and the claim is based on a fundamental misunderstanding of mil"
4186,Misinformation,0.9,False,True,"The headline claims that James Van Der Beek is alive and interacting with Katie Holmes to make 'Jamie' jealous. However, the retrieved evidence confirms that James Van Der Beek died on February 11, 2026, at the age of 48. It is impossible for him to reignite a friendship or engage in posthumous social maneuvering. The headline relies on the false premise that the actor is alive. Additionally, the 'Jamie' referenced in the headline is likely a confusion with Jamie Foxx (Katie Holmes' ex-boyfriend) or a fictional character, but the core claim regarding James Van Der Beek's status is factually incorrect and constitutes misinformation."
ds5919,Misinformation,0.9,False,True,"The headline claims that Ares is the nephew of Zeus and Hera. However, established Greek mythology and the provided evidence confirm that Ares is the son of Zeus and Hera, not their nephew. Source [1] from Wikipedia explicitly states Ares is 'the son of Zeus and Hera,' and Source [2] confirms Zeus is the father of Ares. Therefore, the core factual claim in the headline is false."
ds379,Misinformation,0.9,False,True,"The claim states that 'Three people died' during the police raid in Saint-Denis. However, multiple verified sources confirm that only two people died during the raid: the suspected mastermind Abdelhamid Abaaoud and a woman who detonated an explosive device (killing herself and others nearby, but counted as one death in the immediate raid context or sometimes cited as two suspects total). Specifically, the Firstpost evidence [1] explicitly states the raid led to the 'death of two suspects'. The Wikipedia evidence [2] under 'November 2015 Paris attacks' states Abaaoud was killed 'along with two others', but clarifies in the snippet for the raid itself [1] under '2015 Saint-Denis raid' that it was a raid on an apartment. The key discrepancy is the number of deaths. While some reports might me"
ds3753,Misinformation,0.9,False,True,"The claim states that the Icelandic Coast Guard 'rarely performs a service,' which is factually incorrect. Evidence confirms that the Icelandic Coast Guard is a highly active agency responsible for search and rescue, maritime safety, national defense, and law enforcement. They maintain continuous listening watches, conduct regular patrols, and have recently increased operational tempo, including migrant rescues in the Mediterranean and surveillance in the Arctic. The image shows a vessel in turbulent waters, which is consistent with their active operational role, contradicting the notion of inactivity or rare service."
ds6032,Not Misinformation,0.9,False,True,"The image depicts a real ostrich interacting with a human, which aligns with the claim of 'interesting table manners' interpreted as unusual feeding behavior. Evidence confirms that ostriches are frequently fed by humans in sanctuaries and farms (e.g., in South Africa), often leading to chaotic or 'interesting' interactions where they may peck aggressively or unpredictably, as noted in viral videos and stock footage descriptions. The headline is a humorous description of this real-world behavior rather than a literal claim that the bird uses cutlery. The image is verified as not AI-generated."
3980,Misinformation,0.9,False,True,"The claim that 'Touch My Body is a law' is factually incorrect. 'Touch My Body' is a well-known song by Mariah Carey, released in 2008, not a piece of legislation. While laws exist regarding physical contact (such as assault or battery statutes), there is no specific law titled 'Touch My Body.' The image provided is a generic stock photo of a courtroom, which does not substantiate the specific claim. The module signals correctly identify that the image is not AI-generated but also note the lack of alignment with the specific subject. The retrieved evidence confirms that 'Touch My Body' refers to a song and that general laws on touching exist, but no specific law by that name exists."
ds2845,Not Misinformation,0.6,False,True,"The image depicts a gas pump, and the claim that such a pump exists in Arkansas is factually true, as Arkansas has numerous gas stations with premium pumps. The specific detail about a 'spider web' is a minor visual detail that is not contradicted by evidence (as spider webs are common on outdoor objects) and is not a verifiable news event requiring debunking. The module signals correctly identify that the image is real (not AI-generated) and that the core subject (gas pump in Arkansas) is valid. While the 'secluded' aspect and specific 'spider web' detail are not confirmed by news reports, they do not constitute misinformation in the absence of evidence to the contrary, especially given the low stakes and high likelihood of the visual being a genuine, albeit perhaps staged or coincidental"
1318,Not Misinformation,0.6,False,True,"The image is verified as a genuine photograph (AI-generated=false). The headline claims patrons are relaxing in theater seats or at a bar while waiting to play bocce. Evidence confirms that bocce is a popular game in bars (e.g., Tosso.com, Bar Bocce) and that venues like Pinstripes or similar social clubs often feature bocce courts alongside bar seating and lounge areas. While the specific 'theater seats' detail is not explicitly confirmed by the evidence snippets, the general scenario of patrons relaxing in a bar/lounge setting while waiting for or playing bocce is factually consistent with known venues. The image shows patrons at a bar, which aligns with the 'at a long bar' part of the claim. There is no evidence suggesting the image is fake or the claim is demonstrably false in a way th"
ds2773,Not Misinformation,0.9,False,True,"The image depicts a Bible and a Book of Mormon in a hotel room drawer, which aligns with the claim. Evidence confirms that Marriott hotels, which have a significant presence in Detroit, traditionally place both the Bible and the Book of Mormon in guest rooms due to the Marriott family's affiliation with the Church of Jesus Christ of Latter-day Saints [2, 3]. While the image does not explicitly identify the specific hotel, the presence of these specific texts together is a well-documented feature of Marriott properties, making the claim plausible and consistent with known industry practices. The visual veracity is confirmed as real (not AI-generated)."
ds8795,Not Misinformation,0.6,False,True,"The image is verified as real (AI-generated=false) and depicts two men in formal attire at night, which aligns with the claim's setting. While the specific details of 'wearing sunglasses' and 'crossing the street' are partially obscured or ambiguous in the low-resolution visual evidence, the claim describes a plausible scenario supported by general knowledge (men do wear sunglasses at night for fashion, and men do cross streets at night). The retrieved evidence confirms the cultural acceptability of wearing sunglasses at night and the existence of stock photos depicting men crossing streets at night, suggesting the image is likely a stock photo or a candid shot consistent with the description. There is no evidence of AI generation or malicious manipulation. The 'partial' alignment in the m"
6395,Misinformation,0.9,False,True,"The image is identified as AI-generated with high confidence (0.9) by the visual veracity module, which notes exaggerated facial features and unnatural proportions. According to the definitive rule, if the image is AI-generated, the output must be 'Misinformation' regardless of other signals. The headline 'dont worry beyonce nobody will ever know this was you' implies a deceptive or hidden identity, which aligns with the nature of AI-generated imagery masquerading as a real person. The retrieved evidence discusses Beyoncé's actual stage costumes and authenticity debates but does not validate the specific image as a real photograph of her, further supporting the conclusion that the image is fabricated."
ds5285,Misinformation,0.9,False,True,"The claim that Hillary Clinton is secretly planning to run for president in 2024 is false. Multiple evidence sources confirm that Hillary Clinton has publicly denied any intention to run in 2024. Specifically, she criticized President Joe Biden's 2024 reelection bid as a 'terrible mistake' and has focused on supporting other Democratic candidates rather than launching her own campaign. There are no reports of secret planning; instead, she has addressed rumors of a potential 2028 run, but explicitly ruled out 2024."
ds7674,Misinformation,0.9,False,True,"The image provided depicts a pile of debris or rocks, which is completely unrelated to the claim about visitor statistics in the Scottish Highlands. The module signals correctly identify that the image is not aligned with the claim (relevancy: false). While the specific statistic '80 of its visitors' is ambiguous (likely meaning 80% or a specific count), the primary issue is the mismatch between the visual evidence and the textual claim. The image does not support the claim in any way, and the retrieved evidence discusses general tourism motivations and impacts rather than validating this specific, oddly phrased statistic. However, the definitive rule for AI generation is not met (ai_generated=false). The core reason for 'Misinformation' here is the lack of evidentiary support and the irre"
2728,Not Misinformation,0.9,False,True,"The claim refers to the specific case of Scott Daniel Warren, a US border activist who faced up to 20 years in prison for providing water, food, and lodging to migrants. Evidence [2] from The Guardian confirms that a US jury could not reach a verdict (hung jury) in his case, effectively refusing to convict him despite the severe potential sentence. The module signals correctly identify the partial alignment and the real-world context of activists facing prison for helping migrants, with the specific detail of the jury's refusal to convict being factually accurate for this prominent case."
ds8721,Not Misinformation,0.6,False,True,"The image depicts a bowl of white rice and broccoli. The headline claims the image shows 'white rice, beef and a vegetable dish'. While the image clearly contains white rice and a vegetable (broccoli), it does not visibly contain beef. The module signals correctly identify this partial alignment, noting the absence of beef. However, the image is not AI-generated (visual_veracity ai_generated=false), and the content (rice and vegetables) is consistent with the general category of a rice and beef meal (where beef might be obscured or the description is slightly inaccurate regarding the specific visible components). Since the image is real and depicts a plausible component of the described meal, and the discrepancy is likely due to the headline being a general description rather than a precis"
ds9200,Misinformation,0.9,False,True,"The image is identified as AI-generated with high confidence (0.9) by the visual veracity module, citing unnatural blending of the dog's shirt and distorted anatomy. According to the definitive rule, if the image is AI-generated, the output must be 'Misinformation' regardless of other signals. The headline claims a specific scene ('plaid couch with a black dog'), but the image is synthetic and does not represent a real event or authentic photograph, constituting misinformation in the context of factual reporting."
ds3723,Misinformation,0.9,False,True,"The claim that 'The Originals' began airing in 2005 is factually incorrect; the series premiered on October 3, 2013. Furthermore, the image provided is identified as AI-generated (confidence 0.8), which triggers the definitive rule to classify the pair as Misinformation regardless of other signals. The visual content does not accurately represent the show's premiere era or specific promotional material from 2005, which is impossible as the show did not exist then."
7601,Not Misinformation,0.9,False,True,"The claim accurately describes the events surrounding the Holey Artisan Bakery attack in Dhaka on July 1, 2016. Multiple evidence sources confirm that Bangladeshi security personnel were deployed to the scene and stood guard near the restaurant during and after the siege. Specifically, evidence item [3] from the 'Bangladesh security personnel response July 2016' search explicitly contains the caption: 'Bangladeshi security personnel stand guard near a restaurant that has reportedly been attacked by unidentified gunmen in Dhaka, Bangladesh on July 1, 2016.' This matches the claim's description of the subject, location, and date. The image is verified as real (not AI-generated) and depicts security personnel in a context consistent with the reported event."
9081,Not Misinformation,0.6,False,True,"The image depicts a realistic lunch box containing sandwiches and carrots, which aligns with the claim. While the claim mentions a muffin and salad which are not clearly visible in the image, the module signals indicate only 'partial' alignment rather than a contradiction. The image is verified as not AI-generated (visual_veracity ai_generated=false). The retrieved evidence supports that sandwiches, carrots, salads, and muffins are all common items found in typical lunch boxes [1, 2, 3]. Therefore, the image is a plausible representation of the described lunch, and there is no evidence of deception or AI fabrication."
ds2006,Not Misinformation,0.6,False,True,"The image is verified as a genuine photograph (AI-generated=false) showing people lined up near an airplane, which aligns with the first part of the claim. The second part of the claim mentions 'others in military uniform'. While the retrieved evidence does not confirm a specific viral event matching this exact description (e.g., a specific protest or incident involving military personnel lining up near a plane), it does not contradict the visual possibility. Military personnel are frequently seen at airports (Evidence 2, 'Military Sleeping Airport' TikTok), and the visual veracity module notes that details are limited, making the presence of military uniforms plausible but unverified. Since the image is real and the claim describes a scene that is physically possible and not demonstrably "
ds6266,Misinformation,0.9,False,True,"The image is identified as AI-generated with high confidence (0.9), depicting a physically impossible scenario of a turkey flying over a cityscape. According to the definitive rule, if the image is AI-generated, the output must be 'Misinformation' regardless of other signals. The headline 'how no one has done this is beyond me' implies a real-world event or feat, which contradicts the fabricated nature of the image."
708,Not Misinformation,0.9,False,True,"The claim states that in 2011, Carmelo Anthony had to deny reports that his wife, La La Vazquez Anthony, was forcing him to seek a trade out of Denver. Evidence confirms that in April 2011, La La Vazquez Anthony explicitly denied making negative comments about the Denver Nuggets on a radio station, which she claimed was an April Fool's Day impostor (Evidence [1] from TMZ). While the specific phrasing 'forcing him to seek a trade' is a strong interpretation, the core event described—a public denial by the couple regarding La La's negative influence or statements about Denver during the trade rumor period—is supported by the timeline of events in 2011. The image is a genuine photograph (visual_veracity: false for AI), and the subjects are correctly identified. The claim aligns with the known"
ds354,Not Misinformation,0.9,False,True,"The claim states that Aon was unveiled as the sponsor of Manchester United in July 2010. Evidence confirms that while the sponsorship deal was signed in June 2009 and officially began on June 1, 2010, the new home kit featuring the Aon logo was revealed on July 14, 2010 [2]. This public unveiling of the sponsored kit aligns with the 'unveiled' aspect of the claim in July 2010. The image shows jerseys with the Aon logo, consistent with this period. Therefore, the claim is factually supported by the timeline of the kit reveal."
7119,Misinformation,0.9,False,True,"The headline claims Julian Assange is currently at the Ecuadorian embassy and calling for the threat of arrest to be lifted. This is factually incorrect. Evidence confirms that Assange was arrested at the Ecuadorian embassy in London on April 11, 2019, after Ecuador withdrew his asylum. He has since been released from UK prison and returned to Australia following a plea deal. He is no longer at the embassy, nor is he currently facing the specific threat of arrest from the UK in the context implied by the headline. The image shows him holding a newspaper, which does not depict the embassy setting described. The module signals correctly identify the visual as real but note the partial alignment; however, the core factual claim of the headline (current location and action) is false."
6424,Misinformation,0.9,False,True,"The image is identified as AI-generated with high confidence (0.9). The visual content depicts a fantastical, humanoid-bird creature (a mythological harpy) interacting with a human, which is biologically impossible and clearly not a real-world event. While the term 'harpy' can refer to the real Harpy Eagle, the image does not depict a bird of prey but rather a mythical monster. The headline 'harpy coming in for a landing' implies a real-world event involving the creature shown. Since the image is AI-generated and depicts a mythical entity rather than a real animal or person, presenting it as a factual event constitutes misinformation."
5060,Misinformation,0.9,False,True,"The headline claims that experts are warning against using smartphones due to harmful radiation linked to cancer. However, the retrieved evidence and module signals indicate that the scientific consensus does not support this claim. Major health organizations like the WHO, FDA, and CDC state that there is no definitive evidence linking smartphone radiation to cancer, and many experts argue that the risks are minimal or non-existent for typical use. While some studies suggest potential links to other issues (like male fertility) or specific conditions (like blue light effects), the broad warning against smartphone use due to cancer risk is not supported by the majority of expert opinion or current scientific data. The image is a generic stock photo and does not depict any specific warning o"
3899,Misinformation,0.9,False,True,"The claim states that the Tenth Doctor is accompanied by Rose Tyler in 'The End of Time'. While Rose Tyler was indeed a companion of the Tenth Doctor, she was not his companion during the 'The End of Time' specials. According to Doctor Who canon, Rose Tyler was left in a parallel universe at the end of Series 2 (specifically in 'Doomsday'). She made a brief, pivotal cameo appearance in the 2008 special 'The Stolen Earth' / 'Journey's End', but she did not accompany the Tenth Doctor in 'The End of Time' (2009/2010), where his primary companion was Donna Noble. The retrieved evidence confirms Rose was a companion of the Ninth and Tenth Doctors generally, but does not support her presence in 'The End of Time' as a companion. The image signals are ambiguous and do not override the factual inac"
ds511,Misinformation,0.6,False,True,"The claim contains multiple factual inaccuracies regarding the 'Whiskey Down' lounge at the MGM Grand in Las Vegas. First, the claim states it boasts 'more than 100 brown spirits'; however, evidence [1] from the official MGM Grand website and evidence [3] from Eater specify that it features 'more than 50' types of whiskies. Second, the claim describes it as a 'gaming lounge' on the casino floor; while evidence [3] confirms it is a 'high-end gaming lounge' with blackjack tables and video poker, the module's answer incorrectly states it has no gaming options, creating internal contradiction, but the primary misinformation lies in the exaggerated spirit count. The image is verified as real (AI generated: false), but the textual claim is factually incorrect based on the retrieved evidence."
3537,Misinformation,0.9,False,True,"The definitive rule states that if the image is AI-generated (visual_veracity ai_generated=true, confidence>0.6), the output must be Misinformation. The module signals indicate the image is AI-generated with a confidence of 0.8. Additionally, the claim 'Action films are a subgenre of martial arts films' is factually incorrect; evidence shows that martial arts films are often a subgenre of action films, or that action is a broader parent genre encompassing various subgenres including martial arts, not the other way around. However, the AI generation flag is the primary driver for the 'Misinformation' label per the instructions."
ds9777,Not Misinformation,0.9,False,True,"The claim that Des Warren and Ricky Tomlinson were blacklisted for their union activity is supported by evidence. They were part of the 'Shrewsbury 24', a group of trade unionists imprisoned in 1972/1973 for their role in a strike at a construction site. Evidence confirms that after their release, Ricky Tomlinson was unable to find work in the building industry and fell into poverty, which constitutes a form of blacklisting or professional suppression due to their union activism. While the specific year '1975' in the headline might refer to a later period of their careers or a specific documentary/film reference (they starred in 'They Were Great' is likely a confusion with other works or a specific local production, but the core assertion of blacklisting for union activity is factually gro"
5524,Misinformation,0.9,False,True,"The claim that Jennifer Aniston sabotaged Brad Pitt's Hollywood comeback is false. Evidence indicates that their divorce in 2005 was attributed to differing life goals, demanding careers, and views on parenthood, not sabotage [2, 3]. Furthermore, Brad Pitt has remained active in Hollywood, with recent appearances such as the 'Babylon' premiere in 2023, and there are no credible reports linking Aniston to any sabotage of his career [2]. The headline relies on a fabricated narrative of 'divorce drama' causing professional harm, which contradicts the established facts of their amicable separation and Pitt's continued success."
ds4669,Misinformation,0.9,False,True,"The headline claims that Bradley Cooper and Lady Gaga are in the film 'A Star Is Born'. While the film facts are correct (it is a remake starring them), the module signals explicitly state that the image does not depict Bradley Cooper or Lady Gaga and is not aligned with the subject of the headline. In the context of image+headline pairs, using an image that does not show the subjects mentioned in the headline constitutes a mismatch, often used to mislead readers about the visual content associated with the story. Since the image is not AI-generated but is visually irrelevant/misleading regarding the specific claim of who is in the picture, it is classified as Misinformation due to the lack of alignment between the visual evidence and the textual claim."
2169,Not Misinformation,0.9,False,True,"The image displays a collection of personal items including shoes, a cap, an iPod, and a name tag, which aligns with the headline's description. The visual veracity module confirms the image is not AI-generated (ai_generated=false). The retrieved evidence supports the existence and context of these items (iPods as discontinued media players, name tags for events, common bag contents), validating the plausibility of the scene. There is no evidence of manipulation or false context."
889,Not Misinformation,0.6,False,True,"The claim states that migrants are seen on the shore in the eastern Aegean island of Rhodes, Greece. The retrieved evidence confirms that Rhodes is indeed facing a significant migrant crisis, with reports of undocumented migrants arriving by boat and settling in the area (Evidence [1] from rmx.news). The module signals indicate the image is not AI-generated (visual_veracity.ai_generated=false) and is partially aligned with the context. While the specific image cannot be geolocated to Rhodes with 100% certainty without metadata, the event described (migrants on the shore in Rhodes) is factually supported by news reports of the ongoing crisis there. The confusion in the evidence snippets between 'Rhodes' (Greece) and 'Rhode Island' (USA) is noted, but the relevant Greek context is well-docum"
ds4772,Misinformation,0.9,False,True,"The headline claims Ed Sheeran admitted he could 'bed hot women' because of Taylor Swift. The retrieved evidence and module signals indicate that while Ed Sheeran and Taylor Swift are close friends and collaborators, there is no record of him making such a statement. The only notable comment Sheeran made about Swift's age/maturity was describing her as a 'middle-aged woman trapped in a 20-something's body' (Evidence [2] from etonline.com), which is unrelated to the claim about dating 'hot women'. Furthermore, the module signals explicitly state that the image is not aligned with the headline (relevancy aligned: false) and that sources do not contain specific comments from Sheeran regarding dating 'hot women' (Answers Q3, Q4). The claim appears to be a fabricated or heavily distorted interp"
ds372,Misinformation,0.9,False,True,"The claim asserts that the specific rusting emergency vehicle in the image was used in the 1970 protests at Jackson State College. While the 1970 Jackson State killings were a real historical event involving police and students, there is no evidence in the retrieved snippets or general historical records linking a specific 'rusting emergency vehicle' shown in a generic stock-style photo to that event. The image appears to be a generic depiction of a rusted vehicle, likely a stock photo or unrelated artifact, rather than a documented piece of evidence from the 1970 incident. The module's answer claiming a rusting vehicle is 'associated' with the protests is likely a hallucination or a misinterpretation of symbolic imagery, as no such specific vehicle is a known historical artifact of the ev"
6440,Misinformation,0.9,False,True,"The image is identified as AI-generated with high confidence (0.9) by the visual veracity module, depicting a surreal and physically impossible scenario of a leader on mechanical stilts. According to the definitive rule, if the image is AI-generated, the output must be Misinformation regardless of other signals. The claim that Kim Jong-un has 'stilt legs' adjusted is factually baseless and visually fabricated by the AI generation process."
ds2864,Not Misinformation,0.6,False,True,"The image shows colored eggs, and the claim attributes the speckled appearance to dye leaking during peeling. While the provided evidence does not explicitly confirm that 'leaking during peeling' is the standard or only cause of such patterns, it does not refute it either. Evidence [2] under 'How to dye eggs with polka dots' describes a common method using stickers, but does not exclude other methods. The visual veracity is confirmed as real (not AI-generated). The claim describes a plausible physical phenomenon (dye transfer/leakage) that can result in speckled patterns, even if it is not the most common artistic technique (stickers). Since there is no evidence proving the image is fake or the claim is factually impossible, and the image is real, it is classified as Not Misinformation, th"
ds9049,,,False,False,PARSE_FAILURE
1505,Not Misinformation,0.6,False,True,"The claim that business rates have added approximately £500m to retailers' costs over the past three years is consistent with evidence of significant, cumulative cost increases. Retrieved evidence indicates a £140m hike scheduled for April 2024 and a £242m increase also attributed to business rates pressures (likely from the same or adjacent fiscal periods/announcements). Combined with other cited increases (e.g., £367m from wage changes, though distinct, the business rate component alone is substantial), the cumulative impact of business rate adjustments and related fiscal pressures over a three-year period plausibly reaches or exceeds the £500m figure cited. The image is a generic stock photo of a shopping mall, which is relevant but not specific; however, since the image is not AI-gener"
ds1418,Not Misinformation,0.6,False,True,"The claim describes a specific event: the 'Alternative Olympic Opening Ceremonies' featuring Brazilian music stars. The retrieved evidence confirms that 'Alternative Olympic Opening Ceremonies' are real events that have occurred (e.g., in Warsaw in 2008, as noted in the module signals, though not explicitly in the top 3 snippets, the concept is valid). The image shows a live music performance with a crowd, which is consistent with a music event. The module signals indicate the image is not AI-generated. While the specific connection between this exact image and a 'Brazilian music' event at an 'Alternative Olympic' ceremony is not definitively proven by the provided snippets (which are generic), there is no evidence contradicting the possibility. The claim is plausible and not demonstrably "
690,Misinformation,0.9,False,True,"The claim states that Gus Malzahn was the Auburn coach on the sideline during the third quarter. Evidence confirms that Gus Malzahn was fired as Auburn's head coach after the 2020 season and has not coached for Auburn since. As of 2023 and 2026, he is not the Auburn coach (having served at UCF and Florida State, and recently retiring). Therefore, any image or claim depicting him as the current Auburn coach on the sideline is factually incorrect and constitutes misinformation."
ds7963,Not Misinformation,0.9,False,True,"The claim states that 96 people died at the 1989 FA Cup semifinal at Hillsborough. Historical records and inquests confirm that 96 Liverpool fans died as a result of the Hillsborough disaster, which occurred during this specific match. Although the module signals indicate the image is not visually aligned with the event (showing a generic memorial rather than the stadium or crowd), the textual claim itself is factually accurate. The definitive rule for 'Misinformation' applies only if the image is AI-generated, which it is not. Therefore, despite the irrelevant image, the claim is not misinformation."
ds9935,Misinformation,0.9,False,True,"The headline claims David Cameron is 'celebrating himself' as he heads to the EU summit. However, the retrieved evidence indicates that David Cameron's final EU summit in Brussels (June 2016) was characterized by 'sadness and regret' following the Brexit vote, not celebration. Furthermore, the module signals explicitly state that the image is not aligned with the headline, showing him in a parliamentary setting rather than at the summit, and the image does not depict him celebrating. The claim of 'celebrating himself' is factually inconsistent with the historical context of his departure from the EU negotiations and visually unsupported by the provided image."
4960,Not Misinformation,0.9,False,True,"The headline 'J-Rod! Jennifer Lopez and Alex Rodriguez on Love, Beauty, and Redemption' is a direct match for the title of a major cover story published in Vanity Fair's December 2017 issue. Evidence [1] and [2] from the retrieved set confirm that this specific article exists and features the couple discussing these exact themes. The image depicts the couple in a romantic setting, which aligns with the content of that specific interview/feature. Although the couple has since split (as noted in other evidence), the headline accurately describes the specific media event (the 2017 interview) it references, rather than making a false claim about their current relationship status. Therefore, the pairing is factually grounded in the existence of that specific publication."
5286,Misinformation,0.9,False,True,"The claim that Biden accepted illegitimate votes in the 2020 election is false. Extensive investigations, recounts, and audits by both partisan and non-partisan entities, as well as numerous court rulings, have found no evidence of widespread voter fraud that would have altered the election outcome. The White House and election officials confirmed the integrity of the election. The image of Biden speaking is unrelated to the specific false claim about vote legitimacy, and the retrieved evidence from reputable fact-checkers (like USA Today and Snopes) and legal records confirms the election results were legitimate."
ds6300,Misinformation,0.9,False,True,"The image is identified as AI-generated (confidence 0.9) and depicts a surreal scene involving a cartoon character, which is a clear indicator of manipulation and lack of visual veracity. Furthermore, the claim that Hillary Clinton broke ground at 'Goldman's Pharmacy' is factually false. Evidence shows that 'Goldman's Pharmacy' is a fictional location from the animated series 'Family Guy' (owned by Mort Goldman), not a real-world business. While Hillary Clinton has given speeches at Goldman Sachs (a financial firm), there is no record of her participating in a groundbreaking ceremony for a pharmacy, especially one with a fictional name. The combination of an AI-generated image and a completely fabricated event constitutes misinformation."
ds9486,Misinformation,0.9,False,True,"The visual veracity module explicitly identifies the image as AI-generated with a high confidence of 0.8, citing unnatural anatomical structures such as extra limbs and hands. According to the definitive rule, if an image is AI-generated, it must be classified as Misinformation regardless of other signals. The retrieved evidence confirms that while striped cats and their interaction with sneakers are real-world phenomena, the specific image provided is a synthetic creation, not a factual depiction of the claimed scene."
ds252,Not Misinformation,0.9,False,True,"The claim states that Dave Lee Travis was one of broadcasting's biggest stars in the 70s and 80s. This is directly supported by Evidence [1] from BBC News, which explicitly states: 'In the 70s and 80s, Dave Lee Travis was one of broadcasting's biggest stars.' Additional evidence from Wikipedia and IMDb confirms his prominence during this era, particularly his role on 'Top of the Pops' from 1973 to 1984. The image is verified as not AI-generated. Therefore, the claim is factually accurate."
7904,Misinformation,0.9,False,True,"The image is a clear misrepresentation of the claim. The claim specifies 'Boys from the Mandari tribe' in 'Terekeka' in 'September 2012'. However, the visual evidence shows three adult men, not boys. Furthermore, the Mandari tribe is primarily known as pastoralists (cattle herders), not fishermen, and the image does not depict the specific context of waiting for fishing boats in Terekeka. The retrieved evidence confirms that while Terekeka is a fishing community, the Mandari are associated with cattle herding across the Nile (Evidence [3] from Oxford), and the image does not match the demographic (boys vs. men) or the specific activity described. The module signals correctly identified the lack of relevancy (confidence 0.0) and the mismatch in subject matter. Although the visual veracity m"
ds4659,Not Misinformation,0.9,False,True,"The claim that Kanye West auditioned for American Idol in San Francisco and brought Kim Kardashian is factually supported by multiple credible sources. Evidence [1] and [3] confirm that Kanye West performed a surprise audition for American Idol in San Francisco, and Evidence [1] explicitly notes that Kim Kardashian teased the event on social media, confirming her presence/association with the event. While the specific image provided might be a generic photo of the couple (as the module signals suggest it doesn't definitively prove the specific moment), the core factual claim of the headline is true. The event did happen, and Kim Kardashian was involved in the context of the event (teasing it, and historically associated with him in SF). Therefore, the headline is not misinformation."
6609,Misinformation,0.9,False,True,"The image is identified as AI-generated with high confidence (0.9) by the visual veracity module. The scene depicts a horse levitating on a rocking chair in a cloudscape, which is physically impossible and characteristic of AI synthesis rather than reality. According to the definitive rule, if the image is AI-generated, the output must be Misinformation regardless of other signals. The retrieved evidence supports that while staged photos of horses on furniture exist (e.g., Andalusian horses on armchairs), they are distinct from the surreal, levitating scenario presented here, confirming the image is not a genuine depiction of a real-world event."
5292,Misinformation,0.9,False,True,"The headline claims that a secret recording exposes Joe Biden promising to 'abolish the Second Amendment.' This is factually incorrect. Evidence indicates that while Biden supports stricter gun control measures (such as universal background checks and assault weapon bans), he has consistently stated that he respects the Second Amendment and does not seek to abolish it. For instance, his campaign website explicitly states the goal is to 'respect the Second Amendment' while addressing gun violence. The 'secret recording' referenced in the module signals appears to be a 2019 Spanish-language ad, which did not contain such a promise. Therefore, the headline misrepresents Biden's stated position and the content of the recording, constituting misinformation."
5049,Not Misinformation,0.6,False,True,"The headline describes a subjective phenomenon (fan outrage over rankings) rather than a verifiable factual claim about a specific event. The retrieved evidence confirms that 'The Bachelorette' frequently faces controversies regarding producer manipulation and that various media outlets publish ranked lists of seasons, which often spark debate among fans (e.g., the cancellation of a season, debates over specific leads like Jenn Tran). The image is identified as a generic stock-style photo (not AI-generated) and is only partially relevant, serving as a visual placeholder for the topic. Since the claim reflects a real, ongoing discourse within the fandom and media coverage, and the image is not deceptive AI content, it is classified as Not Misinformation, though the specific 'outrage' is sub"
ds8246,Misinformation,0.9,False,True,"The module signals explicitly state that the image is not aligned with the headline (relevancy: false) because it depicts a different individual than Tony Abbott. While the visual veracity check indicates the image is not AI-generated, the fundamental mismatch between the subject of the image and the subject of the headline renders the pair misleading. The headline concerns Australian politics (Tony Abbott, Canberra), while the retrieved evidence for the 'answers' section incorrectly conflates this with US politics (President Biden's budget), further indicating a lack of factual grounding for the specific claim-image pairing. The primary reason for the 'Misinformation' label is the visual mismatch identified in the module signals, which violates the core requirement that the image must sup"
5575,Misinformation,0.9,False,True,"The claim that Bradley Cooper and Lady Gaga were spotted kissing on a romantic getaway to Italy is false. While the two stars were indeed in Italy for the Venice International Film Festival premiere of 'A Star Is Born' in 2018, there are no credible reports or evidence of them engaging in a romantic getaway or kissing in that context. Their relationship was professional and friendly, centered around their collaboration. The image likely depicts a generic couple or a different event, and the headline misrepresents their public interactions as a private romantic affair. The retrieved evidence confirms their presence in Italy for the festival but does not support the specific claim of a romantic kissing incident, and recent news indicates they remain friends with Gaga recently inviting Cooper"
561,Not Misinformation,0.9,False,True,"The claim states that Hurricane Matthew was photographed from the ISS on the afternoon of Oct 3, 2016. Evidence from NASA confirms that the ISS tracked Hurricane Matthew and captured images during this period. Specifically, NASA reports images taken on Oct 4, 2016, and mentions views captured on Oct 7. While the specific date in the claim (Oct 3) differs slightly from the explicitly dated Oct 4 photo, the storm was active and visible from the ISS during the Oct 3-4 timeframe as it approached Haiti and the Caribbean. The module signals correctly identify the image as genuine (not AI-generated) and relevant. The slight discrepancy in the exact date (afternoon of Oct 3 vs Oct 4) is a minor temporal inaccuracy in the headline's specificity, but the core assertion that the storm was photographe"
1970,Not Misinformation,0.6,False,True,"The image is identified as a standard bar graph from the 'Cancer Patient Experience Survey 2011/12', which is a real, verifiable UK government survey (confirmed by evidence items [1] and [2] under the second Q). The visual veracity check indicates the image is not AI-generated. While the specific data point regarding 'younger vs older patients' regarding financial help is not explicitly detailed in the provided evidence snippets (which focus on overall care experience and inequalities), the image itself appears to be a legitimate representation of data from that specific survey. There is no evidence of manipulation or AI generation. The claim aligns with the subject matter of the survey. Therefore, it is not classified as misinformation based on the provided signals and evidence."
ds1060,Not Misinformation,0.6,False,True,"The image depicts a man holding a child at a candlelight vigil, which aligns with the claim. While the specific identity of the individuals or the exact event is not definitively confirmed by the visual alone, the retrieved evidence confirms that multiple candlelight vigils have occurred in New York involving diverse groups, including community members and families. The visual content is consistent with the general description of such events (e.g., vigils for Inisa BK, journalists, or others) where attendees may include parents and children. The image is not AI-generated. Without specific metadata linking this exact photo to a false narrative (e.g., claiming it is a specific political event it is not), the claim that 'a man holds his son while participating in a candlelight vigil' is a pla"
ds3938,Misinformation,0.9,False,True,"The claim states that Northwestern University is a founding member of the Big Ten Conference starting in 1893. However, the retrieved evidence explicitly states that the Big Ten Conference was founded in 1896 as the Intercollegiate Conference of Faculty Representatives (Sources [1] and [3] from the 'When was the Big Ten Conference founded?' section). While Northwestern is indeed a charter member (Source [1] from the 'Is Northwestern University in the Big Ten?' section), the founding year is 1896, not 1893. Therefore, the specific date in the claim is factually incorrect."
6399,Misinformation,0.9,False,True,"The image is identified as AI-generated with high confidence (0.8), depicting an impossible scenario of police officers posing with fictional characters (Ninja Turtles). The retrieved evidence confirms that no such event involving Polish police and Ninja Turtles exists; instead, search results point to stock imagery of the characters and unrelated news stories about real turtles or costume events. The combination of AI generation and lack of factual basis classifies this as misinformation."
6807,Misinformation,0.9,False,True,"The image is identified as AI-generated with high confidence (0.9) by the visual veracity module. The image depicts a dragon, a mythical creature, cooking vegetables, which is a fantastical scenario that does not exist in reality. According to the definitive rule, if the image is AI-generated, the output must be Misinformation regardless of other signals. The claim describes a realistic scene ('large bowl with vegetables and broccoli'), but the image provided is a fictional, AI-created depiction of a dragon, making the pairing misleading or false in the context of factual representation."
ds9233,Not Misinformation,0.9,False,True,"The image depicts a realistic scene of people waiting at a bus terminal, and the module signals confirm the image is not AI-generated (ai_generated=false). The claim that 'Many people are waiting for a bus at the bus terminal' is consistent with the visual evidence and general knowledge about bus terminals, which are hubs for passenger waiting. The retrieved evidence supports the existence of such scenes and the high volume of people at terminals (e.g., Port Authority Bus Terminal serving 200,000+ daily, stock photos showing crowds waiting). There is no evidence suggesting the image is fake or the claim is false."
7506,Not Misinformation,0.6,False,True,"The image is a real photograph of Dedham Vale (visual veracity ai_generated=false), depicting the landscape associated with the claim. The claim references a specific phenomenon: coach parties from Shenzhen visiting the area. While the provided web evidence snippets do not explicitly confirm the existence of 'coach parties from Shenzhen' (they focus on general tourism, John Constable, and general autumn trends), they do not contradict it either. The 'answers' module provided in the prompt context explicitly states that such visits occur (conf: 0.9), which serves as a supporting signal for the claim's plausibility. Since the image is authentic and the specific claim, while not directly proven by the limited snippets, is not refuted and is supported by the internal answer module, it is class"
251,Not Misinformation,0.9,False,True,"The claim is supported by evidence. Sameena Jabeen Ahmed won the 'Best British Newcomer' award at the 2014 BFI London Film Festival for her role in 'Catch Me Daddy'. Evidence [2] from Getty Images explicitly states that she received this award with presenters James Corden and Finola Dwyer. Therefore, the image depicting her receiving an award from James Corden is consistent with the factual record of that specific event."
ds1760,Misinformation,0.9,False,True,"The claim states that 'Last year' hundreds of thousands of people joined a 400 km human chain. The evidence indicates that the most prominent 400 km+ human chain event, the Baltic Way, occurred in 1989, not last year. While there was a massive human chain in India in 2020 (last year relative to a 2021/2022 context, or potentially 'last year' if the current date is 2021), that event was 18,000 km long and involved 50 million people, not 400 km and 'hundreds of thousands'. The specific combination of '400 km' and 'hundreds of thousands' does not match any recent major event. The Baltic Way fits the distance (approx 675km, often rounded or misremembered) and scale (2 million), but the timing is completely wrong. Therefore, the headline misattributes a historical event to the recent past, cons"
ds5403,Not Misinformation,0.6,False,True,"The image depicts a real protest scene with an 'IMPEACHMENT' banner, and the module signals confirm it is not AI-generated. The headline presents a speculative question ('Political Strategy or Strategic Distraction?') regarding the motivations behind impeachment talk. The retrieved evidence confirms that impeachment is indeed a topic of political discussion (specifically regarding investigations into Donald Trump, as noted in the CNBC article), and that concepts of 'political elites' and 'discourse manipulation' are valid subjects of political science and media analysis. The headline does not assert a false fact but rather frames a debate or speculation about political strategy, which is consistent with the available information that Democrats are currently focusing on investigations rathe"
ds8604,Misinformation,0.9,False,True,"The image is identified as AI-generated with high confidence (0.8) due to unnatural anatomy, specifically extra limbs on the zebras. According to the definitive rule, if the image is AI-generated, the output must be Misinformation regardless of other signals. The headline claims zebras are socializing on rocks in an artificial lake, but the visual evidence is fabricated and does not depict a real event."
ds8578,Not Misinformation,0.6,False,True,"The image depicts a man leaning over the back of a truck, which aligns with the visual description in the claim. While the specific location (Walmart) is not definitively verifiable from the image alone, the retrieved evidence confirms that there are viral incidents involving men and trucks at Walmart locations, such as a man driving a truck through a Walmart door in Indianola, Mississippi [1]. The module signals indicate the image is not AI-generated (visual_veracity ai_generated=false), and the relevancy is marked as 'partial' because the specific background details are unclear. Since the image is real and depicts a scenario consistent with reported news events (truck incidents at Walmart), it is not classified as misinformation, although the specific context of the image cannot be fully"
6114,Misinformation,0.9,False,True,"The image is identified as AI-generated with high confidence (0.8). The visual content depicts a surreal and non-standard watch face featuring a person in a uniform, which does not resemble a Mickey Mouse watch. The claim specifically references a 'mail order mickey mouse watch from russia'. Since the image is AI-generated and does not depict the subject matter (Mickey Mouse), it is a fabricated visual used to support a misleading or false narrative, constituting misinformation."
8341,Not Misinformation,0.9,False,True,"The claim consists of two parts: 1) The Riverside Museum is the European Museum of the Year 2013, and 2) it has seen a drop in visitors. Evidence [1], [2], and [3] from the retrieved set confirm that the Riverside Museum in Glasgow was indeed awarded the European Museum of the Year Award in 2013. Regarding the second part, while specific 2023 statistics for the Riverside Museum are not explicitly detailed in the snippets, Evidence [2] from the Museums Association reports a general trend where visitor numbers are down 10% on average across museums compared to pre-pandemic levels. Given that the Riverside Museum is a major public attraction, it is highly probable it follows this broader industry trend. The image is verified as real (not AI-generated) and depicts a waterfront scene consistent"
1152,Not Misinformation,0.9,False,True,"The image depicts Howard Stern and his wife Beth Ostrosky, which aligns with the claim that they were in attendance at an event. Evidence confirms that the couple frequently attends public events together, such as the 2017 North Shore Animal League America Gala and various other social functions. The visual content is identified as real (not AI-generated) and consistent with their public appearances. Therefore, the claim is supported by evidence."
ds5714,Misinformation,0.9,False,True,"The image is identified as AI-generated with high confidence (0.8). According to the definitive rule, if the image is AI-generated, the output must be Misinformation regardless of other signals. Additionally, the claim that Babur was an 'Educator Paving the Way for Educational Excellence' is historically inaccurate; while he founded the Mughal Empire and wrote memoirs, there is no evidence of specific educational reforms or a role as an educator, making the headline misleading in conjunction with the fabricated visual."
ds9888,Misinformation,0.9,False,True,"The claim states that Jerzy Janowicz took the first set on a tiebreak and that the crowd would be delighted. Evidence confirms that Janowicz did win the first set against Andy Murray at Wimbledon 2013 via a tiebreak (7-6) [4][2]. However, the claim that the 'vast majority' of people watching would be 'delighted' is factually incorrect and misleading in the context of the specific match referenced (Wimbledon 2013 Semi-final vs Murray). Andy Murray was the home favorite and eventual finalist, and the crowd at Wimbledon was overwhelmingly supportive of Murray. Janowicz's victory was considered a major upset, and the crowd's reaction was typically described as stunned or respectful of the performance, but certainly not 'delighted' in the sense of cheering for the underdog over the home hero. F"
7531,Not Misinformation,0.9,False,True,"The image depicts a protest scene, and the retrieved evidence confirms that Occupy London protests did indeed take place at St Paul's Cathedral in London, including specific incidents where protesters chained themselves to the pulpit. The module signals indicate the image is real (not AI-generated) and partially aligned with the claim. While the image itself may not explicitly show the cathedral's exterior to confirm the location visually with 100% certainty, the historical fact that such protests occurred at this location makes the headline factually grounded. There is no evidence of AI generation or deliberate falsification of the event's occurrence."
1795,Not Misinformation,0.9,False,True,"The claim states that Justin Fashanu is described as intelligent, witty, honest, and articulate in Nick Baker's book 'Forbidden Forward'. Evidence confirms that Nick Baker is the author of 'Forbidden Forward: The Justin Fashanu Story' [1, 2]. The book is described as a 'sensitive but brutally candid portrait' [1] and a 'meticulously researched' biography [2, 3] that covers Fashanu's life, including his struggles with abuse and his identity as the first English player to come out as gay [2, 3]. While the specific adjectives 'intelligent, witty, honest and articulate' are not explicitly quoted in the provided snippets, the book's description as a candid, nuanced, and detailed biography of a complex figure supports the plausibility of such character descriptions. The image is a genuine photog"
7759,Not Misinformation,0.6,False,True,"The image depicts a power station with cooling towers, which is consistent with the Severn Power Station (formerly Dong Energy) in Newport, South Wales, as confirmed by evidence [1] and [2] which explicitly link Dong Energy to a gas-fired power station in Newport and provide photographic context. The claim regarding the UK government's proposal of gas as a 'bridging technology' is supported by evidence [2] under the 'stance' query, which notes the government's focus on gas as a bridging fuel, and evidence [3] under the 'role' query, which discusses the limited role of gas as a bridge in the UK. While the image does not explicitly label the station, the visual features align with known images of the Severn Power Station, and the textual claims are factually grounded in the provided evidence"
5697,Misinformation,0.9,False,True,"The image is identified as AI-generated (confidence 0.8), which triggers the definitive rule to classify the pair as Misinformation. Furthermore, the claim that NASA has discovered a 'second moon' that is 'potentially habitable' is factually incorrect. While Earth has temporary quasi-satellites (mini-moons) like 2024 PT5 or 2025 PN7, these are small asteroids, not habitable moons. NASA has not announced the discovery of a permanent, habitable second moon. The visual content depicts a surreal, impossible scenario (a large planet visible indoors), reinforcing the fabricated nature of the claim."
3769,Misinformation,0.9,False,True,"The claim 'Tangled is a shoelace' is factually incorrect. Evidence confirms that 'Tangled' is primarily known as a 2010 Disney animated film [1] or an adjective meaning twisted/complicated [1, 2]. Shoelaces are not called 'Tangled'; the ends are called aglets [2, 3]. Furthermore, the module signals indicate the image is AI-generated (ai_generated=true, confidence=0.8). According to the definitive rule, if the image is AI-generated, the output must be Misinformation regardless of other signals."
4905,Not Misinformation,0.9,False,True,"The headline claims that reports of Lindsay Shookus being pregnant with Ben Affleck's baby are untrue. Evidence confirms that Lindsay Shookus and Ben Affleck ended their relationship in 2019 (Source 1, 2, 3 under relationship status). Furthermore, multiple sources explicitly state that there are no credible reports of them expecting a baby together and that they do not plan to expand their families (Source 1 under baby news). The module signals correctly identify that the image is not AI-generated and is not relevant to the specific claim (as it doesn't depict the subjects), but the textual claim itself is factually accurate based on the current status of the individuals. Therefore, the headline is not misinformation."
6026,Misinformation,0.9,False,True,"The image is identified as AI-generated with high confidence (0.8), which triggers the definitive rule to classify the pair as Misinformation regardless of other signals. The headline 'oh god jay no youre killing everybody' is sensational and lacks context, while the image appears to be a manipulated or synthetic depiction of a talk show setting, further supporting the conclusion that this is not a genuine representation of a real event."
5977,Misinformation,0.9,False,True,"The claim states that Konidela Production Company has emerged as a key player in the Chinese entertainment industry. However, all retrieved evidence and module signals confirm that Konidela Production Company is an Indian film production company based in Hyderabad, established by Ram Charan, focusing exclusively on Indian (Telugu/Hindi) cinema. There is no evidence of any expansion, projects, or involvement in the Chinese entertainment industry. The claim is factually false regarding the company's operations and geographic focus."
104,Not Misinformation,0.9,False,True,"The claim states that while there are hundreds of commercial airlines, not all have inflight connectivity. Evidence confirms there are over 5,000 airlines globally (Wikipedia), and recent benchmarks indicate that only about 70% of airlines offer onboard Wi-Fi, with significant gaps between legacy carriers and budget airlines (Moment Tech, Simple Flying). Therefore, the statement that 'not all' have connectivity is factually correct. The image, showing model airplanes, is a generic representation of the industry and does not contradict the claim, nor is it AI-generated."
ds9954,Misinformation,0.9,False,True,"The claim asserts that Jinyun and Yahong are celebrating in Morecambe Bay. However, the retrieved evidence and internal module signals indicate that Jinyun and Yahong are associated with a tragic event where their husbands died as cocklepickers in Morecambe Bay (a reference to the 2004 Morecambe Bay cockle pickers disaster). The names 'Jinyun' and 'Yahong' in the context of this specific tragedy likely refer to the wives of the victims (e.g., Yan Hong and potentially a misidentified or less prominent name like Jinyun, or a confusion with other victims' families). More importantly, the event was a disaster and subsequent legal proceedings, not a celebration. The image shows two women, but there is no evidence linking them to a 'celebration' in Morecambe Bay; rather, the context implies a so"
ds9091,Not Misinformation,0.6,False,True,"The claim describes a specific artistic composition (colorful umbrella in a black and white city scene). The module signals indicate that the image does not match this description (relevancy aligned: false), meaning the image provided is likely not the one described by the headline. However, the visual veracity signal indicates the image is not AI-generated (ai_generated: false, confidence 0.2). According to the definitive rule, we only output 'Misinformation' if the image is AI-generated. Since the image is real, the mismatch between the image and the headline suggests a labeling error or a mismatched media asset rather than AI-generated disinformation. The retrieved evidence confirms that such stock photos exist, validating the plausibility of the claim itself, even if the specific image"
ds1846,Misinformation,0.9,False,True,"The claim asserts that police set fire to a vehicle belonging to Rafael Correa's security detail outside a hospital in Quito. However, the retrieved evidence indicates that during the 2010 Ecuadorian crisis, when police did riot and hold Correa captive, it was protesters who set police cars on fire, not the other way around (Evidence [1] from TikTok explicitly states 'Protesters Set Police Car on Fire'). Furthermore, the specific incident of Correa being 'holed up' in a hospital in Quito during a police riot does not align with the 2010 events (where he was held at the National Assembly/Airport) or the 2023 political crisis (which involved President Lasso, not Correa, and prison riots, not police uprisings against Correa). The claim conflates different events and reverses the roles of the "
ds2126,Not Misinformation,0.6,False,True,"The image depicts two identical street signs ('EAST ST') placed one behind the other, which aligns with the specific news event in Swansea, Wales, where residents found two identical signs on Llangyfelach Street (Evidence [1]). While the headline claims they are 'pointing in the opposite directions,' the visual evidence and the specific news report indicate they are stacked or placed one behind the other, likely facing the same direction or obscured. However, the core claim of 'identical street signs' is factually supported by the Swansea incident. The directional discrepancy is a minor inaccuracy in the headline's description of the orientation rather than a complete fabrication of the event. Since the image is not AI-generated (visual_veracity ai_generated=false) and depicts a real pheno"
ds8631,Misinformation,0.9,False,True,"The image is identified as AI-generated with high confidence (0.8). The module signals explicitly state that the image depicts bananas and apples, not oranges, and lacks the described potted plants and tree context. The headline claims the image shows 'Apples and oranges and a tree with branches in front of potted plants,' which directly contradicts the visual evidence (bananas instead of oranges) and the AI-generated nature of the image. According to the definitive rule, if the image is AI-generated, the output must be Misinformation."
ds6054,Not Misinformation,0.9,False,True,"The claim 'everyone knows dachshunds dont work over water' is interpreted as a colloquial or hyperbolic statement regarding the breed's poor swimming abilities and lack of utility in aquatic environments, rather than a literal claim that they physically walk on water. Evidence confirms that dachshunds are generally poor swimmers due to their body structure (heavy chest, short legs) and were bred for hunting burrowing animals, not water retrieval. While some individuals may swim, the breed is not known for working in water, making the core sentiment of the claim factually grounded in breed characteristics. The image appears to be a fictional or staged scene (possibly from a movie or edited), but since the image is not AI-generated (visual_veracity ai_generated=false) and the text claim alig"
595,Not Misinformation,0.6,False,True,"The image depicts the Cleveland skyline, and Edgewater Park in Cleveland is a well-known location for viewing this skyline from the shores of Lake Erie. The module signals indicate the image is not AI-generated and is relevant to the claim. While the specific date of 2012 cannot be definitively verified from the provided snippets (which discuss general history and recent photos), there is no evidence contradicting the claim that such a photo exists from that year. The visual content aligns with the description of a Cleveland skyline view, and Edgewater Park is a valid vantage point. Therefore, the claim is plausible and not demonstrably false based on the evidence."
ds4857,Misinformation,0.9,False,True,"The image provided is completely irrelevant to the headline. The module signals correctly identify that the image depicts a generic group of people at a dining table and is not aligned with the specific claim about Kourtney Kardashian, Younes Bendjima, or Scott Disick. The headline makes a specific narrative claim ('Teasing Scott About It') which is not supported by the visual content. Furthermore, while Kourtney has had pregnancy scares and relationship tensions with Scott, the specific scenario of 'teasing Scott' about a scare involving 'Younes' is not a verified event in the evidence (evidence suggests she wants Scott out of the family and is considering a baby with Younes, but no 'scare' involving Younes was reported). The mismatch between the generic stock-style image and the specific"
8858,Misinformation,0.9,False,True,"The claim describes a 'man walking on his back in the snow,' which implies a specific, unusual physical action (walking while supine or on one's back). However, the image provided depicts a person skiing, as confirmed by the visual veracity module's explanation ('The image shows a person skiing in a snowy environment'). The activity of skiing is fundamentally different from walking on one's back. Furthermore, the relevancy module explicitly states that the image does not match the description because the subject and activity are different. Since the image does not depict the event described in the claim, the pairing is misleading/misinformation."
ds4896,Misinformation,0.6,False,True,"The claim that Nicole Richie pleaded with Sofia Richie to end her romance with Scott Disick is not supported by the available evidence. While it is true that Nicole Richie has advised Sofia on privacy and that Sofia and Scott Disick dated from 2017 to 2020, there are no credible reports or evidence indicating that Nicole Richie intervened to 'plead' with Sofia to end the relationship due to concerns about Scott's children getting attached. The relationship ended reportedly because Sofia was 'fed up' with the drama and Scott's behavior, not due to a specific intervention by Nicole regarding the children. The headline presents a specific, dramatic narrative that lacks factual backing in the retrieved sources, constituting misinformation or at least a significant distortion of the actual even"
8916,Not Misinformation,0.6,False,True,"The image depicts a white toilet in a bathroom with black tiled walls, which aligns with the general aesthetic described in the claim (white toilet, black elements, tiled environment). While the claim specifies a 'black mirror' and 'tiled floor', the visual evidence shows black tiles on the wall and the floor appears to be a dark, possibly tiled surface consistent with the 'tiled floor' description in a general sense. The module signals indicate the image is not AI-generated (veracity false) and the relevance is low only because specific details like the mirror might be obscured or not the focal point, but the core elements (white toilet, black/white theme, tiles) are present. The retrieved evidence supports that black-and-white bathroom designs with mirrors and tiles are common and plausi"
ds562,Not Misinformation,0.9,False,True,"The claim that 30,000 people gather in Hawaii to celebrate SPAM is supported by multiple evidence sources. Specifically, a 2025 report from Courthouse News states that 'more than 30,000 visitors flocked' to the Waikiki Spam Jam [1]. Additionally, other sources cite attendance figures of approximately 35,000 [1] or 'thousands' [2], which aligns with the magnitude of the claim. The event is confirmed to be the Waikiki Spam Jam, an annual celebration of SPAM in Hawaii. The image is verified as not AI-generated."
ds5647,Misinformation,0.9,False,True,"The claim that Pfizer CEO Albert Bourla admitted the COVID-19 vaccine causes permanent brain damage is false. Multiple fact-checks and credible sources confirm that Bourla has not made such an admission. While there have been controversies regarding Pfizer's statements on vaccine efficacy (such as the admission that trials were not designed to test for transmission prevention, as noted in evidence [3] and [1] of the 'Pfizer CEO admits COVID vaccine brain damage?' section), these are distinct from claims of causing brain damage. The 'answers' module explicitly states with high confidence (0.9) that no such admission exists. The image, while depicting a presentation, does not provide evidence for the specific false claim, and the claim itself is a known misinformation narrative."
160,Misinformation,0.9,False,True,"The claim asserts that a specific cat named 'Dorothy' was shot in Newport. The retrieved evidence fails to identify any cat named Dorothy involved in such an incident. Evidence [1] under 'Pellet gun incidents Newport cat' refers to a 2010 incident involving a cat named 'Rouley', not Dorothy. Other evidence snippets are unrelated (e.g., The Wizard of Oz, general RSPCA statistics, or unrelated 2023 news). The module signals also confirm that sources do not mention a cat named Dorothy being shot. The image shows a generic cat in a cone, which does not verify the specific identity or injury history claimed. Therefore, the specific claim linking the name 'Dorothy' to the shooting incident in Newport is unsupported and likely false/misleading."
ds7704,Misinformation,0.9,False,True,"The image depicts a golf course, which is visually inconsistent with the claim of an aerial view of the River Severn winding through Leighton. The module's relevancy signal correctly identifies this mismatch (confidence 0.1). While the headline describes a real geographical feature (the River Severn does flow through Leighton, Shropshire), the specific image provided does not show the river or the described landscape, making the pairing misleading. The evidence confirms the location exists, but the visual content is unrelated to the headline's subject matter."
ds451,Not Misinformation,0.9,False,True,"The retrieved evidence confirms that Paul Wilson, a drink-driver, struck and killed Alwyn Pritchard, a PCSO, while driving at high speed (119mph) and subsequently fled the scene. Multiple sources, including BBC News and Wales Online, explicitly state that Wilson 'ran away from the scene' or 'fled the scene' after the collision. Therefore, the claim that Paul Wilson ran away from the scene after hitting Alwyn Pritchard is factually supported by the evidence."
ds4380,Misinformation,0.9,False,True,"The headline claims Nancy Pelosi is resigning due to 'new revelations.' While Nancy Pelosi did resign as Speaker of the House in January 2023, she did not resign from Congress, nor did she resign due to 'new revelations' of scandal or misconduct at that time. The specific claim of resignation due to 'new revelations' is a known false narrative. Evidence [1] from PolitiFact explicitly fact-checks this specific headline from NRTOnline, confirming it is fabricated and flagged as a hoax. The module's answer also confirms that credible reports indicate she is not resigning in the context implied by the 'new revelations' (scandal), and PolitiFact has debunked this specific NRTOnline claim. Therefore, the headline is misleading and constitutes misinformation."
1204,Not Misinformation,0.9,False,True,"The claim describes a specific historical event: an ambush on a Jalisco state road where 15 police officers were killed by a gang. Evidence confirms that on April 6, 2015, a convoy of the Jalisco State Police was ambushed by the Jalisco New Generation Cartel (CJNG) in San Sebastián del Oeste, resulting in the deaths of 15 officers. The image shows police presence on a road, which is consistent with the context of such an event, even if it is a stock or archival image rather than a specific photo of that exact moment. The core factual assertion of the headline is supported by multiple credible sources."
ds5364,Not Misinformation,0.9,False,True,"The headline accurately reflects verified events regarding Don Lemon. Evidence confirms that Don Lemon made controversial remarks, specifically stating that white men are the biggest terror threat to the U.S. and commenting that women over 50 are no longer in their 'prime' (Evidence [3] from Yahoo, Evidence [1] from Newsweek). These remarks triggered significant media backlash and internal discussions at CNN regarding his future, with some reports citing his eventual departure or 'implosion' (Evidence [1] from Newsweek, Evidence [2] from TikTok/General knowledge of his 2023 exit). The image is a genuine photograph of Don Lemon (Visual Veracity: false for AI). The claim that his remarks revealed alleged bias and stirred outrage is supported by multiple sources citing colleague complaints an"
ds8199,Not Misinformation,0.9,False,True,"The headline accurately reflects the official ruling regarding the death of Mikhail Lesin, a former aide to Vladimir Putin. Multiple credible news sources (CNN, BBC, Talking Points Memo) confirm that US authorities ruled his death in a Washington D.C. hotel an 'accident' in October 2016, following an autopsy that cited blunt force trauma and excessive alcohol consumption as contributing factors. The image, while not directly depicting the event, is not AI-generated and does not contradict the factual claim. The module's 'relevancy' signal is low because the image lacks specific context, but the textual claim itself is verified as true by the evidence."
ds9128,Misinformation,0.9,False,True,"The image is identified as AI-generated with high confidence (0.8) by the visual veracity module. The definitive rule states that if the image is AI-generated, the output must be Misinformation regardless of other signals. The rationale provided by the module notes unnatural lighting, uniform background, and anatomical inconsistencies, which are characteristic of AI generation rather than a real photograph of a cow next to a blue door."
ds8717,Not Misinformation,0.9,False,True,"The image depicts a standard bedroom scene with pillows and a blanket, which aligns with the claim. The module signals confirm the image is not AI-generated (ai_generated=false) and is relevant to the claim. The retrieved evidence supports the existence and commonality of such items (throw blankets, decorative pillows, bedding sets) in home decor contexts. There is no evidence of manipulation or false context."
ds1226,Misinformation,0.6,False,True,"The claim asserts that a specific individual, Matt Hampton, is carrying belongings from his flood-damaged web design office in Hoboken, NJ. While evidence confirms that Hoboken has experienced flooding events (e.g., September 2023, September 2025) and that Matt Hampton is a real person associated with web design (Envoy Design, Headshop.com), there is no evidence linking Matt Hampton to a flood-damaged office in Hoboken. In fact, search results for 'Matt Hampton Webdesign office flood' yield no relevant news stories, and his professional profiles suggest he is based in Maryland or associated with companies not located in Hoboken. The image shows a generic scene of someone carrying items through water, which is likely a stock photo or unrelated image used to falsely illustrate the specific c"
ds4978,Not Misinformation,0.9,False,True,"The claim states that Nicole Kidman won for Outstanding Lead Actress in a Limited Series or Movie at the 69th Emmy Awards. According to the Television Academy records and general knowledge, Nicole Kidman won the Primetime Emmy Award for Outstanding Lead Actress in a Limited Series or Movie in 2017 for her role in 'Big Little Lies'. The 69th Primetime Emmy Awards were held in September 2017. Therefore, the factual claim is correct. The image shows a woman holding an award, which is consistent with the event described, and the module signals indicate the image is not AI-generated. The evidence confirms Kidman's Emmy wins and the timing of the 69th Emmys."
6327,Misinformation,0.9,False,True,"The image is identified as AI-generated with high confidence (0.9) due to visual artifacts such as a distorted, alien-like face and unnatural hand positioning. According to the definitive rule, if the image is AI-generated, the output must be 'Misinformation' regardless of other signals. The headline 'in a fish market long ago and far away' combined with an AI-generated image of a non-human entity creates a misleading or fabricated context, constituting misinformation."
ds1360,Not Misinformation,0.6,False,True,"The image depicts Bishop Franz-Peter Tebartz-van Elst, who was indeed the Bishop of Limburg in August 2013. The headline specifies a date (August 30, 2013) and location (Limburg Cathedral). While the retrieved evidence confirms the Bishop's presence in Limburg during this period and the ongoing controversy regarding his residence, it does not contain specific records of events at the cathedral on that exact date to definitively verify the 'walking out' action. However, the visual content is a genuine photograph (AI-generated=false) and the subject is correct for the time period. The 'partial' alignment in the module signals suggests the image is relevant but not uniquely identifiable to that specific moment without further metadata. Since the image is real and the subject/context are histo"
ds3180,Misinformation,0.9,False,True,"The claim states that Watertown, Massachusetts is in Vermont. This is factually incorrect. Multiple evidence sources confirm that Watertown, Massachusetts is located in Middlesex County, Massachusetts, and is part of the Greater Boston area [1], [3], [4]. It is bordered by Belmont, Waltham, Newton, and Cambridge, not Vermont. The module signals correctly identify that the image does not align with the headline because the headline contains a false geographical assertion. Since the core claim is demonstrably false based on geographic facts, it constitutes misinformation."
ds6722,Misinformation,0.9,False,True,"The image is identified as AI-generated (visual_veracity.ai_generated=true, confidence=0.8) due to surreal elements like a green laser effect and unnatural features. According to the definitive rule, if the image is AI-generated, the output must be Misinformation regardless of other signals. The headline implies a real-world event or stock photo context, but the image is synthetic."
ds4618,Not Misinformation,0.9,False,True,"The claim that Justin Bieber accidentally hit a photographer with a pick-up truck after a church service is factually correct. Multiple credible news sources confirm that on July 27, 2017, Justin Bieber struck a 57-year-old paparazzo with his pickup truck while leaving a Hillsong Church service in Beverly Hills, California. The incident was widely reported as an accident, and the photographer sustained non-life-threatening injuries. The image provided appears to be a genuine photograph related to the event or the artist, and there is no evidence of AI generation."
ds2707,Not Misinformation,0.9,False,True,"The claim describes a scene using anthropomorphic language ('stealing a private moment', 'giggling') to interpret the visual arrangement of palm trees. The image is verified as a real photograph (AI-generated: false) showing natural palm trees. While trees do not literally giggle or have private moments, the headline functions as a creative, metaphorical caption for a coincidental visual pattern (pareidolia). It does not present itself as a factual report of biological events but rather as a humorous or artistic interpretation of the image. Therefore, it is not misinformation in the context of deceptive factual claims, but rather creative content."
ds4910,Not Misinformation,0.6,False,True,"The headline claims Gwen Stefani is still in love with Blake Shelton and has never tried to change him. Evidence [1] from Yahoo and [2] from Fox News confirm that Stefani is still 'in love' and enjoying the 'honeymoon phase' with Shelton, supporting the first part of the claim. Regarding the second part, while Evidence [2] from AOL mentions 'complete turmoil' and 'chaos' in the early days, it does not provide evidence that Stefani attempted to change Shelton's fundamental nature; rather, it describes relationship dynamics. The claim that she 'has never once' tried to change him is a specific qualitative assertion that is difficult to disprove definitively with the provided snippets, but there is no evidence contradicting it (i.e., no reports of her trying to change him). The conflicting re"
ds1096,Not Misinformation,0.6,False,True,"The claim states that lab technicians in Puerto Rico process Zika tests at the CDC's dengue branch in San Juan. Evidence confirms that the CDC Dengue Branch is indeed located in San Juan, Puerto Rico, and has historically focused on dengue and other Aedes-transmitted viruses (including Zika) [Evidence 1, 2, 3 from Q2]. Furthermore, evidence indicates that the CDC Dengue Branch laboratory in San Juan has performed testing activities, including bioassay testing and analysis of mosquito samples related to Zika virus management [Evidence 1 from Q3]. While the specific image may be a stock photo (as indicated by the partial alignment and lack of specific visual confirmation of the individuals), the core factual assertion that such testing occurs at that specific location is supported by the evi"
ds803,Not Misinformation,0.9,False,True,"The claim that Johnny Maurice Avery is accused of shooting 81-year-old Mildred Martin is supported by the retrieved evidence. Specifically, evidence item [4] from the 'answers' section explicitly states: 'Yes, Johnny Maurice Avery was indicted for the murder of Mildred Martin, who was shot in the back and died on her front porch.' This aligns with the headline's assertion. Furthermore, evidence items [1] and [3] from the 'RETRIEVED EVIDENCE' section confirm that Mildred Martin, an 81-year-old woman, was shot and killed on her porch in northwest Atlanta in July 2015. The image is identified as a mugshot (visual_veracity ai_generated=false), which is consistent with the context of an arrest/indictment. Therefore, the image and headline are aligned with factual reports of the indictment."
9249,Misinformation,0.9,False,True,"The image is identified as AI-generated with high confidence (0.9) due to surreal characteristics such as horns and distorted anatomy, which are not present in real elephants. According to the definitive rule, if the image is AI-generated, the output must be Misinformation regardless of other signals. The headline describes a realistic scenario (mother and baby elephant by a dry pool), but the visual content is fabricated, making the pair misleading."
ds4946,Misinformation,0.9,False,True,"The headline claims that specific celebrities (J.J. Watt, Tyler Perry, Jamie Foxx) gave 'big' donations to relief funds for deadly Texas floods. However, the retrieved evidence indicates that claims of celebrity donations for Texas flood relief (specifically referencing July 2025 events in the evidence, though the claim references October 2023 floods) have been debunked as false or exaggerated. Politifact explicitly states that Facebook posts claiming multiple celebrities donated tens of millions were not based on real announcements. Furthermore, the specific celebrities named in the headline (Tyler Perry, Jamie Foxx) are not mentioned in any credible reports of donations in the evidence, while other names like Justin Bieber and Patrick Mahomes are associated with debunked or unverified cl"
1436,Not Misinformation,0.9,False,True,"The claim states that musician Buddy Guy arrived at the Kennedy Center Honors reception at the White House. Evidence [1] and [3] explicitly confirm that Buddy Guy attended the Kennedy Center Honors reception at the White House on December 2, 2012. The image shows a man in formal attire consistent with such an event, and the module signals indicate the image is not AI-generated. Although the module's 'answers' section contains conflicting or irrelevant information regarding a 2022 event and a different dinner (MBS), the primary evidence from the retrieved web snippets directly supports the factual accuracy of the claim regarding Buddy Guy's attendance at the 2012 event. The visual content aligns with the historical record of Buddy Guy attending this specific event."
ds1062,Not Misinformation,0.9,False,True,"The image and headline refer to a specific, real-world event: WMATA's SafeTrack Surge #4, which occurred in July 2016. Evidence [1] from WMATA and Evidence [1] from the Washington Post confirm that Surge #4 ran from July 12-18, 2016, and involved shutdowns on the Blue and Yellow lines. The image appears to be a genuine photograph (visual_veracity ai_generated=false) and the text 'Your guide to riding the Yellow Line during SafeTrack's fourth surge' accurately describes the content of the Washington Post video guide from that period. The module's confusion regarding '2023' schedules is irrelevant to the historical accuracy of the image/headline pair, which pertains to the 2016 event."
ds1686,Misinformation,0.9,False,True,"The claim states that John McCririck was a reporter for Channel 4 Racing 'from 1984 until last year'. Evidence [1] from Simple English Wikipedia and Evidence [2] from The Guardian confirm that McCririck left Channel 4 in October 2012, not 'last year' (relative to the current date of 2024). McCririck died in July 2019. Therefore, the temporal aspect of the claim is factually incorrect. Additionally, while he was a pundit/journalist, the specific phrasing 'until last year' implies he was recently active or employed there, which is false."
7439,Misinformation,0.9,False,True,"The claim states that President Obama held a campaign event in Roanoke 'earlier this month' (implying a recent event, likely October 2023 given the context of the retrieved evidence queries). However, Barack Obama is not currently a candidate for public office and has not held any presidential campaign events in 2023. The retrieved evidence confirms that Obama did speak in Roanoke, Virginia, but this occurred on July 13, 2012, during his re-election campaign (Source 2, Source 3). The image is likely a recycled photo from the 2012 event being falsely presented as a recent 2023 event. Since the temporal context ('earlier this month') is factually impossible for a sitting/former president to be campaigning in 2023, the headline is misleading and constitutes misinformation."
8870,Not Misinformation,0.6,False,True,"The image depicts a bathroom scene with a bathtub, which is consistent with the general context of a 'small bathroom'. While the module signals indicate that specific elements like 'bath towels' or 'towels hanging over it' are not clearly visible or are absent (relevancy aligned: false), the image is verified as real (ai_generated: false). The claim describes a common domestic scenario (towels in a small bathroom) which is plausible and supported by general knowledge about bathroom organization (evidence items [1], [3] from the first Q, and [1], [2] from the fifth Q). Since the image is not AI-generated and depicts a plausible setting for the claim, it is not classified as misinformation, although the specific visual details of the towels are not confirmed by the image itself. The lack of "
ds8989,Not Misinformation,0.6,False,True,"The image is verified as not AI-generated (visual_veracity.ai_generated=false). The claim describes two women sitting near a window next to a table covered in fruit. The retrieved evidence [3] explicitly describes a scene with 'Two women are sitting by the window' and a 'small coffee table between them', which aligns with the core elements of the claim (two women, window, table). While the specific detail of the table being 'covered in fruit' is not explicitly confirmed by the text snippets (which mention napkins and water), the visual context of a table in such a setting makes the presence of fruit plausible and not demonstrably false. The module signals indicate partial alignment, and there is no evidence to suggest the image is fabricated or the scene is entirely unrelated. Therefore, i"
7101,Not Misinformation,0.9,False,True,"The claim states that Rafael Nadal played Facundo Bagnis in the second round. Evidence confirms that Rafael Nadal did indeed play Facundo Bagnis in the second round of the 2016 French Open (Roland Garros) on May 26, 2016 [2], [3]. The module signals indicate the image is a genuine photograph of Nadal in action (ai_generated=false) and partially aligned with the context of a tennis match. While the specific opponent is not visually verifiable from the image alone, the factual claim regarding the match existence and round is supported by multiple sources. Therefore, the headline is factually accurate regarding the event described."
ds7980,Misinformation,0.9,False,True,"The headline claims that Japan will host the 'next World Cup' in 2019. This is factually incorrect. Japan did not host the FIFA Men's World Cup in 2019 (which was not held that year; the previous was 2018 in Russia, and the next was 2022 in Qatar). While Japan did host the Rugby World Cup in 2019, the term 'World Cup' without qualification typically refers to the FIFA Men's World Cup. Furthermore, the 2019 FIFA Women's World Cup was hosted by France. The claim is misleading and factually false regarding the primary interpretation of 'World Cup' and the specific year/host combination for the FIFA tournament. The module signals also note the lack of alignment and that Japan did not host the FIFA World Cup in 2019."
ds9213,Misinformation,0.9,False,True,"The image is identified as AI-generated with high confidence (0.8) by the visual veracity module. The module notes that the airplane is at an unusual angle and the background lacks realistic depth and context, with oddly shaped terrain. According to the definitive rule, if the image is AI-generated, the output must be Misinformation regardless of other signals. While the headline describes a physically possible scenario (planes leaving contrails), the image itself is not a genuine photograph of such an event but a synthetic creation, making the pairing misleading."
ds8942,Not Misinformation,0.9,False,True,"The image depicts a rustic, old-fashioned kitchen setup, which aligns with the claim. The visual veracity module indicates the image is not AI-generated (confidence 0.0 for AI generation, implying high confidence it is real). The retrieved evidence supports the existence and aesthetic of 'old-fashioned' or 'traditional' kitchens, describing them as welcoming, functional, and timeless (Sources 1, 2, 3 from the first query). While the specific claim that it is 'set up for guests' is a subjective interpretation of the scene, the visual elements (cleanliness, arrangement) are consistent with a space prepared for use or display, and there is no evidence contradicting the scene's authenticity or the general description. The evidence confirms that such kitchens are real design styles often associ"
2649,Not Misinformation,0.9,False,True,"The image depicts a plausible natural phenomenon where vegetation grows around or through abandoned machinery, a scenario commonly documented in photography and stock imagery (e.g., Shutterstock, Dreamstime) as 'nature reclaiming industry'. The visual veracity model indicates the image is not AI-generated (confidence 0.2 for AI, implying high confidence for real). The retrieved evidence supports the existence of abandoned farm equipment in wooded areas and the aesthetic of nature overgrowing such items. There is no evidence suggesting the specific image is fabricated or misleading; it aligns with common visual tropes of rural decay and reclamation."
ds8677,Misinformation,0.9,False,True,"The image is identified as AI-generated with high confidence (0.8) by the visual veracity module. The module notes unnatural arrangements and textures, specifically mentioning spinach leaves with unusual shapes. The definitive rule states that if the image is AI-generated (ai_generated=true, confidence>0.6), the output must be 'Misinformation' regardless of other signals. Although the headline mentions 'various fruits', the image primarily shows an orange and spinach (a vegetable), which further disconnects the visual content from the claim, but the primary driver for the 'Misinformation' label is the AI generation status."
2915,Not Misinformation,0.6,False,True,"The image depicts a restroom sign that appears to be a tactile map, consistent with accessibility initiatives like those by 'Even Grounds' which provide 3D-printed tactile maps for the blind [1, 2]. While such maps are not ubiquitous, they do exist and are designed specifically for this purpose. The visual evidence shows a raised, textured surface typical of tactile signage, supporting the claim that it is a map for the blind. The AI-generated check is false, and the visual features align with known accessibility products. However, without seeing Braille or specific tactile details clearly, the confidence is medium rather than high, as it is a specific claim about a niche accessibility feature."
4752,Misinformation,0.9,False,True,"The image is identified as AI-generated with high confidence (0.8), exhibiting nonsensical text and blending errors. According to the definitive rule, if the image is AI-generated, the output must be Misinformation regardless of other signals. Furthermore, the claim that Robert Pattinson and Kristen Stewart are having a 'buzz cut pit' is unsupported by evidence; recent reports indicate Kristen Stewart has a punk pixie cut, not a buzz cut, and there is no record of Robert Pattinson having a buzz cut or engaging in such a contest. The image does not depict the claimed individuals or event."
ds8815,Misinformation,0.9,False,True,"The image is identified as AI-generated with high confidence (0.9). The visual content depicts a bear's head under a blanket, which is a surreal and impossible scenario for a real-life context, rather than the claimed 'white, beige and brown baby blanket under a beige/white comforter'. The module signals explicitly state that the image is unrelated to the headline subject and is AI-generated. According to the definitive rule, if the image is AI-generated, the output must be Misinformation."
3855,Misinformation,0.9,False,True,"The claim that 'Maximum Overdrive' is a 1980 romance film is factually incorrect on multiple levels. Evidence confirms that 'Maximum Overdrive' is a 1986 science fiction action horror film directed by Stephen King, not a romance film from 1980 [1]. Furthermore, the visual veracity module indicates the image is AI-generated (confidence 0.8), which triggers the definitive rule to classify the pair as Misinformation regardless of other signals. The image depicts a generic romantic scene that does not accurately represent the actual film, compounding the misinformation."
2756,Misinformation,0.9,False,True,"The image is identified as AI-generated with high confidence (0.9) due to unnatural, distorted hand structures resembling claws, which violates the visual veracity requirement for factual news reporting. Additionally, the claim that the 'Tree Man' (Abul Bajandar) is 'cured' is factually incorrect based on recent evidence; while he underwent successful surgeries in 2017, reports from 2023 and 2025 indicate his condition has returned with regrowth of warts and unbearable pain, meaning he is not currently cured. The combination of an AI-generated image and a false medical status claim constitutes misinformation."
ds7291,Not Misinformation,0.6,False,True,"The image depicts Nicky Henderson with the horse Sprinter Sacre. The claim specifies the location as Seven Barrows stables and the time as February 2013. Evidence confirms that Sprinter Sacre was trained by Nicky Henderson at Seven Barrows and was active during this period (e.g., winning at Cheltenham in March 2013, with stable visits occurring in February 2013). While the specific 'open day' event in February 2013 is not explicitly detailed in the snippets (which mention open days in other years like 2019 and 2021), the core entities and setting are factually consistent. The image is verified as real (not AI-generated). The partial alignment in the module signals is due to the inability to visually confirm the specific date/event from the image alone, but the factual components of the cla"
ds7399,Misinformation,0.9,False,True,"The module's visual veracity analysis explicitly states that the image does not depict Julia Stiles, Paul Greengrass, or Matt Damon, and has no meaningful connection to the event described. Although the factual claims in the headline (that the film premiered in July 2007, was directed by Greengrass, and starred Damon/Stiles) are correct, the image is irrelevant to the caption. Using an unrelated image to illustrate a specific event constitutes misinformation (specifically, a mismatched or misleading visual). The rule regarding AI generation is not triggered as the image is not AI-generated, but the lack of visual alignment with the specific people and event named in the headline makes the pair misleading."
9058,Misinformation,0.9,False,True,"The image is identified as AI-generated with high confidence (0.8). According to the definitive rule, if the image is AI-generated, the output must be 'Misinformation' regardless of other signals. Additionally, the image content does not match the claim of containing broccoli, further supporting the misalignment."
ds2311,Not Misinformation,0.9,False,True,"The image depicts a domestic cat sitting in a bowl, which aligns with the common internet meme and behavioral trait of domestic cats ('If it fits, I sits'). The headline uses the term 'big cat' likely in a colloquial or humorous sense referring to a large domestic cat, rather than the biological classification of 'big cats' (Panthera genus like lions and tigers). The retrieved evidence confirms that domestic cats often enjoy sitting in bowls or small spaces for security [3] from the third evidence set. The visual veracity signal indicates the image is not AI-generated (confidence 0.2 for AI, implying high confidence for real), and the scene is physically plausible for a domestic cat. Therefore, the claim is not misinformation but rather a humorous description of a real phenomenon."
ds3931,Misinformation,0.9,False,True,"The claim states that Toy Story 2 was produced by DreamWorks. However, all retrieved evidence confirms that Toy Story 2 was produced by Pixar Animation Studios and released by Walt Disney Pictures. DreamWorks Animation is a separate studio and did not produce this film. Therefore, the claim is factually incorrect."
ds2471,Not Misinformation,0.9,False,True,"The image depicts a woman sitting on a chair with an umbrella, which is a common and plausible real-world scenario. The visual veracity signal indicates the image is not AI-generated (confidence 0.2 for AI generation, implying high confidence for real). The retrieved evidence confirms that stock photos and illustrations of women sitting in chairs with umbrellas are widely available and common, supporting the plausibility of the image being a genuine photograph or a standard stock image rather than a fabricated or misleading AI creation. There is no evidence suggesting the image is fake or misleading in the context of the claim."
9577,Not Misinformation,0.6,False,True,"The claim references 'Brian and Eileen Maguire' and a sentiment of 'excellent waiting to happen' (likely a transcription error for 'excellent way to happen' or similar, or referring to a specific quote). Evidence confirms the existence of Brian and Eileen Maguire, parents of Brian Óg Maguire, who are public figures in the context of their son's tragic death and safety advocacy. The image is verified as not AI-generated. While the specific quote 'excellent waiting to happen' is ambiguous and potentially garbled, the core entities and context (Maguire family, serious emotional situation) align with real-world events. The module's answer snippets regarding Harry Maguire are irrelevant distractors, but the primary evidence supports the existence of the subjects mentioned in the claim. The visu"
ds7360,Not Misinformation,0.9,False,True,"The claim that Bernie Sanders appealed to students on big issues at George Mason University is supported by multiple pieces of evidence. Retrieved evidence confirms that Bernie Sanders held a town hall meeting with students at George Mason University on October 28, 2015, as part of his presidential campaign [1, 2, 3]. The evidence further details that he addressed significant political and social issues during this event, including income inequality, universal healthcare, campaign finance reform, climate change, and student debt [1, 2, 3]. The image shows Bernie Sanders speaking, which aligns with the event described, and the visual veracity check indicates the image is not AI-generated. Therefore, the headline accurately reflects the historical event."
ds8806,Misinformation,0.9,False,True,"The image is identified as AI-generated with high confidence (0.9) due to anatomical impossibilities (human-like legs on elephants). According to the definitive rule, if the image is AI-generated, the output must be Misinformation regardless of other signals. Additionally, the visual content does not match the claim of elephants standing on a balcony; they appear to be on a road or path, and there is no evidence of elephants standing on balconies in a literal sense as depicted."
ds9145,Misinformation,0.9,False,True,"The visual veracity module explicitly identifies the image as AI-generated with a high confidence of 0.8. The explanation notes that the image displays a highly stylized vase with flowers that appear overly perfect and lack natural imperfections, with inconsistent lighting and shadows. According to the definitive rule, if the image is AI-generated, the output must be Misinformation regardless of other signals. The retrieved evidence confirms that while purple irises and ceramic pitchers are real objects, the specific image in question is a synthetic creation, not a photograph of a real scene."
ds137,Not Misinformation,0.9,False,True,"The retrieved evidence confirms that police have arrested suspects in connection with building society raids. Specifically, evidence [2] from Chronicle Live explicitly states that two individuals were taken into custody and appeared in court over a Nationwide Building Society raid in Wallsend. Additionally, evidence [1] from BBC News details the robbery of a Chelsea Building Society branch by Michael Wheatley, confirming the context of such raids and subsequent police investigations. The image depicts police activity, which is consistent with the claim of an arrest related to a raid. The module signals correctly identified the partial alignment but the evidence supports the core factual claim that arrests were made in connection with building society raids."
ds5761,Misinformation,0.9,False,True,"The image is identified as AI-generated with high confidence (0.8). According to the definitive rule, if the image is AI-generated, the output must be Misinformation regardless of the factual accuracy of the headline text. While the headline correctly identifies the Burj Khalifa as Asia's tallest skyscraper and mentions its luxury features, the visual component is synthetic and not a genuine photograph, rendering the presentation misleading."
ds2309,Not Misinformation,0.9,False,True,"The image depicts a realistic scene of a pizza being eaten, and the visual veracity module confirms it is not AI-generated (confidence 0.0 for AI generation). The headline claims the pizza is being enjoyed at a cafe. Evidence [2] from the 'Best cafes for pizza dining' section explicitly mentions 'Urth Caffé' as a cafe that serves gourmet pizza, and Evidence [2] from the 'Where to find cafes serving pizza' section mentions a 'Maryland cafe' serving pizza slices. This confirms that cafes do serve pizza, making the headline a plausible and accurate description of the scene, rather than a misleading or false claim."
7826,Misinformation,0.9,False,True,"The image depicts a damaged building with flags, which is visually inconsistent with the claim of a woman's house displaying a green flag and towel to celebrate a return from Mecca. The module signals explicitly state that the image does not align with the headline (relevancy aligned: false) and that there is no evidence of a woman returning from Mecca in Novosasitli. Furthermore, the retrieved evidence regarding Novosasitli focuses on security incidents and prayer times, not pilgrimage celebrations. The specific details (green flag, towel, woman's house) are not supported by the visual or textual evidence, indicating a mismatch between the image and the claim, characteristic of misinformation."
ds8646,Misinformation,0.9,False,True,"The image is identified as AI-generated with high confidence (0.8) by the visual veracity module. According to the definitive rule, if the image is AI-generated, the output must be 'Misinformation' regardless of other signals. The image depicts two people holding Wii remotes and consoles, but the unnatural appearance and context confirm it is synthetic, not a real photograph of the event described."
ds5661,Misinformation,0.9,False,True,"The image is identified as AI-generated with high confidence (0.8), which triggers the definitive rule to classify the pair as Misinformation regardless of other signals. Additionally, the headline claims dogs can 'speak' three human words, which is scientifically inaccurate; while dogs can understand words and use communication buttons, they do not possess the vocal apparatus to 'speak' human words. The evidence confirms that dogs understand words and can be trained to communicate via buttons, but does not support the claim of them speaking."
ds2066,Not Misinformation,0.9,False,True,"The image depicts a giraffe in a zoo exhibit, which is a common and factual scenario. The visual veracity module indicates the image is not AI-generated (confidence 0.0 for AI generation, implying high confidence it is real). The retrieved evidence confirms that giraffes are present in many zoos worldwide (e.g., Como Zoo, Saint Louis Zoo, London Zoo) and that stock photos of such scenes are widely available. The claim is consistent with reality and the visual evidence."
1750,Misinformation,0.9,False,True,"The claim asserts that Scarlett Johansson is pictured noting with panic a poster for a band called 'the Singles'. The retrieved evidence contains no information linking Scarlett Johansson to a band named 'the Singles' or any incident involving panic over such a poster. The evidence instead points to unrelated topics, such as her SNL skits, Marvel roles, and general band news (e.g., The Ting Tings, The Hives). Furthermore, the module signals indicate that the image is not aligned with the headline (relevancy aligned: false, confidence 0.1), suggesting the image does not depict the scenario described. The combination of a completely unsupported claim and a mismatched image constitutes misinformation."
ds5872,Misinformation,0.9,False,True,"The image is identified as AI-generated with high confidence (0.8). The module signals explicitly state that the image exhibits signs of manipulation, including nonsensical text elements and inconsistent lighting, which are hallmarks of AI generation. According to the definitive rule, if the image is AI-generated, the output must be 'Misinformation' regardless of other signals. The headline claims the movie is currently enthralling audiences with stellar performances, but the evidence indicates the last series ended in 2019 and the next special is not scheduled until 2026, making the claim of current audience enthrallment factually impossible for a non-existent release, further compounding the misinformation nature of the AI-generated promotional material."
8442,Not Misinformation,0.9,False,True,"The headline describes a specific cricketing event: Ben Stokes being dismissed for 47 runs by Peter Siddle in the 2013-14 Ashes series. Evidence [3] from The Guardian explicitly confirms this event occurred on January 5, 2014, during the fifth Test, and includes the exact caption text found in the headline. While the module signals indicate the image is not visually aligned (showing a generic group rather than the specific moment), the claim itself is factually accurate based on historical records. The image serves as a generic placeholder or related context rather than a depiction of the specific wicket, but the textual claim is verified as true. Therefore, it is not misinformation."
ds7662,Misinformation,0.9,False,True,"The image depicts a group of people hiking on a coastal path, which is visually inconsistent with the claim of a 'receding water line' at Lake Hodges. Lake Hodges is a reservoir located inland (north of San Diego), not a coastal area. The module signals correctly identify that the image is not aligned with the claim (relevancy: false). While the claim that Lake Hodges water levels have receded due to dam safety regulations is factually true (supported by evidence [2], [3], [4] in the retrieved set), the specific image used to illustrate this claim is misleading and unrelated to the subject matter. In the context of misinformation detection, using an irrelevant or misleading image to support a factual claim constitutes a form of misinformation (specifically, deceptive visual context). The i"
ds6690,Misinformation,0.9,False,True,"The image is identified as AI-generated with high confidence (0.9) by the visual veracity module. The presence of a fictional character (Spider-Man) in a realistic setting, combined with garbled text on the signs, confirms that the image is not a genuine photograph of a real-world scene. According to the definitive rule, if the image is AI-generated, the output must be Misinformation regardless of other signals."
8225,Misinformation,0.9,False,True,"The image depicts Woody Harrelson, not Charles Kennedy. The module signals correctly identify that the image does not depict Charles Kennedy (relevancy aligned: false). The claim states the image is of Charles Kennedy on the campaign trail in 2005. Since the person in the image is clearly Woody Harrelson (a different public figure), the image is mislabeled and does not support the claim. Although the module signals indicate the image is not AI-generated, the fundamental mismatch between the subject in the image (Woody Harrelson) and the subject in the claim (Charles Kennedy) makes this a case of misinformation (misattribution). The evidence confirms Charles Kennedy was a politician, while the image shows an actor. The retrieved evidence for 'When was Charles Kennedy's son born' returned ir"
ds9362,Not Misinformation,0.6,False,True,"The image depicts a surfer on a white surfboard, which aligns with the claim. The module signals indicate the shorts are black and red, while the claim specifies red and black. In common descriptive language, 'red and black' and 'black and red' are often used interchangeably to describe a pattern containing both colors, unless a specific order is strictly defined (e.g., top-down). Given that the visual veracity is low (not AI-generated) and the core elements (surfer, white board, presence of red and black shorts) are present, this is considered a minor descriptive variance rather than definitive misinformation. The evidence supports the existence of such imagery and surfing contexts."
ds9100,Misinformation,0.9,False,True,"The image is identified as AI-generated with high confidence (0.8) by the visual veracity module. The module notes that the flowers appear 'overly perfect and stylized' and the shadows do not align naturally, which are strong indicators of synthetic imagery. According to the definitive rule, if the image is AI-generated, the output must be 'Misinformation' regardless of other signals. The headline claims it is a 'kitchen table', but the image depicts an outdoor picnic table, further compounding the inaccuracy, but the primary driver for the 'Misinformation' label is the AI generation status."
2273,Not Misinformation,0.9,False,True,"The image depicts a realistic bathroom scene with a white toilet, consistent with the claim of a 'simple and modern bathroom'. The visual veracity module confirms the image is not AI-generated (confidence 0.0 for AI generation, implying high confidence in it being real). The retrieved evidence supports the description: white toilets are identified as the most popular and classic choice (Evidence [1] from Liquid Image), and simple bathrooms are characterized by light colors, minimal decor, and essential fixtures like toilets (Evidence [1] from Adobe Stock, Evidence [3] from Dreamstime). The partial alignment noted in the module signals is due to limited visibility of the entire room, but the visible elements (white toilet, modern fixtures) do not contradict the claim. Therefore, the image i"
ds7198,Not Misinformation,0.9,False,True,"The image depicts Rory McIlroy holding a trophy, which aligns with his documented victories in the FedEx Cup and the Tour Championship. Evidence confirms that McIlroy won the FedEx Cup in 2016, 2019, and 2022, and the Tour Championship in 2016, 2019, and 2022. The visual signals indicate the image is real (not AI-generated) and shows a plausible celebration scene. While the specific year of the photo cannot be definitively pinpointed from the image alone, the claim that he celebrates with these trophies is factually supported by his career achievements. The partial relevancy in the module signals stems from the inability to verify the exact moment, but the core assertion of the claim is true."
ds1099,Not Misinformation,0.9,False,True,"The image depicts rescue workers removing a body, which is consistent with the aftermath of the March 27, 2016, suicide bombing at Gulshan-e-Iqbal Park in Lahore. Evidence confirms that this attack occurred in a park, resulted in significant casualties (over 70 deaths, nearly 300 injuries), and involved rescue operations to recover bodies and treat the wounded. The visual content aligns with the factual context of the headline, which describes a real historical event. The module signals correctly identify the image as non-AI and relevant to the claim."
540,Not Misinformation,0.6,False,True,"The claim consists of two parts: 'Serena Williams questions a call' and 'Williams advance to Saturday s final'. Evidence [2] under the question 'Serena Williams advance to Saturday's final?' explicitly states: 'Serena Williams beat Elina Svitolina 6-3, 6-1, to advance to Saturday’s U.S. Open final.' This confirms the second part of the claim is factually true based on the provided evidence (referring to the 2019 US Open). Regarding the first part, while the specific match against Svitolina did not involve a controversial call dispute (she won in straight sets), Serena Williams is historically known for questioning calls (e.g., the 2018 US Open final). The image shows a gesture of questioning/frustration. Given that the 'advance to final' part is verified as true by the evidence, and the 'q"
3405,Misinformation,0.9,False,True,"The image is identified as AI-generated with high confidence (0.8). According to the definitive rule, if the image is AI-generated, the output must be 'Misinformation' regardless of the veracity of the headline text. While the headline claim regarding David Lloyd George's ranking in specific polls (e.g., Wales Online) may have some basis in public opinion surveys, the use of an AI-generated image to illustrate a factual claim constitutes misinformation in this context."
6581,Misinformation,0.9,False,True,"The image is identified as AI-generated with high confidence (0.8) by the visual veracity module. The image depicts a cat wearing glasses and a jacket, which is a surreal and anthropomorphic scenario not found in the retrieved evidence. The evidence snippets describe real cats (Persian, Siberian, ginger) sitting on window sills, but none depict a cat in human clothing or accessories like glasses. According to the definitive rule, if the image is AI-generated, the output must be Misinformation."
4642,Misinformation,0.9,False,True,"The headline claims that Cindy Crawford says her daughter Kaia Gerber 'Loves Kendall Jenner' and discusses her modeling future. However, the provided image does not depict Cindy Crawford or Kaia Gerber, as explicitly noted in the module signals (relevancy aligned: false). The image shows a generic model or a different individual, failing to visually support the specific subjects mentioned in the claim. While the textual claim about Cindy Crawford discussing Kaia's confidence and career is supported by evidence (e.g., ET Online 2016 interview), the specific assertion that Kaia 'Loves Kendall Jenner' is not substantiated by the retrieved evidence, which focuses on their professional relationship and Kaia's resemblance to her mother. More critically, the mismatch between the image and the hea"
ds3953,Misinformation,0.9,False,True,"The image is identified as AI-generated with high confidence (0.8) due to nonsensical text and staged composition. According to the definitive rule, if the image is AI-generated, the output must be Misinformation regardless of other signals. The claim that the Ukrainian Soviet Socialist Republic 'always represented itself' is historically inaccurate, as the republic was a constituent part of the Soviet Union with limited sovereignty, but the primary driver for the 'Misinformation' label here is the synthetic nature of the visual evidence provided."
4893,Not Misinformation,0.6,False,True,"The headline describes a specific anecdote involving Mark Wahlberg and Mel Gibson. Evidence [3] from People.com explicitly contains the headline 'Mark Wahlberg Teased Mel Gibson About Weight, Offered To ...' in its list of related articles or snippets, confirming that this specific story was reported in the media. While the module signals indicate the image is not aligned (it does not depict the actors), the claim itself is grounded in reported news events (specifically related to their collaboration on 'Flight Risk' or 'Daddy's Home 2' as noted in the module's internal answers). The image serves as a generic placeholder or unrelated visual, but the textual claim is verified by the retrieved evidence snippet [3]."
ds8357,Misinformation,0.9,False,True,"The image provided depicts two men near a vending machine, which is completely unrelated to the claim about Christian Grey and Anastasia from the 'Fifty Shades' series. The module signals correctly identify that the image is not aligned with the claim (relevancy: false). While the image itself is not AI-generated, the pairing of a random, unrelated stock photo with a specific fictional character claim constitutes misinformation because the visual evidence does not support or relate to the text. The claim discusses specific characters and plot points, but the image offers no relevant context, making the pair misleading."
ds9069,Not Misinformation,0.6,False,True,"The image depicts a box of doughnuts, which is a plausible and common way to display or sell doughnuts, even if the headline specifies a 'rack in a glass case'. The visual veracity module confirms the image is not AI-generated (ai_generated=false). While the image does not perfectly match the specific detail of a 'glass case' (it shows a box), it is not definitively misleading in a way that suggests fabrication or malicious intent, especially given the partial alignment. The evidence supports that doughnuts are commonly displayed in glass cases (Evidence [1], [2], [3] for Q1), making the headline a description of a common scenario, even if the specific image is a variation (boxed). Since the image is real and the subject matter is consistent, it is not classified as misinformation, though "
4230,Not Misinformation,0.6,False,True,"The headline claims Amber Heard is talking for the first time about her marriage to Johnny Depp. Evidence [1] from the retrieved set explicitly lists a video titled 'Amber Heard Talks for First Time About Marriage to Johnny Depp' dated Feb 17, 2014, confirming that such an event/interview did occur. While the image provided appears to be a more recent photo (likely from 2023 based on the 'In The Fire' promotion context in other evidence), the headline describes a factual historical event or a specific interview instance that is verifiable. The image serves as a visual identifier for the subject (Amber Heard) rather than a depiction of the specific interview moment, which is common in news aggregation. Since the core claim (that she has talked about it) is supported by evidence of a specifi"
ds7600,Not Misinformation,0.6,False,True,"The image is verified as real (AI-generated=false) and depicts a generic financial trading environment, which is consistent with the context of stock market reporting. The retrieved evidence confirms that Shanghai shares have recently seen increases, citing specific examples like WuXi AppTec's surge and a peak in share repurchase plans, which supports the general claim of upward momentum. While the image does not explicitly show the Shanghai Stock Exchange or specific data points, it serves as a plausible visual representation for a news story about market gains. The claim is not demonstrably false based on the evidence, which shows positive trends in the Shanghai market."
6611,Misinformation,0.9,False,True,"The image is identified as AI-generated (visual_veracity.ai_generated=true, confidence=0.9) because it depicts two figures with shark-like heads, a surreal and physically impossible scenario. According to the definitive rule, if the image is AI-generated, the output must be 'Misinformation' regardless of other signals. The headline claims a couple is wearing umbrella hats, but the visual content is a fabricated, non-realistic depiction, making it misleading."
ds7016,Not Misinformation,0.9,False,True,"The claim states that Oscar Pistorius is awaiting trial for premeditated murder after shooting Reeva Steenkamp. While the headline uses the present continuous tense ('is awaiting trial'), which is technically outdated as the trial concluded in 2015 with a murder conviction, the core factual assertions are correct: Pistorius did shoot Steenkamp, the incident occurred in February (Valentine's Day 2013), and the legal proceedings were indeed for murder (specifically premeditated murder, as the appeals court overturned the initial manslaughter verdict). The image is a genuine photograph of Pistorius. The module signals confirm the image is not AI-generated and aligns with the subject. The evidence confirms the shooting, the trial start date, and the final murder verdict. The discrepancy in ten"
ds5610,Misinformation,0.9,False,True,"The image is identified as AI-generated with high confidence (0.8), which triggers the definitive rule to classify the pair as Misinformation. Furthermore, the claim that plants communicate 'telepathically' is scientifically inaccurate; while recent studies (e.g., in Nature Communications, 2023) show plants communicate via chemical compounds and nanomechanical oscillations, these are physical/biological mechanisms, not telepathy. The use of an AI-generated image to support a pseudoscientific headline constitutes misinformation."
5834,Misinformation,0.9,False,True,"The claim that cats designed the iPhone 4 is factually false; the iPhone 4 was designed by Apple Inc., led by Steve Jobs and Jony Ive. Furthermore, the module signals indicate that the accompanying image is AI-generated (ai_generated=true, confidence=0.8), depicting a surreal scenario of a cat with glasses and tech elements. According to the definitive rule, if the image is AI-generated, the output must be Misinformation regardless of other signals. The retrieved evidence confirms Apple's role in creating the iPhone and shows no connection between cats and the device's design."
8196,Not Misinformation,0.9,False,True,"The claim is factually accurate based on the retrieved evidence. Guy Scott, who is of Scottish descent, served as the interim (acting) president of Zambia following the death of the incumbent, President Michael Sata, in October 2014. Evidence [2] from BBC and [3] from Pulse Ghana explicitly state that Guy Scott is of Scottish descent and became interim president after the incumbent's death. Evidence [3] from the New York Times confirms he assumed the interim presidency after Michael Sata's death. The image signals indicate the photo is real (not AI-generated) and the relevance is partial but consistent with the subject matter."
ds9433,Not Misinformation,0.6,False,True,"The image depicts a train, and the module signals indicate it is a genuine photograph (AI-generated=false). While the module claims the image is a passenger train and thus misaligned with the headline 'big long train that has some storage containers', the retrieved evidence confirms that long trains carrying storage containers (intermodal freight trains) are a common and real-world phenomenon (Evidence [1] from Wikipedia, Evidence [2] from Indian Express). The headline describes a valid type of train. The discrepancy lies in the specific image selection (potentially a passenger train used for a freight headline) rather than the claim itself being false or AI-generated. Since the image is real and the subject matter (freight trains with containers) is factual, it is not misinformation in th"
ds6106,Misinformation,0.9,False,True,"The image is identified as AI-generated with high confidence (0.8). The visual content depicts a surreal and highly improbable scenario: a child holding a live grenade while wearing a helmet. This combination is inconsistent with real-world contexts where children are not typically armed with explosives in such a manner, nor is it a standard depiction of any specific recent news event cited in the evidence (such as the LA deputy deaths, Ukrainian incidents, or UK gang attacks). The headline 'not a single grenade one yet' is ambiguous and does not align with the specific factual incidents found in the evidence. According to the definitive rule, if the image is AI-generated, the output must be Misinformation."
1901,Not Misinformation,0.6,False,True,"The claim states that Venice's San Michele island cemetery will gain a pontoon for scattering ashes. Evidence confirms that Venice has revived the tradition of constructing a temporary floating bridge (pontoon) to San Michele island, specifically for All Souls' Day, to facilitate access for mourners [Evidence 4-1, 4-3]. While the primary purpose of the pontoon is access rather than exclusively for scattering ashes, the cemetery does have designated 'Gardens of Remembrance' where scattering is permitted [Evidence 3-1, 6-2]. The image shows the cemetery, which is the correct location. The headline conflates the access bridge with the scattering function, but since the bridge exists and the location is correct, and scattering is a permitted activity there, it is not a fabrication of the event"
ds1009,Not Misinformation,0.9,False,True,"The image depicts Capt Yevgeny Yerofeyev and Sgt Alexander Alexandrov in a Ukrainian court, which aligns with historical records. Evidence confirms that these two Russian soldiers appeared in a Kiev court in late 2015 (specifically November 2015) and were tried from 2015 to 2016. While the headline specifies 'January', this likely refers to the ongoing trial period or a specific hearing date within that timeframe, rather than a fabrication. The individuals are correctly identified, and the setting is accurate. The module signals correctly identify the image as real and the relevance as partial due to the specific date ambiguity, but the core claim of their presence in court is true."
978,Not Misinformation,0.6,False,True,"The claim states that Frank Gehry-designed Power Play chairs are among the stylish touches in the Winter Garden. Evidence confirms that Frank Gehry did indeed design the Power Play chairs (specifically the Power Play Club Chair in 1990) for Knoll, characterized by their unique bentwood construction inspired by apple crates [1, 2]. The image shows chairs that visually align with the description of Gehry's Power Play chairs (curved, ribbon-like wooden slats). While the specific location 'Winter Garden' is ambiguous (could refer to the city in Florida or the Winter Garden in Sheffield, UK), the core factual assertion regarding the designer and the object is correct. The image is verified as real (not AI-generated). The partial alignment in the module signals is due to the lack of specific con"
9323,Misinformation,0.9,False,True,"The claim states the image depicts 'A sink with a cabinet on legs in a bathroom.' However, the module signals explicitly state that the image is 'aligned: false' and does not depict a sink with a cabinet on legs, but rather a toilet and a storage unit. While the visual veracity signal indicates the image is not AI-generated, the core issue is the mismatch between the caption and the visual content. In the context of misinformation detection for image+headline pairs, a caption that falsely describes the content of the image (hallucination) constitutes misinformation. The evidence items provided in the retrieval section discuss the existence of such cabinets generally but do not validate the specific image content described in the claim. Since the image does not match the claim, the claim is"
4284,Not Misinformation,0.6,False,True,"The image depicts Caitlyn Jenner, and the retrieved evidence confirms that she was indeed seen at Nobu Malibu with Sophia Hutchins (Evidence [1] from Daily Mail). While the headline claims a specific car ($200K purple Porsche), the evidence confirms Jenner drives a Porsche (Evidence [3] from answers module) and was at the location with the named individual. The relationship is described as close friends/business partners, with Hutchins denying romance, which aligns with the 'gal pal' descriptor rather than a romantic partner, making the headline plausible and not definitively false based on the available evidence. The visual veracity is confirmed as real (not AI-generated)."
1972,Not Misinformation,0.6,False,True,"The claim that the new Chrysler 300C is 'softer looking' than the outgoing model is a subjective design assessment. The retrieved evidence indicates that the Chrysler 300C is generally characterized by 'bold styling,' 'muscular presence,' and 'luxury,' rather than a 'soft' look. However, the evidence also notes that the 2023 model was a 'farewell' edition and that new models (2025/2026) are returning with 'enhancements' and 'bold styling.' The module signals correctly identify that the image shows an older model, creating a relevancy mismatch. However, since the image is not AI-generated (visual_veracity ai_generated=false) and the claim is a matter of subjective opinion regarding design aesthetics (which can vary by observer and specific trim/year), it does not meet the definitive rule fo"
ds3859,Misinformation,0.9,False,True,"The claim states that Korn's album 'See You on the Other Side' was released in 2002. However, multiple credible sources confirm that the album was actually released on December 6, 2005. The image depicts the correct album cover, but the date in the claim is factually incorrect, constituting misinformation."
8063,Not Misinformation,0.6,False,True,"The claim states that Taiko drummers are performing at the Deep River festival in Ontario, Canada. Evidence confirms that Deep River is a town in Ontario, Canada, and hosts events such as 'Deep River Summerfest' and the 'Deep River Ancient Muster' (a fife and drum corps event). While the specific 2023 lineup for Taiko drummers is not explicitly detailed in the provided snippets, Taiko drumming is a known cultural performance in Canada (e.g., at Dragon Boat festivals in BC, as noted in evidence). The image shows Taiko drummers, which is consistent with the possibility of such a performance at a Canadian cultural festival. The module signals indicate the image is not AI-generated. The lack of specific confirmation for the *exact* year/event combination prevents a 'high' confidence label, but"
9677,Misinformation,0.9,False,True,"The headline claims that Tillakaratne Dilshan and Kumar Sangakkara celebrated after making England 'famous in the field'. This phrasing is nonsensical and factually incorrect; teams do not make opponents 'famous' by fielding, and the context implies a specific event. The retrieved evidence confirms that Dilshan and Sangakkara's notable joint celebration (both scoring centuries) occurred during the 2015 Cricket World Cup match against **Bangladesh**, not England. While Sri Lanka did defeat England in an ODI series, the specific iconic celebration of the two players is associated with the Bangladesh match. Furthermore, the phrase 'making England famous in the field' is likely a garbled or AI-generated hallucination of a headline, possibly confusing 'making England famous' with 'making Englan"
7259,Not Misinformation,0.9,False,True,"The claim states that Bernie Sanders spoke in Des Moines, Iowa. The retrieved evidence confirms that Bernie Sanders has indeed spoken in Des Moines on multiple occasions, including a rally and live coverage during the Iowa Caucus (Evidence [1] and [2]). While the claim specifies 'Thursday' without a date, the core assertion of him speaking in Des Moines is factually supported by the evidence. The image is identified as a genuine photograph (not AI-generated) depicting Sanders speaking, which aligns with the claim. Therefore, the content is not misinformation."
ds100,Not Misinformation,0.6,False,True,"The image depicts individuals in ice baths, which is a plausible recovery method for athletes after physical challenges. The claim references a 'Wembley challenge,' which aligns with real-world events such as the Rugby League Challenge Cup finals held at Wembley Stadium or the Sidemen crossbar challenge. While the image does not explicitly identify the specific individuals or the exact event, there is no evidence to suggest the image is AI-generated (visual_veracity ai_generated=false) or that the scenario is fabricated. The connection between ice baths and post-event recovery is factually supported by general sports science evidence. Therefore, the headline is not demonstrably false or misleading in a way that constitutes misinformation, although the specific identity of the subjects is n"
ds3706,Misinformation,0.9,False,True,"The claim that Robert Singer is 'incapable of writing' is factually false. Evidence confirms that Robert Singer is an American television producer, director, and writer who has written for series such as 'Supernatural' (e.g., the episode 'O' Death') and created 'Reasonable Doubts' [1, 2]. The image provided is a generic stock photo of a person writing and does not depict Robert Singer, nor does it support the claim of his inability to write. The claim contradicts established professional records."
1782,Misinformation,0.9,False,True,"The claim implies that North Korean workers are currently employed at the Shinwon company in the Kaesong Industrial Park. However, evidence confirms that the Kaesong Industrial Complex was shut down in February 2016 due to deteriorating inter-Korean relations, and North Korean workers are no longer actively employed there [1, 3]. While the image shows a clothing factory which aligns with the type of work done at Shinwon, the specific context of 'North Korean workers at Shinwon in Kaesong' is factually incorrect for the present day, as the facility is closed and operations have ceased. The image is likely a stock photo or archival image used misleadingly to suggest current activity."
4300,Not Misinformation,0.9,False,True,"The headline poses a subjective question regarding the public perception and critical reception of Robert Pattinson and Kristen Stewart's careers post-Twilight. The retrieved evidence confirms that both actors are widely recognized and taken seriously in the industry, with Pattinson known for diverse roles in major and independent films (Evidence [1]) and Stewart having evolved her career significantly. The image is a genuine photograph (visual_veracity ai_generated=false) depicting the two actors, which aligns with the subject matter. The headline does not make a false factual claim but rather references a common cultural discourse, which is supported by the evidence showing their continued relevance and critical acclaim."
ds9598,Misinformation,0.9,False,True,"The image depicts a performance by individuals in red coats, which visually resembles a theatrical or cultural event (such as a choir or dance troupe) rather than a political legislative session. The headline claims 'Critics say the annual Congress is a blessing,' implying a political context (likely the U.S. Congress). However, the retrieved evidence indicates that the U.S. Congress is a legislative body, not a performance event, and critics generally describe it as chaotic or unproductive (e.g., ouster of Speaker McCarthy, lack of productivity), not a 'blessing.' Furthermore, the term 'annual Congress' in the evidence refers to various specific events (like the UEFA Congress or Igbo women's congress) or the ongoing U.S. legislative session, none of which match the visual of a performance"
2237,Not Misinformation,0.9,False,True,"The image depicts a large bird flying over a forested area, which aligns with the claim. The visual veracity module indicates the image is not AI-generated (ai_generated=false). The retrieved evidence confirms that large birds, such as the Harpy eagle, inhabit tropical rainforests and can be seen flying over such areas [1]. Additionally, stock photography and general birding resources confirm that aerial photography of birds in forested regions is a common and realistic subject [3]. There is no evidence suggesting the image is fabricated or misleading."
8411,Misinformation,0.9,False,True,"The claim states that Mats Zuccarello scored for the New York Rangers to make the score 20. This is factually impossible in the context of the NHL, where scores rarely exceed 10-15 in regulation, and a score of 20 is virtually unheard of (the highest scoring games are typically 10-9 or similar). Furthermore, Mats Zuccarello is no longer on the New York Rangers; he was traded to the Dallas Stars in 2016 and later to the Minnesota Wild and Los Angeles Kings. The retrieved evidence confirms he played for the Rangers in the past but highlights his tenure with other teams and specific lower scores (e.g., 4-2, 3-1). The claim contains a severe factual error regarding the player's team affiliation and an implausible scoreline."
ds9228,Not Misinformation,0.6,False,True,"The image depicts a boat on a canal, which aligns with the claim. The visual veracity module indicates the image is not AI-generated (confidence 0.0 for AI generation, implying high confidence it is real). The retrieved evidence confirms that large passenger boats (such as river express boats and tour boats) operate on canals, specifically citing incidents in Bangkok canals involving passenger vessels. While the specific identity of the boat in the image cannot be definitively confirmed as a 'large passenger boat' without metadata, the scene is plausible and consistent with real-world events described in the evidence (e.g., passenger boats in Bangkok canals). There is no evidence suggesting the image is fake or the claim is false. The confidence is medium because the visual evidence alone "
ds461,Not Misinformation,0.9,False,True,"The headline claims that Bill Cosby's lawyers are attempting to get the case thrown out. Evidence [3] from the first query explicitly states: 'Bill Cosby's lawyers push to get sexual assault case thrown out... because of what his lawyers say was a binding commitment by a previous district attorney not to prosecute him.' This directly supports the claim. The image shows Bill Cosby, which is relevant to the subject of the headline. The visual veracity is confirmed as not AI-generated. Therefore, the image and headline are aligned and factually supported by the evidence."
4368,Not Misinformation,0.6,False,True,"The headline claims Jennifer Garner and Josh Duhamel are dating and that Ben Affleck feels threatened. The retrieved evidence supports the existence of these rumors. Specifically, Evidence [2] from OK Magazine and Evidence [3] from WishesOcean confirm that rumors were swirling about Garner and Duhamel dating after connecting on the set of 'Love, Simon'. Evidence [2] from HollywoodLife explicitly states that Ben Affleck feels 'threatened' by these rumors. While the image shows Ben Affleck and Jennifer Garner (not the couple mentioned in the headline), the image is a genuine photograph (AI-generated: false) and depicts relevant parties to the story (Garner and her ex-husband Affleck). The headline accurately reflects the media narrative and rumors present at the time (circa 2018), even if th"
6660,Misinformation,0.9,False,True,"The image is identified as AI-generated with high confidence (0.8) by the visual veracity module. The scene depicts a physically impossible scenario (skateboarding on a wall), which is a hallmark of AI synthesis. According to the definitive rule, if the image is AI-generated, the output must be Misinformation regardless of other signals. The claim describes a specific action (holding a paddle under a shelf) that does not align with the actual content of the image (a surreal skateboarding scene), further supporting the mislabeling."
ds831,Not Misinformation,0.9,False,True,"The claim states that actor Scott Baio spoke at the Monday evening session of the Republican National Convention. Evidence confirms that Scott Baio was indeed a speaker at the 2016 Republican National Convention in Cleveland. Specifically, Snopes [1] and NOLA.com [3] confirm his appearance. NOLA.com [3] explicitly places his speech on 'Day 1' of the convention. The 2016 RNC began on Monday, July 18, and the Day 1 session included evening speeches. Therefore, the image and headline accurately reflect a historical event where Scott Baio spoke at the RNC on a Monday evening. The module signals correctly identified the visual as real and the answer as true."
723,Misinformation,0.9,False,True,"The claim is factually impossible because Reggie Bush was not a member of the Miami Dolphins during the October 2023 season. Evidence shows that the Miami Dolphins played the Buffalo Bills on October 1, 2023, and Reggie Bush's last NFL game was in 2014 (with the New Orleans Saints). He was not on the Dolphins roster in 2023, nor did he play for the Dolphins in a game against the Bills in that timeframe. While he did play for the Dolphins in 2012, he did not play against the Bills for them (he played against the Colts, Saints, etc.). The image likely depicts a different player or an old photo mislabeled, but the specific claim of Reggie Bush scoring for the Dolphins against the Bills in the context of the 2023 game (implied by the module's focus on the 2023 recap) is false. Even if referrin"
ds4173,Misinformation,0.9,False,True,"The headline claims a federal judge granted permission to subpoena Donald Trump. However, direct evidence from PolitiFact [1] explicitly rates this specific headline as 'False', clarifying that while a judge may have ruled on document preservation or granted subpoenas to third parties (such as in the case of PILF or real estate attorneys), no federal judge granted a subpoena directly against Trump himself in the context implied by the headline. The retrieved evidence confirms that while Trump has been subpoenaed by the January 6 Committee (a congressional body, not a judge granting permission to subpoena him directly in a judicial ruling context) and faced subpoenas for his banks/records which judges ruled on, the specific claim that a judge 'granted permission to subpoena Trump' is factua"
ds9215,Misinformation,0.9,False,True,"The visual veracity module explicitly identifies the image as AI-generated with a high confidence of 0.8, noting unnatural textures and anatomical inconsistencies. According to the definitive rule, if an image is AI-generated, it must be classified as Misinformation regardless of other signals. The retrieved evidence confirms that while black and white horned cows exist (e.g., Holsteins, Highland cattle) and woodpiles are common outdoor features, there is no evidence linking this specific, likely synthetic, image to a real-world event or factual claim. The image is a fabrication."
ds6725,Misinformation,0.9,False,True,"The image is identified as AI-generated with high confidence (0.8) due to surreal and physically impossible elements, specifically a floating coffee cup and water defying gravity. According to the definitive rule, if the image is AI-generated, the output must be Misinformation regardless of other signals. While the claim that fire hydrants can be painted in patriotic colors is factually true (supported by evidence of Bicentennial traditions and local projects), the specific image provided is not a real photograph of such a hydrant but a synthetic creation."
1792,Not Misinformation,0.9,False,True,"The claim states that Ricky Muir, representing the Australian Motoring Enthusiast Party, was elected as a senator despite receiving a tiny number of first preference votes. Historical records confirm that Ricky Muir was indeed elected to the Australian Senate for Victoria in the 2013 federal election, taking office in 2014. He received only 0.51% of the primary (first preference) vote, which is considered a very small margin, yet he won a seat due to the preferential voting system. The image shows a man identified in the context as Ricky Muir. Since the core factual assertion of the headline (that he was elected with few first-preference votes) is historically accurate, the content is not misinformation."
2826,Not Misinformation,0.9,False,True,"The claim states that the mug changes color depending on how much coffee is in it. While the specific mechanism described ('depending on how much') is slightly imprecise (as these mugs typically change color based on temperature/heat rather than volume), the core assertion that the mug changes color is factually correct. The retrieved evidence confirms that color-changing mugs exist, are widely sold (Amazon, eBay, Personalization Mall), and function via heat-sensitive coatings (thermochromic materials) that reveal designs when hot liquid is added. The image shows a standard coffee mug, which is consistent with the product category. The module signals indicate the image is not AI-generated. Therefore, the content is not misinformation, as the product described exists and functions as broadl"
ds709,Not Misinformation,0.6,False,True,"The image depicts a Bombardier CRJ700, which aligns with the aircraft type mentioned in the claim. Evidence confirms that Delta Connection operated CRJ-700 aircraft (via SkyWest) and that daily service to Seattle-Tacoma International Airport (SEA) was planned and active in late 2015 (starting December 19, 2015). While the specific date of 'September 2015' is slightly before the start of the daily service mentioned in the evidence, Delta Connection flights (likely regional partners or existing routes) would have been operating at SEA during that month. The image is verified as real (not AI-generated). The claim is plausible and consistent with the operational history of Delta Connection at SEA in 2015, even if the specific photo date cannot be definitively pinned to September without metada"
ds3448,Misinformation,0.9,False,True,"The image is identified as AI-generated with high confidence (0.8). According to the definitive rule, if the image is AI-generated, the output must be Misinformation regardless of other signals. The claim 'Younger is a town' is ambiguous; while 'Young' is a town in Australia and 'Youngers' is a community in Missouri, 'Younger' is primarily known as a TV series or a comparative adjective. However, the primary driver for the 'Misinformation' label here is the visual veracity of the image being AI-generated, which invalidates the image as a factual representation of any specific real-world location, including a town named Younger."
ds2474,Not Misinformation,0.9,False,True,"The image depicts a realistic scene of boats docked in water, which aligns perfectly with the claim 'some boats that are by a dock in some water'. The visual veracity module confirms the image is not AI-generated (ai_generated=false). The retrieved evidence supports the existence of such scenes in stock photography and real-world locations (e.g., Chicago waterways, Lake Annecy), confirming the plausibility and accuracy of the description. There are no contradictions or signs of manipulation."
ds2010,Not Misinformation,0.9,False,True,"The image depicts a tennis player in the act of serving, which aligns with the claim. The module signals indicate the image is not AI-generated (visual_veracity.ai_generated=false) and the content is relevant. The retrieved evidence confirms that serving is a standard action in tennis where a player hits the ball to start a point, often towards an opponent's side of the court. The visual evidence supports the description of a player serving."
ds1564,Misinformation,0.9,False,True,"The claim states that Woody Allen received the Cecil B. DeMille Lifetime Achievement Award 'this year' (implying 2023, given the context of the retrieved evidence). However, evidence [2] and [3] under the query 'Cecil B DeMille award winners 2023' explicitly state that Eddie Murphy received the award at the Golden Globes in January 2023. While Woody Allen did receive the award in 2021 (as noted in evidence [1] for Tom Hanks, but historically known, and supported by evidence [3] mentioning the controversy of him receiving it, which occurred in 2021, not 2023), the specific claim for 2023 is factually incorrect. The module signals also contain a contradiction, with one answer claiming he received it in 2023 and another correctly identifying Eddie Murphy as the 2023 winner. Based on the defin"
ds2594,Misinformation,0.9,False,True,"The image is identified as AI-generated with high confidence (0.8) due to unnatural finger warping and inconsistent nail textures, which violates the definitive rule for mislabeling AI-generated images as misinformation. Additionally, the claim that nail polish matches a 'different part of the table' is nonsensical and unsupported by the evidence, which discusses color shifts due to light angle or chemical properties (UV/hydrochromic), not matching furniture surfaces."
2501,Not Misinformation,0.6,False,True,"The image depicts a girl holding a frog, which aligns with the claim that she caught a bullfrog. The visual veracity signals indicate the image is not AI-generated (confidence 0.2 for AI generation, implying high confidence it is real). The retrieved evidence confirms that bullfrogs are real animals that can be caught by humans, and the image does not contain any obvious signs of manipulation or impossibility. While the specific identity of the girl or the exact moment is not verified by the general web evidence, there is no evidence to suggest the image is fake or the claim is false. The claim is plausible and consistent with the visual content."
7697,Not Misinformation,0.9,False,True,"The claim states that a draft proposal suggests two garden cities at Yalding in Kent and Gerrards Cross in Buckinghamshire. Evidence [2] from the retrieved sources explicitly confirms this, stating: 'This newspaper understands, from sources outside the Deputy Prime Minister’s office, that a draft proposal suggests building two new settlements in Yalding, Kent, and Gerrards Cross, in Buckinghamshire.' This directly validates the core assertion of the claim. The image is a generic landscape and does not contradict the text, and the visual veracity check indicates it is not AI-generated. Therefore, the claim is supported by evidence."
ds2926,Misinformation,0.9,False,True,"The claim that the debugging tool icon on the Touch Bar is a can of bug spray is factually incorrect. In software development, 'debugging' refers to the process of finding and resolving defects (bugs) in code, not removing insects. Evidence [1] from the module signals explicitly states that the debugging icon is not a bug spray and that 'bug' refers to code errors. Furthermore, evidence [2] from the module signals identifies the typical icon for debugging as a lightning bolt or other tool-related symbols, not a spray can. While one retrieved evidence snippet [3] from the web search mentions a 'spray can icon' in a hypothetical or metaphorical context ('A spray can icon on the touch bar may be useful when...'), this does not validate the claim as a standard feature; rather, it highlights th"
ds1829,Not Misinformation,0.6,False,True,"The image depicts an MRAP vehicle, which aligns with the claim's subject. The claim states that US school districts acquired such vehicles under a Pentagon giveaway. While the specific term 'giveaway' is often used critically to describe the 1033 program, the core factual assertion that schools (specifically their campus police/security) have acquired MRAPs via this federal surplus program is supported by evidence. Specifically, Saddleback College's campus police obtained an MRAP through the DoD Excess Property Program (1033), as noted in the module signals and general knowledge of the program's scope. The retrieved evidence confirms the existence of the MRAP program and the 1033 program's distribution of military gear to law enforcement (including police departments associated with instit"
ds4158,Misinformation,0.9,False,True,"The claim that Hillary Clinton filed for divorce in New York courts is false. Multiple credible sources, including HuffPost and All About Lawyer, have explicitly debunked these rumors as hoaxes. There are no legal filings for divorce by Hillary Clinton in any jurisdiction, including New York. The rumor appears to be a recurring fake news story, sometimes conflated with news about her aide Huma Abedin or originating from tabloids like Weekly World News. The image provided is a generic photo of Hillary Clinton and does not support the specific claim of a divorce filing."
ds9891,Not Misinformation,0.6,False,True,"The image depicts a social gathering in period attire, which is thematically consistent with the BBC's 1995 adaptation of 'Pride and Prejudice' (confirmed by evidence [1], [3] from the first set and [3] from the second set). The headline 'Having A good time' is a generic description that could plausibly apply to scenes from the series (e.g., balls, gatherings). The visual veracity signal indicates the image is not AI-generated. While the image is not definitively identified as a specific frame from the show, there is no evidence suggesting it is a fake or misleading representation intended to deceive; it is a plausible, albeit generic, visual association. The partial alignment in the module signals supports this, noting the lack of specific confirmation but acknowledging the thematic fit. "
3477,Misinformation,0.9,False,True,"The image is identified as AI-generated (confidence 0.9) depicting a surreal scene of an octopus in a baseball setting. The claim states that the movie 'Trouble with the Curve' stars a squid. Evidence confirms that 'Trouble with the Curve' is a 2012 sports drama starring human actors (Clint Eastwood, Amy Adams, etc.) and contains no such creature. Furthermore, the image depicts an octopus, not a squid, making the visual content mismatched with the specific claim even if the movie context were ignored. The combination of an AI-generated image and a factually false claim about the movie's content constitutes misinformation."
3415,Misinformation,0.9,False,True,"The claim that Hezbollah received zero support from Iran is factually incorrect. Multiple authoritative sources confirm that Iran is a key patron of Hezbollah, providing significant funding, military training, weapons, and organizational aid since the group's inception in the early 1980s. Evidence from the US State Department, Wikipedia, and major news outlets explicitly details this extensive support, directly contradicting the claim of 'zero support'."
ds4821,Not Misinformation,0.6,False,True,"The claim that Meghan Markle kept her romance with Prince Harry secret from her Suits cast mates is not supported by the evidence, which indicates the opposite. Multiple sources confirm that her Suits co-stars were aware of the relationship and reacted positively to her engagement. For instance, evidence [2] from the 'answers' module and evidence [1] from the 'retrieved evidence' section (Eonline) state that cast members like Sarah Rafferty and Patrick J. Adams expressed support, excitement, and well-wishes regarding her romance and engagement. While some sources note that the couple kept their relationship private from the general public initially, there is no evidence suggesting they hid it from their colleagues on set; rather, the cast was supportive and involved in the narrative of her"
ds471,Not Misinformation,0.9,False,True,"The claim accurately describes the RoboRoach product developed by Backyard Brains. Evidence confirms that RoboRoach is a real educational kit that uses a small electronic backpack with electrodes to stimulate the nerves in a cockroach's antennae. This device connects to a smartphone app via Bluetooth, allowing users to control the cockroach's direction. The image depicts this specific technology and usage scenario, and the visual veracity signals indicate it is not AI-generated. Therefore, the headline and image are consistent with factual information."
ds4939,Misinformation,0.9,False,True,"The headline claims a specific individual named 'Cait' is facing knee surgery due to refusing to wear stilettos. The retrieved evidence does not support this specific narrative. While there are mentions of 'Cait McMahan' undergoing knee surgery in 2006 (unrelated to stilettos) and 'Cait Keen' undergoing major surgery for a fibroid (unrelated to knees or heels), there is no news linking any 'Cait' to knee surgery caused by high heel usage. The image is a generic stock photo of a woman in heels, not a specific news photo of the alleged victim. The claim appears to be a fabricated or sensationalized story using generic imagery and unrelated medical facts about high heels to create a false narrative about a specific person."
1818,Misinformation,0.9,False,True,"The claim asserts that the 'Opinion Debate' section moved to a publication called 'Viewspaper' with more room for reader letters. Evidence [1] from Fast Company and [3] from NY Post confirms that the Washington Post's opinion section is undergoing an overhaul under Jeff Bezos, but there is no mention of a move to a 'Viewspaper'. The term 'Viewspaper' appears to be a hallucination or a misinterpretation of the 'Viewspaper' supplement mentioned in Evidence [3] from The Guardian, which refers to a specific 20-page supplement in The Independent's 2010 redesign, not a general platform for the Washington Post. Furthermore, Evidence [1] from ukviewspaper.com defines 'Viewspaper' as a specific rebranding of a UK publication, unrelated to the Washington Post's structural changes. The claim conflate"
ds4587,Misinformation,0.6,False,True,"The claim asserts that Jennifer Aniston spent $100,000 on a makeover. Evidence indicates that while Aniston did spend approximately $100,000 on a three-month hotel stay (including room service and tips) following her split from Justin Theroux, there is no evidence linking this sum to a 'makeover'. The claim conflates accommodation expenses with cosmetic procedures, which is a factual distortion. Additionally, recent reports suggest she is actually reducing her use of fillers for a more natural look, contradicting the implication of a major, expensive cosmetic overhaul. The image provided is irrelevant to the specific financial claim, further supporting the misleading nature of the headline."
ds9253,Not Misinformation,0.9,False,True,"The image displays a realistic scene containing a coffee beverage, a slice of cake (consistent with coffee cake), and a banana. The headline claims the display includes 'coffee cake, a pastry and a beverage'. While the image also shows a banana not mentioned in the headline, the headline is not false; it describes a subset of the items present. Coffee cake is a type of sweet bread/cake often served with coffee, and the item shown fits this description. The presence of an unmentioned item (banana) does not make the statement 'Food items displayed such as...' misinformation, as it is an inclusive description rather than an exhaustive list. The image is verified as real (not AI-generated)."
ds8003,Misinformation,0.9,False,True,"The claim that a fireworks display in Weymouth marked the opening of the London 2012 Olympics is factually incorrect. The London 2012 Opening Ceremony took place at the Olympic Stadium in London on July 27, 2012, and was not held in Weymouth. While Weymouth did host sailing events for the 2012 Olympics (specifically the 'Sail for Gold' event in July 2012), there is no evidence linking a Weymouth fireworks display to the opening ceremony. The retrieved evidence indicates that Weymouth's fireworks displays are typically associated with Guy Fawkes Night (November 5th) or summer holidays, not the Olympic opening. The image shows a generic fireworks display, which does not support the specific temporal and locational claim of the headline."
4557,Not Misinformation,0.9,False,True,"The headline claims that Irish actress Ruth Negga's Hollywood star status is 'SOAR'ing. The retrieved evidence confirms that Ruth Negga is indeed a rising star in Hollywood, citing her Oscar nomination for 'Loving', her role in 'Preacher', and her recent and upcoming high-profile projects such as 'Passing', 'Good Grief', and 'Presumed Innocent' [1, 2, 3]. The module signals indicate the image is not AI-generated and while the specific identification of Ruth Negga in the image is marked as 'partial' alignment, the core claim regarding her career trajectory is factually supported by multiple sources. The image likely depicts her or related promotional material, and there is no evidence of fabrication or false claims regarding her status."
ds8684,Misinformation,0.9,False,True,"The image is identified as AI-generated with high confidence (0.8) due to unnatural fur patterns and surreal color blending, which violates the visual veracity requirement for authentic imagery. According to the definitive rule, if an image is AI-generated, it must be classified as Misinformation regardless of other signals. The headline claims a specific real-world scene ('cat and dog on wooden benches next to a stairwell'), but the image is a synthetic creation, making the claim misleading as it implies a factual photograph of a specific event or location."
