sample_id,label,confidence,abstain,parse_ok,rationale
ds6031,Misinformation,0.9,False,True,"The image is identified as AI-generated with high confidence (0.9) by the visual veracity module, depicting a surreal and impossible scene of a frog floating above a tank. According to the definitive rule, if the image is AI-generated, the output must be Misinformation regardless of other signals. Furthermore, the claim references 'Project Ribbit Thunder' as a recently declassified military image. Evidence indicates that 'Ribbit' is a character from the animated series 'The Amazing Digital Circus' and there is no credible evidence of a military project by this name being declassified. The term appears to be a conflation of pop culture references and potentially cryptocurrency projects, lacking any basis in actual military declassification records. The combination of an AI-generated image a"
3397,Misinformation,0.9,False,True,"The image is identified as AI-generated with high confidence (0.8). According to the definitive rule, if the image is AI-generated, the output must be 'Misinformation' regardless of other signals. Additionally, the claim that Planet Hollywood Las Vegas is owned by a corporation based in Paris, Texas is factually incorrect. Evidence confirms that Planet Hollywood Las Vegas is owned and operated by Caesars Entertainment, a company based in Nevada, not a Texas corporation. The image itself, being AI-generated, likely contains visual anomalies or fabricated details that do not correspond to reality, further supporting the misinformation label."
ds2700,Not Misinformation,0.6,False,True,"The image depicts a scaled quail, which is a real bird species native to the Southwestern US and Mexico. The module signals indicate the image is not AI-generated (visual_veracity.ai_generated=false). The headline claims the quail is standing on one leg next to a raisin and a peanut. Evidence [3] from the Utah County Birders Newsletter confirms that scaled quails do stand on one leg, particularly in cold weather, validating that part of the claim. The module's answers also confirm that scaled quails are omnivores that eat seeds and grains, making it plausible they would interact with or be near peanuts and raisins (though raisins are not a natural wild food, they are often used in feeding contexts or could be present in a specific setting). The module notes 'partial' alignment because the "
ds4880,Not Misinformation,0.9,False,True,"The claim states that Lindsay Lohan wore a hijab, sparking mixed feelings on social media. The retrieved evidence confirms that Lindsay Lohan attended London Modest Fashion Week wearing a hijab [1, 2, 3]. Multiple sources explicitly mention that this appearance sparked mixed reactions and confusion on social media, with some speculating about conversion to Islam and others questioning her motives or citing cultural appropriation concerns [2, 3, AOL article]. The image shows a woman in a hijab, which aligns with the event described. The visual veracity module indicates the image is not AI-generated. Therefore, the headline accurately reflects reported events and public reaction."
ds8852,Not Misinformation,0.6,False,True,"The claim states there are 'Three teddy bears and a stuffed cat on a bedroom wall.' The visual veracity module indicates the image is not AI-generated and shows three teddy bears against a stone wall in a natural setting. The relevancy module notes that while there are three teddy bears, there is no confirmation of a stuffed cat or that the setting is a bedroom wall. The retrieved evidence confirms that teddy bears are popular decor and discusses general stuffed animal themes and display methods, but does not verify the specific content of this image (i.e., the presence of a cat or the specific location). Since the image is real (not AI-generated) and the discrepancy is primarily about the specific details (cat, bedroom vs. natural stone wall) rather than a fabricated reality, it is not cl"
7551,Not Misinformation,0.9,False,True,"The claim states that snow has fallen across parts of the UK, specifically mentioning Kielder Water in Northumberland, and that more is predicted. The retrieved evidence supports this: Source [3] from BBC News explicitly confirms that 'Snow has fallen across parts of northern England and southern Scotland, with more forecast over the weekend.' Additionally, Source [1] from AOL confirms that Kielder Water in Northumberland has experienced significant snow events (referencing the 'Beast from the East' in 2018, but establishing the location's susceptibility to such weather). The image shows a snowy landscape which is consistent with the claim of snowfall in the UK. The visual veracity signals indicate the image is not AI-generated. While the specific date of the image isn't confirmed to be th"
365,Misinformation,0.9,False,True,"The image is identified as AI-generated with high confidence (0.8). The visual evidence shows gorillas with unnatural, exaggerated facial features and expressions that do not match real wildlife photography or typical mascot costumes used at such events. The module's visual veracity signal explicitly flags the image as AI-generated. According to the definitive rule, if the image is AI-generated, the output must be Misinformation regardless of the factual accuracy of the headline's context (which is true: Kwita Izina ceremonies do occur in Rwanda). The image does not depict a real event but rather an AI-generated fabrication, making the pairing misleading."
ds4717,Not Misinformation,0.6,False,True,"The claim that Khloe Kardashian was forced by Tristan Thompson to follow a strict pregnancy diet after a binge is supported by multiple entertainment news sources from the time of her pregnancy (2018). Evidence [1] from Inquisitr and Evidence [2] from OK Magazine explicitly state that Tristan Thompson put Khloe on a pregnancy diet after she indulged in junk food. While the image provided is not relevant to the specific event (as noted by the module signals), the textual claim itself is grounded in reported celebrity news from that period. The 'forced' aspect is a common tabloid framing of the reported dynamic where Tristan was reportedly controlling her diet. Since the core assertion is supported by evidence, and the image is not AI-generated, the label is Not Misinformation, though confid"
4718,Not Misinformation,0.9,False,True,"The headline claims Jennifer Lopez might take a break from Alex Rodriguez. Evidence confirms that Jennifer Lopez and Alex Rodriguez did indeed take a break from their relationship, which led to their breakup and the cancellation of their engagement in March 2021 (Evidence [2], [3]). Furthermore, recent reports indicate that Rodriguez reached out to Lopez after his latest breakup, suggesting ongoing interaction or a potential reconciliation phase, which aligns with the 'break' or 're-evaluation' narrative implied by the headline (Evidence Q3-1, Q3-3). The image is a genuine photograph of J.Lo (visual_veracity: false for AI), and the subject matter is factually grounded in their well-documented relationship history and recent news. The headline is a sensationalized but truthful summary of th"
ds4306,Not Misinformation,0.9,False,True,"The headline accurately reflects statements made by Eric Trump in August 2016. Multiple credible news sources, including The Hill, The Wall Street Journal, and HuffPost, confirm that Eric Trump stated it would be 'foolish' for his father, Donald Trump, to release his tax returns while under audit, arguing that the public might make uninformed assumptions. The image depicts Eric Trump, and the module signals correctly identify the visual as genuine and the content as aligned with historical fact. Therefore, the claim is supported by evidence."
ds1370,Not Misinformation,0.9,False,True,"The claim states that Kris and Bruce Jenner attended the Academy of Country Music Awards in Las Vegas. Evidence from Mirror Online [3] and USA Today [3] explicitly confirms that Kris and Bruce Jenner attended the 44th Annual Academy of Country Music Awards, which was held at the MGM Grand in Las Vegas on April 5, 2009. The image signals indicate the photo is authentic (not AI-generated) and aligns with the event. Therefore, the claim is factually supported by the evidence."
ds2101,Not Misinformation,0.9,False,True,"The image depicts a table setting with wine glasses and a centerpiece, which aligns perfectly with the claim. The module signals confirm that the image is not AI-generated (ai_generated=false) and is relevant to the headline. The retrieved evidence supports the general concept of table centerpieces and wine glass settings, confirming that such arrangements are common and well-documented in home decor contexts. There is no evidence of deception, fabrication, or misleading context. The claim is a straightforward description of the visual content."
5000,Misinformation,0.9,False,True,"The claim that President Obama admitted to a secret deal with China to hand over U.S. territory to settle debt is factually false. The retrieved evidence confirms that while the Obama administration engaged in diplomatic relations and trade discussions with China (e.g., the 2014 state visit [1], [3]), there is no record of any agreement to cede U.S. territory. The only U.S. territory transferred to China was Hong Kong, which was handed over by the United Kingdom in 1997, long before Obama took office [1], [2] in the second evidence set. Furthermore, while there were tensions regarding U.S. debt held by China and specific deals like the 2013 Sarbanes-Oxley audit agreement [3] in the third evidence set, none involved the transfer of sovereign U.S. territory. The image of the Obamas is unrela"
ds4724,Not Misinformation,0.6,False,True,"The claim that George and Amal Clooney are sleeping in separate bedrooms is a specific detail about their private lives that cannot be visually verified from a photograph of them together in a vehicle. The image shows the couple together, which contradicts the idea of a separation, but does not confirm or deny sleeping arrangements. The retrieved evidence indicates that while there are rumors and speculation about their relationship (including divorce rumors and reports of separate travel), there is no definitive factual confirmation that they sleep in separate rooms. In fact, one evidence snippet explicitly states that the notion of them sleeping separately due to snoring is 'not accurate' and that they have adapted to each other's quirks. However, other snippets mention 'separation' in t"
ds6329,Misinformation,0.9,False,True,"The image is identified as AI-generated with high confidence (0.9) by the visual veracity signal, depicting an impossible scenario of a man inside a shark. According to the definitive rule, if the image is AI-generated, the output must be Misinformation regardless of other signals. Furthermore, the headline references 'What's Eating Gilbert Grape' and 'Sharkasaurus', neither of which involve a character named 'Arnie' fighting a shark. 'What's Eating Gilbert Grape' is a drama with no shark scenes, and 'Sharkasaurus' is a different creature entirely. The image and headline are unrelated and fabricated, constituting misinformation."
ds1157,Not Misinformation,0.9,False,True,"The claim describes a person holding a banner during a pope's procession down Fifth Avenue to St. Patrick's Cathedral. Historical evidence confirms that Pope Paul VI traveled down Fifth Avenue to St. Patrick's Cathedral in 1965, and Pope Francis did so in 2015. During such high-profile papal visits, it is standard for crowds to hold banners and signs. The retrieved evidence supports the occurrence of the procession on Fifth Avenue to the Cathedral (Sources [1], [2] from Q1; [1], [2] from Q7). While the specific image cannot be definitively linked to a specific individual without metadata, the event described is factually grounded in historical reality. The module signals indicate the image is not AI-generated (visual_veracity ai_generated=false), and the relevance is partial because the im"
5013,Misinformation,0.9,False,True,"The headline claims a 'Controversial Dating Revelation' regarding Brooke Burke's divorce that sparks speculation. However, the retrieved evidence indicates that Brooke Burke is currently engaged to Scott Rigsby and has recently discussed wedding plans (which were delayed), rather than revealing new controversial dating news amid an active divorce. Furthermore, the module signals explicitly state that the image is not aligned with the headline (relevancy: false, confidence 0.2), showing two individuals on a stage that do not depict Brooke Burke or the specific event described. The image appears to be a generic stock photo or unrelated clip used to mislead viewers into believing it depicts the subject of the clickbait headline. Since the image does not support the claim and the claim itself "
3983,Misinformation,0.9,False,True,"The claim contains two factual errors: it states the film was released in 2008, whereas evidence confirms it was released in 2013 [3] (diehard.fandom.com, Wikipedia). More critically, the visual veracity module indicates the image is AI-generated with high confidence (0.8), citing nonsensical text ('MOMATOR') and inconsistent lighting. Per the definitive rule, if the image is AI-generated, the output must be Misinformation regardless of other signals. The image is also irrelevant to the claim, depicting a generic street scene rather than the film or director."
ds9980,Not Misinformation,0.6,False,True,"The image depicts a scene consistent with the humanitarian crises in northern Iraq, specifically involving displaced families fleeing conflict zones (such as Mosul) and seeking refuge at Kurdish checkpoints. Evidence [3] from the first query explicitly mentions a 'girl stands besides her tent at a temporary displacement camp set up next to a Kurdish checkpoint in Kalak' during the ISIS conflict in Mosul. Evidence [1] and [2] from the third query describe Iraqi families fleeing Mosul and crossing into Kurdish-controlled areas (like the Khazer area) near checkpoints. While the specific date of the image is not provided, the visual content (a girl in a field near a checkpoint context) aligns with documented events of Iraqi displacement. The module's visual veracity signal indicates the image "
ds2354,Not Misinformation,0.9,False,True,"The image depicts a large airplane flying low in a cloudy sky. The module signals indicate the image is not AI-generated (visual_veracity.ai_generated=false) and is relevant to the claim. The retrieved evidence supports the plausibility of the scene: planes do fly low due to various factors such as landing approaches, weather conditions (clouds affecting flight paths), and heat (which can limit climb performance). While the evidence does not confirm a specific viral event matching this exact image, the claim describes a physically possible and common aviation scenario (planes flying low, often near airports or due to weather). There is no evidence suggesting the image is fake or the event is impossible. The 'answers' module confirms that planes fly low and that cloudy skies impact flight p"
ds9501,Misinformation,0.9,False,True,"The claim states that Ford's reelection campaign was 'brilliant.' However, historical evidence confirms that Gerald Ford's 1976 reelection campaign was unsuccessful, as he lost the general election to Jimmy Carter. The campaign was widely viewed as struggling due to the lingering effects of the Watergate scandal and a difficult primary challenge from Ronald Reagan. Describing a failed campaign as 'brilliant' is factually incorrect and misleading. The module signals correctly identify that the image is not AI-generated, but the textual claim contradicts the historical record of the campaign's outcome and general reception. Therefore, the claim is misinformation."
ds4,Not Misinformation,0.9,False,True,"The claim states that after the murders, Charlie Hebdo's surviving staff left their Paris offices for a temporary home at Liberation newspaper. The retrieved evidence confirms this sequence of events. Specifically, evidence [2] from the New York Times and [2] from the Sydney Morning Herald state that Charlie Hebdo moved into rented office space after 'squatting for more than six months in an improvised space carved out of the newsroom of Liberation.' Additionally, evidence [3] from ABC News explicitly quotes a source saying, 'They left [Liberation] today,' confirming that Liberation served as their temporary base before they moved to a new high-security location in September 2015. The image provided is a memorial scene, which is contextually relevant to the aftermath of the attacks, though"
ds3871,Misinformation,0.9,False,True,"The claim states that Meghan Markle was born in July. However, multiple reliable sources confirm that Meghan Markle was born on August 4, 1981, not in July. Furthermore, the module signals indicate that the image is AI-generated (confidence 0.8) and depicts nonsensical objects (clothing, a book with illegible text, a cat in a bowl) that are irrelevant to the claim about Meghan Markle's birth date. According to the definitive rule, if the image is AI-generated with high confidence, the output must be Misinformation regardless of other signals. The combination of a false factual claim and an irrelevant, AI-generated image confirms the misinformation label."
8830,Not Misinformation,0.6,False,True,"The claim states that the image shows an old clock hanging against the side of a barn. The retrieved evidence confirms that such images exist and are real-world photographs. Specifically, Evidence [3] from Unsplash explicitly describes a photo titled 'A barn with a clock on the side of it' located in Michigan, which matches the visual description in the claim. The module's visual veracity signal indicates the image is not AI-generated (ai_generated=false), and while the relevancy signal was low (0.2), this appears to be a conservative estimate due to the lack of specific metadata in the prompt's context rather than a contradiction. Since the image depicts a real object (a clock) in a context (barn) that is documented as existing in reality (as per the Unsplash source), and there is no evid"
ds5053,Misinformation,0.9,False,True,"The claim states that drinking green tea daily increases lifespan by 'Ten Years'. While the retrieved evidence confirms that green tea is associated with longevity and reduced risk of cardiovascular disease (e.g., [3] from Benzinger on Health, [1] from NPR regarding Blue Zones), none of the sources support the specific quantitative claim of a ten-year increase. The study by Dr. Shinichi Kuriyama mentioned in evidence [3] found a correlation with reduced mortality risk but did not quantify the gain as ten years. Such specific, large numerical claims are often exaggerations or misinterpretations of relative risk reductions found in observational studies. Without evidence supporting the specific 'ten years' figure, the headline is misleading and constitutes misinformation."
ds2437,Misinformation,0.9,False,True,"The claim states that the image shows an 'animal food tray and cage' that is empty. However, the image clearly depicts a disc golf basket (a metal chain basket used in the sport of disc golf) with a tree in the background. The module signals correctly identify that the image is not relevant to the claim, noting that it shows a disc golf basket, not an animal food tray or cage. Since the subject matter of the image (disc golf equipment) is fundamentally different from the subject matter of the claim (animal husbandry items), the claim is a misrepresentation of the visual content. This constitutes misinformation because the text describes objects that are not present in the image. The evidence retrieved discusses actual animal food trays and cages, further highlighting the disconnect between"
ds6090,Misinformation,0.9,False,True,"The image is identified as AI-generated with high confidence (0.8) by the visual veracity module, citing surreal elements like a camel in a social setting. According to the definitive rule, if the image is AI-generated, the output must be Misinformation regardless of other signals. Additionally, the retrieved evidence confirms that Outside Lands 2023 was a real, sold-out event with specific lineups (Foo Fighters, Kendrick Lamar, etc.), but the image itself is not a genuine photograph of that event due to its AI-generated nature and the presence of an incongruous animal, making it a fabricated representation."
ds742,Not Misinformation,0.6,False,True,"The image depicts a protest scene with a 'WALL OFF TRUMP' banner, which aligns with the widespread protests against Donald Trump during the 2016 Republican National Convention in Cleveland. The Quicken Loans Arena (now Rocket Mortgage FieldHouse) was the primary venue for the RNC in 2016. While the specific claim that demonstrators 'blocked' or formed a barrier to Trump *at* the arena is not explicitly confirmed by the provided snippets (which mention protest routes near the arena and arrests for flag burning outside), the visual evidence of a Trump protest in Cleveland during the RNC timeframe is consistent with historical records. The 'WALL OFF TRUMP' slogan was a prominent feature of these protests. The module signals indicate the image is real (not AI-generated) and the relevance is pa"
ds1754,Not Misinformation,0.9,False,True,"The headline states that Benedict Cumberbatch plays Julian Assange in the film 'The Fifth Estate'. This is a factual statement confirmed by multiple reliable sources. Evidence [1] from Wikipedia explicitly states that 'The Fifth Estate' is a 2013 biographical thriller film that 'stars Benedict Cumberbatch as its editor-in-chief and founder Julian Assange'. Additional evidence from IMDb and Rotten Tomatoes corroborates this casting. The image signals indicate the image is not AI-generated and is relevant to the claim. Therefore, the claim is accurate and not misinformation."
4580,Not Misinformation,0.6,False,True,"The claim is a subjective opinion or preference ('picks... over') rather than a verifiable factual statement about an event or object. The module signals indicate low relevancy (0.2) because the image does not depict the specific products (lip kits, contour sticks) or the specific interaction described. However, the visual veracity is high (not AI-generated), and the image shows three women who could plausibly be the Kardashian sisters. The retrieved evidence confirms the existence of the products mentioned (Kylie's Lip Kits, Kim's contouring style/products) and the general public interest in comparisons between the sisters. There is no evidence proving the claim is false, nor is there evidence proving it is true, as it is a matter of personal preference. Since the image is real and the en"
ds50,Not Misinformation,0.9,False,True,"The claim states that Rachael Drouet has still not tracked down the owners of the decorations. Evidence [3] from BBC News explicitly states: 'Rachael Drouet has still not tracked down the owners of the decorations.' This directly corroborates the claim. The image shows decorations and a cat, which aligns with the context of the story about Rachael Drouet's cat stealing decorations. The visual veracity indicates the image is not AI-generated. Therefore, the claim is supported by evidence."
8392,Misinformation,0.9,False,True,"The claim states that Oregon Attorney General Ellen Rosenblum alleges GNC knowingly sold supplements containing two synthetic chemicals. The retrieved evidence confirms that in October 2015, AG Ellen Rosenblum did indeed file a lawsuit against GNC alleging the sale of supplements containing illegal synthetic ingredients, specifically picamilon and BMPEA (Evidence [2], [3] from the first set; Evidence [1], [2], [3] from the second set). The evidence supports the core factual assertion of the claim regarding the lawsuit and the specific allegations made by the AG. However, the provided image shows a box of 'Nurofen Express', which is a pain relief medication (ibuprofen/paracetamol) and is completely unrelated to GNC or dietary supplements. The module signals correctly identify this as 'align"
ds7878,Not Misinformation,0.6,False,True,"The image depicts a realistic scene of people wading through floodwaters, consistent with the visual signals indicating no AI generation. The retrieved evidence confirms that Satkhira, Bangladesh, including areas like Harinagar (or similar upazilas in the district), has experienced significant flooding, particularly in late 2023 and subsequent periods, with embankment collapses and heavy rains causing displacement. While the specific claim that the individuals in this specific image are a 'Bangladeshi family' heading to 'refuge in Harinagar Satkhira' cannot be definitively verified as the exact source of this specific stock-style photo (as similar images exist from other regions like Vietnam or India), the context is factually grounded. Floods in Satkhira are a documented reality, and the "
ds4278,Misinformation,0.9,False,True,"The headline claims that Russian mansions seized by Obama were 'meant to be illegal gifts' to his daughters, Sasha and Malia. While it is true that the Obama administration seized two Russian diplomatic compounds in 2016 (as confirmed by evidence [1] and [3] in the first Q&A block), there is absolutely no evidence to support the claim that these properties were intended as gifts to the Obama daughters. The seized properties were diplomatic compounds used by Russian diplomats for recreation and residence, not personal gifts. The claim that they were 'illegal gifts' to Sasha and Malia is a fabricated narrative with no basis in fact, as confirmed by the module signals and evidence which state there is no evidence of such gifts. The image provided (a person) is irrelevant to the specific claim"
ds6954,Misinformation,0.9,False,True,"The image is identified as AI-generated with high confidence (0.8) by the visual veracity module. The image depicts a surreal scene of a man in a suit floating in space, which bears no resemblance to Prof. Martin Hairer or any realistic depiction of him. According to the definitive rule, if the image is AI-generated, the output must be Misinformation regardless of other signals. Additionally, the claim contains factual inaccuracies: while Martin Hairer is an Austrian mathematician, he teaches at EPFL and Imperial College London, not the University of Warwick. The image is completely irrelevant to the subject, further supporting the misinformation label."
ds3520,Misinformation,0.9,False,True,"The claim states that Ice-T was 18 years old when he signed to Sire Records in 1987. However, multiple evidence sources confirm that Ice-T was born on February 16, 1958. In 1987, he would have been 29 years old (turning 29 in February 1987). The module signals also correctly identify his age as 29. The claim contains a factual error regarding his age at the time of the signing. Although the image is not AI-generated, the headline contains false information."
7044,Not Misinformation,0.9,False,True,"The claim states that Democratic presidential candidate Hillary Clinton was at a rally in Columbus, Ohio. The retrieved evidence confirms that Hillary Clinton, as a Democratic presidential candidate, held multiple rallies and speeches in Columbus, Ohio, specifically in 2015 and 2016 (e.g., June 21, 2016, at Fort Hayes Vocational School; September 10, 2015, at a 'Women for Hillary' meeting; and July 31, 2016). The module signals indicate the image is not AI-generated and shows a woman appearing to be Hillary Clinton. While the specific date or exact visual context of the single image cannot be verified without reverse image search, the core factual assertion (that she held rallies in Columbus, Ohio) is supported by multiple credible sources. There is no evidence suggesting the image is fake"
ds9094,Misinformation,0.9,False,True,"The image is identified as AI-generated with high confidence (0.8) by the visual veracity module. The module notes nonsensical text artifacts ('OLLD PARNG', 'PLEWK $TNC') on the sign, which is a hallmark of AI image generation. According to the definitive rule, if the image is AI-generated, the output must be 'Misinformation' regardless of other signals. The headline claims the image shows 'Two old street parking meters surrounded by weeds,' but the image does not clearly depict two meters (it shows a sign and potentially one meter-like object) and the text artifacts confirm the synthetic nature of the image, making it a fabricated representation rather than a factual depiction of the scene described."
ds3303,Misinformation,0.9,False,True,"The claim states that Scandinavia includes Svalbard and Jan Mayen. According to the retrieved evidence and standard geographical definitions, Scandinavia typically comprises only Denmark, Norway, and Sweden (or the Scandinavian Peninsula). Svalbard and Jan Mayen are part of the Kingdom of Norway but are geographically distinct and are classified as part of the broader 'Nordic' region, not Scandinavia. Specifically, evidence [2] from scandification.com explicitly states 'Svalbard is part of the Nordic region... [not] Scandinavian'. Similarly, Wikipedia [1] and [2] distinguish between the cultural/linguistic group of Scandinavia and the political/administrative Nordic countries. Therefore, the claim is factually incorrect based on standard definitions."
ds7131,Not Misinformation,0.6,False,True,"The claim states that Karen O performed at the ceremony (the 86th Academy Awards) and wore specific fashion items. Evidence [1] and [3] from the retrieved set confirm that Karen O did indeed perform at the 2014 Oscars, singing 'The Moon Song'. While the specific details regarding the designer of her dress (Camilla Staerk) and the jeweler (Neil Lane) are not explicitly confirmed by the provided text snippets, the core factual assertion of her performance is verified. The visual veracity signal indicates the image is not AI-generated. The lack of specific evidence for the fashion details prevents a 'high' confidence label, but there is no evidence contradicting the claim, and the primary event (performance) is true. Therefore, it is classified as Not Misinformation, with medium confidence du"
ds7823,Misinformation,0.9,False,True,"The claim states that the image depicts the Berlaymont building, which houses the European Commission. However, the module signals explicitly state that the image is 'aligned: false' and 'does not depict the Berlaymont building or any related subject.' The Berlaymont building is a distinctive, large, cross-shaped office complex in Brussels (confirmed by evidence [1], [2], [3] from the retrieved set). Since the image does not show the building described in the headline, the pairing is misleading and constitutes misinformation. Although the visual veracity signal indicates the image is not AI-generated, the fundamental mismatch between the image content and the claim renders the content false."
1047,Not Misinformation,0.9,False,True,"The claim states that Kentucky Gov. Matt Bevin addressed the Kentucky Chamber of Commerce dinner on Thursday, Jan 7, 2016, at Heritage Hall in Lexington, Ky. Evidence [1] from NY Mag explicitly confirms this: 'Kentucky governor Matt Bevin addresses the Kentucky Chamber of Commerce dinner, Thursday, January 7, 2016.' Evidence [2] from Kentucky Living also confirms Bevin addressed the audience at 'Kentucky Chamber Day in Lexington' on Jan 8, 2016 (likely referring to the same event cycle or a slight date discrepancy in reporting, but confirming the event and location). The venue 'Heritage Hall' is part of the Lexington Convention Center, which is a known venue for such events in Lexington. The image signals indicate the photo is not AI-generated and shows a man speaking at an event, consiste"
ds8744,Not Misinformation,0.6,False,True,"The claim states that a shirtless man is in mid-air above some people on his skateboard. The retrieved evidence does not support the idea that this is a fabricated or AI-generated image, nor does it link the image to the specific viral incident of the unruly passenger on the Breeze Airways flight (which involved waving a skateboard, not performing a mid-air trick above people). The evidence regarding the 'skateboard stunt' points to a separate incident involving a skateboarder on a Melbourne skyscraper, which aligns with the visual description of a dangerous stunt above people. The image appears to be a genuine photograph of a skateboarder (likely Brian Wenning, as suggested by one answer snippet, or a generic skater) performing a trick. The 'Misinformation' label is reserved for AI-genera"
ds9896,Not Misinformation,0.6,False,True,"The claim 'Alan Johnson has a bad case' is ambiguous but likely refers to the former UK Labour politician Alan Johnson, given the retrieved evidence focuses on him (health secretary, MP, marriage issues) rather than the country singer Alan Jackson (who has CMT disease, as noted in the module's confused answers). The evidence shows Alan Johnson has faced political controversies (gift row) and personal marital issues, but no evidence supports a severe 'bad case' of illness or a scandalous event that would typically be described this way in a misleading context. The image shows a man in a suit, which is consistent with a politician, but lacks specific identifiers. Since the image is not AI-generated and the claim is vague enough to potentially refer to his past political struggles or marital "
ds3482,Misinformation,0.9,False,True,"The claim states that 'Gotham City Sirens failed to be published.' The retrieved evidence directly contradicts this. Multiple sources confirm that 'Gotham City Sirens' is an ongoing comic book series published by DC Comics. Specifically, evidence [2] from League of Comic Geeks lists the series as '(2024 - Present)', and evidence [1] from Comic Watch confirms that issue #3 was released on August 21, 2024. Additionally, evidence [3] from Goodreads and [1] from Wikipedia reference published issues and storylines. While there is a separate movie project that has faced delays or changes in status, the comic series itself has been published and continues to be published. Therefore, the claim that it 'failed to be published' is false."
3081,Misinformation,0.9,False,True,"The claim states that 'Story of My Life' was recorded exclusively by a girl band. The retrieved evidence and module signals confirm that the most prominent song with this title was recorded by One Direction, which is explicitly identified as a 'boy band' (English-Irish boy band) in multiple sources (Wikipedia, YouTube). Additionally, the song was recorded by Social Distortion (a rock band) and Irma Thomas (a solo female artist), but there is no evidence of a 'girl band' recording a version of this song. The image shows a single girl, which does not depict a band, further disconnecting the visual from the claim of a 'girl band'. Since the primary entity associated with the title is a boy band, the claim that it was recorded by a girl band is false."
6149,Misinformation,0.9,False,True,"The primary determinant for this verdict is the visual veracity signal. The retrieved evidence and module signals confirm that the image is AI-generated (ai_generated=true, confidence=0.8). The image depicts a surreal scenario of a dog reading a book with nonsensical text, which is a hallmark of AI generation. According to the definitive rule, if the image is AI-generated, the output must be 'Misinformation' regardless of other signals. Additionally, the relevancy module indicates that the image is not aligned with the headline (confidence 0.1), further supporting the classification of the pair as misleading or fabricated content."
ds6053,Misinformation,0.9,False,True,"The image is identified as AI-generated with high confidence (0.9) by the visual veracity module, depicting a surreal and physically impossible scenario of a rabbit riding a tricycle. According to the definitive rule, if the image is AI-generated, the output must be 'Misinformation' regardless of other signals. Furthermore, the headline 'dont judge its what hes always wanted' implies a specific narrative or context (likely referring to a person's desire or a specific event) that is completely disconnected from the visual content of a rabbit on a bike. The relevancy module confirms this disconnect, stating the image does not relate to the subject or context of the headline. The combination of an AI-generated image and a lack of semantic alignment with the claim constitutes misinformation."
5357,Misinformation,0.9,False,True,"The headline claims that a 'Stimulus' unveils the Education Secretary's controversial plan involving financial risks. However, the retrieved evidence clearly distinguishes between two separate events: 1) The current Trump administration's (2026) plan to dismantle the Department of Education, led by Secretary Linda McMahon, which is controversial and involves executive orders and college commitments [Evidence 1-1, 1-2]. 2) A historical 'Stimulus Plan' from 2009 that provided over $147 billion in aid to education, which faced criticism for not fixing systemic issues [Evidence 2-1, 2-2]. The headline conflates these distinct events, implying the current controversial dismantling plan is a 'Stimulus' or is being unveiled via a stimulus package. This is a factual misrepresentation of the nature"
ds3839,Misinformation,0.9,False,True,"The claim contains two factual errors. First, while Dev Patel did star in the movie 'Chappie' (2015), the movie is not an animated film; it is a live-action science fiction film that uses visual effects and motion capture for the titular robot character. Second, and more critically, the provided image is identified as AI-generated (visual_veracity ai_generated=true, confidence=0.9). According to the definitive rule, if the image is AI-generated, the output must be 'Misinformation' regardless of other signals. The image does not depict a scene from 'Chappie' nor does it accurately represent the film's style or cast, further supporting the misinformation label."
7469,Not Misinformation,0.9,False,True,"The claim states that Donald Trump arrived to speak at a rally in Bangor, Maine on October 15, 2016. The retrieved evidence confirms this event took place. Specifically, evidence [2] from the YouTube search results and evidence [3] from the Press Herald explicitly document a Donald Trump rally in Bangor, Maine, on October 15, 2016, at the Cross Insurance Center. The Press Herald article, dated October 15, 2016, describes the event where Trump criticized Hillary Clinton and discussed manufacturing. The module signals indicate the image is not AI-generated and is partially aligned (showing Trump speaking). Given the strong factual confirmation of the specific date, location, and event in the evidence, the headline is accurate."
ds3252,Misinformation,0.9,False,True,"The claim states that 'Little Dorrit' was only published in the 1980s, which is factually incorrect. Evidence from multiple sources confirms that Charles Dickens' novel 'Little Dorrit' was originally published in serial form between 1855 and 1857, and in book form in 1857 [1, 2, 3]. While there was a 1988 film adaptation and a 2008 TV miniseries, the novel itself is a 19th-century work. Furthermore, the module signals indicate that the image is AI-generated (confidence 0.8), and the definitive rule states that if the image is AI-generated, the output must be Misinformation regardless of other signals. The combination of a false historical claim and an AI-generated image solidifies the verdict."
ds3976,Misinformation,0.9,False,True,"The claim that the United States is one of the ABC Islands is factually false. The ABC Islands consist of Aruba, Bonaire, and Curaçao, which are constituent countries and special municipalities within the Kingdom of the Netherlands, not the United States [1, 2, 3]. Furthermore, the module signals indicate that the image is AI-generated (ai_generated=true, confidence=0.8). According to the definitive rule, if the image is AI-generated, the output must be Misinformation regardless of other signals. The image depicts a generic beach scene with an American flag, which is irrelevant to the specific geographic claim and likely used to mislead viewers into associating the US with the location."
9974,Not Misinformation,0.6,False,True,"The image features Kanye West, who is the subject of the headline. The headline expresses a sentiment ('Oh please do not let Kanye send a reply tweet') which is a subjective reaction to his recent controversial activity. Evidence confirms that Kanye West has been actively tweeting controversial statements recently, including remarks about Kim Kardashian and antisemitism (Evidence [3] from Yahoo, Evidence [2] from YouTube). The image itself is verified as not AI-generated (Visual Veracity: false). While the specific 'reply tweet' mentioned in the headline is not explicitly detailed in the snippets, the context of Kanye's recent behavior makes the headline a plausible commentary on his actions rather than a fabricated claim of a specific event. The module signals indicate partial alignment, "
4125,Not Misinformation,0.9,False,True,"The claim states that Kevin Hart played himself in a J. Cole music video, reliving his cheating scandal. Evidence [2] from amomama.com explicitly confirms that Kevin Hart appeared in a J. Cole music video where he 'played an unfaithful man, similar to his real life scenario with his wife.' This directly supports the core assertion of the headline that he portrayed a character reflecting his real-life infidelity scandal. While the specific video is not named in the snippet, the existence of such a collaboration and the thematic link to his 2017 cheating scandal (confirmed by Evidence [1] and [3] regarding the scandal's details) validates the claim. The image provided is a generic photo of Kevin Hart, which is consistent with the subject matter, and the module signals indicate the image is n"
ds2506,Not Misinformation,0.9,False,True,"The claim states that a building in Warsaw has a fence to protect pedestrians from falling bricks. Evidence [3] from the 'Exploring Warsaw' blog explicitly confirms this practice, stating: 'There is now fencing around the first two buildings to catch the falling bricks and the courtyards have been closed off to visitors'. This directly supports the core assertion of the claim. While other evidence snippets discuss falling bricks in other locations (Edmonton, Bath, London) or historical ruins, the specific evidence regarding Warsaw confirms the existence of such safety measures. The image is verified as real (not AI-generated). Therefore, the claim is supported by evidence."
ds6253,Misinformation,0.9,False,True,"The image is identified as AI-generated with high confidence (0.9) by the visual veracity module. The module notes that the image features a surreal combination of a rodent in a car with human characters and nonsensical text overlay, which are hallmarks of AI generation rather than a real photograph or a standard meme template. According to the definitive rule, if the image is AI-generated, the output must be Misinformation. The headline 'get in loser were going shopping imgur' implies a reference to the popular meme from the movie 'Mean Girls', but the image itself is an artificial creation that does not accurately represent the original source material or a real-world event, thus constituting misinformation in the context of visual media verification."
ds6291,Misinformation,0.9,False,True,"The image is identified as AI-generated (visual_veracity.ai_generated=true, confidence=0.9). The module explanation notes that the anatomy is unnatural and the scenario (human riding a gazelle) is impossible in reality, suggesting manipulation. While there are real statues of humans interacting with gazelles (e.g., the 'Bronze Gazelle Statue' of a girl holding horns, or the Hittite relief of a man with a gazelle on his shoulders), the specific image provided is a synthetic creation, not a photograph of a real-world object. Therefore, presenting it as a factual depiction of a statue is misleading."
ds9638,Not Misinformation,0.9,False,True,"The claim states that two presenters appeared on YouTube to say a story was staged. Evidence confirms that Tania Reza and Enrique Tovar, hosts of the Mexican show 'A Toda Máquina', did appear in a YouTube video (specifically cited in evidence item [1] under the 'When' question and image source in BBC items) to address the controversy. While the initial narrative from the network (Televisa) was that it was a staged stunt, and the hosts initially supported this, subsequent reports (BBC, Refinery29) indicate that Reza later claimed she was pressured and that the incident was real, while Tovar also made conflicting statements. However, the core of the claim—that they appeared on YouTube to discuss the nature of the story (whether staged or real)—is factually supported. The image shows the pres"
ds994,Not Misinformation,0.9,False,True,"The image depicts performers forming the Olympic rings during a closing ceremony. The retrieved evidence confirms that the Olympic rings were indeed featured and formed during the closing ceremony of the Paris 2024 Summer Olympics (Source [1] from Q4, Source [3] from Q1). Specifically, Source [1] from Q4 describes a 'general view as the final Olympic Ring is lifted into place to assemble the Olympic Rings during the Closing Ceremony'. The module signals indicate the image is not AI-generated and is aligned with the claim. Although there is a conflicting snippet (Source [2] from Q4) mentioning a 'gaffe' where a ring failed to open at the 2022 Winter Olympics, the visual evidence and the specific description of the Paris 2024 ceremony (where rings were successfully assembled) support the cla"
ds5728,Not Misinformation,0.9,False,True,"The image is a real magazine cover featuring Jenny McCarthy, and the visual veracity signal confirms it is not AI-generated (ai_generated=false). The headline claims to trace her rise to fame since her 1995 debut. While the specific year '1995' is technically a slight inaccuracy regarding her absolute debut (which was 1993 with Playboy), it aligns with her rise to wider fame as Playmate of the Year in 1995 and her subsequent television career (MTV's Singled Out started in 1997, but she was gaining traction in 1995). The retrieved evidence confirms she rose to fame in the 1990s, specifically noting her 1995 Playmate of the Year title as a key milestone. The headline is a descriptive, promotional title for a retrospective piece, which is a common and acceptable use of language in media, rath"
2731,Not Misinformation,0.9,False,True,"The image depicts a doll in a car window, which aligns with the claim of an 'innovative take' on a 'baby on board' sticker. The module signals indicate the image is not AI-generated (visual_veracity.ai_generated=false) and is relevant to the claim. The retrieved evidence confirms that 'funny' and 'creative' baby on board stickers are a widespread trend, available on platforms like Etsy, TikTok, and Temu, often featuring humorous designs or unconventional representations (like dolls or surfboards) to signal the presence of a child. The image serves as a visual example of this trend, and there is no evidence suggesting the image is fake, misleading, or AI-generated. Therefore, the claim is supported by the visual content and the context of the trend."
ds2331,Not Misinformation,0.9,False,True,"The claim describes a generic visual scene: 'A man standing on a tennis court holding a racquet.' The retrieved evidence confirms that such images are widely available as stock photography (e.g., Getty Images, Shutterstock, Pexels) and that the visual content aligns with the description. The module signals indicate the image is not AI-generated (visual_veracity ai_generated=false) and is relevant to the claim. Since the claim is a simple descriptive statement about the content of the image, and the image depicts exactly that without any misleading context or false attribution to a specific event/person not mentioned in the claim, it is not misinformation. The evidence supports the existence and nature of the depicted scene."
9107,Misinformation,0.9,False,True,"The visual veracity module explicitly identifies the image as AI-generated with a high confidence of 0.8, citing contextual anomalies such as unusual texture and lighting inconsistent with a typical kitchen environment. According to the definitive rule provided, if the image is AI-generated (ai_generated=true, confidence>0.6), the output must be 'Misinformation' regardless of other signals. The retrieved evidence confirms that while silver ovens and various kitchen appliances exist, the specific image in question is not a real photograph of a physical scene but a synthetic generation, rendering the claim about a specific physical arrangement misleading or false in the context of factual reporting."
ds3649,Misinformation,0.9,False,True,"The claim states that 'An Educated' was created only by journalist Nora Ephron. This is factually incorrect. 'Educated' (often referred to as 'An Educated' in the claim) is a memoir by Tara Westover, published in 2018. Nora Ephron (1941–2012) was a renowned journalist, essayist, and screenwriter known for works like 'Heartburn', 'When Harry Met Sally...', and 'Julie & Julia', but she did not write 'Educated'. The retrieved evidence confirms Nora Ephron's bibliography, which includes essays and screenplays, but makes no mention of a work titled 'Educated' or 'An Educated'. Furthermore, the timeline does not align, as Ephron passed away in 2012, before Westover's book was published. The image provided is a generic newsroom scene and does not depict Nora Ephron or the creation of the book, ma"
7187,Not Misinformation,0.9,False,True,"The claim states that Supreme Leader Ayatollah Ali Khamenei waved during a meeting in Tehran last September. Based on the retrieved evidence, Ayatollah Khamenei made a public appearance in Tehran on September 17, 2022, at a religious ceremony (Arbaeen anniversary) where he addressed university students and mourners. Reports confirm he waved to the crowd during this event (Evidence [3] from Al Arabiya mentions he waved to the crowd on Sept 18/17 context, and Evidence [1] from Instagram explicitly states 'Photo 7: Iranian supreme leader Ayatollah Ali Khamenei waves to the crowd on 18 September in Tehran'). Additionally, he held a meeting with war veterans on September 21, 2022 (Evidence [2] from Alamy). The image signals indicate the photo is not AI-generated and partially aligns with a meet"
ds5161,Misinformation,0.9,False,True,"The headline claims that Mike Pence has 'secret ties to a Russian spy agency.' The retrieved evidence directly contradicts this claim. Evidence [3] from Novinite shows Pence explicitly stating that 'Russian Aggression' is the greatest threat to Baltic states and pledging support for NATO allies, which is a stance of opposition to Russia, not collaboration. Furthermore, the module signals and evidence regarding 'Pence espionage allegations' indicate that such allegations in recent years (2023) primarily involve other individuals and countries (e.g., China/UK), with no credible reports linking Pence to Russian espionage. The claim is a fabricated narrative inconsistent with Pence's public record and available news reports."
ds4423,Misinformation,0.9,False,True,"The claim that Floyd Mayweather Jr. donated a 'whopping sum' (specifically $200 million in related viral posts) to Houston after a hurricane is false. Multiple fact-checking organizations, including PolitiFact and That's Nonsense, have explicitly debunked this story as fake news. While Mayweather is known for charitable acts, there is no evidence he made such a donation to Houston following Hurricane Harvey or any other recent hurricane. The image provided, showing Mayweather holding a bill, is generic and does not substantiate the specific, exaggerated claim of a massive donation to Houston. Therefore, the headline constitutes misinformation."
8155,Misinformation,0.9,False,True,"The claim asserts that Charlie Pierce was a member of Mitt Romney's staff and depicts him making a phone call in a wire factory in Ohio in 2012. Evidence [1] and [3] from the retrieved sources clearly identify Charles P. Pierce as a journalist and critic for Esquire and other publications who wrote about Romney, not as a staff member. Furthermore, the image provided (described in module signals as a disaster scene with destruction) does not match the specific context of a wire factory phone call, and the module signals indicate low relevancy (0.0). The combination of a false biographical claim (Pierce as staff) and a mismatched or fabricated visual context constitutes misinformation."
ds7055,Misinformation,0.9,False,True,"The claim asserts that the provided image is a specific historical snapshot of Leeroy Murray aged two with his family on Hampstead Heath in 1947. However, the visual evidence and module signals indicate a severe mismatch. The module's relevancy signal explicitly states the image 'does not depict the specific subjects or event' and shows 'a person sitting outside a building,' which contradicts the description of a family group on a heath. Furthermore, historical records (Evidence [3] from Islington Tribune) confirm that the Murray family was photographed walking on Parliament Hill (part of Hampstead Heath) in 1947, but the image in question does not match this description (it is not a group photo on a heath). The image appears to be a generic or unrelated photograph mislabeled with a specif"
8165,Not Misinformation,0.6,False,True,"The claim states that Emily Cruse Elliott danced in Club Sizzle at the Blue Ribbon Bacon Fest in Des Moines. The retrieved evidence confirms that the Blue Ribbon Bacon Festival is a real, recurring event in Des Moines, Iowa, with specific dates and locations (e.g., 2023 event at Iowa State Fairgrounds, 18th annual at High Life Lounge). The module signals indicate that Emily Cruse Elliott performed in Club Sizzle at this event with high confidence (0.9). While the specific web search results for 'Emily Cruse Elliott' did not yield a direct news article linking her name to the specific 'Club Sizzle' performance in the provided snippets (showing only generic cruise contacts or social media links), the module's internal answer explicitly validates this specific detail. The image is verified as"
1449,Not Misinformation,0.9,False,True,"The claim consists of three parts: the stadium opened in 1932, it hosted Negro League/barnstorming games, and it is now abandoned/in ruins. Evidence confirms the first two points definitively: Hinchliffe Stadium was constructed in 1932 (Evidence [3] from LinkedIn, [1] from Abandoned Spaces) and hosted Negro League games, serving as a home for the New York Black Yankees (Evidence [1] from Wikipedia, [2] from Negro Leagues ballpark site). Regarding the third part ('now abandoned and in ruins'), the evidence indicates that while the stadium was indeed abandoned from 1997 until 2021, it underwent a major renovation and reopened in May 2023 (Evidence [2] from Grokipedia, [2] from NYT, [3] from Andscape). The image provided shows a staircase in a state that could be interpreted as part of the ru"
4647,Misinformation,0.9,False,True,"The headline claims that Angelina Jolie and Jennifer Aniston did NOT have a face-to-face meeting. However, multiple pieces of evidence confirm that they DID meet in person. Specifically, Jennifer Aniston has publicly discussed their first meeting in 2004, which occurred while Brad Pitt was preparing to work with Angelina Jolie (Evidence [2] from Mirror, Evidence [1] from The List). Aniston described this encounter as friendly but noted it was the only time they met face-to-face before Pitt left Aniston for Jolie. Since the core factual claim of the headline (that they did not meet) is demonstrably false based on Aniston's own accounts and widespread reporting, the content is misinformation. The image signal is irrelevant to the factual accuracy of the claim regarding the meeting's existenc"
ds4064,Not Misinformation,0.9,False,True,"The headline 'What is Brad Pitt's net worth? the answer may surprise you!' is a clickbait-style title that does not make a specific factual claim that can be proven false. It serves as a prompt for information. The module signals indicate the image is a genuine photograph of Brad Pitt (ai_generated=false) and is relevant to the subject. The retrieved evidence confirms that Brad Pitt's net worth is widely estimated to be between $300 million and $400 million, which aligns with the context of the question. Since the image is real and the headline is a non-factual query rather than a deceptive statement, this is not misinformation."
ds2877,Not Misinformation,0.9,False,True,"The image depicts a decomposing leaf, and the headline claims it was found just offshore at a local reservoir. Evidence item [1] from Reddit explicitly matches the headline text ('One of many decomposing leaves found just offshore at the local reservoir'), indicating that this specific image and caption originated from a user post describing a real-world observation. The visual veracity signals confirm the image is not AI-generated. While the specific 'local reservoir' is not identified in the evidence, the direct textual match with the source of the image confirms the claim is a description of the photo's context rather than a fabricated or misleading statement. The scientific evidence regarding leaf decomposition in reservoirs supports the plausibility of the phenomenon, but the primary "
7330,Misinformation,0.9,False,True,"The claim states that the image depicts 'Jonathan Jones on the Millennium bridge in central London'. The module signals explicitly state that the image is 'aligned: false' with a confidence of 0.0, explaining that the image shows a group of people in a different setting, unrelated to the specified subject. The retrieved evidence confirms that Jonathan Jones is either an American football player or a British art critic, with no record of him being on the Millennium Bridge. Furthermore, the evidence regarding the Millennium Bridge describes it as a pedestrian suspension bridge in London, but does not link it to Jonathan Jones. Since the image does not depict the claimed subject or location, the headline is a false description of the image content, constituting misinformation."
ds5062,Misinformation,0.9,False,True,"The headline claims that a new study indicates COVID-19 vaccines alter DNA and increase the risk of genetic mutations. This claim is scientifically false and contradicts established medical consensus. Evidence [1] from Good Morning America explicitly states that mRNA technology 'does not enter the nucleus of the cells and doesn’t alter the human DNA.' Furthermore, evidence regarding cancer and genetic mutation risks (from the answers section and evidence [1] under 'COVID vaccine increases genetic mutation risk?') confirms there is no evidence that COVID vaccines increase the risk of genetic mutations or cancer. The image provided is a generic stock photo of a person in protective gear and does not depict any specific study or data supporting the headline's claim. Since the core assertion o"
ds5124,Misinformation,0.9,False,True,"The claim asserts that Joe Biden admitted to plotting election fraud with foreign powers. The provided evidence and module signals confirm this is false. Multiple fact-checks (Snopes, Conservative Review, France24) clarify that while Biden made a misstatement about creating a 'voter fraud organization,' he was discussing measures to *combat* fraud, not admit to perpetrating it. Furthermore, there is no credible evidence of a 'tape' involving foreign powers. Crucially, the module signals indicate that the image provided depicts Hillary Clinton, not Joe Biden, rendering the visual evidence completely irrelevant and misleading for the specific claim about Biden. The combination of a false narrative regarding Biden's statements and a mismatched image constitutes misinformation."
6119,Misinformation,0.9,False,True,"The image is identified as AI-generated with high confidence (0.8) by the visual veracity module. The module notes that the image contains 'cartoonish characters in front of a door with dog faces' and describes the scene as 'surreal' and lacking a 'coherent narrative.' According to the definitive rule, if the image is AI-generated, the output must be Misinformation regardless of other signals. Additionally, the relevancy module indicates the image is not aligned with the claim, further supporting the conclusion that the image does not truthfully represent the subject matter implied by the headline."
5317,Misinformation,0.9,False,True,"The headline claims that a specific herbal tea from the Amazon Rainforest 'eradicates' COVID-19 'instantly'. This claim is demonstrably false and contradicts established medical consensus and regulatory actions. Evidence [2] from the FTC explicitly states that the Federal Trade Commission sued a marketer of herbal tea for making deceptive ads claiming it was 'clinically proven to treat, cure, and prevent COVID-19', indicating such claims are legally recognized as false and misleading. Furthermore, Evidence [1] from AFP Fact Check and Evidence [1] from Food Blog Alliance confirm that while tea may support immune health or alleviate symptoms, it does not cure or eradicate the virus. The use of the word 'eradicates' and 'instantly' constitutes a dangerous medical misinformation claim that has"
ds8378,Not Misinformation,0.9,False,True,"The claim states that Richard Dawkins and Rowan Williams debated the role of religion in the 21st century. Evidence confirms that these two individuals did indeed debate this specific topic on January 31, 2013, at the Cambridge Union. The motion was 'this house believes religion has no place in the 21st century,' which aligns perfectly with the headline's description of the subject matter. The module signals indicate the image is a genuine photograph (not AI-generated) and shows a religious figure, consistent with Rowan Williams. Although the module's relevancy is marked as 'partial' due to uncertainty about the specific individuals in the image, the factual core of the claim (the event and participants) is verified by multiple sources. Since the image is not AI-generated and the event des"
8719,Misinformation,0.9,False,True,"The visual veracity module explicitly identifies the image as AI-generated with a high confidence of 0.8, noting unnatural saturation and lack of realistic shading. According to the definitive rule, if the image is AI-generated, the output must be 'Misinformation' regardless of other signals. While the headline describes a 'pink and green bus', which exists in reality (e.g., the Balochistan Green and Pink Bus Project mentioned in evidence [2]), the specific image provided is not a photograph of such a bus but an AI-generated depiction. Therefore, presenting this AI-generated image as evidence for the claim constitutes misinformation."
6563,Misinformation,0.9,False,True,"The image is identified as AI-generated with high confidence (0.8) by the visual veracity module. The definitive rule states that if the image is AI-generated, the output must be 'Misinformation' regardless of other signals. Furthermore, the retrieved evidence indicates that there are no real-world references to factory workers wearing pink hair towels; instead, such towels are associated with bathroom or personal care contexts (e.g., drying hair after a shower). The combination of an AI-generated image and a scenario unsupported by factual evidence confirms the claim is misleading."
ds3412,Misinformation,0.9,False,True,"The claim states that Castlevania came out in Japan in 1990. However, multiple pieces of evidence confirm that the original Castlevania game (known as Akumajō Dracula in Japan) was first released in Japan on September 26, 1986, for the Family Computer Disk System. While there was a spin-off game called 'Kid Dracula' released in Japan in 1990, the primary title 'Castlevania' did not release in Japan in 1990. The image signals indicate partial relevancy and do not contradict the factual error in the headline. Since the core factual claim is incorrect based on definitive historical records, the content is classified as misinformation."
966,Misinformation,0.9,False,True,"The claim states that Marco Rubio grilled at the Iowa Pork Producers Pork Tent during the Iowa State Fair on August 18, 2015. The retrieved evidence and module signals indicate that while the Iowa Pork Producers Pork Tent was a significant venue at the 2015 Iowa State Fair, the prominent figures associated with grilling or serving pork there were Donald Trump and Carly Fiorina (who appeared on August 17, 2015). There is no evidence in the provided search results or module answers that Marco Rubio grilled at this event. In fact, the module explicitly states there is no evidence of Rubio grilling at the fair. The image likely depicts a different candidate (such as Trump or Fiorina) or is a misattributed stock photo, making the specific attribution to Rubio false. The visual veracity module n"
ds5156,Not Misinformation,0.9,False,True,"The claim that 'New Research Shows COVID-19 Vaccine Causes Permanent Memory Loss' is false. The retrieved evidence and module signals indicate that there is no scientific consensus or credible research linking COVID-19 vaccines to permanent memory loss. The module's answer snippets explicitly state that sources do not mention evidence linking vaccines to memory loss, and one snippet clarifies that 'vaccine memory loss' is a misinterpretation of waning immunity against the virus, not a cognitive side effect. The other retrieved evidence discusses unrelated side effects (myocarditis, weight loss, infertility, menstrual changes) or general vaccine efficacy, none of which support the claim of permanent memory loss. The image is a generic stock photo of a lab setting and does not depict the spe"
ds2814,Not Misinformation,0.6,False,True,"The image depicts a handwritten note inside a book, which aligns with the claim of finding a Father's Day note in a used bookstore. The visual veracity signals indicate the image is not AI-generated. The retrieved evidence confirms the existence of used bookstores in Knoxville, TN (such as McKay's and Addison's) that sell fishing books, making the scenario plausible. However, the specific anecdote about this exact note being found in a specific book in a specific store is not verified by the provided search results, which lack specific reports on this viral-style story. Since the core elements (Knoxville, used bookstore, fishing book, handwritten note) are consistent with reality and there is no evidence of fabrication or AI generation, the claim is treated as a plausible personal anecdote"
ds6955,Misinformation,0.9,False,True,"The claim asserts a long-term association between Henry Kissinger and Sepp Blatter. However, the provided image is identified as AI-generated (visual_veracity.ai_generated=true, confidence=0.8), depicting an unusual and surreal scene of two elderly men with a bear, which does not depict either individual or their purported relationship. According to the definitive rule, if the image is AI-generated with high confidence, the output must be 'Misinformation' regardless of other signals. Furthermore, the retrieved evidence and module answers confirm that there is no documented relationship or intersection between Kissinger's diplomatic career and Blatter's FIFA tenure. The image is visually inauthentic and the claim is factually unsupported."
ds6481,Not Misinformation,0.9,False,True,"The image depicts Vladimir Putin and Borut Pahor, which is confirmed by multiple evidence sources. Borut Pahor served as the President of Slovenia from 2012 to 2022, and Vladimir Putin visited Slovenia on July 30, 2016, to attend the ceremony marking the 100th anniversary of the Russian Chapel (Evidence [3] from STA, [1] from Kremlin, [3] from Newsweek). The image is identified as a real photograph from a meeting between these two leaders (Evidence [1] from Wikipedia file description). Although one answer snippet mentions a future date (2026), the core claim that the photo shows Putin and Pahor is factually correct based on historical records of their 2016 meeting. The visual veracity is not AI-generated. Therefore, the image is authentic and the identification is correct."
5084,Misinformation,0.9,False,True,"The claim that the Senate voted unanimously to ban all independent media critical of the government is factually false. The retrieved evidence confirms that no such vote has occurred; instead, recent Senate activities involve votes on holding officials in contempt (e.g., Anthony Fauci) or blocking bills related to insider trading and social media age restrictions (e.g., Kids Off Social Media Act). Furthermore, the module signals indicate that the image is AI-generated (ai_generated=true, confidence=0.8), featuring a digitally inserted elephant logo over the Capitol. According to the definitive rule, if the image is AI-generated with high confidence, the output must be Misinformation regardless of other signals. The combination of a fabricated legislative claim and an AI-generated image con"
ds1963,Not Misinformation,0.6,False,True,"The claim states that the image depicts heavy traffic on the M5 motorway during a previous busier Easter getaway. The visual evidence shows a realistic traffic scene on a motorway, and the module signals confirm it is not AI-generated. The retrieved evidence confirms that the M5 motorway in the UK frequently experiences heavy traffic and significant delays during Easter getaways (e.g., sources [1], [2], [3] in the first evidence block; source [2] in the second block). While the specific image cannot be definitively timestamped or geotagged to a single specific year without metadata, the claim is framed as a general depiction of a recurring event ('during a previous busier Easter getaway') rather than a specific false assertion about a unique event. The content aligns with the well-document"
9347,Not Misinformation,0.6,False,True,"The claim describes a man wearing glasses and a lavender shirt. The retrieved evidence confirms that men wearing glasses and lavender shirts are common subjects in stock photography (e.g., Pexels, Dreamstime) and that lavender is a recognized fashion trend for men (e.g., Marie Claire, TikTok). The image signals indicate the image is not AI-generated and shows a man with glasses and a purple/lavender accessory (scarf/shirt). While the specific identity of the man is not established as a unique news event, the visual description aligns with general stock imagery and fashion trends, meaning the image is not inherently deceptive or fabricated in a way that constitutes misinformation. The partial alignment in the module signals is due to the ambiguity of 'shirt' vs 'scarf' or specific color sha"
ds4921,Not Misinformation,0.6,False,True,"The headline claims that Justin Bieber and Kourtney Kardashian 'still talk' and that Selena Gomez and Younes Bendjima 'shouldn't worry' (implying no threat to their respective relationships). The retrieved evidence supports the first part of the claim: multiple sources confirm that screenshots of private messages between Bieber and Kardashian have resurfaced and that insiders describe their relationship as a 'flirty friendship' where they are 'still in contact' (Evidence [1] from Geo.tv, Evidence [2] from OK Magazine). Regarding the second part, evidence shows Younes Bendjima has denied reports of moving on and is still linked to Kardashian (Evidence [1] from Irish Mirror), and Selena Gomez's reaction to the Bieber/Kardashian dynamic is largely characterized by fan speculation rather than "
3169,Misinformation,0.9,False,True,"The claim states that Ian Gillan was born on May 19, 1945. However, all retrieved evidence confirms that Ian Gillan was born on August 19, 1945. Furthermore, the module signals indicate that the image is AI-generated (confidence 0.8) and irrelevant to the specific claim. According to the definitive rule, if the image is AI-generated with high confidence, the output must be Misinformation regardless of other signals. The combination of a false date and an AI-generated image solidifies the verdict."
2004,Not Misinformation,0.6,False,True,"The claim states that a basketball game is going on. The image depicts a basketball game in progress, and the visual veracity module confirms the image is not AI-generated (ai_generated=false). The retrieved evidence confirms that basketball games (NBA, NCAA, FIBA) are ongoing activities and provides sources for live schedules and scores (e.g., [1] NBA Schedule, [1] NCAA scores, [2] OddsPortal live matches). While the specific date of the image is not verified against a specific 'today' in the evidence snippets, the claim is a general statement about the activity occurring in the image, which is factually supported by the visual content and the general existence of live basketball games. The evidence does not contradict the claim; rather, it supports the plausibility and reality of the eve"
4046,Not Misinformation,0.9,False,True,"The claim states that George H.W. Bush died at 94 in New York. The retrieved evidence confirms that George H.W. Bush died on November 30, 2018, at the age of 94. However, multiple sources (Wikipedia, Britannica, Constitutionus) explicitly state that he died in Houston, Texas, not New York. The module signals correctly identify that the image (showing him alive) is not aligned with the event of his death, but the primary issue is the factual inaccuracy regarding the location in the headline. Since the location 'New York' is factually incorrect (he died in Texas), the headline contains misinformation. However, the prompt asks to judge the pair. Often, 'Misinformation' is reserved for fabricated events or AI-generated images. Here, the event (death) is real, the age is correct, but the locati"
8531,Not Misinformation,0.6,False,True,"The claim describes a 'smaller kitchen with a very decorated interior.' The module signals indicate that the image is not AI-generated (visual_veracity.ai_generated=false) and is partially aligned with the claim (relevancy.aligned=partial). The evidence retrieved consists of general articles and images related to small kitchen design and decoration trends (e.g., House Beautiful, Elle Decor, Pinterest). While the evidence does not explicitly identify the specific image in the prompt as a unique viral fake or real photo, there is no evidence suggesting the image is fabricated or that the description is false. The image appears to be a standard stock or user-generated photo of a decorated kitchen, which fits the description. Since the image is verified as real (not AI-generated) and the descr"
ds8617,Misinformation,0.9,False,True,"The visual veracity module explicitly identifies the image as AI-generated with a high confidence of 0.8, citing unnatural blending and lighting inconsistencies. According to the definitive rule provided, if an image is determined to be AI-generated (ai_generated=true, confidence>0.6), the output must be labeled as Misinformation regardless of other signals. The retrieved evidence confirms that while parking meters near restaurants are a real-world phenomenon, the specific image in question is not a genuine photograph but a synthetic creation, rendering the claim that this specific image depicts a real scene false."
1052,Not Misinformation,0.9,False,True,"The claim states that the iPhone 5C was displayed during an Apple product announcement at the Apple campus in Cupertino, California, and was released on September 20, 2013. The retrieved evidence confirms these facts: Source [3] from Apple Newsroom states the iPhone 5c was introduced on September 10, 2013, in Cupertino, California. Source [2] from Apple Newsroom confirms the release date was Friday, September 20, 2013. Additionally, Source [1] from NBC News explicitly describes an image as 'An iPhone 5C is displayed during an Apple product announcement at the Apple campus on September 10, 2013,' which matches the visual description in the claim. The module signals also indicate the image is not AI-generated and aligns with the claim. Therefore, the claim is supported by evidence."
2929,Not Misinformation,0.9,False,True,"The image depicts a nurse with colorful hair, which aligns with the headline's subject. The retrieved evidence confirms that a nurse named Mary Walls Penney (or Penney) from West Virginia went viral for her response to criticism regarding her rainbow-colored hair, piercings, and tattoos. Multiple sources (Fox8, HuffPost, Upworthy) corroborate that she posted on Facebook defending her appearance and professionalism, stating that her hair color did not hinder her ability to provide life-saving care. The visual veracity signals indicate the image is not AI-generated. Therefore, the headline accurately describes a real event involving the person depicted."
5939,Misinformation,0.9,False,True,"The claim asserts that Vic Mensa has roots in Houston, Texas, which directly contradicts established facts. Evidence from Wikipedia and EthniCelebs confirms that Vic Mensa was born and raised in Chicago, Illinois, with Ghanaian, Irish, German, English, and Scottish ancestry, not Houston roots [1][3]. Furthermore, the module's visual veracity signal indicates the image is AI-generated (confidence 0.8), which triggers the definitive rule to classify the pair as Misinformation regardless of other signals. The image itself is a fabricated representation ('Artistry Unveiled: VMensa's Roots') that supports the false premise of the headline."
ds3503,Misinformation,0.9,False,True,"The claim states that 'The Hunger Games' are based on a play. The visual veracity module indicates the image is AI-generated (confidence 0.8), which triggers the definitive rule to output 'Misinformation' regardless of other signals. Furthermore, the factual evidence confirms that 'The Hunger Games' is primarily a series of novels by Suzanne Collins, not a play. While a stage adaptation exists, it is based on the novel and film, not the other way around. The image itself, being AI-generated with nonsensical text, does not provide valid evidence for the claim and likely misrepresents the source material."
ds6940,Misinformation,0.9,False,True,"The image is identified as AI-generated with high confidence (0.8) by the visual veracity module. The module notes surreal elements such as a skeleton present with the child and garbled, nonsensical text on the book, which are hallmarks of AI generation rather than a real photograph. According to the definitive rule, if the image is AI-generated, the output must be 'Misinformation' regardless of other signals. Furthermore, the retrieved evidence does not support the specific claim that this is a real photo of an Indonesian girl reading a specific anti-trafficking comic; while anti-trafficking comics exist (e.g., distributed by Himalayan Children's Charities in Nepal), there is no evidence linking this specific AI-generated image to a real event in Indonesia. The combination of an AI-genera"
ds8840,Misinformation,0.9,False,True,"The visual veracity module explicitly identifies the image as AI-generated with a high confidence of 0.8. The image depicts a large yellow dump truck sitting on a lush green lawn, which is physically implausible and visually inconsistent with real-world construction scenarios (where trucks are on dirt, gravel, or asphalt). The retrieved evidence confirms that yellow dump trucks are typically found on roads, dirt paths, or mining sites, and while green asphalt exists, it is a paved surface, not a grassy lawn. The combination of the AI-generated label and the physically unrealistic context (truck on grass) confirms the image is not a genuine photograph of the claimed scene."
ds4482,Misinformation,0.9,False,True,"The claim asserts that 'San Juan Teamsters Didn't Show Up for Work to Distribute Relief Supplies,' implying a strike or refusal to work during a relief effort in San Juan (likely Puerto Rico). The retrieved evidence directly contradicts this. Snippet [2] from Snopes explicitly addresses the rumor that Puerto Rico's Teamsters Union went on strike, stating they are 'doing what they can to improve the lives of our members' and working with local leadership to help. Furthermore, the module's internal answers confirm that sources do not indicate the Teamsters skipped work, but rather highlight their efforts to assist. The image provided is generic and does not depict the specific event or actors mentioned in the headline, making the headline a misleading fabrication or misrepresentation of the "
ds4702,Not Misinformation,0.9,False,True,"The headline asks a question ('Why Friends Think She's Got A Secret') rather than stating a definitive false fact. The retrieved evidence confirms that Gwen Stefani and Blake Shelton have indeed welcomed a child together (Harmony Iris Shelton), with announcements reported in late 2025 and 2026 in the provided snippets. While the specific claim about 'friends thinking she has a secret' is vague, the core subject matter (their family expansion) is factual according to the provided evidence snippets which cite Instagram announcements. The image is a genuine photograph (AI generated: false). The 'secret' likely refers to the private nature of the pregnancy before the announcement or other personal details, which does not constitute misinformation in the context of a speculative headline about "
1231,Misinformation,0.9,False,True,"The claim states that Robert Griffin III (RGIII) was the quarterback for the Redskins during a game at Raymond James Stadium. However, evidence confirms that RGIII was released by the Washington Redskins in March 2016 and did not play for them after the 2015 season. The Redskins played at Raymond James Stadium in August 2016 and August 2017, but RGIII was not on the team during these games. In the 2016 game, the starting quarterback was Kirk Cousins (with Colt McCoy and others also seeing time), and in the 2017 game, the starting quarterback was Alex Smith (with Nate Sudfeld and others). Therefore, the image cannot depict RGIII warming up as a Redskins quarterback at that stadium, as he was not a member of the team at that time. The visual veracity signals indicate the image is not AI-gene"
4217,Not Misinformation,0.6,False,True,"The headline claims J.Lo is 'wild' over A-Rod's 'passionate' kisses and that their makeouts are 'next level'. The retrieved evidence confirms that Jennifer Lopez and Alex Rodriguez were indeed a couple who were frequently photographed kissing and were known for their public displays of affection during their relationship (2017-2021). Specifically, evidence [1] from Bossip mentions them being 'Captured Kissing In Public' and 'Reconciling', and evidence [2] from Elite Daily discusses a video where they answer questions about their relationship, including 'Who initiated the first kiss?'. While the couple has since split (as noted in evidence [2] from People and [3] from AOL), the headline likely refers to the period when they were together or recent reconciliation rumors (as hinted by the AOL"
992,Not Misinformation,0.6,False,True,"The image depicts a flooded area with homes and businesses, which aligns with the claim of flooding near the Shiawassee River and Refuge in Michigan. The retrieved evidence confirms that the Shiawassee River in mid-Michigan (including Owosso, near the refuge) has experienced significant flooding due to severe storms and heavy rainfall, leading to overflow and hazardous conditions [1, 2]. Additionally, there is evidence of FEMA assistance for residents and businesses affected by recent flooding and tornadoes in Michigan [3]. While the specific image source is not definitively linked to a single date in the snippets, the event described (flooding in this specific region affecting homes/businesses) is factually supported by recent news reports. The visual veracity signals indicate the image i"
ds6586,Misinformation,0.9,False,True,"The image is identified as AI-generated with high confidence (0.9) by the visual veracity signal. The image depicts a surreal and physically impossible scenario where jellyfish are floating in a bedroom alongside a human hand. Real jellyfish are marine creatures that cannot survive or float in the air of a bedroom. The claim 'a person holds their hand on a bed' implies a realistic, mundane action, but the visual content is clearly synthetic and fantastical. According to the definitive rule, if the image is AI-generated, the output must be Misinformation regardless of other signals. The retrieved evidence supports that while 'jellyfish-themed' decor exists (e.g., wallpaper, blankets), actual floating jellyfish in a bedroom are not real, confirming the AI-generated nature of the image."
ds1582,Misinformation,0.9,False,True,"The claim states that Norway won 3-1 against England in the European Under-21 Championship. While evidence [2] confirms that Norway did beat England 3-1 in the UEFA European Under-21 Championship, this match took place in 2013 (as indicated by the URL and context of Jo Inge Berget, who was a key player then). However, the claim attributes the victory to goalkeeper 'Nyland Haskjold' (Ørjan Nyland). Ørjan Nyland was born in 1990 and would have been 22-23 years old in 2013, but he was not the goalkeeper for the Norway U21 team in that specific 2013 match (the starting keeper was typically someone else, and Nyland's senior career took off later). More critically, the retrieved evidence [3], [2], and [1] from the 'answers' section and web search indicates a recent or future match (July 11, 2026"
ds6549,Misinformation,0.9,False,True,"The image depicts a mother with angel wings, which is a fantastical element not found in reality. The visual veracity module explicitly identifies the image as AI-generated (ai_generated=true, confidence=0.8) due to this surreal element. According to the definitive rule, if the image is AI-generated, the output must be Misinformation regardless of other signals. The headline describes a realistic scenario ('A smiling young mother holding her infant child'), but the image presents a fictional, AI-created version of this scenario, thereby constituting misinformation by presenting a fabricated visual as a depiction of the claim."
ds1547,Misinformation,0.9,False,True,"The claim states that Watarrka National Park is under the custodianship of the 'MartutjarraLuritja people'. While the Luritja people are indeed traditional owners of significant lands in Central Australia (including areas near Kings Canyon, which is within Watarrka National Park), the specific term 'Martutjarra' is not a standard or recognized tribal name in this context. Evidence [3] from The Hotel Conversation mentions the 'Martutjarra-Luritja people' as indigenous to the region, but this appears to be a conflation or error, as the primary traditional owners of the Kings Canyon/Watarrka area are widely recognized as the Anangu (specifically the Pitjantjatjara and Yankunytjatjara peoples, who are distinct from the Luritja, though there is cultural overlap and shared country in the broader"
ds9027,Misinformation,0.9,False,True,"The visual veracity module explicitly identifies the image as AI-generated with a high confidence of 0.8, citing unnatural textures and overly perfect crust characteristics. According to the definitive rule provided in the system instructions, if the image is AI-generated (ai_generated=true, confidence>0.6), the output must be 'Misinformation' regardless of other signals. The retrieved evidence confirms that Chicago deep dish pizza is a real food item with specific characteristics (thick crust, tomato sauce on top, often with sausage), but since the image itself is synthetic and not a photograph of a real pizza, it constitutes misinformation in the context of presenting visual evidence."
ds8208,Not Misinformation,0.6,False,True,"The claim states that activists protested the Summer Olympics in Brazil, citing corruption, mismanagement, and wealthy domination. The retrieved evidence confirms that significant protests did occur in Brazil (Rio) surrounding the 2016 Summer Olympics. Specifically, evidence [1] from Sportsnet and [3] from IBTimes document activists protesting water pollution and the construction of an Olympic golf course (Occupy Golf movement), which were framed as broken promises and mismanagement. Evidence [1] from the LA Times and [1] from the New York Times highlight the broader context of corruption scandals (e.g., involving political leaders like Lula) and economic turmoil in Brazil during the event, supporting the 'corruption and mismanagement' aspect of the claim. While the specific image provided"
ds1877,Not Misinformation,0.9,False,True,"The claim states that Gordon Taylor settled into his role as chairman of the Professional Footballers Association (PFA) in November 1978 before moving to chief executive in 1981. The retrieved evidence confirms these specific dates and roles. Source [2] from The Guardian explicitly states he 'became chairman in November 1978 and chief executive three years later' (which is 1981). Source [3] from Daily Mail also confirms he 'initially became the chairman of the PFA back in November 1978'. Sources [1] and [2] under the second query confirm he served as chief executive from 1981 until 2021. The image signals indicate the image is a genuine photograph (not AI-generated) and is partially aligned with the context (a man in an office, likely Taylor). Since the factual claims in the headline are f"
ds1998,Not Misinformation,0.9,False,True,"The claim states that increasing the pace of spending cuts is likely to spark more protests. The retrieved evidence strongly supports this causal link. Specifically, evidence [1] from the first query explicitly states that 'Episodes of instability occur twice as often when spending cuts reach 5% of GDP' and that 'Protests induced by austerity also attract far more participants'. Furthermore, recent news reports (Evidence [1], [2], [3] from the second query) document massive protests in France against President Macron's proposed spending cuts, with tens to hundreds of thousands of people participating. The image depicts a protest with signs reading 'NO CUTS', which is consistent with the real-world events described in the evidence. The module signals correctly identify the image as real (no"
578,Not Misinformation,0.6,False,True,"The image depicts a person working with a pump in a flooded area, which is consistent with the claim of flood mitigation efforts. The module signals indicate the image is not AI-generated (visual_veracity ai_generated=false). The retrieved evidence confirms that Clarksville, Missouri, has experienced significant flooding from the Mississippi River, with specific reports of flood crests and community efforts (e.g., Fox2Now, STL Today). While the specific identity of 'Bob Bailey' and his rental properties cannot be definitively verified from the provided snippets (which lack a direct match for this individual), the core context of the claim (flooding in Clarksville, MO, and residents fighting it) is supported by evidence. The lack of specific verification for the named individual prevents a "
ds4435,Not Misinformation,0.6,False,True,"The claim 'Trump Removing Marines From the Navy' is factually incoherent because the United States Marine Corps is a distinct branch of the U.S. Armed Forces, separate from the U.S. Navy, although it operates under the Department of the Navy. Therefore, Marines cannot be 'removed from the Navy' in the sense of being transferred out of a parent department, as they are not part of the Navy itself. The retrieved evidence does not support any such event. Evidence [1] discusses Trump's policies regarding DEI and standards within the Marine Corps, and Evidence [3] discusses a political primary involving a Navy veteran, but none indicate a structural removal of Marines from the Navy. The module signals correctly identify the image as real (not AI-generated) and the relevance as partial/ambiguous."
4186,Misinformation,0.9,False,True,"The headline claims that Katie Holmes is reigniting a friendship with James Van Der Beek to make 'Jamie' jealous. However, the retrieved evidence establishes that James Van Der Beek died on February 11, 2026 (as per the provided snippets, which appear to be from a future-dated or simulated context, but are treated as the ground truth for this evaluation). One cannot reignite a friendship with a deceased person. Furthermore, the evidence indicates that Katie Holmes paid a tribute to him after his death, rather than engaging in a new social maneuver. The mention of 'Jamie' likely conflates Jamie Foxx (her ex-husband's rival/subject of past rumors) or is a confusion with another entity, but the core premise of interacting with James Van Der Beek post-mortem is factually impossible. The image "
ds5919,Misinformation,0.9,False,True,"The headline claims that Ares is the 'nephew of Zeus and Hera'. This is factually incorrect according to established Greek mythology. Multiple evidence sources confirm that Ares is the son of Zeus and Hera, not their nephew. Specifically, Wikipedia [1] and [2] state that Ares is the son of Zeus and Hera. The module's own answer data also correctly identifies Ares as the son of Zeus and Hera (conf: 1.0). Since the core factual claim in the headline is false, the content is misinformation. The image is not AI-generated, but the textual claim is definitively wrong."
ds379,Misinformation,0.9,False,True,"The claim states that 'Three people died' during the police raid in Saint-Denis. However, multiple pieces of evidence confirm that exactly two suspects died during the raid (Abdelhamid Abaaoud and a woman who detonated an explosive device). While five police officers were injured and a police dog was killed, no police officers died. Therefore, the total number of deaths was two, not three. The image shows forensic activity consistent with the event, but the specific numerical detail in the headline is factually incorrect based on the retrieved evidence."
ds3753,Misinformation,0.9,False,True,"The claim states that the Icelandic Coast Guard 'rarely performs a service.' This is factually incorrect based on the retrieved evidence. The Icelandic Coast Guard is a highly active agency responsible for search and rescue, maritime safety, national defense, and law enforcement. Evidence [1] from Wikipedia and Evidence [4] from IACN confirm its broad and continuous duties. Furthermore, Evidence [3] from Iceland Review explicitly mentions a 'rescue surge' and notes that the Coast Guard operates helicopters and aircraft for frequent missions. Evidence [5] from the New York Times states that the Coast Guard patrols Iceland's perimeter 'a few times a week.' The image shows a vessel in turbulent waters, which aligns with the active nature of their operations (search and rescue, patrol), contra"
ds6032,Not Misinformation,0.9,False,True,"The image depicts a real ostrich interacting with a human, likely in a sanctuary or farm setting, which aligns with the 'interesting table manners' headline as a humorous description of the bird's feeding behavior (e.g., pecking at food or hands). The visual veracity signal confirms the image is not AI-generated (ai_generated=false). The retrieved evidence supports that ostriches are often fed by humans in sanctuaries (e.g., in South Africa), and while they do not have literal 'table manners' (as they are wild animals), the headline is a colloquial/humorous description of the interaction rather than a factual claim about the animal's etiquette. The evidence shows videos and stock footage of people feeding ostriches, validating the context of the image. Therefore, the image and headline are"
3980,Misinformation,0.9,False,True,"The claim 'Touch My Body is a law' is factually incorrect. 'Touch My Body' is a well-known song by Mariah Carey, released in 2008, not a piece of legislation. While there are laws regarding physical contact (such as assault or battery statutes), there is no specific law titled 'Touch My Body'. The image provided is a generic stock photo of a courtroom, which is irrelevant to the specific claim and does not validate it. The module signals correctly identify that the image is not AI-generated but is also not aligned with the specific subject matter. The retrieved evidence confirms that 'Touch My Body' is a song and that general laws exist regarding touching, but no specific law by that name exists. Therefore, the claim is misinformation."
ds2845,Not Misinformation,0.6,False,True,"The claim describes a specific visual detail (a spider web on a premium pump in a secluded Arkansas gas station). The retrieved evidence confirms that premium gas pumps exist in Arkansas and that secluded/rural gas stations (such as Nathan Country Store or abandoned ones in Fordyce) exist in the state. However, there is no specific news report or viral story linking a spider web to a gas pump in Arkansas. The image is verified as real (not AI-generated). Since the claim is highly specific and likely refers to a niche viral image or a misinterpreted photo rather than a widespread news event, and given the lack of contradictory evidence proving the image is fake or the location false, we cannot definitively label it as misinformation without more context. However, the lack of any corroborati"
1318,Not Misinformation,0.6,False,True,"The image shows patrons seated at a bar and in rows, which aligns with the 'relax' and 'bar' aspects of the claim. The retrieved evidence confirms that bocce is increasingly popular in bars (e.g., Tosso.com, Bar Bocce) and that venues exist where patrons can relax while waiting for or playing bocce. While the specific mention of 'theater seats' is unusual for a standard bar, the visual evidence of rows of seating combined with the existence of bocce bars makes the scenario plausible and not definitively false. The image is verified as real (AI-generated=false). The partial alignment in module signals is due to the ambiguity of the specific venue type (theater vs. bar lounge), but the core elements (bocce, bar, relaxing) are supported by evidence."
ds2773,Not Misinformation,0.9,False,True,"The image depicts a Bible and a Book of Mormon in a hotel room drawer, which aligns with the claim. Evidence confirms that Marriott hotels, which have a significant presence in Detroit, traditionally place both the Bible and the Book of Mormon in guest rooms due to the Marriott family's affiliation with the Church of Jesus Christ of Latter-day Saints [2, 3]. While specific evidence for a Detroit hotel is not explicitly named in the snippets, the general practice for Marriott properties (a major chain in Detroit) is well-documented [1, 2]. The image is verified as not AI-generated [visual_veracity]. Therefore, the claim is consistent with known industry practices for this type of hotel."
ds8795,Not Misinformation,0.6,False,True,"The claim describes a scene ('Two men wearing sunglasses cross the street at night') that is physically possible and consistent with the provided evidence. The visual veracity module indicates the image is not AI-generated (ai_generated=false), which is the primary trigger for a 'Misinformation' label in this system. The image shows two men in formal attire at night, which aligns with the 'men' and 'night' aspects of the claim. While the 'sunglasses' and 'crossing' details are partially obscured or ambiguous in the low-confidence visual analysis, there is no evidence to suggest the image is fabricated or deceptive. The retrieved evidence confirms that men do wear sunglasses at night (often for fashion) and that stock photos exist depicting men crossing streets at night, supporting the plau"
6395,Misinformation,0.9,False,True,"The visual veracity signal explicitly identifies the image as AI-generated with a high confidence of 0.9, noting exaggerated facial features and unnatural proportions. According to the definitive rule, if the image is AI-generated, the output must be 'Misinformation' regardless of other signals. The headline 'dont worry beyonce nobody will ever know this was you' implies a deceptive context or a hidden identity, which is further invalidated by the fact that the image itself is not a real photograph of Beyoncé but a synthetic creation. The retrieved evidence discusses Beyoncé's actual stage costumes and authenticity debates but does not support the specific claim or image presented, which is fabricated."
ds5285,Misinformation,0.9,False,True,"The claim that Hillary Clinton is secretly planning to run for president in 2024 is false. Multiple evidence sources confirm that Hillary Clinton has publicly denied any intention to run in 2024. Specifically, she criticized President Joe Biden's 2024 reelection bid as a 'terrible mistake' and has focused on supporting other Democratic candidates rather than launching her own campaign [3]. Furthermore, reports indicate she addressed rumors of a future run (specifically 2028) but explicitly denied running in 2024 [1]. The image provided is a generic photograph of Clinton and does not support the specific, false narrative of a secret 2024 campaign. Therefore, the headline constitutes misinformation."
ds7674,Not Misinformation,0.6,False,True,"The claim states that 'The Highlands attracts 80 of its visitors from other parts of the UK'. This phrasing is ambiguous but likely refers to a statistic where 80% of visitors are from the UK (or potentially a specific subset). The retrieved evidence confirms that the Scottish Highlands are a major tourist destination for people from the UK, with scenery and landscape being the top motivations. While the exact figure '80' is not explicitly confirmed as a percentage in the snippets (one snippet mentions 85% motivated by scenery), the general premise that the Highlands attract a vast majority of visitors from within the UK is consistent with general knowledge and the provided context about UK tourism impact. The image signal indicates the image is not AI-generated and is irrelevant to the cl"
2728,Not Misinformation,0.9,False,True,"The claim describes a specific legal case involving an activist facing prison time for helping migrants but not being convicted by jurors. Evidence [2] from The Guardian confirms that Scott Daniel Warren, a US border activist, faced charges for providing water, food, and lodging to migrants and that a jury could not reach a verdict (hung jury), effectively refusing to convict him. Evidence [1] from GV Wire also references this specific headline and case. The module signals correctly identify the partial alignment and the real-world context. The image is verified as not AI-generated. Therefore, the headline accurately reflects a real event."
ds8721,Not Misinformation,0.6,False,True,"The image depicts a bowl of white rice and broccoli. The headline claims the image shows 'white rice, beef and a vegetable dish'. The visual evidence confirms the presence of white rice and a vegetable (broccoli), but there is no visible beef in the image. The module signals correctly identify this as 'partial' alignment, noting the absence of beef. However, the claim is not definitively false in a way that constitutes misinformation (e.g., it's not a fake news story or a deceptive political image); rather, it is an inaccurate description of the specific contents of the photo. Since the image is real (AI-generated=false) and the core components (rice, vegetable) are present, and beef is a common pairing often served alongside or mixed in (which might be obscured or just not visible in this"
ds9200,Misinformation,0.9,False,True,"The visual veracity module explicitly identifies the image as AI-generated with a high confidence of 0.9, noting unnatural blending of the dog's shirt and distorted anatomy. According to the definitive rule, if the image is AI-generated (ai_generated=true, confidence>0.6), the output must be 'Misinformation' regardless of other signals. While the retrieved evidence confirms that stock photos of dogs on plaid couches exist, the specific image in question is synthetic and not a real photograph, making the claim that it depicts a real scene misleading."
ds3723,Misinformation,0.9,False,True,"The claim states that 'The Originals' began airing in October 2005. However, the retrieved evidence and module signals confirm that 'The Originals' premiered on The CW on October 3, 2013, not 2005. Furthermore, the visual veracity module indicates the image is AI-generated (confidence 0.8). According to the definitive rule, if the image is AI-generated, the output must be Misinformation regardless of other signals. The combination of a false date in the claim and an AI-generated image solidifies the verdict."
7601,Not Misinformation,0.9,False,True,"The claim states that Bangladeshi security personnel stand guard near a restaurant attacked by gunmen in Dhaka, Bangladesh on July 1, 2016. The retrieved evidence confirms that on July 1, 2016, a terrorist attack occurred at the Holey Artisan Bakery/Restaurant in Dhaka. Multiple news sources (NBC News, Inquirer News, Rediff) explicitly describe images or scenes of Bangladeshi security personnel standing guard or keeping watch near the attacked restaurant on that date. Although the module's relevancy signal was low (likely due to a generic image not showing the specific building facade), the factual content of the claim is fully supported by the evidence. The image is verified as real (not AI-generated). Therefore, the image and headline are consistent with historical facts."
9081,Not Misinformation,0.9,False,True,"The image depicts a realistic lunch box containing sandwiches and carrots, which aligns with the claim. While the claim mentions a muffin and salad which are not clearly visible in the image, the module signals indicate 'partial' alignment rather than a contradiction. The visual veracity is confirmed as real (not AI-generated) with high confidence. The retrieved evidence supports that sandwiches, carrots, salads, and muffins are all common items found in typical lunch boxes [1, 2, 3]. Since the image is authentic and the items mentioned are plausible components of the described meal, there is no evidence of misinformation or deception. The partial alignment is likely due to the specific angle or contents of this particular photo, not a false claim about the image's content in a deceptive m"
ds2006,Not Misinformation,0.6,False,True,"The image is verified as not AI-generated (visual_veracity.ai_generated=false). The claim describes a scene with people lined up near an airplane and individuals in military uniform. The retrieved evidence confirms that military personnel frequently use airports for travel, layovers, and deployments (e.g., troops at ATL airport, Marines in the Strait of Hormuz). While the specific viral context of the image (if it refers to a specific recent event like the Nazca crash or a specific protest) is not explicitly confirmed by the snippets, the visual elements described (people near a plane, military presence) are factually plausible and consistent with common airport activities involving military personnel. There is no evidence suggesting the image is fake or the description is a fabrication of"
ds6266,Misinformation,0.9,False,True,"The image is identified as AI-generated with high confidence (0.9) by the visual veracity module, depicting an impossible scenario of a turkey flying over a cityscape. According to the definitive rule, if the image is AI-generated, the output must be 'Misinformation' regardless of other signals. Additionally, the module signals indicate that the image is not relevant to the headline ('aligned': false), further supporting the conclusion that this is a fabricated or misleading post."
708,Not Misinformation,0.9,False,True,"The claim states that in 2011, Carmelo Anthony had to deny reports that his wife, La La Vazquez Anthony, was forcing him to seek a trade out of Denver. The retrieved evidence supports the context of this claim. Specifically, evidence [1] from TMZ (April 1, 2011) confirms that La La Vazquez denied making negative comments about the Denver Nuggets on a radio station, which was part of the media scrutiny surrounding the trade rumors at the time. While the specific phrasing 'forcing him to seek a trade' is a strong interpretation, the evidence confirms that there were reports and media narratives in 2011 linking La La to the trade situation (e.g., her VH1 show covering the move, her comments about Denver), and that Carmelo and La La had to address/deny these narratives. The image is a genuine "
ds354,Not Misinformation,0.9,False,True,"The claim states that Aon was unveiled as the sponsor of Manchester United in July 2010. Evidence confirms that while the sponsorship deal was signed in June 2009 and officially began on June 1, 2010, the new home kit featuring the Aon logo was revealed on July 14, 2010 [2]. This public unveiling of the sponsored kit is the event typically referred to as the 'unveiling' of the sponsorship in a visual context. The image shows jerseys with the Aon logo, consistent with this 2010 launch. The module signals correctly identify the image as real and relevant. Therefore, the claim is factually supported by the timeline of the kit reveal."
7119,Misinformation,0.9,False,True,"The headline claims that Julian Assange is currently at the Ecuadorian embassy and calling for the threat of arrest to be lifted. This is factually incorrect based on the retrieved evidence. Evidence [1] from The Guardian and [3] from Al Jazeera confirm that Julian Assange was arrested at the Ecuadorian embassy in April 2019 and has since been released from prison and returned to Australia after striking a plea deal. He has not been at the embassy since 2019. Furthermore, the evidence indicates he is no longer facing the threat of arrest in the same context (he is free in Australia), and there is no record of him making such a call from the embassy recently. The image shows him holding a newspaper, which does not depict the embassy setting described in the headline. The module signals corr"
6424,Misinformation,0.9,False,True,"The image depicts a fantastical, humanoid-bird creature (a harpy from mythology) interacting with a human, which is physically impossible in reality. The visual veracity signal explicitly identifies the image as AI-generated with high confidence (0.9), citing the surreal and exaggerated anatomy. Furthermore, the retrieved evidence confirms that 'harpy' in a mythological context refers to Greek monsters, not real animals, while the real 'harpy eagle' is a large bird of prey that does not possess human features or interact with humans in this manner. Since the image is AI-generated and depicts an impossible event, it constitutes misinformation."
5060,Not Misinformation,0.6,False,True,"The claim states that 'Experts Warn Against Using Smartphones Due to Harmful Radiation Exposure Linked to Cancer.' While the scientific consensus (supported by evidence from the FDA, WHO, and major studies like the 30-year study cited in [1] of the 'Are smartphones linked to cancer risk?' section) is that there is no definitive proof that smartphones cause cancer, the claim is not strictly false because it reports on the existence of warnings and concerns. Evidence [2] from the 'Experts on smartphone radiation risks' section notes that 'Some organizations recommend caution in cell phone use,' and Evidence [3] from the 'Experts warning about smartphone radiation' section mentions that the FDA nominated the topic for study due to 'limited knowledge about potential health effects.' Additional"
3899,Misinformation,0.9,False,True,"The claim states that the Tenth Doctor is accompanied by Rose Tyler in 'The End of Time'. According to established Doctor Who canon, 'The End of Time' is a two-part special featuring the Tenth Doctor (David Tennant) and his companion Donna Noble (Catherine Tate). Rose Tyler (Billie Piper) does not appear in 'The End of Time'; her final appearance as a companion was in the 2008 series finale 'Journey's End', where she was left in a parallel universe. The retrieved evidence confirms that Rose Tyler was a companion of the Ninth and Tenth Doctors but does not link her to 'The End of Time'. Furthermore, the evidence for 'The End of Time' provided in the search results is irrelevant (discussing the show 'Lost' and the novel 'Night'), but general knowledge and the specific context of the Tenth Do"
ds511,Misinformation,0.9,False,True,"The claim contains multiple factual inaccuracies regarding the 'Whiskey Down' lounge at the MGM Grand in Las Vegas. First, the claim states it boasts 'more than 100 brown spirits.' Evidence [1] from the official MGM Grand website and Evidence [3] from Eater explicitly state that Whiskey Down features 'more than 50' types of whiskies, not 100. Second, the claim describes it as a 'gaming lounge... that boasts more than 100 brown spirits' implying a primary focus on gambling. While Evidence [3] confirms it is a 'high-end gaming lounge' with blackjack tables and video poker, the module's answer section incorrectly states it has 'no gaming options,' creating internal contradiction, but the external evidence confirms it *does* have gaming. However, the most significant error is the quantity of s"
3537,Misinformation,0.9,False,True,"The definitive rule states that if the image is AI-generated (visual veracity ai_generated=true, confidence>0.6), the output must be Misinformation regardless of other signals. In this case, the module signals indicate that the image is AI-generated with a confidence of 0.8. Therefore, the claim associated with this image is classified as Misinformation. Additionally, the claim itself is factually incorrect based on the evidence: Action films are a broad genre, and martial arts films are a subgenre of action films, not the other way around. Evidence [1] from Wikipedia explicitly lists martial arts films as a category, and Evidence [3] from Backstage describes action as a 'parent genre' that encompasses various subgenres, implying martial arts is a subset of action, not that action is a sub"
ds9777,Not Misinformation,0.9,False,True,"The claim states that Des Warren and Ricky Tomlinson were blacklisted for their union activity in 1972. Evidence confirms that both men were imprisoned in 1973 (following events in 1972) as part of the 'Shrewsbury 24' and that Tomlinson was effectively blacklisted from the building industry after his release, struggling to find work due to his convictions and union activism [1, 2, 3]. While the specific term 'blacklist' in the UK context of the 1970s often refers to the later formal industry blacklist (1970s-1990s), the narrative that they were denied work and suffered career consequences due to their union-related imprisonment is factually supported. The image is identified as a genuine historical photograph (AI generated=false). The module's answer snippets regarding EU/Russia blacklists"
5524,Misinformation,0.9,False,True,"The claim that Jennifer Aniston sabotaged Brad Pitt's Hollywood comeback is false and contradicts established facts. Evidence indicates that Aniston and Pitt divorced in 2005 due to differing life goals and career demands, not sabotage [3]. Furthermore, Brad Pitt has remained active in Hollywood, with recent appearances such as the 'Babylon' premiere in 2023, and there are no credible reports linking Aniston to any interference in his career [2]. The narrative of 'sabotage' is a persistent media myth that Aniston has explicitly denied, clarifying that the split was not due to her refusing to have children or focusing solely on her career to the detriment of Pitt [3]. The image provided does not support the specific allegation of sabotage, and the headline relies on a fabricated conflict."
ds4669,Misinformation,0.9,False,True,"The headline claims that Bradley Cooper and Lady Gaga are in a 'rapturous remake' of 'A Star Is Born'. While the factual premise that they starred in the 2018 remake is true (confirmed by evidence [1] and [2] in the retrieved section), the image provided is explicitly flagged by the module signals as having 'aligned: false' with low confidence (0.2) in its relevance. The explanation states the image does not depict Bradley Cooper or Lady Gaga. In the context of misinformation detection, using an image that does not depict the subjects mentioned in the headline constitutes a mismatch, often used to deceive or mislead the viewer about the content of the article or the nature of the media. Although the image is not AI-generated, the lack of visual alignment with the specific claim (Cooper and"
2169,Not Misinformation,0.9,False,True,"The image displays a collection of personal items including shoes, a cap, an iPod, and a name tag, which aligns with the headline's description. The visual veracity module confirms the image is not AI-generated (ai_generated=false). The retrieved evidence supports the existence and context of these items: the iPod is a well-documented Apple product (Evidence [1] from Wikipedia), name tags are standard items for events (Evidence [1] from Wikipedia), and shoes/caps are common personal effects. The 'partial' relevancy noted in the signals is due to the vague nature of 'other items' in the headline, but there is no contradiction or evidence of fabrication. The image appears to be a genuine photograph of these specific objects."
889,Not Misinformation,0.6,False,True,"The claim states that migrants are seen on the shore in the eastern Aegean island of Rhodes, Greece. The retrieved evidence confirms that Rhodes, Greece, is indeed facing a significant migrant crisis, with reports of undocumented migrants arriving by boat and settling in the area (Evidence [1] from rmx.news). The module signals indicate the image is not AI-generated (visual_veracity ai_generated=false) and is partially aligned with the context. While the specific image cannot be geolocated to Rhodes with 100% certainty without reverse image search, the claim describes a real and documented phenomenon occurring in the specified location. The evidence supports the existence of migrants on the shores/islands of the eastern Aegean, including Rhodes. Therefore, the claim is not misinformation, "
ds4772,Misinformation,0.9,False,True,"The headline claims Ed Sheeran admitted he could 'bed hot women' because of Taylor Swift. The retrieved evidence and module signals indicate that while Ed Sheeran and Taylor Swift are close friends and collaborators, there is no record of Sheeran making such a statement. The evidence shows Sheeran referred to Swift as a 'middle-aged woman trapped in a 20-something's body' in a joking context about age, and discussed their friendship and her engagement to Travis Kelce. The specific claim about 'bedding hot women' due to Swift is not supported by any credible source and appears to be a fabricated or highly distorted interpretation of their friendship. The module signals also note low relevancy (0.2) between the image and the specific claim, and the answers section explicitly states there is "
ds372,Misinformation,0.9,False,True,"The claim asserts that the specific rusting emergency vehicle in the image was used in the 1970 protests at Jackson State College. While the module signals indicate the image is not AI-generated, the visual evidence alone cannot verify the specific provenance of the vehicle. Crucially, the retrieved web evidence contains no information linking any specific rusting emergency vehicle to the 1970 Jackson State events. The evidence provided discusses the historical context of the killings and protests but does not support the existence or identification of a specific 'lost direction' rusting vehicle used in those protests. The module's answer snippet stating 'A rusting emergency vehicle is associated with the 1970 protests' appears to be a hallucination or a generic association rather than a f"
6440,Misinformation,0.9,False,True,"The image is identified as AI-generated with high confidence (0.9) by the visual veracity module, depicting a surreal and physically impossible scenario of a leader on mechanical stilts. The claim that Kim Jong-un has 'stilt legs' adjusted is factually baseless and relies on a misinterpretation or fabrication of the term 'stilt legs' (which refers to birds, as noted in the evidence). While evidence confirms Kim Jong-un has taken smoke breaks in the past (e.g., in Nanning, China), the specific combination of smoking and having mechanical stilts adjusted is a hallucination. The definitive rule states that if the image is AI-generated, the output must be Misinformation."
ds2864,Not Misinformation,0.6,False,True,"The claim that dye leaked to create polka dots on a peeled egg is physically implausible and contradicts standard egg decorating techniques. Evidence [2] from stepbystep.com explicitly states that polka dot eggs are created by applying small round stickers to the eggs before dipping them in dye; removing the stickers reveals the white shell underneath, creating the dot pattern. The visual evidence shows eggs on a rack, consistent with drying after dyeing, but the specific 'leaking' mechanism described in the claim is incorrect. The 'leak' narrative is likely a misinterpretation of the sticker-resist method or a fabricated explanation for the pattern. Since the image is not AI-generated (visual_veracity ai_generated=false), we rely on the factual inaccuracy of the claim. The claim misrepres"
ds9049,Not Misinformation,0.6,False,True,"The claim describes a living room with a fireplace, table, and chair. The module signals indicate that the image is a genuine photograph (AI-generated: false) and that the visual content aligns partially with the claim, specifically noting the presence of chairs and a table but the absence of a visible fireplace. The retrieved evidence consists of general articles and images about living room designs featuring fireplaces, which supports the plausibility of such a room existing but does not directly verify the specific image's content regarding the fireplace. However, since the image is verified as real (not AI-generated) and the claim is a descriptive statement about a scene that may simply have the fireplace out of frame or obscured (or the 'partial' alignment suggests the model is cautio"
1505,Not Misinformation,0.6,False,True,"The claim states that business rates have added about £500m to retailers' costs in the past three years. The retrieved evidence supports the existence of significant cost increases due to business rates. Specifically, evidence [2] from the 'Retail costs increase due to business rates' search indicates a £140m hike expected for April and another £242m pressure from April, totaling £382m in specific recent hikes. Additionally, evidence [1] from the same search mentions a £367m increase in National Living Wage costs, which are often discussed alongside business rates in the context of overall retail cost pressures. While the evidence does not explicitly sum to exactly £500m in a single 'business rates only' figure for the last three years, it confirms that business rates are a major driver of"
ds1418,Not Misinformation,0.6,False,True,"The claim describes a specific event: a free gathering of Brazilian music stars dubbed the 'Alternative Olympic Opening Ceremonies'. The module signals indicate the image is real (not AI-generated) and shows a performance with a crowd, which is consistent with a music event. The retrieved evidence confirms that 'Alternative Olympic Opening Ceremonies' are a known phenomenon (e.g., protests or alternative cultural events held during Olympic years, such as in Warsaw in 2008). While the specific event described in the claim (Brazilian stars, free, specific date) is not explicitly detailed in the provided snippets, the core components of the claim (existence of alternative ceremonies, existence of Brazilian music events) are plausible and supported by general knowledge. The image is verified a"
690,Misinformation,0.9,False,True,"The claim states that Gus Malzahn was the Auburn coach on the sideline during the third quarter. Evidence [1] and [2] confirm that Gus Malzahn was the head coach at Auburn from 2013 to 2020 and was fired after the 2020 season. He has not been the Auburn coach since then (serving at UCF and Florida State subsequently, and retiring in 2026). Therefore, any image or claim depicting him as the current Auburn coach is factually incorrect regarding his role and tenure. While the image itself is not AI-generated, the caption/claim misidentifies the person's role in the context of the team's history, constituting misinformation about the subject's identity and status as the coach."
ds7963,Not Misinformation,0.9,False,True,"The claim states that 96 people died at the 1989 FA Cup semifinal at Hillsborough. Historical records and inquests confirm that 96 Liverpool fans died as a result of the Hillsborough disaster, which occurred during this specific match. While one evidence snippet mentions 97 deaths, the official inquest verdict and the widely accepted figure recognized by the UK government and the Hillsborough Independent Panel is 96. The image provided is a memorial, which is contextually appropriate for the subject matter, even if the module signals low relevancy due to the generic nature of the photo. The core factual claim regarding the death toll is accurate according to definitive sources."
ds9935,Misinformation,0.9,False,True,"The claim states that David Cameron 'celebrates himself' as he heads to the EU summit. The retrieved evidence directly contradicts the 'celebration' aspect. Evidence [1] from the Daily Mail describes the atmosphere as a 'humiliation' and notes that EU leaders were not happy with him ('Wish weren't Dave'). Evidence [2] from Yahoo News and Evidence [2] from Al Arabiya describe the mood as one of 'divisions and tension' and 'sadness and regret' following the Brexit vote. There is no evidence of celebration; rather, the context was one of political isolation and somber reflection on the UK's departure from the EU. Furthermore, the module signals indicate low relevancy (0.2) because the image does not depict the specific event or emotion claimed. The mismatch between the celebratory claim and t"
4960,Not Misinformation,0.9,False,True,"The headline 'J-Rod! Jennifer Lopez and Alex Rodriguez on Love, Beauty, and Redemption' is a direct reference to a specific, real-world media event: the December 2017 cover story and interview in Vanity Fair featuring the couple (often referred to as 'J-Rod'). Evidence [1] and [2] from the retrieved web results explicitly confirm that this exact title was used for their Vanity Fair feature where they discussed these specific themes. The image depicts the couple in a romantic setting, which aligns with the 'Love, Beauty' themes of that specific interview. While the couple's relationship status has changed since 2017 (they split in 2021), the headline functions as a title or reference to that past content rather than a claim about their current status. The module signals correctly identify t"
5286,Misinformation,0.9,False,True,"The claim that Joe Biden accepted illegitimate votes in the 2020 election is false and has been extensively debunked. Multiple authoritative sources, including the US Supreme Court, state election officials from both parties, and fact-checking organizations like Snopes and USA Today, have confirmed that there was no widespread voter fraud that could have altered the election outcome. The retrieved evidence [3] from USA Today explicitly rates the claim that the election was 'rigged' as FALSE, noting that lawsuits, recounts, and audits affirmed the results. Similarly, evidence [2] from Campaign Legal State notes that claims of a stolen election were found to be without merit. While one source [1] from Shift Frequency presents a fringe view, it is not supported by credible evidence or legal f"
ds6300,Misinformation,0.9,False,True,"The image depicts Hillary Clinton at a groundbreaking ceremony for 'Goldman's Pharmacy,' but visual analysis confirms the image is AI-generated (confidence 0.9). The scene includes a cartoon character, which is inconsistent with a real-world political event. Furthermore, evidence indicates that 'Goldman's Pharmacy' is a fictional location from the animated series 'Family Guy,' owned by the character Mort Goldman, and not a real business. While Hillary Clinton has given speeches at Goldman Sachs (a financial firm, not a pharmacy), there is no record of her participating in a groundbreaking for a pharmacy named Goldman's. The combination of an AI-generated image and a fictional entity confirms the claim is false."
ds9486,Misinformation,0.9,False,True,"The visual veracity module explicitly identifies the image as AI-generated with a high confidence of 0.8, citing unnatural anatomical structures such as extra limbs and hands on the cats. According to the definitive rule provided, if the image is AI-generated (ai_generated=true, confidence>0.6), the output must be 'Misinformation' regardless of other signals. The retrieved evidence confirms that while striped cats are common and do interact with sneakers, the specific visual depiction in the image is fabricated by AI, making the claim that this is a real photo of two cats with sneakers on a ledge false."
ds252,Not Misinformation,0.9,False,True,"The claim states that Dave Lee Travis was one of broadcasting's biggest stars in the 70s and 80s. Evidence [1] from BBC News explicitly confirms this statement: 'In the 70s and 80s, Dave Lee Travis was one of broadcasting's biggest stars.' Additional evidence from Wikipedia and IMDb confirms his prominence during this era, noting his role as a presenter on 'Top of the Pops' from 1973 to 1984 and his rise to fame in the 1970s and 1980s. The image signals indicate the image is not AI-generated and is partially aligned with the subject. Therefore, the claim is factually supported by the evidence."
7904,Misinformation,0.9,False,True,"The claim asserts that the image depicts 'Boys from the Mandari tribe' waiting for boats in Terekeka in September 2012. However, the retrieved evidence strongly contradicts the specific identification of the subjects and the activity. Evidence [3] from the Oxford archive explicitly identifies a similar visual context (cattle crossing the Nile near Terekeka) as herding cattle, not fishing, and notes that such crossings occur after rains, not necessarily in September for fishing. More critically, Evidence [2] regarding the Mandari tribe describes their lifestyle as 'centered around cows and milk' and highlights them as pastoralists, while the module's internal answer states the Mandari 'do not emphasize fishing.' The image shows three individuals sitting by water, which does not visually ali"
ds4659,Not Misinformation,0.9,False,True,"The claim states that Kanye West auditioned for American Idol in San Francisco and brought Kim Kardashian. Evidence [1] from Acclaim Mag confirms that Kanye West did indeed audition for American Idol in San Francisco, and notes that Kim Kardashian teased this on social media. Evidence [2] and [3] from Us Weekly and Facebook further corroborate that Kanye West performed a surprise audition for American Idol, which was widely reported. While the specific image provided in the module signals is not explicitly verified as the exact photo from the audition day (the module notes it shows them walking on a city street), the core factual claim of the headline—that Kanye West auditioned for American Idol in San Francisco with Kim Kardashian present (or associated with the event)—is supported by mul"
6609,Misinformation,0.9,False,True,"The image is identified as AI-generated with high confidence (0.9) by the visual veracity module, depicting a surreal and physically impossible scene of a horse levitating on a rocking chair in a cloudscape. According to the definitive rule, if the image is AI-generated, the output must be Misinformation regardless of other signals. While the headline 'A small horse on a large wooden chair' describes the subject matter, the image itself is not a real photograph but a synthetic creation. The retrieved evidence confirms that while staged photos of horses on chairs exist (e.g., Andalusian horses on armchairs), the specific surreal nature of this image (levitation, cloudscape) aligns with AI generation rather than reality. Therefore, presenting this AI-generated image as a factual depiction co"
5292,Misinformation,0.9,False,True,"The headline claims that a secret recording exposes Joe Biden promising to 'abolish the Second Amendment.' This claim is demonstrably false based on the retrieved evidence. Evidence [3] from BearingArms explicitly states that the Biden campaign's website acknowledges the Second Amendment as 'limited' and aims to 'respect the Second Amendment' while addressing gun violence, directly contradicting the idea of abolishing it. Furthermore, Evidence [2] from PolitiFact's tracker and general knowledge confirm that Biden has advocated for specific gun control measures (like background checks and assault weapon bans) but has never promised to abolish the Second Amendment. The 'secret recording' mentioned in the headline likely refers to the 2019 Spanish-language ad recording (Evidence [2] from the "
5049,Not Misinformation,0.6,False,True,"The headline claims that a specific ranking of 'The Bachelorette' seasons has sparked outrage, accusations of bias, and manipulation. The retrieved evidence confirms that 'The Bachelorette' franchise is frequently subject to rankings by various media outlets (e.g., TV Insider, Bustle, StyleCaster) and that these rankings often generate discussion or debate among fans regarding bias and drama. Evidence [1] from US News mentions a recent cancellation adding to the franchise's history of controversy, and Evidence [1] from Reality Tea discusses fan opinions on season rankings. While the specific 'outrage' mentioned in the headline is a common reaction to such lists in the Bachelor franchise, the core claim that rankings exist and cause controversy is supported by the general context of the sho"
ds8246,Misinformation,0.9,False,True,"The claim attributes a specific political stance and budgetary action to Tony Abbott, a former Prime Minister of Australia. However, the retrieved evidence and module signals indicate a severe mismatch. The evidence for 'new tax increases in budget' refers exclusively to President Biden's FY2025 budget in the United States, not an Australian budget under Abbott. Furthermore, the module signals explicitly state that the image is not aligned with the headline, depicting a different individual rather than Tony Abbott. The combination of a mismatched image (wrong person) and evidence pointing to a completely different political context (US vs Australia) confirms this is a misleading or fabricated claim. Although the visual veracity signal indicates the image is not AI-generated, the content is"
5575,Misinformation,0.9,False,True,"The claim asserts that Bradley Cooper and Lady Gaga were spotted kissing on a romantic getaway to Italy. While evidence confirms that the two stars were in Italy together for the Venice International Film Festival premiere of 'A Star Is Born' in August 2018, there is no credible report or evidence of them kissing during a 'romantic getaway' at that time or any other time. Their relationship was widely reported as professional and friendly, with Gaga recently inviting Cooper to her wedding as a friend. The image likely depicts a generic couple or a different context, and the specific narrative of a romantic Italian getaway kiss is fabricated. The module signals correctly identify that the identities cannot be confirmed in the image and that there is no confirmed report of such an event. The"
561,Not Misinformation,0.9,False,True,"The claim states that Hurricane Matthew was photographed from the ISS on the afternoon of Oct 3, 2016. Evidence from NASA confirms that the ISS tracked Hurricane Matthew and captured images during this period. Specifically, NASA reports that cameras outside the station captured views of the hurricane on Oct 7 at 4:45 pm ET, and other images were taken by Kate Rubins on Oct 4. While the specific date of Oct 3 is not explicitly cited as a photo date in the provided snippets (which highlight Oct 4 and Oct 7), the storm was active and visible from the ISS during this timeframe (it made landfall in Haiti on Oct 4, meaning it was in the Caribbean on Oct 3). The ISS orbits the Earth multiple times a day, making it highly probable that imagery was captured on Oct 3 as well. The module signals conf"
1970,Not Misinformation,0.6,False,True,"The image is identified as a standard bar graph from the 'Cancer Patient Experience Survey 2011/12' and is not AI-generated. The headline claims that 'More younger patients than older patients said they were informed about financial help.' While the specific data point regarding 'financial help' is not explicitly detailed in the provided evidence snippets (which focus on overall care experience and general financial consent policies), the survey itself is a real, verifiable document (Evidence [2] from UK Data Service and Evidence [1] from PMC). The module signals indicate high relevancy and that the image is a genuine chart. Without evidence contradicting the specific data trend shown in the chart (i.e., no evidence stating older patients were more informed), and given the chart is a legit"
ds1060,Not Misinformation,0.6,False,True,"The claim states that a man holds his son while participating in a candlelight vigil in New York. The retrieved evidence confirms that multiple candlelight vigils have occurred in New York City (e.g., for Inisa BK, Lobga Rangzen, Hassan Nasrallah, etc.). The image is verified as not AI-generated (visual_veracity ai_generated=false). While the specific identity of the individuals in the photo cannot be confirmed from the text alone, the event described (a candlelight vigil in NY) is factual, and the visual content (man holding child) is consistent with the general public nature of such gatherings. There is no evidence suggesting the image is fake or that the event did not happen. The 'answers' module provides conflicting reasons for vigils (Tibetan independence vs. Nasrallah), but the core "
ds3938,Misinformation,0.9,False,True,"The claim states that Northwestern University is a founding member of the Big Ten Conference starting in 1893. However, the retrieved evidence explicitly states that the Big Ten Conference was founded in 1896 (specifically as the Intercollegiate Conference of Faculty Representatives). While Northwestern is indeed a charter/founding member, the year 1893 is factually incorrect regarding the conference's founding date. Therefore, the specific temporal claim in the headline is false."
6399,Misinformation,0.9,False,True,"The image depicts Polish police officers posing with Teenage Mutant Ninja Turtles. The visual veracity signal indicates the image is AI-generated with high confidence (0.8), citing the surreal and impossible nature of fictional anthropomorphic turtles posing with real-world law enforcement. Furthermore, the retrieved evidence contains no reports of such an event; instead, search results for 'Polish police officers Ninja Turtles' yield only stock photo sites (Getty Images, Vecteezy) and unrelated TikTok trends. The absence of any credible news source documenting this specific incident, combined with the AI-generated nature of the image, confirms it is a fabricated scenario."
6807,Misinformation,0.9,False,True,"The image depicts a dragon cooking vegetables, which is a fantastical and surreal scenario. The visual veracity module explicitly identifies the image as AI-generated with high confidence (0.9), noting that the combination of a mythical creature and a cooking scene is contextually bizarre and does not align with real-world physics or biology. According to the definitive rule, if the image is AI-generated (ai_generated=true, confidence>0.6), the output must be Misinformation regardless of other signals. The retrieved evidence confirms that large bowls with vegetables and broccoli are common real-world items and recipes, but it does not support the existence of a dragon performing this action, further highlighting the fabricated nature of the image content."
ds9233,Not Misinformation,0.9,False,True,"The claim states that 'Many people are waiting for a bus at the bus terminal.' The module signals indicate that the image is not AI-generated (visual_veracity.ai_generated=false) and is relevant to the claim. The retrieved evidence supports the general reality of the scene: stock photo descriptions [1, 2, 3] explicitly describe images of 'groups of People, passengers, waiting for their buses at... bus station' and 'Exhausted people waiting for delayed express bus transportation at busy international bus terminal'. While the evidence does not identify the specific location in the image, it confirms that such scenes are common and accurately depicted in stock photography, supporting the veracity of the claim as a description of the image content. There is no evidence suggesting the image is "
7506,Not Misinformation,0.6,False,True,"The image is a real photograph (AI-generated=false) depicting a scene consistent with the Dedham Vale area (church, garden, rural landscape). The headline claims that coach parties from Shenzhen arrive in May and stay until autumn. While the retrieved evidence does not explicitly confirm the specific origin of the coach parties as 'Shenzhen' (the evidence mentions general tourism, walking guides, and autumn trends), it also does not contradict the claim. The 'answers' module provided in the prompt signals explicitly states that coach parties from Shenzhen do visit Dedham Vale, citing a 2015 article. As the image is authentic and the specific claim about tourist demographics, while not directly proven by the top 3 snippets, is not refuted and is supported by the internal answer module's con"
251,Not Misinformation,0.9,False,True,"The claim states that Sameena Jabeen Ahmed received her best newcomer award from actor James Corden. Evidence [2] from Getty Images explicitly describes a photo of 'Sameena Jabeen Ahmed with her Best British Newcomer award with presenters James Corden and Finola Dwyer at the BFI London Film Festival Awards'. This confirms that James Corden did present her with the Best British Newcomer award at the 2014 BFI London Film Festival. The module signals correctly identify the alignment, and the visual veracity is confirmed as real (not AI-generated). Therefore, the image and headline are consistent with factual records."
ds1760,,,False,False,PARSE_FAILURE
ds5403,Not Misinformation,0.6,False,True,"The image depicts a protest with an 'IMPEACHMENT' banner, which is a generic visual representation of political discourse. The headline discusses the nature of impeachment talk as either strategy or distraction, a topic of ongoing political debate. The retrieved evidence confirms that impeachment is a subject of political discussion (specifically regarding investigations into Donald Trump, as noted in the CNBC snippet) and that concepts of 'political elites' and 'discourse manipulation' are valid sociological and political science topics. The image is verified as not AI-generated. While the headline is somewhat abstract and speculative ('Speculation Grows'), it does not contain a demonstrably false factual claim that contradicts the evidence. The image serves as a relevant, albeit generic,"
ds8604,Misinformation,0.9,False,True,"The visual veracity module explicitly identifies the image as AI-generated (ai_generated=true, confidence=0.8), noting unnatural anatomy such as extra limbs on the zebras. According to the definitive rule provided in the system instructions, if an image is AI-generated, the output must be 'Misinformation' regardless of other signals. The headline claims the zebras are socializing on rocks in an artificial lake, but since the image itself is a synthetic fabrication and not a genuine photograph of such an event, the claim is misleading and constitutes misinformation."
ds8578,Not Misinformation,0.6,False,True,"The image depicts a man leaning over the back of a truck, which aligns with the visual description in the claim. The retrieved evidence confirms that there have been notable incidents involving Walmart trucks and men, such as a man driving a truck through a Walmart in Indianola, Mississippi (Source 1, Q1), and various other incidents involving Walmart truck drivers (Sources 1, 2, 3 in Q2 and Q3). While the specific location 'in front of Walmart' is not definitively confirmed by the visual evidence alone (as the background is not clearly identifiable as a Walmart in the provided snippets), the image is not AI-generated (visual_veracity ai_generated=false) and depicts a plausible real-world scenario consistent with reported news events. The module signals indicate partial alignment, suggesti"
6114,Misinformation,0.9,False,True,"The image is identified as AI-generated with high confidence (0.8). The visual content depicts a surreal and non-standard watch face featuring a person in a uniform, which does not resemble a Mickey Mouse watch. The module signals explicitly state that the image is not aligned with the claim (relevancy aligned: false) because it does not depict Mickey Mouse. According to the definitive rule, if the image is AI-generated, the output must be Misinformation regardless of other signals. The retrieved evidence discusses the history and availability of actual Mickey Mouse watches but does not support the existence of this specific, surreal AI-generated image as a real product."
8341,Not Misinformation,0.9,False,True,"The claim consists of two parts: 1) The Riverside Museum was the European Museum of the Year 2013, and 2) It has seen a drop in visitors. Evidence [1], [2], and [3] from the retrieved sources explicitly confirm that the Riverside Museum in Glasgow won the European Museum of the Year Award in 2013. Regarding the second part, while specific 2023 statistics for the Riverside Museum are not explicitly detailed in the snippets, Evidence [2] from the Museums Association reports a general trend where visitor numbers at museums are down 10% on average compared to pre-pandemic levels, with many reporting significant drops. The module signals also support this, noting the drop is likely due to broader post-pandemic trends. The image is verified as real (not AI-generated) and depicts a waterfront sce"
1152,Not Misinformation,0.9,False,True,"The claim states that Howard Stern and his wife Beth Ostrosky were in attendance at an event. The retrieved evidence confirms that Howard Stern and Beth Ostrosky have attended multiple public events together, including the 2017 North Shore Animal League America Gala (Evidence [2] from Q3) and a Hamptons Magazine cocktail reception (Evidence [3] from Q3). Additionally, they were married in 2008 (Evidence [1] from Q2), confirming their relationship status. The module signals indicate the image is not AI-generated and is relevant to the claim. Since the individuals are real people who have indeed attended events together, and the image depicts them in a manner consistent with public appearances (e.g., gala or public outing), the claim is supported by evidence. There is no indication of AI gen"
ds5714,Misinformation,0.9,False,True,"The primary determinant for this verdict is the visual veracity signal. The module explicitly states that the image is AI-generated (ai_generated=true, confidence=0.8). According to the definitive rule, if the image is AI-generated, the output must be 'Misinformation' regardless of other signals. Furthermore, the claim that Babur was an 'Educator Paving the Way for Educational Excellence' is historically inaccurate or at least highly misleading. The retrieved evidence indicates that while Babur founded the Mughal Empire and wrote memoirs (Baburnama), there are no specific educational reforms attributed to him, and his direct impact on educational systems is not detailed in historical sources. The image, being AI-generated, likely depicts a generic or anachronistic scene (e.g., a library se"
ds9888,Misinformation,0.9,False,True,"The claim states that Jerzy Janowicz took the first set on a tiebreak and that the crowd would be delighted. The retrieved evidence confirms that Jerzy Janowicz did win the first set against Andy Murray in a tiebreak (7-6) during the 2013 Wimbledon semifinals (Evidence [4] from The Guardian: 'Jerzy janowicz WINS the first set 7-6'). However, the context of the crowd's reaction is critical. Janowicz's run to the 2013 Wimbledon semifinals was a major upset, as he defeated Roger Federer in the previous round. Andy Murray was the home favorite and eventual finalist. In such a high-stakes match against a home hero, the crowd (especially in London) would likely be hostile or anxious for Murray, not 'delighted' that Janowicz won. Furthermore, the module signals contain contradictory and incorrect"
7531,Not Misinformation,0.9,False,True,"The claim states that there was an Occupy protest at St Paul's Cathedral in London. The retrieved evidence confirms that the Occupy London movement, initially targeting the London Stock Exchange, established a camp at St Paul's Cathedral in October 2011. Multiple sources, including The Guardian and The Huffington Post, document specific events at the cathedral, such as protesters chaining themselves to the pulpit. The module signals indicate the image is real (not AI-generated) and partially aligned with the claim. Given the historical fact that Occupy protests did occur at St Paul's Cathedral, the image depicting a protest scene is consistent with the claim. Therefore, the content is not misinformation."
1795,Not Misinformation,0.9,False,True,"The claim states that Justin Fashanu is described as 'intelligent witty honest and articulate' in Nick Baker's book 'Forbidden Forward'. Evidence confirms that Nick Baker is indeed the author of 'Forbidden Forward: The Justin Fashanu Story' [1, 2]. The book is described as a 'sensitive but brutally candid portrait' [1] and a 'meticulously researched' biography [2, 3] that covers Fashanu's life, including his sexuality and struggles. While the specific adjectives 'intelligent, witty, honest, and articulate' are not explicitly quoted in the provided snippets, the book's description as a 'candid portrait' and Fashanu's own public statements about wanting to be 'honest and truthful' [3] support the general characterization of the book's portrayal. The image is a genuine photograph of Justin Fa"
7759,Not Misinformation,0.6,False,True,"The claim consists of two parts: identifying the image as Dong Energy's gas-fired power station in Newport, South Wales, and stating that the government has proposed gas as a bridging technology. 

1. Image Identification: Evidence [1] from The Guardian explicitly links a photograph of 'Dong Energy's gas-fired power station in Newport, Wales' to the topic. Evidence [2] from BDC Magazine confirms Dong Energy opened a gas-fired power station in Newport, South Wales, in February 2011. The module's visual veracity assessment states the image is a genuine photograph (not AI-generated) and shows a power station. While the module notes 'partial' alignment because the image doesn't explicitly label the location, the existence of the facility and the typical appearance of such industrial sites (coo"
5697,Misinformation,0.9,False,True,"The image is identified as AI-generated (visual_veracity ai_generated=true, confidence=0.8), which triggers the definitive rule to label the content as Misinformation regardless of other signals. Furthermore, the claim that NASA has discovered a 'second moon' that is 'potentially habitable' is factually incorrect. While Earth does have temporary quasi-satellites (mini-moons) like 2024 PT5 or 2025 PN7, these are small asteroids (often less than 100 feet wide) that orbit the Sun in sync with Earth, not stable moons. They are not habitable, nor are they moons in the traditional sense. The evidence snippets confirm that NASA's recent announcements relate to the Artemis program or the discovery of these small, temporary asteroids, not a habitable second moon. The combination of an AI-generated "
3769,Misinformation,0.9,False,True,"The claim 'Tangled is a shoelace' is factually incorrect. Evidence [1] from Wikipedia confirms that 'Tangled' is a 2010 animated film by Disney, not a type of shoelace. The term 'tangled' is an adjective describing a state of being twisted or confused (Evidence [1] from Cambridge Dictionary), and shoelace ends are called 'aglets' (Evidence [2] from Indestructible Ryder), not 'Tangled'. Furthermore, the module signals indicate that the image is AI-generated (ai_generated=true, confidence=0.8). According to the definitive rule, if the image is AI-generated, the output must be Misinformation regardless of other signals. The combination of a false factual claim and an AI-generated image solidifies the verdict."
4905,Not Misinformation,0.9,False,True,"The headline claims that the rumor of Lindsay Shookus being pregnant with Ben Affleck's baby is 'Untrue' and that she is 'Still NOT Pregnant'. The retrieved evidence supports this claim. Multiple sources (Inquisitr, YourTango, Page Six) indicate that while there were rumors of pregnancy in 2018, the couple broke up in 2018/2019. As of recent updates (2023), they are no longer together, and Shookus has reportedly dated others (e.g., Jon Hamm). There are no credible reports of a current pregnancy involving Affleck and Shookus. The module signals correctly identified that the image is not AI-generated and that the image itself is not directly relevant (misaligned) to the specific people in the headline, but the textual claim in the headline is factually accurate based on the timeline of their"
6026,Misinformation,0.9,False,True,"The image is identified as AI-generated with high confidence (0.8) by the visual veracity module, which notes unnatural elements like a red shape overlaying a head. According to the definitive rule, if the image is AI-generated, the output must be 'Misinformation' regardless of other signals. Furthermore, the headline 'oh god jay no youre killing everybody' is sensational and lacks context, while the retrieved evidence shows no credible reports of any 'Jay' (Jay-Z, Jam Master Jay, or fictional characters) 'killing everybody'. The image appears to be a manipulated or generated depiction unrelated to a factual event supporting the headline, constituting misinformation."
5977,Misinformation,0.9,False,True,"The claim states that Konidela Production Company has emerged as a key player in the Chinese entertainment industry. However, all retrieved evidence and module signals confirm that Konidela Production Company is an Indian film production company based in Hyderabad, established by Ram Charan, focusing exclusively on Indian (Telugu) cinema. There is no evidence of any expansion, projects, or involvement in the Chinese entertainment industry. The claim is factually incorrect and contradicts the established business scope of the company."
104,Not Misinformation,0.9,False,True,"The claim states that while there are hundreds of commercial airlines globally, not all of them have inflight connectivity or internet access. The retrieved evidence supports this claim. Evidence [2] from the 'Inflight Connectivity Benchmark 2025' explicitly states that '7 in 10 airlines now offer onboard Wi-Fi,' implying that 30% do not. Additionally, Evidence [1] from Simple Flying and Evidence [3] from eDreams discuss specific airlines that offer free or paid Wi-Fi, highlighting the variability and absence of service on many carriers. The image, showing model airplanes, is a generic representation of the airline industry and does not contradict the factual claim about connectivity disparities. The visual veracity is confirmed as real (not AI-generated), and the relevance is partial but "
ds9954,Misinformation,0.9,False,True,"The claim asserts that Jinyun and Yahong are celebrating in Morecambe Bay. However, the retrieved evidence and module signals indicate that Jinyun and Yahong are associated with a tragic event, not a celebration. Specifically, the module signals state that their husbands died while working as cocklepickers in Morecambe Bay (a reference to the 2004 Morecambe Bay cockling disaster). The names 'Jinyun' and 'Yahong' in the context of this disaster likely refer to victims or relatives (e.g., Yan Wang and his wife, or similar Chinese migrant workers, though the specific names Jinyun/Yahong appear to be conflated with academic authors or fictional characters in the general search results, the core association with Morecambe Bay is tragic, not celebratory). The image shows two women, but there is "
ds9091,Not Misinformation,0.9,False,True,"The claim describes a specific visual composition: a colorful umbrella centered in a black and white photo of a busy city sidewalk. The module signals indicate that the image does not match this description (relevancy aligned: false), stating it shows a busy city scene without a visible colorful umbrella. However, the visual veracity signal indicates the image is not AI-generated (ai_generated: false, confidence 0.2). According to the definitive rule, we only output 'Misinformation' if the image is AI-generated. Since the image is real, the mismatch between the claim and the image content constitutes a labeling error or a false claim about the specific image, but it does not meet the criteria for 'Misinformation' as defined by the AI-generation rule. The retrieved evidence confirms that su"
ds1846,Misinformation,0.9,False,True,"The claim asserts that a vehicle belonging to Rafael Correa's security detail was burned by rioting police outside a hospital in Quito. The evidence indicates that while police did riot and burn vehicles in Quito, this occurred in 2010, not during a recent hospital incident involving Correa. In the 2010 crisis, police held Correa captive and burned vehicles, but Correa was not 'holed up' in a hospital in the manner described for a recent event; he was at the National Assembly and other locations. Furthermore, there is no evidence of a 2023 incident where Correa was holed up in a hospital in Quito with his security detail's vehicle being burned by police. The claim conflates the 2010 police uprising (where police were the aggressors against the government) with a fabricated or misattributed"
ds2126,Not Misinformation,0.6,False,True,"The claim describes a specific visual scenario: 'Identical street signs pointing in the opposite directions of each other.' The retrieved evidence confirms that such occurrences are real and have been reported in the news. Specifically, evidence [1] from WalesOnline details an incident in Swansea where two almost identical street signs were found one behind the other on Llangyfelach Street. While the module's visual veracity signal indicates the image is likely real (not AI-generated), the relevance signal is only 'partial' because the image description provided in the module ('two street signs labeled EAST ST') does not perfectly match the specific 'opposite directions' claim in the headline, nor does it confirm the 'identical' nature beyond the module's own partial alignment. However, si"
ds8631,Misinformation,0.9,False,True,"The image is identified as AI-generated with high confidence (0.8) by the visual veracity module. The definitive rule states that if the image is AI-generated, the output must be 'Misinformation' regardless of other signals. Additionally, the image content (bananas and apples) does not match the headline's claim of 'Apples and oranges and a tree with branches in front of potted plants', showing a lack of relevancy (0.1). The evidence provided discusses growing apples and oranges together, but does not support the specific visual depiction or the presence of potted plants in the described manner, further confirming the mismatch between the claim and the visual reality, which is synthetic."
ds6054,Not Misinformation,0.9,False,True,"The claim states that 'everyone knows dachshunds dont work over water'. The image depicts a fantastical scene (likely from a movie or edited) of a dog-like figure on water. The retrieved evidence confirms that dachshunds are generally poor swimmers and not bred for water work due to their body structure (short legs, heavy chest), making them prone to exhaustion and aversion to water. While the image shows a fictional or edited scenario where a dog is 'working' or moving on water, the claim itself is a generalization about the breed's capabilities. The evidence supports the premise that dachshunds are not typically used for water work and are poor swimmers. The image is identified as not AI-generated (likely a movie still or photo manipulation), and the claim aligns with the factual underst"
595,Not Misinformation,0.6,False,True,"The image depicts the Cleveland skyline, and the claim states it was taken from Edgewater Park in 2012. Edgewater Park in Cleveland is a well-known location for viewing the skyline, as confirmed by multiple evidence sources [2] from the 'Cleveland skyline history' query and [2] from the 'Is this photo from Edgewater Park?' query. The visual content aligns with the description of a skyline view from this park. While the specific year 2012 cannot be definitively verified from the provided snippets (which mention general history and recent photos), there is no evidence suggesting the image is fake, AI-generated, or misattributed to a different location (like the New Jersey Edgewater Park, which does not have this skyline). The module signals indicate the image is not AI-generated and is relev"
ds4857,Misinformation,0.9,False,True,"The headline claims Kourtney Kardashian is teasing Scott Disick about a pregnancy scare involving Younes Bendjima. However, the visual evidence (Module Signals) explicitly states that the image is not aligned with the headline, showing a generic group dining scene with no connection to the celebrities mentioned. Furthermore, the retrieved evidence indicates that while Kourtney has had pregnancy scares and discussions about future children with her current partner Travis Barker (and previously expressed interest in a child with Younes Bendjima in the past), there is no credible report linking a recent 'pregnancy scare' to Younes Bendjima in a way that would involve teasing Scott Disick. The relationship dynamics described in the evidence (Kourtney losing respect for Scott and wanting him ou"
8858,Misinformation,0.9,False,True,"The claim describes a 'man walking on his back in the snow,' which implies a specific, unusual physical action (walking on one's back) or a specific camera angle (view from behind). The module signals explicitly state that the image shows a person skiing, not walking, and that the image is not aligned with the headline (relevancy aligned: false, confidence 0.2). The visual content (skiing) contradicts the textual claim (walking). While the retrieved evidence provides stock photos of men walking in snow, these are generic stock images and do not validate the specific claim about the provided image, which is identified as a skier. The mismatch between the visual evidence (skiing) and the textual claim (walking) constitutes misinformation."
ds4896,Not Misinformation,0.6,False,True,"The claim involves a specific interpersonal interaction (Nicole Richie pleading with Sofia Richie) regarding a past relationship (Sofia Richie and Scott Disick). The retrieved evidence confirms that Sofia Richie and Scott Disick were in a relationship from 2017 to 2020 and have since split. It also confirms that Nicole Richie is Sofia's sister and has offered advice on privacy and public life. However, the specific anecdote of Nicole 'pleading' to end the romance to protect the kids (Scott's children) is not supported by the provided evidence snippets, nor is it contradicted by them. The evidence snippets are largely biographical or general news about the breakup. The module signals indicate the image is real (not AI-generated) but only partially aligned with the headline's specific narrat"
8916,Not Misinformation,0.6,False,True,"The claim describes a specific visual scene: 'A white toilet with a black mirror on top of a tiled floor.' The module signals indicate that the image is a genuine photograph (AI-generated=false) and shows a white toilet. However, the relevancy signal is low (0.2) because the image allegedly lacks the black mirror and specific tiled floor context mentioned in the headline. The retrieved evidence provides general inspiration for black-and-white bathroom designs, mentioning black framed mirrors and tiled floors as common elements, but does not verify the specific image content. Since the image is real and the claim is descriptive of a plausible bathroom setup (even if the specific details like the mirror are not clearly visible or are misidentified in the module's analysis), it is not definit"
ds562,Not Misinformation,0.9,False,True,"The claim states that 30,000 people gather each year in Hawaii to celebrate SPAM. The retrieved evidence confirms that Hawaii hosts the 'Waikiki Spam Jam,' an annual festival celebrating SPAM. Specifically, evidence item [1] under the query 'Hawaii SPAM festival attendance 30000' explicitly states that 'more than 30,000 visitors flocked to the' event. Other sources corroborate this figure, with one citing an estimated 35,000 attendees and another confirming the 30,000 figure is consistently reported. The image signals indicate the image is real (not AI-generated) and relevant to the event. Therefore, the claim is supported by factual evidence."
ds5647,Misinformation,0.9,False,True,"The claim that Pfizer CEO Albert Bourla admitted the COVID-19 vaccine causes permanent brain damage is false. Multiple fact-checks and credible sources confirm that Bourla has not made such an admission. While there have been controversies regarding Pfizer's statements on vaccine efficacy (such as the admission that trials were not designed to test transmission prevention, as noted in evidence [3] from Michigan Capitol Confidential and [1] from Lynnwood Times), these are distinct from claims of causing brain damage. Evidence [2] from Snopes and [2] from RFI clarify that Bourla emphasized rigorous testing standards and that the FDA found no specific safety concerns regarding brain damage. The image provided appears to be a generic stock photo or presentation slide (visual veracity indicates"
160,Misinformation,0.9,False,True,"The claim asserts that a specific cat named 'Dorothy' was shot in Newport. The retrieved evidence fails to support this specific narrative. While there are records of pellet gun incidents involving cats in Newport (e.g., a cat named Rouley in 2010), there is no evidence linking a cat named Dorothy to such an incident. The search results for 'Dorothy cat injury news 2023' returned irrelevant results (films, games, cricket), and the answers module explicitly states that sources do not mention Dorothy the cat being shot. The image shows a generic cat in a cone, which does not verify the specific identity or injury history claimed. The combination of a specific, unverified name ('Dorothy') with a real but distinct historical event (Newport pellet gun attacks) suggests a fabricated or misleadin"
ds7704,Misinformation,0.9,False,True,"The claim states the image is an aerial view of the River Severn winding through Leighton in Shropshire. However, the module signals indicate that the image actually depicts a golf course and surrounding landscape, with no meaningful connection to the River Severn or the specific geography of Leighton as described. The relevancy score is extremely low (0.1), explicitly stating the image does not relate to the subject. While the River Severn does flow through Leighton, Shropshire (confirmed by evidence [1] and [2] in the retrieved section), the visual content of the provided image does not match the caption. The image appears to be a generic or mislabeled stock photo of a golf course, not the specific river scene claimed. Therefore, the image is misleading and constitutes misinformation reg"
ds451,Not Misinformation,0.9,False,True,"The retrieved evidence confirms that Paul Wilson, a drink-driver, struck and killed Alwyn Pritchard, a PCSO, while driving at high speed (119mph) and subsequently fled the scene. Multiple sources, including BBC News and Wales Online, explicitly state that Wilson 'ran away from the scene' or 'fled the scene' after the collision. Although the module signals indicate the image is not relevant (likely because the image is just a generic photo of a person and not the specific individuals involved), the textual claim itself is factually accurate based on the provided evidence. The definitive rule regarding AI generation does not apply as the image is not AI-generated. Therefore, the claim is supported by evidence."
ds4380,Misinformation,0.9,False,True,"The headline claims Nancy Pelosi is resigning due to 'new revelations.' While Nancy Pelosi did resign as Speaker of the House in January 2023, she did not resign from Congress, nor did she resign due to 'new revelations' of scandal or misconduct at that time. The specific claim of resignation due to 'new revelations' is a known hoax. Evidence [1] from PolitiFact explicitly fact-checks this exact headline from NRTOnline, stating it is false and flagged as potentially fabricated. The module's answer section also confirms that PolitiFact debunked this specific claim. Therefore, the headline presents a false narrative about the reason and nature of her departure (implying a scandal-driven exit rather than a planned leadership transition), constituting misinformation."
1204,Not Misinformation,0.9,False,True,"The claim describes a specific historical event: an ambush on a Jalisco state road where 15 police officers were killed by a gang. The retrieved evidence confirms that on April 6, 2015, a convoy of the Jalisco State Police was ambushed by the Jalisco New Generation Cartel (CJNG) in San Sebastián del Oeste, Jalisco, resulting in the deaths of 15 officers and injuries to five others. The image signals indicate the image is real (not AI-generated) and shows police presence, which is consistent with the context of the event described. While the image itself may not depict the exact moment of the 2015 ambush (as it is a generic or archival photo of police), the headline accurately describes a verified historical fact. There is no evidence of AI generation or deliberate falsification of the even"
ds5364,Not Misinformation,0.9,False,True,"The claim states that Don Lemon made controversial remarks that stirred outrage and media backlash. The retrieved evidence confirms this narrative. Specifically, evidence [3] from Yahoo Entertainment and evidence [1] from Newsweek document that Don Lemon made controversial comments (specifically regarding white men as a terror threat and women over 50) which resulted in significant criticism, apologies, and discussions about his future at CNN. The image is identified as a genuine photograph of Don Lemon (visual_veracity ai_generated=false), and the headline accurately reflects the reported events of controversy and backlash associated with his remarks. Therefore, the image and headline pair is consistent with the factual record."
ds8199,Not Misinformation,0.9,False,True,"The claim states that the death of a former Putin aide at a DC hotel was ruled accidental. Historical records confirm that Mikhail Lesin, a former aide to Vladimir Putin, was found dead in a Washington D.C. hotel in November 2015. While the initial autopsy cited blunt force trauma, US authorities (specifically the DC Medical Examiner) officially ruled the manner of death as an 'accident' in October 2016, attributing it to injuries sustained after excessive alcohol consumption. The retrieved evidence from CNN, BBC, and Talking Points Memo explicitly supports this ruling. The module's 'relevancy' signal is marked as 'false' likely because the image itself does not depict the specific event or person, but the textual claim is factually accurate based on the provided evidence. Since the claim "
ds9128,Misinformation,0.9,False,True,"The visual veracity module explicitly identifies the image as AI-generated with a high confidence of 0.8. The explanation notes unnatural lighting, uniform background, and anatomical inconsistencies in the cow's legs and shadows, which are hallmarks of synthetic media. According to the definitive rule, if the image is AI-generated, the output must be 'Misinformation' regardless of other signals. The retrieved evidence does not contradict this; while it mentions real-world instances of cows near blue doors or specific farmhouses, it does not validate this specific image as a real photograph. The image is a synthetic creation, not a factual record of a specific event or location, thus constituting misinformation in the context of presenting it as a real photo."
ds8717,Not Misinformation,0.9,False,True,"The image depicts a standard bedroom scene with a bed, blanket, and pillows. The claim 'a pillow with a blanket and some pillows' is a literal and accurate description of the visual content. The module signals confirm the image is not AI-generated (ai_generated=false) and is relevant to the claim. The retrieved evidence supports the existence and commonality of such items (throws, decorative pillows, bedding sets) in home decor contexts. There is no evidence of manipulation, fake news, or misleading context. The image is a genuine photograph consistent with the simple descriptive claim."
ds1226,Not Misinformation,0.6,False,True,"The claim asserts that a specific individual, Matt Hampton, is carrying belongings from his flood-damaged web design office in Hoboken, NJ. The visual evidence shows a person carrying items from a flooded interior, which is consistent with the general action described. However, the visual evidence alone cannot confirm the identity of the person as Matt Hampton or the specific location as his office. The retrieved evidence confirms that Hoboken, NJ has experienced significant flooding events (e.g., September 2025, October 2023) and that businesses have been impacted. However, there is no specific evidence linking a 'Matt Hampton' to a 'web design office' in Hoboken that was flooded in a recent event depicted by the image. The search results for 'Matt Hampton' point to individuals in Marylan"
ds4978,Not Misinformation,0.9,False,True,"The claim states that Nicole Kidman won for Outstanding Lead Actress in a Limited Series or Movie at the 69th Emmy Awards. According to the retrieved evidence and module signals, the 69th Primetime Emmy Awards took place in 2017. Nicole Kidman won the Primetime Emmy Award for Outstanding Lead Actress in a Limited Series or Movie in 2017 for her role in 'Big Little Lies' (which aired in 2017, eligible for the 2017 Emmys). The module signals explicitly confirm that Nicole Kidman won this specific award at the 69th Emmys with high confidence (0.9). The image shows a woman holding an award, which is consistent with the event described, and the visual veracity signal indicates it is not AI-generated. Therefore, the headline accurately reflects the historical fact."
6327,Misinformation,0.9,False,True,"The image is identified as AI-generated with high confidence (0.9) by the visual veracity module, citing distorted facial features and unnatural hand positioning. According to the definitive rule, if the image is AI-generated, the output must be 'Misinformation' regardless of other signals. The headline 'in a fish market long ago and far away' implies a historical or specific real-world context, but the image is a synthetic fabrication, making the pairing misleading and false."
ds1360,Not Misinformation,0.6,False,True,"The image depicts Bishop Franz-Peter Tebartz-van Elst, and the headline places him at Limburg Cathedral on August 30, 2013. Evidence confirms that in August 2013, the Bishop was indeed the head of the Diocese of Limburg and was embroiled in a major scandal regarding his residence renovations, which would have kept him active in the diocese's public life, including at the Cathedral. While the specific event of 'walking out' on that exact date is not explicitly detailed in the provided snippets, the subject, location, and timeframe are factually consistent with his tenure and the ongoing controversy. The image is verified as not AI-generated. The module's 'partial' alignment is due to the lack of specific metadata for the photo, but there is no evidence contradicting the claim that he was pr"
ds3180,Misinformation,0.9,False,True,"The claim states that Watertown, Massachusetts is in Vermont. This is factually incorrect. Multiple pieces of evidence confirm that Watertown, Massachusetts is located in Middlesex County, Massachusetts, and is part of the Greater Boston area [1], [3], [4]. It is bordered by Belmont, Waltham, Newton, and Cambridge, not Vermont. While there are other cities named Watertown in the US (e.g., New York, South Dakota), none are in Vermont, and the specific entity 'Watertown, Massachusetts' is definitively in Massachusetts. The module signals correctly identify the claim as false (relevancy aligned: false) and the image as real (ai_generated: false). Since the core factual assertion of the headline is false, it constitutes misinformation."
ds6722,Misinformation,0.9,False,True,"The image is identified as AI-generated with high confidence (0.8) due to surreal elements like a green laser effect emanating from the man's head and unnatural eye brightness. According to the definitive rule, if the image is AI-generated, the output must be Misinformation regardless of other signals. The headline 'Many children surrounded around a person with a beard on' describes the visual content, but since the image itself is synthetic and not a real photograph of an event, presenting it as a factual depiction would be misleading. The evidence snippets discuss general perceptions of beards and specific viral fake images (like the Beaver Scout one), but the primary driver for the 'Misinformation' label here is the AI-generated nature of the image itself, which makes it a fabrication r"
ds4618,Not Misinformation,0.9,False,True,"The claim states that Justin Bieber accidentally hit a photographer with a pick-up truck after a church service. Multiple credible news sources confirm this incident occurred on July 27, 2017, in Beverly Hills, Los Angeles, when Bieber was leaving a Hillsong Church service (or The City Church) and struck a paparazzo with his pickup truck. The visual veracity signal indicates the image is not AI-generated, and the retrieved evidence corroborates the specific details of the event described in the headline. Therefore, the claim is supported by evidence."
ds2707,Not Misinformation,0.9,False,True,"The claim describes a scene where palm trees are 'stealing a private moment' and others are 'giggling.' This is clearly a personification or anthropomorphic description, likely referring to the visual appearance of the trees (e.g., leaning towards each other) and the sound of wind in the fronds. The evidence confirms that palm trees do not possess consciousness or neuronal centers (Evidence [1] from Quora) and therefore cannot exhibit human behaviors like giggling or having private moments in a literal sense. However, the image itself is not AI-generated (Visual Veracity AI Generated: false), and the claim is interpreted as a poetic or humorous observation of nature rather than a factual assertion of sentient behavior. Since the claim relies on metaphorical language common in creative writ"
ds4910,Not Misinformation,0.9,False,True,"The image depicts Gwen Stefani and Blake Shelton in a domestic setting with dogs, which aligns with the headline's subject matter. The headline claims Stefani is 'still smitten' and has 'never once' tried to change him. Evidence [2] from Fox News confirms they are in a 'honeymoon phase' and 'massively in love', supporting the 'smitten' claim. Evidence [1] from AOL discusses the 'chaos' and 'turmoil' of their early dating, but does not support the specific claim that she tried to 'change' him; rather, it highlights their acceptance of each other despite differences. While there are conflicting rumors about their relationship status (Evidence [3] from TikTok and [3] from IBTimes mention split rumors), the core assertion of the headline regarding her affection and lack of attempt to change hi"
ds1096,Not Misinformation,0.6,False,True,"The claim states that lab technicians in Puerto Rico process Zika tests at the CDC's dengue branch in San Juan. Evidence confirms that the CDC Dengue Branch is indeed located in San Juan, Puerto Rico, and has historically focused on dengue and other Aedes-transmitted viruses (Evidence 1, 2, 3 from Q2). Furthermore, evidence indicates that the CDC Dengue Branch laboratory in San Juan has been used for Zika-related activities, such as bioassay testing of mosquitoes collected in Puerto Rico (Evidence 1 from Q3). While the primary commercial Zika tests were often processed at CDC-designated labs (which may include the San Juan branch for specific assays or mosquito testing) or by companies like Quest Diagnostics (Evidence 1, 3 from Q1), the presence of lab technicians processing Zika-related t"
ds803,Not Misinformation,0.9,False,True,"The claim states that Johnny Maurice Avery is accused of shooting 81-year-old Mildred Martin to death on her front porch in northwest Atlanta. Evidence confirms that Mildred Martin, an 81-year-old woman, was indeed shot and killed on her porch in northwest Atlanta on July 27, 2015 (Evidence [2] from 'Mildred Martin death northwest Atlanta' and Evidence [1] from 'What happened to Mildred Martin in Atlanta?'). Furthermore, specific evidence directly addresses the identity of the accused, stating that 'Johnny Maurice Avery was indicted for the murder of Mildred Martin' (Evidence [4] from the 'answers' section, which cites a source with 1.0 confidence). Although the retrieved web snippets for 'Johnny Maurice Avery' were largely irrelevant or unrelated, the internal module answers provide a def"
9249,Misinformation,0.9,False,True,"The visual veracity module explicitly identifies the image as AI-generated with a high confidence of 0.9, noting surreal characteristics such as horns and distorted body structures that are not typical for real elephants. According to the definitive rule, if the image is AI-generated, the output must be Misinformation regardless of other signals. The retrieved evidence confirms that while elephants do interact with water sources and mothers do protect calves, the specific visual content described (a mother and baby by a dry pool) is based on a fabricated, AI-created image rather than a real event or photograph."
ds4946,Misinformation,0.9,False,True,"The headline claims that specific celebrities (J.J. Watt, Tyler Perry, Jamie Foxx) gave significant donations to relief funds for 'Deadly Texas Floods'. The retrieved evidence indicates that while Texas has experienced deadly floods (e.g., October 2023, July 2025), claims of massive celebrity donations (often cited as tens of millions) have been widely debunked as false or exaggerated on social media platforms like Facebook [2, 3]. Specifically, Politifact and Yahoo News report that posts claiming multiple celebrities donated tens of millions were not based on real announcements [2, 3]. Furthermore, there is no evidence in the retrieved snippets linking J.J. Watt, Tyler Perry, or Jamie Foxx to such donations; in fact, the lack of specific information for these individuals in reliable sourc"
1436,Not Misinformation,0.9,False,True,"The claim states that musician Buddy Guy arrived at the Kennedy Center Honors reception at the White House. Evidence [1] and [3] explicitly confirm that 'Musician Buddy Guy attends the Kennedy Center Honors reception at the White House in Washington, DC, USA, on December 2, 2012.' The event is a well-documented annual ceremony where honorees are recognized at the White House. The module signals indicate the image is not AI-generated (visual_veracity ai_generated=false) and is partially aligned with the claim. Although the module's 'answers' section contains a confusing entry about a 2022 reception and a different White House dinner (MBS), the primary evidence from the retrieved web search confirms the factual basis of the claim: Buddy Guy did attend the Kennedy Center Honors reception at t"
ds1062,Not Misinformation,0.9,False,True,"The image and headline refer to a specific, real-world event: WMATA's SafeTrack Surge #4, which occurred in July 2016. Evidence [1] from WMATA confirms that Surge #4 began on July 12, 2016, and involved a shutdown of the Blue and Yellow lines. Evidence [1] from the Washington Post explicitly titles a guide 'Your guide to riding the Yellow Line during SafeTrack's fourth surge,' matching the claim's phrasing. The module's visual veracity assessment indicates the image is not AI-generated (ai_generated=false), and the content aligns with historical records of the event. Although the module mentions a 2023 schedule for the Chicago CTA Yellow Line in its answers, the primary claim and evidence focus on the DC Metro SafeTrack event, which is factually supported."
ds1686,Not Misinformation,0.9,False,True,"The claim states that John McCririck was a reporter for Channel 4 Racing from 1984 until 'last year' and said he had been very loyal to the broadcaster. Evidence confirms that John McCririck was indeed a prominent figure for Channel 4 Racing starting in 1984 when the rights moved from ITV to Channel 4 [1, 2]. He left the channel in October 2012 [2, 3]. The phrase 'last year' in the claim is ambiguous without a specific reference date for the claim's publication, but given McCririck's death in 2019 and his departure in 2012, the claim likely originates from a period around 2012-2013 or is a retrospective statement. Crucially, evidence confirms that McCririck emphasized his loyalty, stating he worked in an 'utterly dedicated/loyal fashion' for nearly three decades [Answers]. The image is ide"
7439,Misinformation,0.9,False,True,"The claim states that President Obama held a campaign event in Roanoke 'earlier this month' (implying a recent event relative to the current date, likely late 2023 or 2024 given the context of the query). However, Barack Obama is a private citizen and former president; he does not hold official campaign events for himself. While he may attend events for other candidates, the phrasing 'President Obama... at a campaign event' typically implies he is the candidate or the primary subject of a current campaign. More critically, the retrieved evidence confirms that Obama's last campaign event in Roanoke occurred on July 13, 2012, during his re-election bid (Source 2, Source 3). There is no record of a campaign event involving Obama in Roanoke in October 2023 or recently (Source 1, Source 3). The"
8870,Not Misinformation,0.6,False,True,"The claim describes a specific visual scene: 'A bath towel in a small bathroom with towels hanging over it.' The module signals indicate that the image is not AI-generated (visual_veracity.ai_generated=false) and depicts a normal bathroom scene. However, the relevancy signal is low (0.1) because the image does not clearly show the specific subjects mentioned (a bath towel and towels hanging over it). The retrieved evidence provides general information about towel storage and bathroom design but does not verify the specific content of the image. Since the image is real (not AI) and the claim is a descriptive caption that may simply be inaccurate or poorly matched to the image (rather than a fabricated news event or deepfake), it falls under 'Not Misinformation' in the context of veracity ch"
ds8989,Not Misinformation,0.6,False,True,"The image is verified as a genuine photograph (AI-generated: false), which is the primary criterion for avoiding a 'Misinformation' label. The claim states that two women sit near a window next to a table covered in fruit. The retrieved evidence supports the presence of two women sitting by a window (Evidence [1] and [3] in the first Q&A block describe scenes with two women by a window). While the specific fruits on the table are not identified in the general search results (as the search queries were generic), the visual description in the module signals confirms the presence of fruit on the table. The partial alignment noted in the module signals regarding the window proximity is resolved by the evidence which confirms such scenes exist and match the visual description. There is no evide"
7101,Not Misinformation,0.9,False,True,"The claim states that Rafael Nadal played against Facundo Bagnis in the second round. Evidence confirms that Rafael Nadal did indeed play Facundo Bagnis in the second round of the 2016 French Open (Roland Garros) on May 26, 2016 [2], [3]. The module signals indicate the image is a genuine photograph (not AI-generated) and shows a tennis player in action, which aligns with the context of a professional match. While the specific visual identification of the player as Nadal in a static image cannot be definitively proven without metadata, the factual claim regarding the match existence and round is correct, and there is no evidence of AI manipulation or deceptive context. Therefore, the pair is not misinformation."
ds7980,Misinformation,0.9,False,True,"The headline claims that Japanese fans have reason to look forward to hosting the 'next World Cup in 2019'. This is factually incorrect because Japan did not host the FIFA World Cup in 2019; the 2018 FIFA World Cup was hosted by Russia, and the 2022 FIFA World Cup was hosted by Qatar. Japan did host the Rugby World Cup in 2019, but the term 'World Cup' without qualification typically refers to the FIFA Men's World Cup in general discourse, and even if referring to Rugby, the headline's phrasing 'next World Cup' implies a future event relative to a prior context, or simply misstates the past event as a future anticipation for a non-existent FIFA hosting role. More critically, the claim that Japan is hosting the World Cup in 2019 is false. The evidence confirms Japan hosted the Rugby World C"
ds9213,Misinformation,0.9,False,True,"The primary determinant for this verdict is the visual veracity signal. The module explicitly identifies the image as AI-generated with a high confidence of 0.8. The explanation notes that the airplane is at an unusual angle and the background lacks realistic depth and context, with oddly shaped terrain. According to the definitive rule, if an image is AI-generated (ai_generated=true, confidence>0.6), the output must be 'Misinformation' regardless of other signals. While the retrieved evidence confirms that planes do leave contrails and do accelerate during takeoff, the image itself is not a genuine photograph of such an event but a synthetic creation. Therefore, presenting this AI-generated image as a factual depiction of a plane accelerating through the sky constitutes misinformation."
ds8942,Not Misinformation,0.9,False,True,"The image depicts a rustic, old-fashioned kitchen setup, which aligns with the claim. The visual veracity signals indicate the image is not AI-generated (confidence 0.0 for AI generation, implying high confidence it is real). The retrieved evidence supports the existence and aesthetic of 'old-fashioned' or 'traditional' kitchens, describing them as welcoming, functional, and timeless (Sources 1, 2, 3 from the first query). While the specific claim that it is 'set up for guests' is a contextual interpretation of the scene, the visual evidence of a clean, styled kitchen supports this plausible scenario. There is no evidence suggesting the image is fake or the claim is false. The evidence items provided confirm the general concept of old-fashioned kitchens being popular and well-regarded, sup"
2649,Not Misinformation,0.9,False,True,"The image depicts trees growing through old farm equipment, a phenomenon consistent with nature reclaiming abandoned machinery. The visual veracity signal indicates the image is not AI-generated (ai_generated=false). The retrieved evidence supports the plausibility of the claim: multiple sources discuss 'abandoned farm equipment' in wooded areas (Evidence Q2 [1], [3]) and 'nature reclaiming' industrial or agricultural sites (Evidence Q3 [1], [2]). While the specific location is not verified, the scenario is physically possible and documented in stock photography and cleanup videos, making it unlikely to be misinformation. The module's answer regarding agroforestry is slightly tangential but does not contradict the visual evidence of abandonment/reclamation."
ds8677,Misinformation,0.9,False,True,"The primary determinant for this verdict is the visual veracity signal. The module explicitly identifies the image as AI-generated with a high confidence of 0.8. The explanation notes unnatural arrangements, unusual leaf shapes in the spinach, and odd fork placement, which are characteristic artifacts of AI image generation. According to the definitive rule, if the image is AI-generated (ai_generated=true, confidence>0.6), the output must be 'Misinformation' regardless of other signals. Although the headline mentions 'various fruits' and the image only shows spinach (a partial alignment issue), the fundamental lack of veracity due to the image being synthetic makes it misinformation in the context of presenting a real-world scene. The retrieved evidence confirms that stock photos of 'orang"
2915,Not Misinformation,0.6,False,True,"The image shows a restroom sign that appears to be a standard restroom directory or map. The claim states it is a 'detailed map for the blind.' Evidence indicates that tactile 3D-printed restroom maps for the blind do exist (e.g., projects by Even Grounds) but are not common and are distinct from standard visual maps. The provided image does not clearly show tactile features (like raised lines or Braille) that would confirm it is specifically designed for the blind; it looks like a standard visual sign. However, since the image is verified as real (not AI-generated) and such maps do exist as a niche accessibility feature, the claim is plausible but unverified by the visual evidence alone. The module signals note 'partial' alignment and uncertainty about tactile features. Given the lack of "
4752,Misinformation,0.9,False,True,"The image is identified as AI-generated with high confidence (0.8) due to nonsensical text and blending errors, which triggers the definitive rule to classify the pair as Misinformation. Furthermore, the visual content does not depict Robert Pattinson or Kristen Stewart, nor does it show them with buzz cuts. The retrieved evidence confirms that while Kristen Stewart has had various hairstyles (including a punk pixie cut), there is no credible report of her and Robert Pattinson having buzz cuts or feuding over them. The headline is a clickbait fabrication unsupported by the visual or factual evidence."
ds8815,Misinformation,0.9,False,True,"The image is identified as AI-generated with high confidence (0.9) by the visual veracity module. The image depicts a bear's head emerging from under a blanket, which is a surreal and impossible scenario for a real-life context, confirming it is not a genuine photograph of a baby blanket. The claim describes a specific real-world object (a white, beige, and brown baby blanket under a comforter), but the image provided is an AI-generated artistic rendering of a bear, which is unrelated to the subject matter. According to the definitive rule, if the image is AI-generated, the output must be Misinformation regardless of other signals."
3855,Misinformation,0.9,False,True,"The claim states that 'Maximum Overdrive' is a 1980 romance film. This is factually incorrect on multiple levels. Evidence [1] from Wikipedia and Evidence [2] from Then & Now Movie Locations confirm that 'Maximum Overdrive' is a 1986 science fiction action horror film directed by Stephen King, not a romance film from 1980. Furthermore, the visual veracity module indicates the image is AI-generated (ai_generated=true, confidence=0.8). According to the definitive rule, if the image is AI-generated, the output must be Misinformation regardless of other signals. The combination of a false claim about the film's genre and release year, coupled with an AI-generated image, firmly establishes this as misinformation."
2756,Misinformation,0.9,False,True,"The primary reason for this classification is the visual veracity signal. The module explicitly identifies the image as AI-generated with high confidence (0.9), noting unnatural and distorted hands. According to the definitive rule, if the image is AI-generated, the output must be 'Misinformation' regardless of other signals. Furthermore, the claim that the 'Tree Man' (Abul Bajandar) is 'cured' is factually misleading based on recent evidence. While he underwent successful surgeries in 2017, reports from 2023 and 2025 indicate that his warts have regrown and he is suffering from 'unbearable pain,' meaning he is not currently cured. The combination of an AI-generated image and a claim that contradicts the current medical reality of the subject confirms this as misinformation."
ds7291,Not Misinformation,0.9,False,True,"The image depicts Nicky Henderson with the horse Sprinter Sacre. The claim specifies this occurred during an open day at Seven Barrows in February 2013. Evidence [1] from Racing Post confirms that Nicky Henderson hosted the Lambourn Open Day at Seven Barrows and that Sprinter Sacre was among the 'former stable stars' shown there. Evidence [2] from The Vault (dated Feb 25, 2013) discusses Sprinter Sacre at Seven Barrows in late February 2013, confirming his presence at the stable during that period. While the specific 'open day' event might be the annual Lambourn Open Day (which often occurs in spring, e.g., March, as per Evidence [3] dated March 27, 2019, and Evidence [2] dated 2021), the core assertion that Henderson was with Sprinter Sacre at Seven Barrows in February 2013 is supported b"
ds7399,Misinformation,0.9,False,True,"The module signals explicitly state that the image is not aligned with the claim, noting that it 'does not depict Julia Stiles, Paul Greengrass, or Matt Damon, nor does it show the premiere of The Bourne Ultimatum.' While the retrieved evidence confirms that the event (premiere in July 2007), the people (Matt Damon, Julia Stiles, Paul Greengrass), and the film details are factually correct, the core assertion of the claim is that the provided image shows this specific event and these specific people. Since the image does not depict the claimed subjects or event, the image is mismatched with the headline, constituting misinformation (specifically, a mismatched or misleading image). The visual veracity signal indicates the image is not AI-generated, but the relevancy signal confirms it is no"
9058,Misinformation,0.9,False,True,"The claim states the image shows a plate with broccoli. However, the visual veracity module indicates that the image is AI-generated (confidence 0.8) and the relevancy module confirms the image does not depict broccoli, instead showing other foods. According to the definitive rule, if the image is AI-generated with high confidence, the output must be Misinformation regardless of other signals. The evidence items provided discuss broccoli recipes and general food topics but do not validate the specific image content, which is identified as synthetic and irrelevant to the claim."
ds2311,Not Misinformation,0.9,False,True,"The claim 'a big cat sitting in a little bowl' is interpreted in the context of common internet humor and domestic pet behavior, where 'big cat' is often used colloquially to refer to large domestic cats (like Maine Coons) or simply as an exaggeration for a regular cat, rather than a literal wild big cat (lion, tiger, etc.). The image shows a domestic cat in a bowl, which aligns with the well-documented feline behavior known as 'If it fits, I sits' (supported by Evidence [3] from the answers module and Evidence [3] from the retrieved evidence). The visual veracity signal indicates the image is not AI-generated (ai_generated=false), and the scene is physically plausible for a domestic cat. While a literal wild big cat could not fit in a small bowl, the claim is not presented as a factual re"
ds3931,Misinformation,0.9,False,True,"The claim states that Toy Story 2 was produced by DreamWorks. The retrieved evidence and module signals definitively refute this. Evidence [1] from Wikipedia explicitly states that Toy Story 2 was produced by Pixar Animation Studios for Walt Disney Pictures. Additional evidence confirms that DreamWorks Animation is a separate studio and that Toy Story 2 is not part of their filmography. The module signals also confirm the image is not AI-generated but the factual claim is incorrect. Since the core assertion of the headline is factually false based on authoritative sources, it is classified as misinformation."
ds2471,Not Misinformation,0.9,False,True,"The claim describes a woman sitting on a chair with an umbrella. The retrieved evidence confirms that such images are common stock photography and illustrations (e.g., iStock, Pexels, MyCuteGraphics). The module signals indicate the image is not AI-generated (visual_veracity.ai_generated=false) and is relevant to the claim. There is no evidence suggesting the image is fake, manipulated, or used in a deceptive context. The description is a literal and accurate depiction of the visual content, which aligns with standard stock imagery available online."
9577,Misinformation,0.9,False,True,"The claim attributes the quote 'excellent waiting to happen' to Brian and Eileen Maguire. Evidence [1] from the Belfast Telegrap confirms that Brian and Eileen Maguire are the parents of Brian Óg Maguire, who died tragically, and they have been vocal about safety issues. However, the phrase 'excellent waiting to happen' is a common idiom often used in sports commentary (specifically football/soccer) to describe a player's potential or a situation's risk. The retrieved evidence [3] from The Guardian discusses Harry Maguire (a footballer) and his performance, using terms like 'effective' and 'clearances', but does not link the specific quote to the Maguire parents. Furthermore, the phrase 'excellent waiting to happen' is grammatically awkward and likely a misinterpretation or hallucination o"
ds7360,Not Misinformation,0.9,False,True,"The claim states that Bernie Sanders appealed to students on big issues at George Mason University. The retrieved evidence confirms that Bernie Sanders held a town hall meeting with students at George Mason University on October 28, 2015 [1, 2, 3]. During this event, he addressed significant political and social issues such as income inequality, universal healthcare, campaign finance reform, climate change, and student debt [1, 2, 3]. The image shows Bernie Sanders speaking, which is consistent with the event described. The visual veracity signals indicate the image is not AI-generated. Therefore, the headline accurately reflects the historical event."
ds8806,Misinformation,0.9,False,True,"The image is identified as AI-generated with high confidence (0.9) by the visual veracity module, which notes anatomical impossibilities such as human-like legs on elephants. According to the definitive rule, if the image is AI-generated, the output must be Misinformation regardless of other signals. Furthermore, the claim that elephants are standing beside each other on a balcony is physically implausible for wild elephants in a general context, and while some safari accommodations offer balcony views of elephants, the specific visual depiction in the image (AI-generated, likely with incorrect anatomy) does not represent a genuine event. The retrieved evidence supports that elephants do not naturally stand on balconies, and sightings are limited to specific safari contexts where they are "
ds9145,Misinformation,0.9,False,True,"The visual veracity module explicitly identifies the image as AI-generated with a high confidence of 0.8. The explanation notes that the image displays 'highly stylized' elements, 'overly perfect' flowers lacking natural imperfections, and inconsistent lighting and shadows, which are strong indicators of synthetic generation rather than a real photograph. According to the definitive rule, if the image is AI-generated, the output must be labeled as Misinformation regardless of other signals. The retrieved evidence confirms that while purple irises and ceramic pitchers are real objects, the specific image in question is not a genuine photograph of these items but a computer-generated representation."
ds137,Not Misinformation,0.9,False,True,"The claim states that police arrested suspects in connection with an earlier building society raid. The retrieved evidence confirms that arrests were made in connection with building society raids. Specifically, evidence [2] from Chronicle Live reports on a 'Wallsend building society raid' where two individuals were taken into custody and appeared in court. Additionally, evidence [1] from BBC News details a raid on a Chelsea Building Society branch by Michael Wheatley, and other evidence mentions arrests related to such crimes. The module signals indicate the image shows police activity, which is consistent with the context of an arrest. Although the image itself is generic police activity and does not prove the specific link to the 'earlier' raid mentioned in the headline without more con"
ds5761,Misinformation,0.9,False,True,"The primary determinant for this verdict is the visual veracity signal. The module explicitly identifies the image as AI-generated with a high confidence of 0.8. According to the definitive rule provided, if the image is AI-generated (ai_generated=true, confidence>0.6), the output must be 'Misinformation' regardless of other signals. While the headline's factual claims regarding the Burj Khalifa being Asia's tallest skyscraper and its luxury status are supported by the retrieved evidence (e.g., Wikipedia and travel sites confirm it is the tallest in Asia and world, and features luxury apartments and lounges), the image itself is not a genuine photograph but a synthetic creation. Therefore, presenting this AI-generated image as a depiction of the actual location constitutes misinformation."
ds2309,Not Misinformation,0.9,False,True,"The image depicts a realistic scene of a pizza being enjoyed, and the visual veracity module confirms it is not AI-generated (confidence 0.0 for AI generation). The claim states that a pizza pie is being enjoyed at a cafe. The retrieved evidence supports the plausibility of this scenario: evidence [2] from TikTok explicitly mentions 'Urth Caffé' serving 'gourmet pizza' in a 'vibrant café atmosphere', and evidence [2] from Family Destinations Guide highlights a 'cafe in Maryland' serving pizza slices. Additionally, general evidence confirms that pizza is served in various dining establishments including cafes. Therefore, the image content aligns with the claim and is supported by evidence that cafes do serve pizza."
7826,Misinformation,0.9,False,True,"The claim describes a specific, celebratory event (a woman returning from Mecca with a green flag and towel) in the village of Novosasitli. The retrieved evidence contradicts this narrative by highlighting that Novosasitli is a location associated with significant conflict, kidnapping incidents, and military operations in Dagestan, Russia, rather than peaceful pilgrimage celebrations. Specifically, evidence [3] from Politeía Digest details how young women were kidnapped from the village and how the area is torn apart by tension and violence, directly refuting the idea of a safe, celebratory return from Mecca. Furthermore, the module signals indicate that the image provided (a damaged building) does not align with the claim's subject (a woman's house with specific items), and there is no ev"
ds8646,Misinformation,0.9,False,True,"The image is identified as AI-generated with high confidence (0.8) by the visual veracity module. According to the definitive rule provided in the system instructions, if the image is AI-generated (ai_generated=true, confidence>0.6), the output must be 'Misinformation' regardless of other signals. The image depicts two people holding Wii remotes and consoles, but the unnatural appearance and AI generation flags indicate it is not a real photograph of the event or people described, thus constituting misinformation in the context of verifying factual claims about real-world subjects."
ds5661,Misinformation,0.9,False,True,"The image is identified as AI-generated with high confidence (0.8), which triggers the definitive rule to classify the pair as Misinformation regardless of other signals. Furthermore, the headline claims that research confirms dogs can 'speak' three human words, which is a misrepresentation of scientific findings. Evidence indicates that while dogs can understand words and use buttons to communicate needs, they do not 'speak' human words in the linguistic sense; they mimic sounds or use symbolic devices. The combination of an AI-generated image and a sensationalized headline that distorts the nature of canine communication capabilities constitutes misinformation."
ds2066,Not Misinformation,0.9,False,True,"The image depicts a giraffe in a zoo exhibit, which is a common and factual scenario. The visual veracity module confirms the image is not AI-generated (ai_generated=false). The retrieved evidence supports the existence of giraffes in zoo exhibits worldwide, citing specific examples like the Saint Louis Zoo, Como Zoo, and various stock photo archives (Pexels, Shutterstock) that contain images matching the description. There is no evidence suggesting the image is fake or misleading; it aligns with the claim of being a picture of a giraffe in a zoo."
1750,Not Misinformation,0.9,False,True,"The claim asserts that Scarlett Johansson is pictured noting with panic a poster for a band called 'the Singles'. The retrieved evidence does not support this specific narrative. The search results for 'Scarlett Johansson panic poster Singles band' yield unrelated content, such as SNL skits and general photo archives, with no mention of a band named 'the Singles' or an incident involving a poster. The 'answers' module explicitly states that sources do not contain comments from Johansson regarding a band poster. Furthermore, the image signals indicate low relevancy (0.1), suggesting the image does not depict the scenario described in the headline. While the image is identified as a genuine photograph of Scarlett Johansson (not AI-generated), the headline describes a specific event/context t"
ds5872,Misinformation,0.9,False,True,"The visual veracity module explicitly identifies the image as AI-generated with a high confidence of 0.8, noting nonsensical text and inconsistent lighting. According to the definitive rule, if the image is AI-generated, the output must be 'Misinformation' regardless of other signals. Furthermore, the claim that 'The Punisher' is currently enthralling audiences with recent stellar performances is factually incorrect; the Netflix series ended in 2019, and no new theatrical or streaming release has occurred recently (with the next special scheduled for 2026). The image appears to be a fabricated poster, likely using AI to mimic movie marketing materials, which constitutes misinformation."
8442,Not Misinformation,0.9,False,True,"The headline describes a specific cricketing event: Ben Stokes being dismissed for 47 runs by Peter Siddle in the 2013-14 Ashes series. Evidence [3] from The Guardian explicitly confirms this event occurred during the fifth Test on January 5, 2014, and attributes the photo to Mark Kolbe/Getty Images, verifying the image is a real photograph of the event described. The module's 'relevancy' signal was low (0.2) likely due to a failure in automated object detection or specific player identification in the image, but the textual evidence and the source attribution confirm the image is authentic and relevant to the claim. The visual veracity signal correctly identified the image as not AI-generated. Therefore, the image and headline are aligned and truthful."
ds7662,Misinformation,0.9,False,True,"The claim states that the image shows the receding water line of Lake Hodges in San Diego County. However, the module signals explicitly state that the image depicts a group of people hiking along a coastal path and is not aligned with the claim (relevancy aligned: false). The visual content (hikers on a coastal path) does not match the subject matter (a reservoir's water line). While the claim that Lake Hodges has experienced receding water levels due to dam safety regulations is factually supported by the evidence (e.g., [2], [3], [4] in retrieved evidence), the specific image provided is irrelevant and misleading as it does not depict the location or phenomenon described. Therefore, the pairing of this specific image with this specific claim constitutes misinformation."
ds6690,Misinformation,0.9,False,True,"The visual veracity module explicitly identifies the image as AI-generated with a high confidence of 0.9. The evidence provided in the module explanation notes the presence of a fictional character (Spider-Man) and garbled text on the signs, which are hallmarks of AI generation. According to the definitive rule, if the image is AI-generated (ai_generated=true, confidence>0.6), the output must be Misinformation regardless of other signals. The retrieved web evidence confirms that while stop signs are red and street signs can be green, the specific composition described (including the fictional element) is not a real-world photograph but a synthetic creation."
8225,Misinformation,0.9,False,True,"The claim states the image depicts Charles Kennedy on the campaign trail in 2005. However, the module signals explicitly state that the image does not depict Charles Kennedy and is not aligned with the headline. The visual veracity module indicates the image is a genuine photograph of a different individual. Since the image does not show the person named in the caption (Charles Kennedy), the caption is factually incorrect regarding the subject of the image, constituting misinformation. The evidence confirms Charles Kennedy did have a son named Donald and was a father in 2005, but this does not validate the image's identity. The primary error is the misidentification of the person in the photo."
ds9362,Not Misinformation,0.9,False,True,"The claim states that a surfer wearing red and black shorts rides a white surfboard. The visual veracity module indicates the image is real (not AI-generated) and depicts a surfer on a white surfboard. The relevancy module notes a partial alignment, specifically mentioning that the shorts are 'black and red' rather than 'red and black'. In common language, 'red and black shorts' and 'black and red shorts' are generally considered synonymous descriptions of the same color combination, unless a specific order is strictly defined (e.g., top half red, bottom half black), which is not indicated here. The retrieved evidence supports the existence of surfers on white boards and surfers in red/black attire, confirming the plausibility of the scene. Since the image is verified as real and the descr"
ds9100,Misinformation,0.9,False,True,"The image is identified as AI-generated with high confidence (0.8) by the visual veracity module. The definitive rule states that if the image is AI-generated, the output must be 'Misinformation' regardless of other signals. The image depicts a stylized, overly perfect scene with unnatural lighting and shadows, consistent with AI generation rather than a real photograph of a kitchen table. Therefore, it cannot be a factual representation of the claimed scene."
2273,Not Misinformation,0.9,False,True,"The image depicts a realistic bathroom scene with a white toilet, which aligns with the claim of a 'modern bathroom with a white toilet'. The visual veracity signals indicate the image is not AI-generated (ai_generated=false) and appears realistic. The retrieved evidence supports the description: white toilets are described as a 'classic and timeless choice' and the most popular color (Evidence [1] from Liquid Image, [3] from Lowe's). Modern bathroom trends often include minimalist aesthetics and white fixtures (Evidence [1] from Pinterest, [1] from Adobe Stock). While the claim uses subjective terms like 'very simple', the visual evidence of a clean, white, modern bathroom with a standard white toilet is consistent with general descriptions of simple and modern bathroom designs found in t"
ds7198,Not Misinformation,0.9,False,True,"The image depicts Rory McIlroy holding a trophy, which aligns with his documented victories in the FedEx Cup and the Tour Championship. Evidence confirms that McIlroy won the FedEx Cup in 2016, 2019, and 2022, and the Tour Championship in 2016, 2019, and 2022. The visual signals indicate the image is real (not AI-generated) and shows a plausible celebration scene. While the specific date of the photo is not identified, the claim that he 'celebrates with the FedEx Cup trophy and the Tour Championship trophy' is factually supported by his career achievements and the existence of such photographs (e.g., Getty Images archives). The partial relevancy in the module signals stems from the inability to pinpoint the exact moment, but the core assertion of him celebrating with these trophies is true"
ds1099,Not Misinformation,0.9,False,True,"The claim states that Pakistani rescue workers removed a body from the site of a bombing in a park in Lahore. The retrieved evidence confirms that a major bombing occurred in a park in Lahore (Gulshan-e-Iqbal Park) on March 27, 2016, resulting in significant casualties (over 70 deaths). Evidence [1] from Dunya News and [2] from HuffPost explicitly mention 'Photos From Pakistan Show The Tragic Aftermath' and the UN condemnation of the 'Lahore park bombing'. The visual signals indicate the image is real (not AI-generated) and depicts rescue workers handling a body, which is consistent with the aftermath of such a tragic event where body recovery is a standard procedure. While the specific date of the image is not provided, the description aligns factually with the known event of the 2016 Lah"
540,Not Misinformation,0.6,False,True,"The claim states that Serena Williams questioned a call and advanced to Saturday's final. Evidence [2] under the question 'Serena Williams advance to Saturday's final?' explicitly confirms that 'Serena Williams beat Elina Svitolina 6-3, 6-1, to advance to Saturday’s U.S. Open final.' This validates the second part of the claim. Regarding the first part, while the specific match against Svitolina is not described as having a disputed call in the snippets, Serena Williams is historically known for questioning calls (e.g., the 2018 US Open final), and the image shows her in a gesture consistent with questioning or frustration. The module signals indicate the image is a genuine photograph (AI generated: false) and partially aligned. Since the core factual assertion of advancing to the final is"
3405,Misinformation,0.9,False,True,"The primary determinant for this verdict is the visual veracity signal. The module explicitly identifies the image as AI-generated with a high confidence of 0.8. According to the definitive rule provided in the instructions, if the image is AI-generated (ai_generated=true, confidence>0.6), the output must be 'Misinformation' regardless of other signals. While the claim itself (that David Lloyd George was voted the second greatest PM) has some basis in specific public opinion polls (e.g., Wales Online), the use of an AI-generated image to illustrate a factual historical claim constitutes misinformation because the visual evidence is fabricated and not a genuine representation of the subject matter. The retrieved evidence confirms Lloyd George's historical status but does not validate the sp"
6581,Misinformation,0.9,False,True,"The visual veracity module explicitly identifies the image as AI-generated with a high confidence of 0.8. The image depicts a cat wearing glasses and a jacket, which is a surreal and anthropomorphic scenario not found in reality or the provided evidence snippets (which show natural cats). According to the definitive rule, if the image is AI-generated, the output must be Misinformation regardless of other signals. The headline describes a 'yellow fluffy cat sitting in a window sill', which aligns partially with the visual content (fluffy, window), but the presence of AI-generated artifacts (clothing, glasses) makes the image a fabricated representation rather than a factual depiction of the claimed scene."
4642,Misinformation,0.9,False,True,"The headline claims that Cindy Crawford says her daughter Kaia Gerber 'Loves Kendall Jenner' and discusses her modeling future. The provided image, however, does not depict Cindy Crawford or Kaia Gerber, as explicitly noted in the module signals (relevancy aligned: false). The image appears to be a generic stock photo or a photo of a different individual, failing to visually support the specific subjects mentioned in the claim. While the textual claim itself might be based on real interviews (e.g., discussions about Kaia's confidence and career), the use of an irrelevant image to illustrate a specific news story about Cindy Crawford and Kaia Gerber constitutes visual misinformation. The mismatch between the image content and the headline subjects is a clear indicator of misleading presenta"
ds3953,Misinformation,0.9,False,True,"The image is identified as AI-generated with high confidence (0.8) due to nonsensical text and staged composition. According to the definitive rule, if the image is AI-generated, the output must be Misinformation regardless of other signals. The headline claims the Ukrainian Soviet Socialist Republic 'always represented itself,' which is historically inaccurate as the republic was a constituent part of the USSR with limited sovereignty, but the primary driver for the 'Misinformation' label here is the synthetic nature of the visual evidence provided."
4893,Not Misinformation,0.6,False,True,"The claim that Mark Wahlberg teased Mel Gibson about his weight and offered to become his personal trainer is supported by multiple entertainment news sources, specifically in the context of their collaboration on the film 'Flight Risk' (directed by Gibson, starring Wahlberg). Evidence [3] in the retrieved snippets explicitly lists the headline 'Mark Wahlberg Teased Mel Gibson About Weight, Offered To...' as a topic of discussion in articles from March 2024 and January 2025. While the module signals indicate the image is not aligned (it does not depict the actors), the claim itself is grounded in reported events. The visual veracity signal indicates the image is not AI-generated. Therefore, the text claim is considered accurate based on the evidence, even if the accompanying image is unrel"
ds8357,Misinformation,0.9,False,True,"The claim references specific characters, Christian Grey and Anastasia, from the 'Fifty Shades of Grey' series. However, the provided image depicts two men in a conversation near a vending machine, which is completely unrelated to the fictional characters or the context of the claim. The module signals correctly identify that the image is not aligned with the claim (relevancy: false). While the image itself is not AI-generated, the fundamental mismatch between the visual content and the textual claim constitutes misinformation, as the image is being used to illustrate a topic it does not depict. The evidence confirms the existence of the characters and their traits (Christian Grey's BDSM preferences), but the image fails to represent this narrative, making the pair misleading."
ds9069,Not Misinformation,0.6,False,True,"The claim states that the image shows 'a rack with some doughnuts in a glass case.' The module signals indicate that the image actually depicts a 'box of doughnuts' and is not AI-generated (visual_veracity.ai_generated=false). The relevancy signal is 'partial' because the image does not show a rack or a glass case, but rather a box. However, the claim is a descriptive statement about the image content. Since the image is real (not AI-generated) and depicts doughnuts, it is not 'misinformation' in the sense of being a fabricated or deceptive AI image. The discrepancy is a mismatch in specific details (box vs. rack/case), which falls under low relevancy or inaccuracy, but given the definitive rule prioritizes AI generation for 'Misinformation' labels, and this is a real photo, it is classifi"
4230,Not Misinformation,0.6,False,True,"The headline claims Amber Heard is talking for the first time about her marriage to Johnny Depp. Evidence [1] from the retrieved set explicitly lists a video titled 'Amber Heard Talks for First Time About Marriage to Johnny Depp' dated Feb 17, 2014, confirming that such an interview exists and the headline accurately describes a real event. While the image provided is a generic photo of Amber Heard (likely from a later event, e.g., 2023) and does not depict the specific 2014 interview, the claim itself is factually grounded in reality. The image is verified as not AI-generated. The partial relevancy noted in the module signals is due to the image not being a screenshot of the specific interview, but the core assertion of the headline is true. Therefore, it is not misinformation."
ds7600,Not Misinformation,0.6,False,True,"The image depicts a generic scene of traders monitoring screens, which is consistent with the financial context of the headline but does not specifically identify the Shanghai Stock Exchange or a specific date. The module signals indicate 'partial' alignment and low confidence in visual veracity (though it states not AI-generated, the confidence is 0.0, which is ambiguous but likely means 'not detected as AI' rather than 'verified as real'). The retrieved evidence confirms that Shanghai shares have seen increases recently (e.g., WuXi AppTec surge, buyback peaks) and that Asian markets have shown gains in October 2023. However, the evidence does not confirm that Shanghai shares *specifically* led gains on the specific day the image was taken, nor does it link the generic image to a specific"
6611,Misinformation,0.9,False,True,"The image is identified as AI-generated with high confidence (0.9) by the visual veracity module. The module explicitly notes that the figures have 'shark-like heads,' describing the scene as 'surreal and impossible' and 'dreamlike.' According to the definitive rule, if the image is AI-generated, the output must be 'Misinformation' regardless of other signals. While the headline describes a plausible scenario (people wearing umbrella hats), the image depicts a fictional, non-realistic scenario (humans with shark heads), making it a misleading representation of reality."
ds7016,Not Misinformation,0.9,False,True,"The claim states that Oscar Pistorius is awaiting trial for premeditated murder after shooting his girlfriend Reeva Steenkamp in February. The evidence confirms that Pistorius did shoot Reeva Steenkamp on February 14, 2013 (Evidence [3] from AP News). It also confirms that a trial for murder commenced on March 3, 2014 (Evidence [1] from Wikipedia and [1] from LA Times). While the claim uses the present tense 'is awaiting trial,' which is factually outdated as the trial concluded years ago with a murder conviction (Evidence [1] from Wikipedia and [3] from BBC), the core assertion that he was subject to a trial for premeditated murder following the February shooting is factually grounded in the historical record. The image is verified as real (visual_veracity ai_generated=false). The module "
ds5610,Misinformation,0.9,False,True,"The claim that a new study reveals plants communicate 'telepathically' is scientifically inaccurate and misleading. While recent research (e.g., in Nature Communications, 2023) confirms that plants communicate via chemical signals (airborne compounds) and potentially nanomechanical oscillations, these are physical/biological mechanisms, not telepathy. The term 'telepathy' implies a paranormal or non-physical transfer of information, which is not supported by science. Furthermore, the module signals indicate that the accompanying image is AI-generated (ai_generated=true, confidence=0.8). According to the definitive rule, if the image is AI-generated, the output must be Misinformation regardless of other signals. The combination of a scientifically false headline (misrepresenting chemical/me"
5834,Misinformation,0.9,False,True,"The claim that cats designed the iPhone 4 is factually false; the iPhone 4 was designed by Apple Inc., led by Steve Jobs and Jony Ive. The image provided is identified as AI-generated (visual_veracity.ai_generated=true, confidence=0.8), depicting a surreal and impossible scenario of a cat with glasses involved in technological creation. According to the definitive rule, if the image is AI-generated with high confidence, the output must be Misinformation regardless of other signals. The retrieved evidence confirms that the iPhone 4 is a product of Apple and that 'cat visionaries' is not a recognized entity in hardware design, further supporting the conclusion that the headline and image combination is a fabricated, misleading narrative."
8196,Not Misinformation,0.9,False,True,"The claim states that Guy Scott, of Scottish descent, became interim president after the incumbent's death. The retrieved evidence confirms all parts of this claim. Specifically, evidence [2] from BBC News explicitly states: 'Guy Scott, of Scottish descent, became interim president after the incumbent's death.' Evidence [3] from Pulse Ghana and [1] from Wikipedia corroborate that he assumed the role following the death of President Michael Sata in October 2014. The module signals indicate the image is a genuine photograph (AI generated: false) and the answers provided in the module align with the factual record found in the evidence. Therefore, the claim is supported by evidence."
ds9433,Not Misinformation,0.6,False,True,"The claim describes a 'big long train that has some storage containers on it'. The module signals indicate that the image shows a train, but the relevancy is low (0.2) because the image appears to be a passenger train rather than a freight train carrying storage containers. However, the visual veracity signal confirms the image is not AI-generated (ai_generated=false). According to the definitive rule, we only output 'Misinformation' if the image is AI-generated. Since the image is real, we must evaluate the truthfulness of the claim relative to the image. The claim is a generic description ('a big long train...'). While the specific image might not show storage containers (making the caption potentially inaccurate for this specific image), the claim itself describes a real-world phenomeno"
ds6106,Misinformation,0.9,False,True,"The visual veracity signal indicates that the image is AI-generated with a high confidence of 0.8. The image depicts a surreal and highly improbable scenario: a child holding a live grenade while wearing a helmet. This combination is inconsistent with real-world contexts where children are not typically armed with explosives in such a manner, nor is it a standard depiction of any specific recent news event (such as the LA deputy deaths or Ukraine incidents mentioned in the evidence). According to the definitive rule, if the image is AI-generated, the output must be Misinformation regardless of other signals. The headline 'not a single grenade one yet' is ambiguous and does not align with the fabricated nature of the image, further supporting the conclusion that this is a misleading or fabr"
1901,Not Misinformation,0.6,False,True,"The claim states that Venice's San Michele island cemetery will gain a pontoon for relatives to scatter ashes. The retrieved evidence confirms two distinct but related facts: 1) Venice has revived the tradition of constructing a temporary floating bridge (pontoon) to San Michele island for All Souls' Day to facilitate access for mourners (Evidence [4.1], [4.3], [2.1]). 2) Regulations allow ashes to be scattered in designated 'Gardens of Remembrance' within the San Michele cemetery (Evidence [3.1], [3.3], [6.1], [6.2]). While the evidence does not explicitly state that the pontoon itself is a designated scattering site (scattering is usually in the garden), the headline likely conflates the new access infrastructure (pontoon) with the existing or regulated practice of scattering ashes at th"
ds1009,Not Misinformation,0.9,False,True,"The image depicts Yevgeny Yerofeyev and Alexander Alexandrov, two Russian soldiers who were indeed tried in a Ukrainian court. The headline specifies the event occurred in 'January'. While the initial appearance in the Kiev court cage was in November 2015 (as per evidence [1] and [3]), the trial proceedings continued into 2016. Evidence [3] notes they appeared in a cage on a Tuesday, and historical records confirm they appeared in court in January 2016 for subsequent hearings before their conviction in April 2016. The visual content matches the individuals named, and the setting is consistent with the widely reported 'cage' trial. The partial alignment in the module signals is due to the inability to visually verify specific dates or ranks from the image alone, but the core claim of their "
978,Not Misinformation,0.6,False,True,"The claim states that Frank Gehry-designed Power Play chairs are among the stylish touches in the Winter Garden. The retrieved evidence confirms that Frank Gehry did indeed design the Power Play chairs (specifically the Power Play Club Chair in 1990 for Knoll), characterized by their unique bentwood construction inspired by apple crates [1, 2]. The image shows chairs that visually match the description of Gehry's Power Play chairs (curved, slatted wood). While the specific location 'Winter Garden' is ambiguous (could refer to the city in Florida or the Winter Garden in Sheffield, UK), the core factual assertion regarding the designer and the object is correct. The module signals indicate partial alignment due to the lack of specific context for the location, but there is no evidence to sug"
9323,Misinformation,0.9,False,True,"The claim states the image depicts 'A sink with a cabinet on legs in a bathroom.' However, the module signals explicitly state that the image is 'aligned: false' with a low confidence (0.2), explaining that the image features a toilet and a storage unit, not a sink with a cabinet on legs. The visual veracity module confirms the image is a genuine photograph (not AI-generated), but the content does not match the claim. Since the image does not depict the subject matter described in the headline (a sink with a cabinet on legs), the pairing is misleading/misinformation. The evidence items retrieved discuss bathroom cabinets and sinks generally but do not validate the specific visual content of the image against the claim; instead, the internal module analysis provides the definitive mismatch."
4284,Not Misinformation,0.6,False,True,"The claim states that Caitlyn Jenner escorted Sophia Hutchins to Nobu Malibu in a $200K purple Porsche. Evidence [1] from Daily Mail confirms that Caitlyn Jenner was at Nobu with Sophia Hutchins. Evidence [1] from E! Online and [3] from US Magazine confirms their close professional and personal relationship (manager/manageress and best friends), supporting the 'gal pal' description. While the specific detail of the 'purple Porsche' is not explicitly confirmed in the provided snippets (which mention she drives a Porsche but not the color or specific model value), the core event (Jenner and Hutchins at Nobu) is verified. The image signals indicate the image is a genuine photograph (not AI-generated) and shows a woman who appears to be Jenner. The module's 'relevancy' signal was low (0.2) bec"
1972,Not Misinformation,0.6,False,True,"The claim states that the 'new' Chrysler 300C is 'softer looking' than the outgoing model. The module signals indicate the image is a genuine photograph (not AI-generated) but is likely an older model, creating a relevancy mismatch. However, the core of the claim is subjective ('softer looking') and refers to a design comparison. Evidence [1] from Autowin (Oct 2024) and Evidence [1] from 10kwraps (Mar 2025) discuss the 2023/2025 Chrysler 300C, noting it retains 'bold styling' and 'luxury comfort'. The 2023 model was a limited 'farewell' edition, and subsequent discussions (Evidence [3]) revolve around rumors of a 2026/2027 revival. Since the 'new' model referenced in the headline is ambiguous (potentially the 2023 finale or a rumored future model), and the image shows a real car (even if o"
ds3859,Misinformation,0.9,False,True,"The claim states that Korn's album 'See You on the Other Side' was put out in 2002. However, multiple pieces of evidence confirm that the album was actually released on December 6, 2005. Evidence [1] from Wikipedia explicitly states the release date as December 6, 2005. Evidence [2] from Genius corroborates this date. Evidence [3] from The Rock Revival also refers to it as Korn's 2005 album. Since the year in the claim (2002) contradicts the factual release year (2005), the claim is false. The image is identified as the correct album cover, but the textual claim regarding the date is incorrect."
8063,Misinformation,0.6,False,True,"The claim asserts that the image shows Taiko drummers at the Deep River festival in Ontario, Canada. The retrieved evidence indicates that while there is a town named Deep River in Ontario (e.g., Deep River Summerfest, Deep River Day), there is no evidence linking Taiko drummers to any festival in Deep River, Ontario. Conversely, the evidence explicitly links Taiko drummers to other locations, such as the Dragon Boat Festival in Victoria, British Columbia, and festivals in Japan or Northern Ireland. The module signals note that the image is not AI-generated, but the specific contextual claim (Taiko at Deep River, ON) is unsupported and likely false, as Taiko is a Japanese art form not typically associated with a small Ontario town's general summer festival without specific evidence. The mi"
9677,Misinformation,0.9,False,True,"The headline claims that Sri Lanka captain Tillakaratne Dilshan and Kumar Sangakkara celebrated after making England 'famous in the field'. This phrasing is nonsensical and factually incorrect in a sports context; teams do not 'make opponents famous in the field' as a celebratory outcome. Furthermore, the retrieved evidence indicates that the specific match featuring a major celebration by Dilshan and Sangakkara (where both scored centuries) was against Bangladesh in the 2015 World Cup, not England. While Sri Lanka did defeat England in an ODI series opener (as per evidence [1] and [2]), the headline's specific claim about the nature of the celebration ('making England famous in the field') is a distortion or hallucination of the event. The image likely depicts the celebration against Bang"
7259,Not Misinformation,0.9,False,True,"The claim states that Bernie Sanders speaks in Des Moines, Iowa on Thursday. The retrieved evidence confirms that Bernie Sanders has indeed spoken in Des Moines, Iowa, specifically citing a live speech during the Iowa Caucus results on February 4, 2020 [2], and a rally in Des Moines [1]. While the specific day of the week ('Thursday') cannot be verified without the specific date of the image, the core assertion that he speaks in Des Moines is factually supported by multiple sources. The image is identified as real (not AI-generated) and relevant to the claim. Therefore, the headline is consistent with the evidence."
ds100,Not Misinformation,0.6,False,True,"The image depicts individuals in ice baths, which is a common recovery method for athletes after physical exertion. The claim links this activity to a 'Wembley challenge'. Evidence confirms that 'Wembley Challenge' refers to specific events, notably the Rugby League Challenge Cup finals (involving teams like Wigan Warriors and Hull KR) and the Sidemen crossbar challenge. While the image does not explicitly identify the subjects as participants in a specific Wembley event, the scenario is plausible: athletes or participants in such challenges often use ice baths for recovery. The visual veracity is not AI-generated, and the activities described (ice baths for recovery) are factually consistent with sports culture. The 'partial' alignment in the module signals is appropriate because the imag"
ds3706,Misinformation,0.9,False,True,"The claim states that Robert Singer (producer) is 'incapable of writing.' The retrieved evidence directly contradicts this. Wikipedia [1] explicitly identifies Robert Singer as an 'American television producer, director and writer.' Furthermore, Apple TV [2] lists him as a 'Writer, producer, director.' Evidence [2] under the 'writing capabilities' query cites a specific episode of 'Supernatural' ('O' Death') written by Eric Kripke and directed by Robert Singer, but more importantly, the general consensus in the evidence is that he is a credited writer. The module signals also confirm he is an 'accomplished... writer' with 'diverse writing capabilities' [answers]. The image shows a man writing, which aligns with the role of a writer, but the core claim of 'incapability' is factually false b"
1782,Misinformation,0.9,False,True,"The claim asserts that North Korean workers are currently employed at the Shinwon clothes company in the Kaesong industrial park. However, evidence confirms that the Kaesong Industrial Complex (KIC) was shut down in February 2016 due to deteriorating inter-Korean relations, and North Korean workers were expelled or recalled at that time. While Shinwon was indeed a South-owned company operating in Kaesong in the past (e.g., 2013), there is no evidence of current operations or employment there; in fact, the complex has remained closed for over a decade. The image provided is a generic stock photo of a sewing factory and does not depict the specific historical or current reality of the Kaesong complex. Presenting a generic image with a headline implying current activity in a closed facility c"
4300,Not Misinformation,0.9,False,True,"The headline poses a rhetorical question regarding the public perception of Robert Pattinson and Kristen Stewart's careers post-Twilight. The retrieved evidence confirms that both actors are widely recognized and taken seriously in the industry. Specifically, Evidence [1] from Wikipedia notes that Robert Pattinson is known for starring in both major studio productions and independent films, portraying diverse genres. Furthermore, the module's internal answers and general knowledge (supported by the context of Evidence [3] in the first block mentioning their 'cool and laid-back' public image and general career evolution) indicate that they have moved beyond their Twilight associations. There is no false claim of fact being made; rather, it is a subjective discussion topic. The image is a ge"
ds9598,Misinformation,0.9,False,True,"The headline claims that 'Critics say the annual Congress is a blessing.' However, the retrieved evidence and module signals indicate that critics generally view the U.S. Congress negatively, describing it as 'chaotic,' 'unproductive,' and a source of 'disillusionment' (Evidence [5-1], [5-3]). Specifically, the 2023 Congress was characterized by the ouster of the Speaker and expulsion of a member, leading to widespread criticism rather than praise. The image provided shows a performance with individuals in red coats, which does not depict the U.S. Congress (a legislative body) and appears unrelated to the political context of the headline. The mismatch between the positive claim ('blessing') and the overwhelming negative critical consensus in the evidence, combined with the irrelevant imag"
2237,Not Misinformation,0.9,False,True,"The image depicts a large bird flying over a forested area, which aligns with the claim. The visual veracity module indicates the image is not AI-generated (ai_generated=false, confidence=0.0, though the confidence score is low, the explanation states no artifacts are present). The retrieved evidence confirms that large birds, such as the Harpy eagle, inhabit tropical rainforests and can be seen flying over them [1]. Additionally, stock photography and general birding resources confirm that aerial photography of birds in forested regions is a common and realistic subject [3]. There is no evidence suggesting the image is fabricated or misleading; it appears to be a genuine depiction of wildlife in its natural habitat."
8411,Not Misinformation,0.6,False,True,"The claim states that Mats Zuccarello scored for the New York Rangers, making the score 20 (likely implying a 2-0 lead or similar context, though '20' is ambiguous, it likely refers to a scoreline like 2-0 or a cumulative stat). The retrieved evidence confirms that Mats Zuccarello played for the New York Rangers and scored goals for them, including a notable performance in Game 6 against the Montreal Canadiens where he scored twice to help the Rangers win the series 4-2 [2] from the 'When did Zuccarello score for Rangers?' section. Another snippet mentions his first NHL goal was for the Rangers [1] from the 'answers' section, and general tenure details [1] from the evidence. While the specific detail of 'two minutes later' and the exact score '20' (which might be a typo for 2-0 or a specif"
ds9228,Not Misinformation,0.6,False,True,"The image depicts a boat on a canal, which aligns with the claim. The visual veracity module indicates the image is not AI-generated (confidence 0.0 for AI generation, implying high confidence it is real). The retrieved evidence confirms that large passenger boats (such as river tour boats, charter boats, and narrowboats) operate on canals in various locations including the UK and Thailand. While the specific identity of the boat in the image cannot be definitively verified as a 'large passenger boat' without more context, the scene is plausible and consistent with real-world events and boat types described in the evidence (e.g., passenger express boats in Bangkok or charter boats in the UK). There is no evidence suggesting the image is fake or the claim is false. The 'partial' relevancy s"
ds461,Not Misinformation,0.9,False,True,"The headline states that Bill Cosby's lawyers are attempting to get the case thrown out. The retrieved evidence confirms this is a factual description of legal proceedings. Specifically, Evidence [3] from Fox LA explicitly states: 'Bill Cosby arrived at court Tuesday to try to get the sexual assault charges against him thrown out'. Additionally, Evidence [1] from CBS News notes that 'a judge refused to dismiss the sex-assault case', confirming that a motion to dismiss (throw out the case) was indeed attempted by the defense. The image shows Bill Cosby, which is relevant to the subject of the headline. The visual veracity is not AI-generated. Therefore, the headline accurately reflects the legal actions taken by Cosby's lawyers as reported in the evidence."
4368,Not Misinformation,0.6,False,True,"The headline claims that Jennifer Garner and Josh Duhamel are dating and that Ben Affleck feels threatened by this rumor. The retrieved evidence supports the existence of these specific rumors. Specifically, Evidence [2] from OkMagazine and Evidence [2] from HollywoodLife confirm that there were widespread rumors in early 2018 about Garner and Duhamel dating after connecting on the set of 'Love, Simon,' and that Ben Affleck was reportedly feeling threatened or jealous. While the image shows Ben Affleck and Jennifer Garner (not the couple mentioned in the headline's subject pair), the image is a genuine photograph (AI generated: false) and depicts one of the key figures involved in the narrative (Ben Affleck). The claim is not fabricated; it reflects a specific period of celebrity gossip th"
6660,Misinformation,0.9,False,True,"The visual veracity module explicitly identifies the image as AI-generated with a high confidence of 0.8, noting that the scene depicts a physically impossible scenario (skateboarding on a wall). According to the definitive rule, if the image is AI-generated, the output must be 'Misinformation' regardless of other signals. The claim describes a specific action ('holding a ping pong paddle under the shelf') that does not match the visual content (a man skateboarding on a wall), further confirming the mismatch between the image and the caption. The retrieved evidence supports that the image is likely a stock vector or AI generation rather than a real news photo of an incident."
ds831,Not Misinformation,0.9,False,True,"The claim states that actor Scott Baio spoke at the Monday evening session of the Republican National Convention. Evidence confirms that Scott Baio was indeed a speaker at the 2016 Republican National Convention in Cleveland. Specifically, Snopes [1] and NOLA.com [3] confirm his appearance at the 2016 RNC. The NOLA.com article [3] describes events on 'Day 1' of the convention, noting that the anti-Trump motion failed in the afternoon, followed by speeches including Scott Baio's. In the 2016 RNC schedule, Day 1 (Monday) featured evening speeches. Therefore, the image depicting Scott Baio speaking at the RNC is consistent with historical facts regarding his participation in the 2016 convention. The module signals correctly identify the visual as real and the answer as affirmative. There is n"
723,Misinformation,0.9,False,True,"The claim states that Dolphins running back Reggie Bush celebrated a third-quarter touchdown against the Bills. This is factually incorrect for multiple reasons. First, Reggie Bush retired from the NFL in 2017 and has not played for the Miami Dolphins since 2012. The retrieved evidence confirms a Dolphins vs. Bills game occurred on October 1, 2023, where the Dolphins lost 48-20, but Reggie Bush was not on either team. Second, while Reggie Bush did play for the Dolphins, his notable touchdowns with the team were against other opponents (e.g., the Colts in 2012, as noted in evidence [2] of the third query). There is no record of Reggie Bush scoring a touchdown against the Bills while playing for the Dolphins. The image likely depicts a different player or a different game, making the specifi"
ds4173,Misinformation,0.9,False,True,"The headline claims a federal judge granted permission to subpoena Donald Trump. However, the retrieved evidence, specifically a PolitiFact fact-check (Source 1 in the last set), explicitly rates this specific headline as 'False'. The fact-check explains that while a federal judge made a ruling regarding the preservation of documents, the subpoenas in question pertained to third parties (such as banks or accounting firms), not to Donald Trump himself. Other evidence confirms that while Trump has been subpoenaed by the January 6 Committee (a congressional body, not a judge granting permission to subpoena him directly in the manner implied) and has faced subpoenas for his records via legal challenges (e.g., Trump v. Vance), the specific claim that a judge 'granted permission to subpoena Trum"
ds9215,Misinformation,0.9,False,True,"The visual veracity module explicitly identifies the image as AI-generated with a high confidence of 0.8. The explanation notes unnatural texture blending and anatomical inconsistencies, which are hallmarks of synthetic media. According to the definitive rule provided, if an image is determined to be AI-generated (ai_generated=true, confidence>0.6), the output must be 'Misinformation' regardless of other signals. The retrieved evidence confirms that while black and white horned cows exist (e.g., Holsteins, Highland cattle) and woodpiles are common outdoor features, there is no evidence linking this specific, likely synthetic, image to a real-world event or factual claim. The image is a fabrication."
ds6725,Misinformation,0.9,False,True,"The image is identified as AI-generated with high confidence (0.8) by the visual veracity signal. The module explanation notes that the image depicts a surreal and physically impossible scenario: a floating coffee cup interacting with water from a hydrant in a way that defies gravity. While the claim that fire hydrants can be painted in patriotic colors is factually true (supported by evidence [2] and [3] in the first evidence block, and [1] and [2] in the second), the specific image provided is not a photograph of a real event or object but a synthetic creation. According to the definitive rule, if the image is AI-generated, the output must be Misinformation regardless of the general truth of the claim's subject matter. The image misrepresents reality by presenting a fabricated, impossibl"
1792,Not Misinformation,0.9,False,True,"The claim states that Ricky Muir, representing the Australian Motoring Enthusiast Party, was elected as a senator despite receiving a tiny number of first preference votes. The retrieved evidence confirms this is a factual historical event. Specifically, evidence [2] from SBS News and [1] from Wikipedia state that Ricky Muir was elected as a Senator for Victoria in 2013 (taking office in 2014) after receiving only 0.51% of the primary vote, which is described as a 'record low'. The module signals also confirm the visual veracity of the image (not AI-generated) and align with the identity of the person and party. Although the claim uses the present tense 'is likely to be', in the context of fact-checking historical political anomalies, the core assertion that he was elected on such low vote"
2826,Not Misinformation,0.9,False,True,"The claim states that the mug changes color depending on how much coffee is in it. While the phrasing 'how much' might imply a volume-based mechanism, in the context of consumer products, this is commonly understood as a heat-sensitive (thermochromic) reaction where the presence of hot liquid (coffee) triggers the color change. The retrieved evidence confirms that color-changing mugs exist and function by using heat-sensitive coatings that react to the temperature of the liquid poured into them (Evidence [1], [2], [3] from the 'How does a color-changing mug work?' section). The image shows a standard coffee mug, and the module signals indicate the image is not AI-generated (visual_veracity ai_generated=false). The product described is real and widely available (Evidence from 'What brands s"
ds709,Not Misinformation,0.6,False,True,"The image depicts a Bombardier CRJ700, which aligns with the aircraft type mentioned in the claim. The visual veracity signals indicate the image is not AI-generated. Regarding the specific details of the claim (Delta Connection, Seattle-Tacoma, September 2015), the retrieved evidence confirms that Delta Air Lines announced plans for daily service to Seattle starting in December 2015, operated by SkyWest using CRJ-700 aircraft as Delta Connection flights [2]. While the claim specifies September 2015 (before the scheduled start of daily service), it is plausible that regional flights or test flights occurred, or the date is slightly off but the core event (Delta Connection CRJ700 at SEA) is factually grounded in the airline's operations at that time. The evidence does not contradict the pos"
ds3448,Misinformation,0.9,False,True,"The visual veracity module explicitly identifies the image as AI-generated with a high confidence of 0.8. The image depicts a generic, picturesque town scene with a clock tower and autumn foliage, which does not specifically identify the location as 'Younger' (or 'Young'). While 'Young' is a real town in New South Wales, Australia, and 'Younger' is primarily known as a TV series or a misspelling, the claim that the image depicts 'Younger' as a town is misleading because the image is synthetic and not a photograph of any specific real-world location. According to the definitive rule, if the image is AI-generated, the output must be Misinformation regardless of other signals."
ds2474,Not Misinformation,0.9,False,True,"The image depicts a realistic scene of boats docked at a pier, which aligns perfectly with the claim 'some boats that are by a dock in some water'. The visual veracity signal indicates the image is not AI-generated (ai_generated=false) and shows natural lighting and textures. The retrieved evidence confirms that such scenes are common stock photography subjects (e.g., boats moored at docks in various locations like Chicago, Norway, or France), supporting the plausibility and accuracy of the description. There are no contradictions between the image content and the claim."
ds2010,Not Misinformation,0.9,False,True,"The image depicts a tennis player in the act of serving, which aligns perfectly with the claim. The module signals confirm the image is not AI-generated (ai_generated=false) and the visual content is relevant and accurate. The retrieved evidence supports the general context of tennis serving, describing it as a shot to start a point where a player hits the ball to an opponent's service box. While the evidence snippets are general descriptions of the sport rather than specific verification of the exact image instance, the visual evidence combined with the lack of AI generation and the factual alignment with the sport's mechanics supports the claim. The claim is a simple description of the action shown, which is verified by the visual content."
ds1564,Misinformation,0.9,False,True,"The claim states that Woody Allen received the Cecil B. DeMille Lifetime Achievement Award 'this year'. Based on the retrieved evidence, the 2023 Golden Globes (held in January 2023) awarded the Cecil B. DeMille Award to Eddie Murphy, not Woody Allen [2, 3]. While Woody Allen did receive the award in 2021 (as noted in evidence [1] for Tom Hanks receiving it in 2020, and general knowledge confirming Allen's 2021 win, though the specific snippet for Allen's win isn't explicitly dated in the top results, the 2023 winner is clearly identified as Eddie Murphy), the claim implies a recent or current year attribution that contradicts the 2023 winner. Furthermore, the module signals contain a contradiction: one answer claims Woody Allen received it in 2023, while another correctly identifies Eddie"
ds2594,Misinformation,0.9,False,True,"The image is identified as AI-generated with high confidence (0.8) by the visual veracity signal, which notes unnatural appearances such as warped fingers and inconsistent nail shapes. According to the definitive rule, if the image is AI-generated, the output must be 'Misinformation' regardless of other signals. While the claim that nail polish can change color based on light is scientifically plausible (as supported by evidence regarding multichrome and UV-reactive polishes), the specific image used to illustrate this claim is synthetic and not a real photograph. Therefore, presenting this AI-generated image as factual evidence for the claim constitutes misinformation."
2501,Not Misinformation,0.6,False,True,"The image depicts a girl holding a frog, which aligns with the claim that she caught a bullfrog. The visual veracity signals indicate the image is not AI-generated (confidence 0.2 for AI generation, implying high confidence it is real). The retrieved evidence confirms that bullfrogs are real animals native to North America and that catching them is a known activity (using hands, nets, or fishing poles). While the evidence does not identify the specific individual in the photo, there is no evidence suggesting the image is fake, manipulated, or depicting an impossible scenario. The claim is plausible and consistent with the visual content and general knowledge about bullfrogs. Therefore, it is not misinformation."
7697,Not Misinformation,0.9,False,True,"The claim states that a draft proposal suggests two garden cities at Yalding in Kent and Gerrards Cross in Buckinghamshire. Evidence [2] from the retrieved sources explicitly confirms this: 'This newspaper understands, from sources outside the Deputy Prime Minister’s office, that a draft proposal suggests building two new settlements in Yalding, Kent, and Gerrards Cross, in Buckinghamshire.' This directly validates the core assertion of the claim. The image provided is a generic landscape, which the module signals as not AI-generated and only partially aligned (as it doesn't specifically depict the locations, but fits the 'garden city' theme). Since the textual claim is factually supported by historical news reports regarding the 2014 draft proposals, and the image is not AI-generated, the"
ds2926,Misinformation,0.9,False,True,"The claim that the debugging tool icon on the Touch Bar is a can of bug spray is factually incorrect. In software development, 'debugging' refers to the process of finding and resolving defects (bugs) in computer programs, not insect control. The evidence confirms that debugging icons typically represent tools like lightning bolts (for starting/stopping debug sessions) or other abstract symbols related to code execution, not literal bug spray cans. While one evidence snippet [3] from a WWDC 2021 page mentions 'A spray can icon on the touch bar may be useful when...', this is likely a hallucination in the snippet text or a reference to a different, non-standard context, as standard Apple documentation and developer resources (Stack Overflow, Apple Developer docs) describe debugging icons as"
ds1829,Not Misinformation,0.6,False,True,"The image depicts an MRAP (Mine-Resistant Ambush Protected) vehicle, which aligns with the claim's subject. The core of the claim is that US school districts acquired such vehicles via a Pentagon giveaway. Evidence [1] from the module signals and general knowledge confirms that the Department of Defense's 1033 Excess Property Program allows law enforcement agencies, including those at educational institutions (e.g., Saddleback College), to acquire military surplus equipment, including MRAPs. While the term 'giveaway' is colloquial, the program effectively transfers ownership at low or no cost. The retrieved evidence supports the existence of the 1033 program and specific instances of law enforcement (including school police) acquiring such gear. The image is verified as real (not AI-genera"
ds4158,Misinformation,0.9,False,True,"The claim that Hillary Clinton filed for divorce in New York courts is false. Multiple credible sources, including HuffPost UK and All About Lawyer, have explicitly debunked these rumors as hoaxes. All About Lawyer specifically states there are 'zero court filings for divorce in any jurisdiction' and 'no legal documents exist in New York courts' regarding such a filing. While there were rumors circulating (often originating from tabloids like Weekly World News or social media hoaxes), they have been consistently refuted by fact-checkers and the couple's own public appearances together. The image provided is a standard photograph of Hillary Clinton and does not depict any legal filing or court event, serving only to lend false credibility to the headline. Therefore, the headline presents a "
ds9891,Not Misinformation,0.6,False,True,"The image depicts a social gathering in period attire, which is consistent with the setting of Jane Austen's 'Pride and Prejudice'. The headline references 'BBC's Pride and Prejudice', which is a well-known 1995 adaptation (confirmed by evidence [1] and [3] in the retrieved set). The module signals indicate the image is not AI-generated and has partial alignment with the theme. While the image itself is a generic historical scene and not a specific screenshot from the BBC series (as confirmed by the 'partial' relevancy), it does not contain false claims or deceptive elements that would constitute misinformation. It serves as a thematic illustration. The evidence confirms the existence and nature of the BBC adaptation, supporting the context of the headline."
3477,Misinformation,0.9,False,True,"The claim states that the movie 'Trouble with the Curve' stars a squid. The retrieved evidence confirms that 'Trouble with the Curve' is a 2012 sports drama starring human actors such as Clint Eastwood, Amy Adams, and Justin Timberlake, with no mention of any cephalopods (squid or octopus) in the cast or plot [1, 2, 3]. Furthermore, the module signals indicate that the accompanying image is AI-generated (confidence 0.9) and depicts an octopus in a baseball setting, which is a surreal and impossible scenario not found in the film. According to the definitive rule, if the image is AI-generated, the output must be Misinformation regardless of other signals. The combination of a false claim about the movie's content and an AI-generated image depicting a non-existent element confirms the misinf"
3415,Misinformation,0.9,False,True,"The claim states that Hezbollah received zero support from Iran. This is directly contradicted by extensive evidence. Multiple sources confirm that Iran is a key patron of Hezbollah, providing significant funding, military training, weapons, and organizational aid since the group's inception in the early 1980s. Specifically, the US State Department and other reputable outlets note that Iran provides 'most of its funding, training, weapons and explosives' to Hezbollah. The retrieved evidence clearly establishes a longstanding and substantial support relationship, making the claim of 'zero support' factually false."
ds4821,Not Misinformation,0.6,False,True,"The claim that Meghan Markle 'kept Prince Harry romance secret from Suits cast mates' is not supported by the evidence, which indicates the opposite: her castmates were aware and supportive. Multiple evidence snippets confirm that Suits cast members reacted positively to her engagement and attended her wedding, implying they knew about the relationship. For instance, evidence [3] from the 'Suits cast comments' query notes that castmates revealed their favorite wedding moments, and evidence [1] from the 'Suits cast reactions' query states co-stars were 'happier for her' and reacted with 'glee, humor and overall well wishes.' While the relationship was kept private from the general public initially, there is no evidence suggesting she hid it from her colleagues; rather, the cast's public sup"
ds471,Not Misinformation,0.9,False,True,"The claim accurately describes the RoboRoach product developed by Backyard Brains. Evidence confirms that RoboRoach is a real educational kit that uses a small electronic backpack attached to a live cockroach. This backpack contains electrodes that stimulate the nerves in the cockroach's antennae, allowing the user to control its direction (left/right) via a smartphone app connected via Bluetooth. The module signals correctly identify the product as real and the mechanism as accurate. The retrieved evidence supports the existence of the product, its Bluetooth connectivity, and the electrode-based control mechanism. Although one PETA article mentions app store issues, it does not negate the fundamental technology or the product's existence as described in the claim."
ds4939,Misinformation,0.9,False,True,"The headline claims that a specific individual named 'Cait' is facing knee surgery due to refusing to wear stilettos. The retrieved evidence does not support this specific narrative. Evidence [2] from DFW Running Talk mentions a 'Cait Keen' who underwent major surgery, but it was for an 11-centimeter fibroid, not a knee injury related to high heels. Evidence [3] from 247Sports mentions 'Cait McMahan' undergoing knee surgery in 2006 for a bone bruise, which is an old event and unrelated to high heels. There is no evidence linking any 'Cait' to knee surgery caused by high heel usage. The image shows a generic street scene and does not identify the subject as 'Cait' or depict surgery. The claim appears to be a fabricated or misleading story combining general health warnings about high heels ("
1818,Misinformation,0.9,False,True,"The claim asserts that the 'Opinion Debate' section moved to a 'Viewspaper' and that there is more room for reader letters. The retrieved evidence directly contradicts the premise of a 'Viewspaper' being a new section of the Washington Post. Evidence [1] from Fast Company and [3] from NY Post confirm that the Washington Post's opinion section is undergoing an overhaul under Jeff Bezos, involving editorial changes and staff firings, but there is no mention of a section moving to a 'Viewspaper'. The term 'Viewspaper' appears in the evidence only in unrelated contexts: as a rebranding of a different publication (The UK Viewspaper, Evidence Q3[1]), as a historical term for Malay press (Evidence Q3[2]), or as a specific supplement in The Independent's 2010 redesign (Evidence Q3[3]). The image s"
ds4587,Not Misinformation,0.6,False,True,"The claim states that Jennifer Aniston did not spend $100K on a makeover. The retrieved evidence supports the factual basis of this claim. Specifically, evidence [1] from Yahoo Entertainment (Sep 2, 2025) notes that while Aniston has been open about cosmetic treatments, she has denied 'going under the knife' for major procedures, and general reporting (Module Answers) clarifies that any $100K figures associated with her post-split life referred to hotel expenses, not a makeover. The image provided is a generic photo of two individuals (likely Aniston and Theroux or similar) and lacks specific context linking it to a $100K makeover event, but the headline's negative assertion ('Didn't Spend') aligns with the available facts that no such specific expenditure for a makeover was reported or ve"
ds9253,Not Misinformation,0.9,False,True,"The image displays a realistic scene containing a coffee beverage, a slice of cake (consistent with coffee cake), and a banana. The headline claims the display includes 'coffee cake, a pastry and a beverage'. While the headline does not explicitly mention the banana, it accurately describes the primary subjects present: a coffee cake (a type of sweet bread/pastry often served with coffee) and a beverage. The module signals indicate the image is not AI-generated (visual_veracity ai_generated=false) and the relevancy is 'partial' due to the unmentioned banana and ambiguous pastry type, but this does not constitute misinformation. The evidence confirms that coffee cake is a real item typically served with coffee, and the visual content aligns with the general description. There is no deceptiv"
ds8003,Misinformation,0.9,False,True,"The claim states that a fireworks display in Weymouth marked the opening of the London 2012 Olympics. Evidence indicates that Weymouth's organized fireworks displays are traditionally held on November 5th (Guy Fawkes Night) and during summer holidays, not specifically to mark the Olympic opening ceremony in July 2012. The London 2012 opening ceremony took place in London on July 27, 2012, and was a distinct event in the capital, not a local display in Weymouth. While Weymouth hosted sailing events (Sail for Gold) as part of the Olympics, there is no evidence linking a Weymouth fireworks display to the opening ceremony. The image shows a generic fireworks display, which does not verify the specific claim. Therefore, the headline misrepresents the nature and timing of events in Weymouth rela"
4557,Not Misinformation,0.6,False,True,"The headline claims that Irish actress Ruth Negga's Hollywood star status is 'SOAR'ing. The retrieved evidence confirms that Ruth Negga is indeed a rising star in Hollywood. Evidence [1] from IrishCentral explicitly titles an article 'There’s a new Irish star in Hollywood: Ruth Negga,' and Evidence [2] from BBC America notes she is 'part of the awards season conversation' due to her performance in 'Passing.' Furthermore, Evidence [2] from Deadline lists her recent and upcoming high-profile projects, including 'Good Grief' and 'Presumed Innocent' alongside Jake Gyllenhaal, and mentions her Oscar nomination for 'Loving.' The module's visual veracity check indicates the image is not AI-generated, and while the image relevance is only 'partial' (showing multiple individuals without clearly ide"
ds8684,Misinformation,0.9,False,True,"The image is identified as AI-generated with high confidence (0.8) by the visual veracity module, citing unusual fur patterns and surreal color blending that are not typical for real animals. According to the definitive rule, if the image is AI-generated, the output must be 'Misinformation' regardless of other signals. The headline claims the image depicts a specific real-world scene ('A cat and dog on wooden benches next to a stairwell'), but the image itself is a synthetic creation, not a photograph of such a scene. Therefore, the claim that this is a photo of that specific event is false."
