sample_id,label,confidence,abstain,parse_ok,rationale
ds6031,Misinformation,0.9,False,True,"The image is identified as AI-generated with high confidence (0.9) by the visual veracity signal, depicting a surreal and impossible scenario of a frog floating above a tank. The definitive rule states that if an image is AI-generated, it must be labeled as Misinformation regardless of other signals. Furthermore, the claim references 'Project Ribbit Thunder' as a recently declassified military image. Evidence indicates that 'Ribbit' is a character from the animated series 'The Amazing Digital Circus' and there are crypto tokens named 'Ribbit', but no credible evidence links 'Project Ribbit Thunder' to a real, declassified military operation involving such imagery. The combination of an AI-generated image and a fabricated or misattributed context constitutes misinformation."
3397,Misinformation,0.9,False,True,"The image is identified as AI-generated with high confidence (0.8). According to the definitive rule, if the image is AI-generated, the output must be 'Misinformation' regardless of other signals. Additionally, the claim that Planet Hollywood Las Vegas is owned by a corporation based in Paris, Texas is factually incorrect; evidence confirms it is owned and operated by Caesars Entertainment, which is based in Nevada, not Paris, Texas."
ds2700,Not Misinformation,0.6,False,True,"The image depicts a scaled quail standing on one leg, which is a documented behavior for this species (supported by evidence [3] in the retrieved set and the module's answer). The visual veracity signal indicates the image is not AI-generated. The headline mentions a raisin and a peanut next to the bird. While the module signals note that these items are not clearly visible or confirmed in the image (leading to 'partial' alignment), the image itself is a genuine photograph of the subject described (scaled quail) exhibiting the described behavior (standing on one leg). The presence of specific food items like raisins and peanuts is plausible in a captive or feeding context, and there is no evidence to suggest the image is fabricated or misleading in a way that constitutes misinformation (e."
ds4880,Not Misinformation,0.9,False,True,"The retrieved evidence confirms that Lindsay Lohan did wear a hijab while attending London Modest Fashion Week. Multiple sources (The Independent, Yahoo, SheThePeople, AOL) explicitly state that her appearance wearing the hijab sparked mixed feelings and reactions on social media, including speculation about conversion to Islam and discussions about cultural appropriation. The image shows a woman in a hijab, which aligns with the claim. Although the module signals indicate partial relevancy due to uncertainty in identifying the specific individual in the image as Lindsay Lohan, the headline's core assertion (that she wore a hijab and it sparked mixed feelings) is factually supported by the evidence. The visual veracity module indicates the image is not AI-generated. Therefore, the claim is"
ds8852,Not Misinformation,0.6,False,True,"The image shows three teddy bears against a stone wall in an outdoor or natural setting, not a bedroom wall. The claim states the setting is a 'bedroom wall' and includes a 'stuffed cat', neither of which are present in the image. However, the visual veracity module indicates the image is not AI-generated (ai_generated=false). According to the definitive rule, we only output 'Misinformation' if the image is AI-generated. Since the image is real, but the caption is factually incorrect regarding the setting and content (hallucination of a cat and bedroom context), it falls under the category of a mismatched caption rather than AI-generated misinformation. In many fact-checking frameworks, a real image with a false caption is considered misinformation (specifically, deceptive context). Howeve"
7551,Not Misinformation,0.9,False,True,"The retrieved evidence directly supports the claim. Specifically, evidence item [5] from BBC News explicitly states: 'Snow has fallen across parts of the UK, such as Kielder Water, in Northumberland, and more is predicted over the weekend.' This matches the headline's assertion almost verbatim. Additionally, evidence item [3] from BBC News confirms snow fell in northern England and southern Scotland with more forecast. The image shows a snowy landscape which is consistent with the claim, and the visual veracity signals indicate it is not AI-generated. Therefore, the claim is supported by credible news sources."
365,Misinformation,0.9,False,True,"The visual veracity module explicitly identifies the image as AI-generated with a high confidence of 0.8. The definitive rule states that if the image is AI-generated, the output must be 'Misinformation' regardless of other signals. While the headline describes a real event (the Kwita Izina naming ceremony in Rwanda) and mentions people in gorilla costumes (which is a plausible detail given the context of entertainment at such events), the image itself is not a photograph of that event but an AI-generated fabrication. Therefore, presenting this AI-generated image as evidence of the specific event described constitutes misinformation."
ds4717,Not Misinformation,0.9,False,True,"The headline claims that Khloe Kardashian was forced by Tristan Thompson to follow a strict pregnancy diet after a binge. The retrieved evidence confirms that during Khloe Kardashian's pregnancy with Tristan Thompson (which occurred around 2017-2018), there were widespread media reports stating that Tristan Thompson intervened in her diet, telling her he wouldn't stand for unhealthy habits and putting her on a strict diet. While the specific trigger event of a 'cookies and ice cream binge' is less explicitly detailed in the snippets as the sole cause, the core claim that Tristan enforced a strict diet on Khloe during her pregnancy is supported by multiple sources (Inquisitr, OK Magazine, The Sun). The module signals indicate the image is not AI-generated and is relevant (though the specifi"
4718,Not Misinformation,0.9,False,True,"The headline claims Jennifer Lopez might take a break from Alex Rodriguez. Evidence confirms that Jennifer Lopez and Alex Rodriguez did indeed take a break from their relationship, which led to their breakup and the cancellation of their engagement in March 2021. While the relationship has since ended permanently, the statement that she 'might take a break' is factually grounded in the history of their relationship dynamics, specifically the period leading up to their split. The image is a genuine photograph (AI-generated: false). The module signals also confirm that they took a break. Therefore, the claim is not misinformation as it reflects a true historical event regarding their relationship status."
ds4306,Not Misinformation,0.9,False,True,"The headline accurately reflects a statement made by Eric Trump in August 2016. Multiple credible news sources (HuffPost, The Guardian, Politico, The Hill, WSJ) confirm that Eric Trump stated it would be 'foolish' for his father, Donald Trump, to release his tax returns while under audit, arguing that people without tax knowledge would make unwarranted assumptions. The image depicts Eric Trump, and the module signals confirm the image is not AI-generated. The claim is factually supported by the evidence."
ds1370,Not Misinformation,0.9,False,True,"The retrieved evidence confirms that Kris Jenner and Bruce Jenner attended the 44th Annual Academy of Country Music Awards, which were held at the MGM Grand in Las Vegas on April 5, 2009. Multiple sources, including Mirror Online, Alamy, and USA Today, explicitly state this fact and provide photo captions verifying their presence at this specific event and location. The module signals correctly identified the image as non-AI and aligned with the claim. Therefore, the claim is supported by factual evidence."
ds2101,Not Misinformation,0.9,False,True,"The image depicts a table setting with two wine glasses and a centerpiece, which aligns perfectly with the claim. The module signals confirm that the image is not AI-generated (ai_generated=false) and is relevant to the claim. The retrieved evidence supports the general concept of table centerpieces and wine glass usage in table settings, confirming that such a scene is plausible and common in dining contexts. There is no evidence suggesting the image is fake or the claim is false."
5000,Misinformation,0.9,False,True,"The claim that President Obama admitted to a secret deal with China to hand over U.S. territory to settle debt is factually false. Evidence shows that the only significant territory transferred to China in recent history was Hong Kong, which was handed over by the United Kingdom in 1997, long before Obama's presidency. There is no record of any U.S. territory being ceded to China by the Obama administration, nor any 'secret deal' regarding debt settlement involving territorial exchange. The retrieved evidence highlights diplomatic cooperation and trade enforcement actions, but explicitly contradicts the existence of such a deal. The image of the Obamas is unrelated to this fabricated narrative, serving as a generic visual for a false headline."
ds4724,Not Misinformation,0.6,False,True,"The headline claims that George and Amal Clooney are sleeping in separate bedrooms. The retrieved evidence contains conflicting information: some sources explicitly deny this claim, stating they are happily together and that the separate sleeping arrangement rumor is inaccurate (Evidence Q2[2], Answers[2]). However, other sources report on 'growing divorce speculation' and 'separation' rumors (Evidence Q1[3], Q1[4], Q1[5], Answers[1], Answers[3]). While the specific detail of sleeping in separate rooms is likely a tabloid exaggeration or false rumor (as per Evidence Q2[2]), the broader context of the headline ('Trouble In Paradise') aligns with the widespread media narrative of marital strain and separation rumors currently circulating. The image is a genuine photograph of the couple, and "
ds6329,Misinformation,0.9,False,True,"The visual veracity signal indicates that the image is AI-generated with high confidence (0.9), depicting an impossible scenario of a man inside a shark. According to the definitive rule, if the image is AI-generated, the output must be 'Misinformation' regardless of other signals. Furthermore, the claim 'whats eating gilbert grape arnie vs sharkasaurus' is factually incoherent: 'What's Eating Gilbert Grape' is a drama with no shark scenes, 'Arnie' (likely referring to the character Arnie Grape or Arnold Schwarzenegger) did not fight a shark, and 'Sharkasaurus' is a separate, unrelated low-budget creature feature. The image does not depict any real event related to these subjects, confirming it as fabricated content."
ds1157,Not Misinformation,0.9,False,True,"The claim states that a person holds a banner during the pope's procession down Fifth Avenue to St. Patrick's Cathedral. Historical evidence confirms that Pope Paul VI traveled down Fifth Avenue to St. Patrick's Cathedral in 1965, and Pope Francis did so in 2015. While the specific detail of a 'person holding a banner' is not explicitly detailed in the provided snippets for these specific NYC events (which focus on crowds lining the streets), it is a highly plausible and common occurrence during such high-profile papal processions (as evidenced by banners being held in other papal visits like East Timor or Pompei). The image is verified as real (not AI-generated). The module signals indicate partial alignment, noting the image shows a banner with the Pope's image, which fits the context of"
5013,Misinformation,0.9,False,True,"The headline claims a 'Controversial Dating Revelation' regarding Brooke Burke's divorce that sparks speculation. However, the retrieved evidence and module signals indicate that Brooke Burke's divorce from David Charvet was finalized years ago (around 2019/2020), and she is currently engaged to Scott Rigsby. The 'dating revelation' mentioned in the evidence refers to her discussing her engagement and wedding plans with Rigsby, or her past divorce, but there is no current 'controversial revelation' linking her divorce to new dating speculation in the manner described. More critically, the module signals explicitly state that the image is 'not aligned' (confidence 0.2) with the headline, showing two individuals on a stage that do not depict Brooke Burke or the specific event. While the imag"
3983,Misinformation,0.9,False,True,"The claim states that 'A Good Day to Die Hard' was directed by John Moore in 2008. While the director attribution (John Moore) is correct, the release year is factually incorrect; the film was released in 2013, as confirmed by multiple evidence snippets (e.g., Wikipedia, Movie Insider). Furthermore, the module signals indicate that the image provided is AI-generated (visual_veracity.ai_generated=true, confidence=0.8) and irrelevant to the claim (relevancy=0.1). According to the definitive rule, if the image is AI-generated, the output must be labeled as Misinformation regardless of other signals."
ds9980,Not Misinformation,0.9,False,True,"The image depicts a scene consistent with the widespread media coverage of Iraqi families fleeing Mosul and settling in displacement camps near Kurdish checkpoints (specifically the Khazer/Aksi Kalak area) during the ISIS conflict (circa 2014-2017). Evidence [3] from the Daily Mail explicitly mentions 'A girl stands besides her tent at a temporary displacement camp set up next to a Kurdish checkpoint in Kalak' in the context of Peshmerga checking vehicles of Iraqis fleeing Mosul. Evidence [1] from NBC News and [5] from NPR describe families crowding Kurdish checkpoints and settling in fields or camps in the Khazer area. While the headline specifies '2023' for family settlement efforts in the retrieved evidence, the visual content (a girl smiling in a field near a checkpoint) is a well-docu"
ds2354,Not Misinformation,0.9,False,True,"The image depicts a large airplane flying low in a cloudy sky. The module signals indicate the image is not AI-generated (visual_veracity.ai_generated=false) and is relevant to the claim. The retrieved evidence confirms that planes do fly low for various reasons, such as landing approaches (e.g., at LAX), wind conditions, or weather adjustments. While the claim is generic ('A big plane flying low'), the visual content aligns with real-world aviation phenomena described in the evidence. There is no indication of deception, fake news, or AI fabrication. The image serves as a plausible illustration of the described event."
ds9501,Misinformation,0.9,False,True,"The claim states that 'Ford's reelection campaign was brilliant.' The evidence confirms that Gerald Ford ran for reelection in 1976 and was **unsuccessful**, losing to Jimmy Carter. The campaign was characterized by challenges, including public cynicism from the Watergate scandal and a tough primary battle against Ronald Reagan. Describing a failed campaign, which faced significant headwinds and resulted in a loss, as 'brilliant' is factually inconsistent with the historical outcome and the general consensus on its performance. Furthermore, the module signals indicate the image is not AI-generated, but the textual claim contradicts the historical record of the campaign's failure. Therefore, the claim is misleading/misinformation."
ds4,Not Misinformation,0.9,False,True,"The claim states that after the murders, Charlie Hebdo's surviving staff left their Paris offices for a temporary home at Liberation newspaper. Evidence from multiple sources confirms this sequence of events. Specifically, Source [2] from the New York Times and Source [2] from the Sydney Morning Herald state that Charlie Hebdo moved into rented office space after 'squatting for more than six months in an improvised space carved out of the newsroom of Liberation.' Source [4] from France 24 explicitly notes that 'The paper's newsroom had taken in the surviving Charlie Hebdo staff members the day after the attacks in 2015.' Source [3] from ABC News confirms they 'left [Liberation] today' when moving to new high-security offices in September 2015. Therefore, the claim that they moved to Libera"
ds3871,Misinformation,0.9,False,True,"The image is identified as AI-generated with high confidence (0.8) due to nonsensical text and surreal object combinations. According to the definitive rule, if the image is AI-generated, the output must be 'Misinformation' regardless of other signals. Additionally, the claim that Meghan Markle was born in July is factually incorrect; evidence confirms she was born on August 4, 1981. The image is also irrelevant to the claim, depicting unrelated objects."
8830,Not Misinformation,0.9,False,True,"The image depicts a clock, and the claim states it is hanging against the side of a barn. The retrieved evidence confirms that such images exist and are common (e.g., Unsplash photo [3] explicitly titled 'A barn with a clock on the side of it'). The module signals indicate the image is not AI-generated (visual_veracity ai_generated=false). Although the relevancy signal is low (0.2), this is likely due to the specific visual context not being perfectly matched in the module's internal analysis or the image being a generic stock photo rather than a specific historical artifact. However, since the claim is a simple descriptive statement ('an old clock hanging up against the side of a barn') and the image shows a clock that could plausibly be on a barn (or is a stock photo representing that co"
ds5053,Misinformation,0.9,False,True,"The claim states that drinking green tea daily increases lifespan by 'Ten Years'. While the retrieved evidence and module signals confirm that green tea is associated with longevity, reduced risk of cardiovascular disease, and potential life extension, none of the sources support the specific quantitative claim of a 'ten-year' increase. Source [3] mentions a study by Dr. Shinichi Kuriyama that claims green tea 'may prolong life', but does not specify a ten-year gain. Source [4] mentions a study linking green tea to increased lifespan in the elderly but does not quantify it as ten years. The specific figure of 'ten years' is likely an exaggeration or misinterpretation of general longevity benefits (such as those seen in Blue Zones, which attribute longevity to a combination of diet, activit"
ds2437,Misinformation,0.9,False,True,"The claim states that the image shows an 'animal food tray and cage' that is empty. However, the image clearly depicts a disc golf basket (a metal chain basket used in the sport of disc golf) situated outdoors, likely in a park or wooded area. The module signals correctly identify that the image is not relevant to the claim ('aligned': false) because the subject matter (disc golf equipment) is entirely different from the claimed subject (animal food tray/cage). Since the image does not depict the objects described in the headline, the headline is a false description of the image content, constituting misinformation."
ds6090,Misinformation,0.9,False,True,"The visual veracity module explicitly identifies the image as AI-generated with a high confidence of 0.8. The explanation notes surreal elements, such as a camel in a social setting, which are inconsistent with typical festival photography and indicate manipulation or fabrication. According to the definitive rule, if an image is determined to be AI-generated, the output must be labeled as Misinformation regardless of other signals. Although the claim 'Outside Lands was like so fun' is subjective and the festival did occur in 2023, the use of an AI-generated image to represent the event constitutes misinformation regarding the visual evidence presented."
ds742,Not Misinformation,0.9,False,True,"The image depicts a protest scene with a 'WALL OFF TRUMP' banner. The claim states that demonstrators formed a barrier to wall off Trump outside Quicken Loans Arena. Evidence confirms that significant protests occurred outside the Quicken Loans Arena in Cleveland during the Republican National Convention in July 2016, where demonstrators gathered to protest Donald Trump. While the specific phrase 'wall off' might be metaphorical or refer to a specific protest tactic (like forming a human chain or barrier), the core assertion that demonstrators protested outside the arena against Trump is supported by multiple sources. The image is verified as real (not AI-generated). The module signals indicate partial alignment because the image doesn't explicitly show the arena, but the context of a Trum"
ds1754,Not Misinformation,0.9,False,True,"The headline states that Benedict Cumberbatch plays Julian Assange in the film 'The Fifth Estate'. This is a factual statement confirmed by multiple sources in the retrieved evidence (e.g., Wikipedia, IMDb, Rotten Tomatoes, The Guardian). The film 'The Fifth Estate' was released in 2013 and stars Benedict Cumberbatch as Julian Assange. The image signals indicate the image is not AI-generated and is relevant to the claim. Therefore, the claim is accurate and not misinformation."
4580,Not Misinformation,0.6,False,True,"The headline claims that Kourtney Kardashian prefers Kylie Jenner's lip kits over Kim Kardashian's contour sticks. The module signals indicate that the image is a genuine photograph (not AI-generated) but is not specifically aligned with the headline's narrative (it does not show the products or the specific act of choosing). The retrieved evidence confirms that both Kylie Jenner (Kylie Cosmetics) and Kim Kardashian (KKW Beauty) have successful beauty lines featuring these specific product types. While there is no direct evidence in the snippets stating Kourtney explicitly 'picked' one over the other in a public declaration, the claim is plausible within the context of their family dynamics and business collaborations (e.g., the Kourt X Kylie collection). Since the image is real and the en"
ds50,Not Misinformation,0.9,False,True,"The claim states that Rachael Drouet has still not tracked down the owners of the decorations. The retrieved evidence, specifically BBC News articles [3] and [4], explicitly confirms this statement with the sentence: 'Rachael Drouet has still not tracked down the owners of the decorations.' The evidence also clarifies that the decorations were stolen by her cat, Theo. The image signals indicate the image is a genuine photograph (not AI-generated) and is partially relevant to the context of decorations. Since the claim is directly supported by the evidence and the image is authentic, the pair is not misinformation."
8392,Not Misinformation,0.9,False,True,"The claim states that Oregon Attorney General Ellen Rosenblum alleged that GNC knowingly sold supplements containing two synthetic chemicals. The retrieved evidence confirms that in October 2015, Oregon AG Ellen Rosenblum filed a lawsuit against GNC alleging the sale of supplements containing illegal ingredients, specifically picamilon and BMPEA (a synthetic amphetamine-like chemical). The evidence explicitly states that the lawsuit alleged GNC 'knowingly sold' these products and left them off the labels. Although the module signals indicate the image is irrelevant (showing Nurofen instead of GNC products), the claim itself is a factual statement about a legal allegation that is supported by the evidence. The irrelevance of the image does not make the textual claim misinformation, provided"
ds7878,Not Misinformation,0.6,False,True,"The image depicts a realistic scene of people wading through floodwaters, consistent with the visual description in the claim. The retrieved evidence confirms that Harinagar in Satkhira, Bangladesh, has indeed suffered significant flooding (e.g., loss of Rs 242.7 million reported in Oct 2023, embankment collapses in 2024). While the specific image cannot be geotagged to 'Harinagar' with certainty from the visual alone, the claim describes a plausible and factually supported scenario: a family wading through floodwaters in a region known to be affected by such disasters. The module signals indicate the image is not AI-generated and is partially aligned with the context. There is no evidence suggesting the image is fake or that the event described is impossible or false; rather, the context "
ds4278,Misinformation,0.9,False,True,"The headline claims that Russian mansions seized by the Obama administration were 'meant to be illegal gifts' to his daughters, Sasha and Malia. While it is true that the Obama administration seized two Russian diplomatic compounds in 2016 (as confirmed by evidence snippets [1], [2], [3] in the first Q&A block), there is absolutely no evidence to support the claim that these properties were intended as gifts to the Obama daughters. The seized properties were diplomatic residences/retreats for Russian diplomats, not personal gifts. The claim that they were 'illegal gifts' to Sasha and Malia is a fabricated narrative with no basis in fact, as confirmed by the lack of any such reports in the retrieved evidence and the explicit statement in the module signals that 'There is no evidence... to s"
ds6954,Misinformation,0.9,False,True,"The image is identified as AI-generated (confidence 0.8) with a surreal depiction of a man in a suit floating in space, which bears no factual resemblance to Professor Martin Hairer or the context of the headline. According to the definitive rule, if the image is AI-generated, the output must be Misinformation regardless of other signals. Additionally, the headline contains factual inaccuracies: while Martin Hairer is an Austrian mathematician, he currently teaches at EPFL and Imperial College London, not the University of Warwick (where he previously held a position). The image is completely irrelevant to the subject."
ds3520,Misinformation,0.9,False,True,"The claim states that Ice-T was 18 years old when he signed to Sire Records in 1987. However, multiple evidence sources confirm that Ice-T was born on February 16, 1958. In 1987, he would have been 29 years old (turning 29 in February 1987). The claim of him being 18 is factually incorrect regarding his age. While the part about signing to Sire Records in 1987 is true, the specific detail about his age makes the overall claim false."
7044,Not Misinformation,0.9,False,True,"The image depicts Hillary Clinton, and the claim states she was at a rally in Columbus, Ohio. Evidence confirms that Hillary Clinton held multiple rallies and campaign events in Columbus, Ohio, during her presidential campaigns (e.g., March 4, 2008, after winning the primary; July 31, 2016, with Tim Kaine; June 21, 2016, at Fort Hayes Vocational School). While the image itself does not visually confirm the specific date or location (as noted by the partial relevancy signal), the claim is factually plausible and consistent with historical records of her campaign activities. There is no evidence that the image is AI-generated or that the event described is false. The claim is a general description of a real type of event she attended, making it 'Not Misinformation'."
ds9094,Misinformation,0.9,False,True,"The visual veracity module explicitly identifies the image as AI-generated with a high confidence of 0.8. The explanation notes nonsensical text artifacts ('OLLD PARNG', 'PLEWK $TNC') which are characteristic of AI image generation. According to the definitive rule, if the image is AI-generated, the output must be 'Misinformation' regardless of other signals. The headline claims the image depicts 'Two old street parking meters surrounded by weeds,' but the image itself is a synthetic fabrication, not a real photograph of such a scene."
ds3303,Misinformation,0.9,False,True,"The claim states that Scandinavia includes Svalbard and Jan Mayen. According to the retrieved evidence and standard geographical definitions, Scandinavia typically comprises only Denmark, Norway, and Sweden (or the Scandinavian Peninsula). Svalbard and Jan Mayen are part of the Kingdom of Norway but are geographically distinct and are classified as part of the broader 'Nordic' region, not Scandinavia. Specifically, evidence [2] explicitly states 'Svalbard is part of the Nordic region... not... Scandinavian'. Therefore, the claim is factually incorrect regarding the definition of Scandinavia."
ds7131,Not Misinformation,0.6,False,True,"The image shows Karen O performing, and the evidence confirms she performed at the 86th Academy Awards (Oscars) in 2014. The claim specifies she wore a 'black satin Camilla Staerk dress' and 'Neil Lane jewels'. While the retrieved evidence does not explicitly confirm the specific designer of the dress or the jewelry for this specific performance (the search results for 'Karen O dress' were largely irrelevant or focused on other Karens), there is no evidence contradicting the claim. Neil Lane is a prominent jeweler for the Oscars, making it plausible. The visual veracity is genuine (not AI-generated). Since the core event (Karen O performing) is true, and the specific fashion details are not disproven by the evidence (and are plausible for a high-profile ceremony), the claim is not definiti"
ds7823,Misinformation,0.9,False,True,"The module signals explicitly state that the image is not relevant to the claim, noting that 'The image does not depict the Berlaymont building or any related subject.' The Berlaymont building is a distinctive, cross-shaped structure in Brussels (confirmed by evidence), and the signal indicates the provided image shows a different structure. Since the image does not match the subject of the headline, it constitutes a mismatched or misleading representation, which falls under the definition of misinformation in this context."
1047,Not Misinformation,0.9,False,True,"The claim states that Kentucky Gov. Matt Bevin addressed the Kentucky Chamber of Commerce dinner on Thursday, Jan 7, 2016, at Heritage Hall in Lexington, Ky. Evidence [1] from NY Mag explicitly confirms this: 'Kentucky governor Matt Bevin addresses the Kentucky Chamber of Commerce dinner, Thursday, January 7, 2016.' Evidence [2] from Kentucky Living also confirms Bevin addressed the audience at Kentucky Chamber Day in Lexington on Jan 8, 2016 (likely referring to the same event cycle or a slight date discrepancy in reporting, but the Jan 7 date is directly supported by the NY Mag caption which matches the claim's specific date and day of the week). The location 'Heritage Hall' is part of the Lexington Convention Center (Evidence [1] from 10times), which is a known venue for such events in "
ds8744,Not Misinformation,0.9,False,True,"The image depicts a skateboarder in mid-air, which aligns with the claim. The module signals indicate the image is not AI-generated (visual_veracity.ai_generated=false). The retrieved evidence for the specific question 'Who is the skateboarder in the image?' identifies the skater as Brian Wenning, a known skateboarder, suggesting the image is a genuine photo of a real person performing a stunt. The other evidence snippets regarding a 'mid-air' incident refer to a completely different event (a flight diversion involving a passenger waving a skateboard), which is irrelevant to the visual content of a skateboarder performing a trick. The claim describes the visual content accurately (shirtless man, mid-air, skateboard). While the 'people below' part is ambiguous in the image, the core asserti"
ds9896,Not Misinformation,0.9,False,True,"The claim 'Alan Johnson has a bad case' is ambiguous but likely refers to the UK politician Alan Johnson, given the module signals and evidence. The evidence shows that Alan Johnson (the politician) has been involved in personal scandals (divorce, secret marriage) and political controversies (gift row, health inequality debates), but there is no evidence of a specific 'bad case' of illness or legal trouble that would constitute misinformation if interpreted broadly as 'trouble'. The module signals incorrectly conflate Alan Johnson with country singer Alan Jackson, who has a serious health condition (CMT disease). However, the image provided is identified as a genuine photograph (not AI-generated) of a man in a suit, which aligns with the politician Alan Johnson rather than the country sing"
ds3482,Misinformation,0.9,False,True,"The claim states that 'Gotham City Sirens failed to be published.' However, the retrieved evidence and module signals confirm that 'Gotham City Sirens' is a published comic book series. Evidence [1] from Wikipedia discusses plot points from issue #7, and Evidence [2] from League of Comic Geeks lists the series as '2024 - Present'. Additionally, Evidence [1] from Comic Watch confirms the release of issue #3 on August 21, 2024. While there was a film project that was reportedly put on hold, the comic series itself has been published and continues to be published. Therefore, the claim that it failed to be published is false."
3081,Misinformation,0.9,False,True,"The claim states that 'Story of My Life' was recorded exclusively by a girl band. The retrieved evidence clearly identifies 'Story of My Life' as a song recorded by One Direction, which is an English-Irish boy band, not a girl band. Additionally, the song was originally recorded by Marty Robbins (a male country singer) and covered by other artists like Social Distortion (a male-fronted punk band) and Irma Thomas (a female solo artist). There is no evidence of a 'girl band' recording this song, and certainly not exclusively. The image shows a single girl, which does not support the claim of a 'girl band' recording the song. Therefore, the claim is factually incorrect."
6149,Misinformation,0.9,False,True,"The visual veracity module indicates with high confidence (0.8) that the image is AI-generated. The image depicts a surreal scenario of a dog reading a book, which is physically impossible and characteristic of AI generation. According to the definitive rule, if the image is AI-generated, the output must be labeled as Misinformation regardless of other signals. Additionally, the relevancy module notes that the image content (a dog reading) does not meaningfully connect to the headline's theme ('sometimes it's better not to know'), further supporting the classification of the pair as misleading or fabricated."
ds6053,Misinformation,0.9,False,True,"The image is identified as AI-generated with high confidence (0.9) by the visual veracity module. The image depicts a surreal and impossible scenario: a rabbit riding a pink tricycle. The headline 'dont judge its what hes always wanted' implies a specific narrative or context about a person or animal's desires, but the image is clearly a fictional, AI-created illustration rather than a factual depiction of a real event or subject. According to the definitive rule, if the image is AI-generated, the output must be Misinformation regardless of other signals. The irrelevance of the image to any real-world context further supports this classification."
5357,Misinformation,0.9,False,True,"The headline claims that a 'Stimulus' unveils the Education Secretary's controversial plan involving financial risks. However, the retrieved evidence clearly distinguishes between two separate events: 1) The current Trump administration's plan to dismantle the Department of Education (led by Linda McMahon), which is a structural/political controversy, not a 'stimulus' plan. 2) A historical 'Education Stimulus' from 2009 (under the Obama administration) which provided funding but was criticized for not fixing systemic issues. The headline conflates these distinct timelines and concepts, implying the current Education Secretary's controversial dismantling plan is a 'stimulus' initiative, which is factually incorrect. The image shows a generic educational setting and does not depict Linda McM"
ds3839,Misinformation,0.9,False,True,"The claim contains two parts: 'Dev Patel starred in Chappie' and 'Chappie is an animated movie'. While the first part is factually true (Dev Patel is in the cast), the second part is false. Evidence confirms that 'Chappie' is a live-action science fiction film that uses visual effects and motion capture to create the robot character, but it is not an 'animated movie' in the traditional sense (like a cartoon or fully CGI feature). Furthermore, the module signals indicate that the image provided is AI-generated (confidence 0.9) and irrelevant to the specific context of the movie 'Chappie'. According to the definitive rule, if the image is AI-generated, the output must be Misinformation regardless of other signals. The combination of a false premise regarding the genre of the film and the use"
7469,Not Misinformation,0.9,False,True,"The claim states that Donald Trump arrived to speak at a rally in Bangor, Maine on October 15, 2016. Retrieved evidence confirms that Donald Trump held a rally in Bangor, Maine, on October 15, 2016, at the Cross Insurance Center. Multiple sources, including YouTube videos titled 'Donald Trump Rally, Bangor, Maine, Oct. 15, 2016' and news reports from the Press Herald and Maine Public, verify this specific event and date. The module signals indicate the image is not AI-generated and shows Trump speaking, which aligns with the event described. Although the image itself cannot be definitively matched to the specific moment of 'arrival' without metadata, the core factual claim of the headline (the event, location, and date) is verified as true. Therefore, the content is not misinformation."
ds3252,Misinformation,0.9,False,True,"The claim states that 'Little Dorrit' was only published in the 1980s. This is factually incorrect; the novel by Charles Dickens was originally published in serial form between 1855 and 1857. Furthermore, the module signals indicate that the image is AI-generated (ai_generated=true, confidence=0.8). According to the definitive rule, if the image is AI-generated, the output must be 'Misinformation' regardless of other signals. The combination of a false historical claim and an AI-generated image confirms the label."
ds3976,Misinformation,0.9,False,True,"The claim 'The United States is one of the ABC Islands' is factually false. The ABC Islands consist of Aruba, Bonaire, and Curaçao, which are part of the Kingdom of the Netherlands, not the United States. Furthermore, the module signals indicate that the image is AI-generated (ai_generated=true, confidence=0.8). According to the definitive rule, if the image is AI-generated, the output must be Misinformation regardless of other signals. The image also shows an American flag, which is irrelevant to the ABC Islands and likely added to support the false claim, further indicating a misleading intent."
9974,Not Misinformation,0.6,False,True,"The image features Kanye West and appears to be a genuine photograph (AI-generated: false). The headline 'Oh please do nt let Kanye send a reply tweet We need to know that' is a subjective, emotional reaction typical of social media commentary rather than a factual claim about a specific event. The retrieved evidence confirms that Kanye West has been actively tweeting controversial statements recently (e.g., regarding Kim Kardashian and antisemitism), which provides context for why such a headline might exist. Since the headline does not assert a verifiable falsehood (like 'Kanye tweeted X') but rather expresses a desire or fear regarding his actions, and the image is authentic, it does not meet the criteria for misinformation. The module's partial alignment is due to the vague nature of t"
4125,Not Misinformation,0.9,False,True,"The claim states that Kevin Hart played himself in a J. Cole music video, reliving his cheating scandal. Evidence [2] from amomama.com explicitly confirms that Kevin Hart appeared in a J. Cole music video where he 'played an unfaithful man, similar to his real life scenario with his wife.' This aligns with the known 2017 cheating scandal involving Hart and his wife Eniko Parrish (Evidence [2] from Mirror, [4] from TMZ). While the specific music video is likely 'Daddy's Little Girl' (released 2011, per Evidence [1] from Wikipedia), which predates the 2017 scandal, the narrative framing in the headline ('Relives His Cheating Scandal') likely refers to the thematic parallel drawn in the video or a more recent appearance/interview context often conflated in social media claims. However, the co"
ds2506,Not Misinformation,0.9,False,True,"The claim states that a building in Warsaw has a fence to protect pedestrians from falling bricks. Evidence [3] from the retrieved sources explicitly confirms this: 'There is now fencing around the first two buildings to catch the falling bricks and the courtyards have been closed off to visitors'. This directly supports the specific function of the fence described in the claim. The image shows a building with such protective infrastructure, and the visual veracity indicates it is not AI-generated. While other evidence snippets discuss falling bricks in other cities (Edmonton, Bath, London, NY) or historical ruins, the specific claim about Warsaw is corroborated by the WordPress blog post which describes the exact scenario."
ds6253,Misinformation,0.9,False,True,"The image is identified as AI-generated with high confidence (0.9). The module signals explicitly state that the image features a surreal combination of a rodent in a car with human characters and nonsensical text overlay, which are characteristics of AI generation rather than a real photograph or a standard meme template. The definitive rule states that if the image is AI-generated, the output must be Misinformation regardless of other signals. While the phrase 'Get in loser, we're going shopping' is a real meme from the movie Mean Girls, the specific image provided is not a genuine representation of that meme (which typically features the actual movie still or animals edited into the car) but rather an AI-generated fabrication. Therefore, presenting this AI-generated image as a factual o"
ds6291,Misinformation,0.9,False,True,"The module's visual veracity signal explicitly identifies the image as AI-generated with high confidence (0.9), noting anatomical unnaturalities and the impossibility of the depicted scenario (a human riding a gazelle in this specific manner). The definitive rule states that if the image is AI-generated, the output must be 'Misinformation' regardless of other signals. While the headline describes a 'statue riding a normal size gazelle', and real statues of humans with gazelles exist (e.g., the Bronze Gazelle Statue in Tripoli, Marshall Fredericks' work), the specific image provided is not a photograph of such a statue but an AI-generated fabrication. Therefore, presenting this AI image as evidence for the claim constitutes misinformation."
ds9638,Not Misinformation,0.9,False,True,"The claim states that two presenters appeared on YouTube to say the story was staged. Evidence confirms that Tania Reza and Enrique Tovar, hosts of the Mexican show 'A Toda Máquina', did appear in a video on YouTube (specifically Televisa's channel) shortly after the incident in October 2015. In this video, they claimed the sexual harassment incident was a 'hoax' or 'staged' for viral purposes. Although Reza later recanted this statement on her personal Facebook page claiming she was pressured, the specific claim that they *appeared on YouTube to say the story was staged* is factually accurate based on the events of late October 2015. The image is a genuine screenshot, not AI-generated."
ds994,Not Misinformation,0.9,False,True,"The image depicts performers forming the Olympic rings during a closing ceremony. The retrieved evidence confirms that the Olympic rings were indeed formed and displayed during the closing ceremony of the Paris 2024 Summer Olympics (held on August 11, 2024). Specifically, evidence [4] from the Olympics.com and Facebook posts describes 'dancers rotated big circles, which were then elevated to form the Olympic rings' and shows 'a general view as the final Olympic Ring is lifted into place'. The module signals correctly identify the image as non-AI and relevant. Although the evidence snippets also mention the 2026 Winter Olympics, the visual content and the specific description of dancers forming rings align perfectly with the widely reported Paris 2024 closing ceremony event. Therefore, the "
ds5728,Not Misinformation,0.9,False,True,"The headline claims Jenny McCarthy had her 'debut in the Entertainment Industry' in 1995. Evidence confirms that while McCarthy began modeling for Playboy in 1993, her major breakthrough into mainstream entertainment and widespread fame occurred in 1995 when she was named Playboy's Playmate of the Year. This recognition launched her subsequent career as an MTV host and actress. Therefore, characterizing 1995 as her debut or rise to fame in the entertainment industry is factually supported by the timeline of her career milestones. The image is identified as a magazine cover featuring McCarthy, which aligns with the context. There is no evidence of AI generation or deceptive manipulation."
2731,Not Misinformation,0.9,False,True,"The image depicts a doll placed in a car window, which aligns with the claim of an 'innovative take' on a 'baby on board' sticker. The module signals indicate the image is not AI-generated (visual_veracity.ai_generated=false) and is relevant to the claim. The retrieved evidence confirms that 'baby on board' stickers come in various creative, humorous, and innovative designs (e.g., surfboards, funny phrases, unique themes) and are widely available on platforms like Etsy, Amazon, and TikTok. The use of a doll to represent a baby in a sticker or display is a common creative interpretation or novelty item, not a factual error or deceptive claim about a real event. Therefore, the content is consistent with the claim and does not constitute misinformation."
ds2331,Not Misinformation,0.9,False,True,"The image depicts a man on a tennis court holding a racquet, which aligns perfectly with the provided claim. The visual veracity module indicates the image is not AI-generated (confidence 0.0 for AI generation). The retrieved evidence confirms that such images are common stock photography (Getty, Shutterstock, iStock) and that the scene is a standard representation of tennis activities. There is no evidence suggesting the image is fake, manipulated, or associated with a false specific event that would constitute misinformation. The claim is a simple descriptive statement that is factually supported by the visual content."
9107,Misinformation,0.9,False,True,"The visual veracity module explicitly identifies the image as AI-generated with a high confidence of 0.8. The explanation notes contextual anomalies such as unusual texture and lighting inconsistent with a typical kitchen environment. According to the definitive rule provided in the system instructions, if the image is AI-generated (ai_generated=true, confidence>0.6), the output must be 'Misinformation' regardless of other signals. Therefore, the claim that a silver oven sits next to other appliances is considered misinformation because the image itself is not a genuine photograph of a real-world scene."
ds3649,Misinformation,0.9,False,True,"The claim states that 'An Educated' was created only by journalist Nora Ephron. This is factually incorrect. 'Educated' (often referred to as 'An Educated' in the claim) is a memoir by Tara Westover, published in 2018. Nora Ephron (1941–2012) was a renowned journalist, screenwriter, and filmmaker known for works like 'When Harry Met Sally...', 'Sleepless in Seattle', and 'Heartburn', but she did not write 'Educated'. Furthermore, Nora Ephron passed away in 2012, six years before the book was published. The retrieved evidence confirms Nora Ephron's bibliography and career, showing no connection to the book 'Educated'. Therefore, the claim is false."
7187,Not Misinformation,0.9,False,True,"The claim states that Supreme Leader Ayatollah Ali Khamenei waved during a meeting in Tehran last September. Based on the retrieved evidence, Ayatollah Khamenei made a public appearance in Tehran on September 17, 2022, at a religious ceremony for the Arbaeen anniversary. Multiple sources, including Alamy stock photo descriptions and news reports (Reuters, Haaretz, Al Jazeera), confirm that he waved to the crowd during this event. Although the claim uses the word 'meeting' which might technically refer to the separate meeting with war veterans on September 21 (where he spoke but waving is less prominently highlighted in the snippets compared to the ceremony), the core assertion that he waved in Tehran in September is factually supported by the events of September 17. The image signals indic"
ds5161,Misinformation,0.9,False,True,"The headline claims that Mike Pence has 'secret ties to a Russian spy agency.' The retrieved evidence and module signals directly contradict this claim. Evidence [3] and the video snippet [5] show Pence explicitly stating that Russian aggression is a threat to NATO allies, indicating an adversarial stance rather than a collaborative one. Furthermore, the module's answer for 'Pence Russian spy agency ties' explicitly states that sources do not establish any direct ties and instead focus on his support for NATO against Russia. There are no credible reports linking Pence to Russian espionage; instead, news regarding Pence and Russia typically involves his criticism of Russian actions or security concerns during the January 6 events. The claim is factually unsupported and contradicted by avail"
ds4423,Misinformation,0.9,False,True,"The claim states that Floyd Mayweather Jr. donated a 'whopping sum' to Houston after a hurricane. Multiple fact-checking sources, including Politifact and That's Nonsense, explicitly debunked the specific viral claim that Mayweather donated $200 million to Houston for Hurricane Harvey relief in 2017, labeling it as 'fake news'. While Mayweather is known for various charitable acts (such as supporting Make-A-Wish or recent initiatives for Israeli orphans), there is no evidence supporting the specific claim of a massive donation to Houston for hurricane relief. The image of him holding a bill is generic and does not substantiate the specific financial claim made in the headline. Therefore, the headline presents a debunked falsehood as fact."
8155,Misinformation,0.9,False,True,"The claim asserts that Charlie Pierce was a member of Mitt Romney's staff and depicts him making a phone call in a wire factory in Ohio in 2012. Evidence confirms that Charlie Pierce is a journalist and commentator (e.g., for Esquire) who wrote critically about Romney, not a staff member. Furthermore, the image provided (described in module signals as a disaster scene with destruction) does not match the specific scenario of a phone call in a wire factory. The module signals also indicate low relevancy and that the image depicts a disaster scene, which contradicts the specific narrative of a political staffer in a factory. The combination of a false identity (staff member vs. journalist) and a mismatched or misleading image context constitutes misinformation."
ds7055,Misinformation,0.9,False,True,"The claim asserts that the provided image is a specific historical snapshot of Leeroy Murray aged two with his family on Hampstead Heath in 1947. However, the module signals explicitly state that the image is 'aligned: false' and does not depict the specific subjects or event mentioned. The image shows a person sitting outside a building, which contradicts the description of a family group on Hampstead Heath. Furthermore, while evidence confirms that Leeroy Murray's parents (Nora and John) were indeed photographed with their children on Parliament Hill (part of Hampstead Heath) in 1947 (as reported by Picture Post), the specific image provided does not match this historical record. The mismatch between the visual content (a single person outside a building) and the claim (a family group in"
8165,Not Misinformation,0.9,False,True,"The claim states that Emily Cruse Elliott danced in Club Sizzle on Saturday at the Blue Ribbon Bacon Fest in Des Moines. Evidence [4] from the 'Emily Cruse Elliott Club Sizzle dance' search explicitly contains the sentence: 'Emily Cruse Elliott dances in Club Sizzle on Saturday at the Blue Ribbon Bacon Fest in Des Moines.' This confirms the specific person, action, location (Club Sizzle), and event (Blue Ribbon Bacon Fest). The Blue Ribbon Bacon Festival is a real, recurring event in Des Moines, Iowa, as confirmed by multiple sources. The image shows people dancing, which is consistent with the claim of dancing at a festival. The visual veracity module indicates the image is not AI-generated. Therefore, the image and headline are consistent with the retrieved evidence."
1449,Not Misinformation,0.9,False,True,"The claim consists of three parts: 1) Hinchliffe Stadium opened in 1932, 2) it hosted Negro League and barnstorming games, and 3) it is now abandoned and in ruins. Evidence confirms that Hinchliffe Stadium was indeed constructed and opened in 1932 in Paterson, NJ, and is a historic Negro League ballpark. Regarding the third part, while the stadium underwent a major renovation and reopened in May 2023, the image provided depicts a scene of decay (a staircase in a ruined structure) which aligns with the stadium's state for the majority of the period since its closure in 1997 until 2021/2023. The module signals indicate the image is real (not AI-generated) and partially aligned with the description of ruins. Given that the stadium was abandoned and in ruins for decades and the image visually "
4647,Misinformation,0.9,False,True,"The headline claims that Angelina Jolie and Jennifer Aniston did NOT have a face-to-face meeting. However, multiple credible sources in the retrieved evidence confirm that they DID meet in person. Specifically, Jennifer Aniston has publicly stated in interviews (including with Vanity Fair and recent 2024/2025 reports) that she met Angelina Jolie in 2004 while Brad Pitt was preparing to work with Jolie. Aniston described this as a friendly, polite introduction. Therefore, the claim that they did not meet is factually false. The image signal indicates the image is not AI-generated, but the textual claim contradicts established facts."
ds4064,Not Misinformation,0.9,False,True,"The image is identified as a genuine photograph of Brad Pitt (AI-generated: false). The headline 'What is Brad Pitt's net worth? the answer may surprise you!' is a clickbait-style title that does not make a specific factual claim that can be proven false by the image or the general context. The retrieved evidence confirms that Brad Pitt's net worth is estimated to be between $300 million and $500 million depending on the source and date (2023-2026). The module signals provide answers consistent with this range ($300M-$400M). Since the image is real and the headline is a generic inquiry rather than a false assertion, there is no misinformation present."
ds2877,Not Misinformation,0.9,False,True,"The image depicts a decomposing leaf, which aligns with the claim. The retrieved evidence includes a direct match from Reddit (Source 1) where a user posted an image with the exact caption 'One of many decomposing leaves found just offshore at the local reservoir.' This confirms that the image is a genuine photograph associated with the specific claim text, likely originating from that social media post. The visual veracity signals indicate the image is not AI-generated. While the claim is generic ('local reservoir'), the existence of the source post validates the image's context as a real-world observation rather than a fabricated or misleading stock image used to deceive. Therefore, it is not misinformation."
7330,Misinformation,0.9,False,True,"The image depicts a group of people in an indoor or event setting, which is visually inconsistent with the claim that it shows Jonathan Jones on the Millennium Bridge in central London. The Millennium Bridge is an outdoor pedestrian suspension bridge over the River Thames, characterized by its steel structure and views of landmarks like St. Paul's Cathedral. The provided image does not show a bridge, the river, or the specific individual mentioned. Furthermore, the module signals explicitly state that the image is not aligned with the claim (relevancy: false) and that there is no indication of Jonathan Jones being on the bridge. The presence of a lightsaber in the image (noted in visual veracity) further suggests a staged or fictional context unrelated to the factual claim. Therefore, the "
ds5062,Misinformation,0.9,False,True,"The headline claims that a new study asserts COVID-19 vaccines alter DNA and increase the risk of genetic mutations. This claim is scientifically false and contradicts established medical consensus and evidence. Multiple retrieved sources confirm that mRNA vaccines (the primary type referenced in such claims) do not enter the cell nucleus where DNA is located and therefore cannot alter human DNA. Furthermore, reputable studies and fact-checks indicate no association between COVID-19 vaccines and increased risk of genetic mutations or cancer. The module signals correctly identify that the image is generic and does not support the specific claim, and the 'answers' section explicitly refutes the claim with high confidence. Since the core assertion of the headline is factually incorrect and pr"
ds5124,Misinformation,0.9,False,True,"The claim asserts that Joe Biden admitted to plotting election fraud with foreign powers. The retrieved evidence consistently debunks this. Multiple fact-checking sources (Snopes, FactCheck.org, USA Today) confirm that while Biden misspoke in a 2020 interview, he was discussing efforts to *prevent* voter fraud and protect voting rights, not admit to perpetrating it. Furthermore, there is no credible evidence or tape of Biden admitting to plotting fraud with foreign powers; rather, he has publicly warned against foreign interference. The module signals also indicate the image is unrelated (showing Hillary Clinton), further disconnecting the visual from the specific false claim about Biden. Therefore, the claim is false and constitutes misinformation."
6119,Misinformation,0.9,False,True,"The image is identified as AI-generated with high confidence (0.8). The module signals explicitly state that the image contains 'cartoonish characters' and 'dog faces' in a surreal context, which does not align with the claim's reference to the phrase 'not no way not no how'. Evidence confirms this phrase is a famous quote from the 1939 film 'The Wizard of Oz', spoken by the Gatekeeper (and echoed by the Cowardly Lion). The AI-generated image, depicting a door with a sign and bizarre characters, is not a screenshot or accurate representation of the movie scene or the specific cultural reference implied by the headline. Therefore, the image is misleading and fabricated."
5317,Misinformation,0.9,False,True,"The headline claims that a specific study proves herbal tea from the Amazon Rainforest 'eradicates' COVID-19 'instantly'. This claim is factually false and misleading. First, there is no known cure for COVID-19, let alone one that works 'instantly' via herbal tea; the World Health Organization and major health authorities explicitly state that no herbal tea cures COVID-19. Second, while some studies suggest tea polyphenols may have antiviral properties in laboratory settings or potentially reduce infection risk, these findings do not support the claim of 'instant eradication' of an active infection in humans. Furthermore, regulatory bodies like the FTC have taken action against marketers making similar false claims about herbal teas curing COVID-19. The image provided is a generic stock ph"
ds8378,Not Misinformation,0.9,False,True,"The claim states that Richard Dawkins and Rowan Williams debated the role of religion in the 21st century. Retrieved evidence confirms that a debate with the specific motion 'this house believes religion has no place in the 21st century' took place between Richard Dawkins and Rowan Williams (former Archbishop of Canterbury) at the Cambridge Union on January 31, 2013. The evidence details that they went 'toe to toe' (as described in the headline) on this specific topic. The module signals indicate the image is a genuine photograph (AI generated: false) and relevant to the event, although the specific identity of the person in the image is not explicitly confirmed in the text, the core factual claim of the headline is fully supported by the evidence. Therefore, the headline is not misinforma"
8719,Misinformation,0.9,False,True,"The visual veracity module explicitly identifies the image as AI-generated with a high confidence of 0.8. The definitive rule states that if the image is AI-generated, the output must be 'Misinformation' regardless of other signals. Additionally, the retrieved evidence does not support the specific claim of a 'pink and green bus' parked on a grass field; while there are mentions of separate pink and green buses in different contexts (e.g., Balochistan project, UK transport, children's songs), there is no evidence of a single bus with both colors parked in such a setting. The image itself is likely a synthetic creation based on the keywords."
6563,Misinformation,0.9,False,True,"The visual veracity module explicitly identifies the image as AI-generated with a high confidence of 0.8. The explanation notes inconsistent lighting and unusual features (such as light emanating from the eye) that suggest manipulation or synthetic generation. According to the definitive rule, if the image is AI-generated, the output must be 'Misinformation' regardless of other signals. The retrieved evidence supports the implausibility of the claim, showing that factory workers typically wear uniforms or safety gear, not hair towels, and that images of women in pink towels are associated with bathrooms or swimming contexts, not industrial work environments."
ds3412,Misinformation,0.9,False,True,"The claim states that Castlevania came out in Japan in 1990. However, multiple authoritative sources confirm that the original Castlevania game (known as Akumajō Dracula in Japan) was first released in Japan on September 26, 1986, for the Family Computer Disk System. The year 1990 is associated with the release of 'Kid Dracula', a spin-off parody game, or the North American release of the original game (1987) and its sequel (1989/1990 depending on region/version), but not the original Castlevania's Japanese debut. Therefore, the claim is factually incorrect."
966,Misinformation,0.9,False,True,"The claim states that Marco Rubio grilled at the Iowa Pork Producers Pork Tent during the Iowa State Fair on August 18, 2015. Evidence from the retrieved sources indicates that while the Iowa Pork Producers Pork Tent was a significant venue at the 2015 Iowa State Fair, the prominent candidate associated with grilling or serving pork at that specific tent was Donald Trump (who served pork burgers on August 17, 2015) and Carly Fiorina (who appeared on August 17, 2015). There is no evidence in the provided search results or general knowledge that Marco Rubio grilled at this event. In fact, Marco Rubio's presence at the 2015 fair was less prominent compared to other candidates, and he is not recorded as having performed this specific action. The image likely depicts Donald Trump or is a misatt"
ds5156,Not Misinformation,0.9,False,True,"The claim states that new research shows COVID-19 vaccines cause permanent memory loss. The retrieved evidence does not support this claim. Specifically, evidence [1] under the 'New research COVID-19 vaccine memory loss' query clarifies that recent studies attribute drops in vaccine efficacy to the Delta variant and behavioral changes, not 'waning immunity' (which is distinct from memory loss, though the query phrasing was ambiguous, the result refutes a biological 'memory loss' mechanism for the vaccine's failure). Furthermore, evidence [5] under the same query discusses 'Long COVID Brain Damage', indicating that brain damage/memory issues are associated with the virus itself, not the vaccine. Other evidence snippets discuss side effects like myocarditis, weight loss, infertility, and men"
ds2814,Not Misinformation,0.6,False,True,"The image shows a handwritten note inside a book, which aligns with the claim of finding a Father's Day note in a used bookstore. The visual veracity signals indicate the image is not AI-generated. The retrieved evidence confirms the existence of used bookstores in Knoxville, TN (such as McKay's and Addison's) that sell fishing books, making the scenario plausible. While there is no specific news report confirming this exact viral instance, the claim describes a personal anecdote ('found this...') rather than a verifiable public event or political statement. The components (Knoxville, used bookstore, fishing book, handwritten note) are consistent with reality and not demonstrably false or deceptive. Therefore, it is classified as Not Misinformation."
ds6955,Misinformation,0.9,False,True,"The image is identified as AI-generated with high confidence (0.8). The visual content depicts two elderly men sitting with a bear, which is a surreal and contextually bizarre scenario that does not depict Henry Kissinger or Sepp Blatter. Furthermore, the retrieved evidence confirms that there is no documented relationship or association between Henry Kissinger and Sepp Blatter; their professional spheres (US foreign policy vs. FIFA governance) did not intersect. The combination of an AI-generated image unrelated to the subjects and a claim unsupported by any factual evidence constitutes misinformation."
ds6481,Not Misinformation,0.9,False,True,"The image depicts Vladimir Putin and Borut Pahor, which is confirmed by multiple evidence sources identifying them as having met on July 30, 2016, in Slovenia for the 100th anniversary of the Russian Chapel. The module signals correctly identify the individuals and the context. Although one answer snippet incorrectly cites the year as 2026, the core claim that the photo shows these two leaders is factually correct based on the 2016 event. The image is not AI-generated. Therefore, the headline/image pair is not misinformation."
5084,Misinformation,0.9,False,True,"The image is identified as AI-generated (confidence 0.8), which triggers the definitive rule to label the content as Misinformation regardless of other signals. Furthermore, the claim that the Senate voted unanimously to ban all independent media critical of the government is factually false. Retrieved evidence shows no such vote exists; instead, recent Senate activities involved votes on Russia sanctions, contempt of Congress motions regarding Anthony Fauci, and legislation like the Kids Off Social Media Act (which targets minors, not independent media). The visual depiction of a stylized elephant logo superimposed on the Capitol is a fabricated element, reinforcing the misleading nature of the post."
ds1963,Not Misinformation,0.9,False,True,"The image depicts heavy traffic on a motorway, and the headline claims this is the M5 motorway during a previous busier Easter getaway. The retrieved evidence confirms that the M5 motorway in the UK frequently experiences heavy traffic during Easter getaways, with specific reports of significant congestion, delays, and 'traffic hell' during various Easter periods (e.g., 2023, 2024, and historical references). While the image itself cannot be geotagged to the exact moment or location with certainty from the visual alone, the content (heavy motorway traffic) is consistent with the claim of M5 Easter traffic. The module signals indicate the image is not AI-generated and has partial alignment. The evidence supports the plausibility and historical occurrence of the event described. There is no "
9347,Not Misinformation,0.9,False,True,"The claim describes a man wearing glasses and a lavender shirt. The retrieved evidence confirms that men wearing glasses are common subjects in news and stock photography, and lavender shirts are a documented fashion trend for men (specifically noted as 'Digital Lavender' in 2023 and continuing trends). While the specific image is not identified as a unique news event, the description is factually consistent with real-world fashion trends and common visual depictions. There is no evidence that the image is AI-generated (visual_veracity.ai_generated is false), and the content does not contain false or misleading information regarding the subject matter. The partial alignment in the module signals is due to the generic nature of the description, but it does not constitute misinformation."
ds4921,Not Misinformation,0.6,False,True,"The headline claims that Justin Bieber and Kourtney Kardashian 'still talk' and that Selena Gomez and Younes Bendjima 'shouldn't worry' (implying no threat to their respective relationships). The retrieved evidence supports the first part of the claim: multiple sources (Geo.tv, OK! Magazine, Daily Mail) confirm that Justin Bieber and Kourtney Kardashian are still in contact and maintain a 'flirty friendship' or are 'just friends,' with recent reports of private messages resurfacing. Regarding the second part, evidence shows Younes Bendjima has denied reports of moving on and is still associated with Kourtney, while Selena Gomez's reaction to the Bieber/Kardashian dynamic is largely characterized by fan speculation rather than confirmed distress or conflict requiring 'worry' in a factual se"
3169,Misinformation,0.9,False,True,"The claim states that Ian Gillan was born on May 19, 1945. However, all retrieved evidence and module signals confirm that Ian Gillan was born on August 19, 1945. Furthermore, the visual veracity signal indicates the image is AI-generated (confidence 0.8), which triggers the definitive rule to label the pair as Misinformation regardless of other factors. The image of a baby in a stroller is also irrelevant to the specific biographical claim about Ian Gillan's birth date."
2004,Not Misinformation,0.6,False,True,"The image depicts a realistic basketball game scene, and the visual veracity check confirms it is not AI-generated (ai_generated=false). The headline 'THERE IS A GAME A BASKETBALL GAME GOING ON' is a general statement asserting the existence of a basketball game in the image. The retrieved evidence confirms that basketball games are actively played (NBA, NCAA, local leagues, etc.) and that the image content aligns with this general reality. While the evidence does not pinpoint the exact date or specific match shown in the image, the claim is not factually false or misleading in a way that constitutes misinformation; it is a true description of the visual content and a plausible real-world event. The module's answer that sources do not specify 'today' refers to the inability to verify the s"
4046,Not Misinformation,0.9,False,True,"The claim states that George H.W. Bush died at 94 in New York. The retrieved evidence confirms that George H.W. Bush died on November 30, 2018, at the age of 94. However, the evidence consistently states that he died in Houston, Texas, not New York. The module signals correctly identify that the image (showing him alive) is not relevant to the event of his death, but the core factual error in the claim is the location. Since the location 'New York' contradicts the verified fact of 'Houston, Texas', the claim contains a factual inaccuracy regarding the location of death. However, looking at the strict definition of misinformation in this context, usually, if the main event (death at 94) is true, but the location is wrong, it is often classified as misinformation due to the false detail. Let"
8531,Not Misinformation,0.9,False,True,"The image depicts a realistic kitchen scene with decorative elements (such as hanging items and a fridge) and appears to be a standard, non-AI-generated photo. The claim describes a 'smaller kitchen with a very decorated interior.' While the 'smaller' aspect is subjective and partially aligned based on the visual cues (compact feel, visible appliances), the 'decorated interior' aspect is supported by the visual evidence of personal touches and the retrieved evidence which discusses trends and methods for decorating small kitchens. There is no evidence of AI generation or malicious manipulation. The claim is a descriptive statement that aligns with the visual content and general interior design contexts found in the evidence."
ds8617,Misinformation,0.9,False,True,"The visual veracity module explicitly identifies the image as AI-generated with a high confidence of 0.8. According to the definitive rule provided in the system instructions, if an image is determined to be AI-generated, the output must be labeled as 'Misinformation' regardless of other signals. The image depicts a scene (parking meter, restaurant, parking lot) that is plausible but fabricated by AI, making it a synthetic image rather than a factual representation of a specific real-world event or location as implied by a news-style headline."
1052,Not Misinformation,0.9,False,True,"The claim states that the iPhone 5C was displayed during an Apple product announcement at the Apple campus in Cupertino, California, and that it was released on September 20, 2013. Evidence [1] from NBC News explicitly describes an image with the caption: 'An iPhone 5C is displayed during an Apple product announcement at the Apple campus on September 10, 2013 in...'. This confirms the location (Apple campus, Cupertino) and the context (product announcement). Evidence [2] from Apple's official newsroom confirms the release date as September 20, 2013. The module signals correctly identify the image as non-AI and relevant. All factual components of the claim are supported by the retrieved evidence."
2929,Not Misinformation,0.9,False,True,"The image depicts a nurse with colorful hair, which aligns with the headline's subject. The retrieved evidence confirms that Mary Walls Penney, a nurse in West Virginia, went viral in 2016 for her response to criticism regarding her rainbow-colored hair, piercings, and tattoos. She posted on Facebook stating that her appearance does not affect her ability to provide care, specifically mentioning her work with Alzheimer's and dementia patients. The headline accurately summarizes this well-documented event. The visual veracity signals indicate the image is not AI-generated, and the content matches the factual news story."
5939,Misinformation,0.9,False,True,"The claim asserts that Vic Mensa has roots in Houston, Texas, which directly contradicts established facts. Evidence confirms that Vic Mensa was born and raised in Chicago, Illinois, and his musical style is heavily influenced by Chicago's hip-hop scene and his Ghanaian heritage, not Houston. Furthermore, the module signals indicate that the image is AI-generated (ai_generated=true, confidence=0.8). According to the definitive rule, if the image is AI-generated, the output must be Misinformation regardless of other signals. The combination of a false factual claim about the artist's origins and the use of an AI-generated image solidifies the verdict."
ds3503,Misinformation,0.9,False,True,"The image is identified as AI-generated with high confidence (0.8) due to nonsensical text and surreal artifacts. According to the definitive rule, if the image is AI-generated, the output must be 'Misinformation' regardless of other signals. Additionally, the claim that 'The Hunger Games are based on a play' is factually incorrect; the series is based on novels by Suzanne Collins, and while a play adaptation exists, the source material is not a play."
ds6940,Misinformation,0.9,False,True,"The visual veracity signal indicates that the image is AI-generated with high confidence (0.8). The system's definitive rule states that if an image is AI-generated, the output must be 'Misinformation' regardless of other signals. Additionally, the retrieved evidence does not support the specific claim that there is a known comic book about trafficking in Indonesia being read by an Indonesian girl; while anti-trafficking comics exist in other regions (e.g., Nepal), there is no evidence linking this specific visual or narrative to Indonesia. The image itself contains surreal elements (a skeleton) and garbled text, further confirming it is not a factual depiction of a real event."
ds8840,Misinformation,0.9,False,True,"The visual veracity module explicitly identifies the image as AI-generated with a high confidence of 0.8. The definitive rule states that if the image is AI-generated, the output must be 'Misinformation' regardless of other signals. Additionally, the image content (a dump truck on grass) contradicts the claim (dump truck on green asphalt), further supporting the mislabeling, but the AI generation status is the primary determinant."
ds4482,Not Misinformation,0.9,False,True,"The claim states that 'San Juan Teamsters Didn't Show Up for Work to Distribute Relief Supplies.' The retrieved evidence directly contradicts this claim. Specifically, Snopes [2] and Teamsters official sources [5] confirm that Teamsters in Puerto Rico (including Local 901 in San Juan and members from across the country) actively participated in disaster relief efforts following Hurricane Maria, working to assist survivors and distribute aid. There is no evidence in the provided snippets suggesting a strike or refusal to work by the San Juan Teamsters regarding relief supplies; rather, the evidence highlights their active involvement. The image, while generic, does not contradict the factual correction that the Teamsters did show up. Therefore, the headline's assertion of a 'smoking gun' re"
ds4702,Not Misinformation,0.9,False,True,"The headline asks a question ('Why Friends Think She's Got A Secret') rather than stating a definitive false fact. The retrieved evidence confirms that there are indeed rumors and reports regarding Gwen Stefani's pregnancy (with some sources claiming a baby was born in late 2025/2026, while others discuss ongoing speculation) and that friends have expressed concern or noted a 'secret' regarding her political alignment ('MAGA makeover'). The image is a genuine photograph of the couple. Since the headline reflects existing media narratives and rumors without asserting a proven falsehood as absolute fact, and the visual is authentic, it is classified as Not Misinformation."
1231,Misinformation,0.9,False,True,"The claim states that Robert Griffin III (RGIII) was the quarterback for the Redskins during a game at Raymond James Stadium. However, evidence confirms that RGIII was released by the Washington Redskins in March 2016. The Redskins played at Raymond James Stadium in the preseason on August 31, 2016, and August 31, 2017. In 2016, RGIII was no longer on the team (he was with the Cleveland Browns in 2016). In 2017, the starting quarterback was Alex Smith (as noted in evidence [4] of the 'When did Redskins play...' query, which mentions Alex Smith securing a win, and general knowledge that Smith started in 2017). Therefore, RGIII could not have been the Redskins quarterback running warmups at that stadium during the games played there after his release. The image likely depicts a different pla"
4217,Not Misinformation,0.6,False,True,"The headline claims J.Lo is 'wild' over A-Rod's 'passionate' kisses and that their makeouts are 'next level'. The retrieved evidence confirms that Jennifer Lopez and Alex Rodriguez were indeed a couple who engaged in public displays of affection, including kissing, during their relationship (2017-2021). Specifically, evidence [2] from Elite Daily discusses a video where they answer questions about their relationship, including 'Who initiated the first kiss?', confirming the existence of such interactions. Evidence [1] from Bossip mentions them being 'Captured Kissing In Public'. While the couple has since split (as noted in evidence [2] from People and [3] from AOL), the headline likely refers to content from their active relationship period or recent rumors of reconciliation (evidence [1]"
992,Not Misinformation,0.9,False,True,"The retrieved evidence confirms that the Shiawassee River in Michigan experienced significant flooding in April 2026, with overflow in Owosso and flood warnings across the state. Reports indicate that this flooding caused damage to homes and businesses, with FEMA allocating funds for recovery. The Shiawassee National Wildlife Refuge, located along the river, is a wetland area known to hold stormwater and experience high water levels during such events. The image depicts a flooded area consistent with these reports. There is no evidence suggesting the image is AI-generated or that the claim is false; rather, the visual aligns with the documented weather events and their impacts in the specified location."
ds6586,Misinformation,0.9,False,True,"The module's visual veracity signal explicitly states that the image is AI-generated with high confidence (0.9), depicting a surreal and physically impossible scenario (jellyfish floating in a bedroom). The definitive rule provided in the instructions mandates that if the image is AI-generated, the output must be 'Misinformation' regardless of other signals. Although the claim 'a person holds their hand on a bed' is technically true for the visual content (a hand is present on a bed), the image itself is a fabricated, non-realistic representation. In the context of misinformation detection, presenting an AI-generated surreal image as a factual depiction of a real-world event or scene constitutes misinformation. The irrelevance signal further supports that the image does not align with stan"
ds1582,Misinformation,0.9,False,True,"The claim states that Norway won 3-1 against England in the European Under-21 Championship. However, the retrieved evidence indicates two major factual errors in the claim. First, regarding the tournament and result: While Norway did beat England 3-1 in the UEFA European Under-21 Championship semi-finals in 2013 (Source [2] in Evidence Q1), the claim conflates this with a different match. The evidence also shows a Norway vs. England match in the 2026 FIFA World Cup where England won 2-1 (Sources [2], [3], [4] in Evidence Q2/Q3). The claim incorrectly attributes the 3-1 scoreline to a victory for Norway in a context that might be confused with the 2026 World Cup match (where they lost) or misidentifies the tournament. More critically, the claim identifies the goalkeeper as 'Nyland Haskjold'"
ds6549,Misinformation,0.9,False,True,"The visual veracity module explicitly identifies the image as AI-generated (ai_generated=true, confidence=0.8), citing the presence of surreal angel wings on the mother as a key indicator. According to the definitive rule provided in the system instructions, if the image is AI-generated, the output must be labeled as 'Misinformation' regardless of other signals. The presence of non-realistic elements (wings) confirms the image is not a factual depiction of a real event or person, but rather a synthetic creation."
ds1547,Misinformation,0.9,False,True,"The claim contains a factual error regarding the custodianship of Watarrka National Park. While the claim correctly identifies the size of the park (approx. 105,200 hectares or 1,052 sq km) and mentions the Martutjarra-Luritja people (who are indeed traditional owners of the land in the broader region and have cultural connections to the area, as noted in evidence [3] regarding Kings Canyon), it incorrectly states that the park is under their *custodianship*. Evidence [4] from The Canberra Times and Evidence [5] from the NT Government's Joint Management Plan explicitly state that Watarrka National Park is on the traditional lands of the **Anangu** Aboriginal people. The Anangu are the primary traditional owners and custodians recognized for the park, distinct from the Luritja people who ar"
ds9027,Misinformation,0.9,False,True,"The visual veracity module explicitly identifies the image as AI-generated with a high confidence of 0.8. The evidence notes unnatural textures and overly perfect crusts typical of AI generation. According to the definitive rule provided in the system instructions, if the image is AI-generated, the output must be labeled as Misinformation regardless of other signals. The headline describes a specific food item (Chicago style deep dish pizza with tomato sauce and sausage), but since the image is not a real photograph of such an item, it constitutes misinformation in the context of visual media verification."
ds8208,Not Misinformation,0.9,False,True,"The image depicts a protest, and the claim states that activists protested the Summer Olympics in Brazil citing corruption, mismanagement, and wealth domination. Historical evidence confirms that significant protests occurred in Rio de Janeiro during the 2016 Summer Olympics. These protests were driven by concerns over water pollution, broken environmental promises, the construction of an Olympic golf course on protected land (the 'Occupy Golf' movement), and broader issues of political corruption, economic recession, and social inequality (the 'domination of the wealthy' aspect). While the specific image provided may be a stock photo or a generic representation (as the module signals only 'partial' alignment and no specific visual identifiers for the 2016 event are confirmed in the text),"
ds1877,Not Misinformation,0.9,False,True,"The claim states that Gordon Taylor settled into his role as chairman of the PFA in November 1978 and moved to chief executive in 1981. Multiple retrieved evidence sources (The Guardian, Daily Mail, iNews, BBC) explicitly confirm these specific dates and roles. The module signals indicate the image is not AI-generated (visual_veracity ai_generated=false) and is a genuine photograph, although it is only partially aligned with the specific event (it shows a man in an office, which is consistent with the description but not a definitive historical photo of the 1978 event). However, since the image is real and the textual claim is factually verified by multiple sources, the pair is not misinformation."
ds1998,Not Misinformation,0.9,False,True,"The image depicts a protest scene with signs reading 'NO CUTS', which visually aligns with the claim that spending cuts spark protests. The module signals confirm the image is not AI-generated (visual_veracity ai_generated=false) and is relevant to the topic. The retrieved evidence strongly supports the causal link between spending cuts and protests. Specifically, multiple sources cite recent large-scale protests in France (October 2025) against President Macron's proposed spending cuts, with tens of thousands to hundreds of thousands of participants. Additionally, general evidence indicates that austerity measures (spending cuts reaching 5% of GDP) are associated with higher frequencies of instability and larger protest participation. Therefore, the claim that increasing the pace of spend"
578,Not Misinformation,0.6,False,True,"The image depicts a person working with pumps/sandbags in a flood context, which aligns with the claim of flood mitigation efforts. The retrieved evidence confirms that Clarksville, Missouri, is located on the Mississippi River and has experienced significant flooding events (e.g., 2013, 2014, 2023) where residents engaged in 'flood fights' using pumps and sandbags to protect properties. While the specific individual 'Bob Bailey' and his specific rental properties are not explicitly identified in the provided search snippets, the general scenario described (a resident in Clarksville, MO, using a pump to protect property from Mississippi River flooding) is factually consistent with historical and recent events in that location. The visual veracity is confirmed as real (not AI-generated). Th"
ds4435,,,False,False,PARSE_FAILURE
4186,Misinformation,0.9,False,True,"The headline claims that James Van Der Beek is alive and interacting with Katie Holmes to make 'Jamie' jealous. However, the retrieved evidence confirms that James Van Der Beek died on February 11, 2026 (according to the provided search results, which appear to be from a future date or a specific context of the retrieval, but consistently state his death). Specifically, sources [1], [2], [4], and [5] in the first evidence block explicitly state that James Van Der Beek has died and Katie Holmes paid tribute to him. A deceased person cannot reignite a friendship or engage in social dynamics to make someone jealous. Furthermore, the 'Jamie' in the headline is likely a confusion with Jamie Foxx (Katie's ex-partner) or a fictional character, but the core premise involving James Van Der Beek is "
ds5919,Misinformation,0.9,False,True,"The headline claims that Ares is the 'nephew of Zeus and Hera'. According to established Greek mythology and all provided evidence sources (Wikipedia, Theoi Project, etc.), Ares is the biological son of Zeus and Hera, not their nephew. While the image is not AI-generated, the textual claim in the headline is factually incorrect regarding the specific lineage described. The module signals also confirm this factual error with high confidence (1.0) in the answer section. Therefore, the content is misinformation."
ds379,Not Misinformation,0.9,False,True,"The claim states that three people died during a police raid on an apartment in Saint-Denis five days after the attacks. Evidence confirms that the raid occurred on November 18, 2015, which was five days after the November 13, 2015 Paris attacks. Regarding the death toll, multiple sources (Wikipedia, CBS News, NDTV) confirm that three individuals were killed during the raid: the suspected mastermind Abdelhamid Abaaoud, a woman who detonated an explosive device, and a third suspect. While one source (Firstpost) initially reported two deaths, subsequent reporting and the CBS News snippet explicitly mention a 'third body found,' aligning with the claim of three deaths. The image shows police activity consistent with the event, and the visual veracity is not AI-generated. Therefore, the core f"
ds3753,Misinformation,0.9,False,True,"The claim states that the Icelandic Coast Guard 'rarely performs a service.' The retrieved evidence directly contradicts this claim. Multiple sources confirm that the Icelandic Coast Guard is highly active, performing continuous search and rescue operations, maritime surveillance, national defense (as Iceland has no standing military), and law enforcement. Specific evidence includes their role in rescuing migrants in the Mediterranean (Operation Triton), monitoring Russian ships, responding to cargo ship fires, and conducting regular patrols. The Coast Guard maintains a continuous listening watch and operates helicopters and ships actively. Therefore, the assertion that they 'rarely' perform services is factually incorrect."
ds6032,Not Misinformation,0.9,False,True,"The image depicts a real ostrich interacting with a human, likely in a sanctuary or farm setting, which aligns with the visual veracity signals (ai_generated=false). The headline 'this ostrich with interesting table manners' is a humorous, anthropomorphic description of the bird's feeding behavior. Evidence confirms that ostriches are often fed by hand in sanctuaries (e.g., in South Africa), and their feeding can be described as 'interesting' or 'aggressive' due to their size and speed, as noted in search results describing 'fun' and 'wild' feeding experiences. The claim does not assert a factual biological capability (like having human table manners) but rather describes the visual scene humorously. Since the image is real and the caption is a subjective, humorous interpretation of a real"
3980,Misinformation,0.9,False,True,"The claim 'Touch My Body is a law' is factually incorrect. 'Touch My Body' is a well-known song by Mariah Carey (released in 2008), not a piece of legislation. While there are laws regarding physical contact (such as assault, battery, and harassment laws), there is no specific statute named 'Touch My Body'. The image provided is a generic stock photo of a courtroom, which does not substantiate the specific claim that a law with this title exists. The module signals correctly identify that the image is not AI-generated but also note the lack of alignment with the specific subject. Since the core assertion of the headline is false, it constitutes misinformation."
ds2845,Not Misinformation,0.6,False,True,"The image is verified as a genuine photograph (AI-generated=false) of a gas pump. The claim states that a premium pump in a secluded part of Arkansas has a spider web on it. While the retrieved evidence does not contain a specific news report confirming this exact viral image or event, it also does not refute the possibility. The evidence confirms that premium gas pumps exist in Arkansas and that secluded gas stations exist in Arkansas. The absence of a specific news report about a spider web on a pump suggests this may be a user-generated photo or a minor local incident not covered by major news outlets, rather than a fabricated story. Since the visual content is real and the location/type of object is plausible and consistent with the claim, and there is no evidence proving the image is "
1318,Not Misinformation,0.6,False,True,"The image shows patrons seated at a bar and in rows, which aligns with the 'relaxing' aspect of the claim. The retrieved evidence confirms that bocce is a popular game in bars (e.g., Bar Bocce, Pinstripes, Cassese's MVR) and that patrons often relax in lounge areas or bars while waiting for courts or playing. While the specific mention of 'theater seats' is unusual for a typical bar, the visual evidence of 'rows' of seating could correspond to a venue with a specific layout (like a lounge with tiered seating or a multi-purpose space) or simply be a loose description of rows of bar stools/tables. The core claim that patrons relax in a bar setting while engaging in or waiting for bocce is supported by evidence of the existence of such venues. The image is verified as real (not AI-generated)."
ds2773,Not Misinformation,0.9,False,True,"The image depicts a Bible and a Book of Mormon in a hotel room drawer, which aligns with the claim. Evidence confirms that Marriott hotels, a major chain with significant presence in Detroit, have a long-standing tradition of placing both the Bible and the Book of Mormon in guest rooms due to the founding family's affiliation with the Church of Jesus Christ of Latter-day Saints. While the specific hotel brand isn't named in the headline, the presence of these specific texts together is a well-documented feature of Marriott properties, making the claim plausible and consistent with known industry practices. The image is verified as real (not AI-generated)."
ds8795,Not Misinformation,0.6,False,True,"The claim describes a scene ('Two men wearing sunglasses cross the street at night') that is visually plausible and not contradicted by the evidence. The visual veracity module indicates the image is not AI-generated (confidence 0.2 for AI generation, meaning high confidence it is real). The retrieved evidence confirms that men do wear sunglasses at night (often for fashion or mystique) and that images of men crossing streets at night exist (e.g., stock photos in Barcelona). While the 'relevancy' signal is 'partial' because the specific details (sunglasses, crossing action) are hard to verify from the provided text description alone, there is no evidence suggesting the image is fake or the claim is false. The claim is a descriptive statement about a real-world possibility depicted in a rea"
6395,Misinformation,0.9,False,True,"The visual veracity module explicitly identifies the image as AI-generated with a high confidence of 0.9, noting exaggerated facial features and unnatural proportions. According to the definitive rule provided, if an image is AI-generated, the output must be 'Misinformation' regardless of other signals. The headline 'dont worry beyonce nobody will ever know this was you' implies a deceptive context or a reveal of identity that is rendered moot by the fact that the image itself is synthetic and not a real photograph of the event or person in a factual context. Therefore, the pair constitutes misinformation."
ds5285,Misinformation,0.9,False,True,"The claim states that Hillary Clinton is 'secretly planning to run for President in 2024.' However, multiple pieces of evidence confirm that Hillary Clinton has publicly denied any intention to run in 2024. Specifically, she criticized President Biden's 2024 reelection bid as a 'terrible mistake' and has stated she is not running, focusing instead on supporting other candidates or discussing potential 2028 runs. The use of the word 'secretly' contradicts her public denials and the lack of any credible reports suggesting a hidden campaign. Therefore, the headline presents a false narrative about her political activities."
ds7674,Not Misinformation,0.9,False,True,"The claim states that 'The Highlands attracts 80 of its visitors from other parts of the UK'. While the specific statistic '80' is ambiguous (likely meaning 80% or 80,000, but grammatically incomplete), the core assertion that the Scottish Highlands attract a significant number of visitors from within the UK is supported by evidence. The retrieved evidence confirms that the Highlands are a major tourist destination in Scotland, attracting millions of visitors for scenery and culture. Domestic tourism (visitors from other parts of the UK) is a primary driver of this industry. The image provided is irrelevant to the claim (showing debris/rocks rather than tourists or the Highlands landscape), and the module signals correctly identify this lack of alignment. However, the rule for 'Misinformat"
2728,Not Misinformation,0.9,False,True,"The claim describes a specific real-world event: US border activist Scott Daniel Warren faced up to 20 years in prison for providing water and aid to migrants, but a jury failed to convict him (resulting in a mistrial due to a hung jury). The retrieved evidence confirms this exact scenario in multiple sources (e.g., The Guardian, GV Wire). The module signals indicate the image is a genuine photograph (not AI-generated) and is partially aligned with the subject. Since the image is verified as real and the headline accurately describes a documented legal case involving an activist and jury nullification/hung jury, the content is not misinformation."
ds8721,Not Misinformation,0.6,False,True,"The image shows a bowl of white rice and broccoli. The headline claims the image depicts 'white rice, beef and a vegetable dish'. The visual evidence confirms the presence of white rice and a vegetable (broccoli). However, the image does not visibly contain beef. The module signals correctly identify this discrepancy, noting 'partial' alignment because the beef is missing from the visual. Since the image is real (not AI-generated) and depicts a plausible component of the described meal (rice and veg), but fails to show the main protein (beef), it is not a definitive 'Misinformation' in the sense of being a fake or AI-generated image. However, it is misleading if interpreted as a complete representation of the headline. Given the strict rule to output Misinformation only if AI-generated, an"
ds9200,Misinformation,0.9,False,True,"The visual veracity module explicitly identifies the image as AI-generated with a high confidence of 0.9. The explanation notes unnatural blending of the dog's shirt with its body and distorted anatomy, which are strong indicators of synthetic media. According to the definitive rule, if the image is AI-generated, the output must be labeled as Misinformation regardless of other signals. The headline claims a specific real-world scenario ('A plaid couch with a black dog sitting on it'), but the image is a fabricated representation, making the claim misleading in the context of presenting it as factual evidence or a real photograph."
ds3723,Misinformation,0.9,False,True,"The claim states that 'The Originals' began airing in October 2005. However, the retrieved evidence and module signals confirm that 'The Originals' premiered on The CW on October 3, 2013, not 2005. Furthermore, the visual veracity module indicates that the image is AI-generated (confidence 0.8). According to the definitive rule, if the image is AI-generated, the output must be 'Misinformation' regardless of other signals. The combination of a false date in the claim and an AI-generated image confirms the label."
7601,Not Misinformation,0.9,False,True,"The retrieved evidence confirms that on July 1, 2016, gunmen attacked the Holey Artisan Bakery in Dhaka, Bangladesh. Multiple news sources (AP, Reuters, NBC News, Getty Images) explicitly describe and caption images showing Bangladeshi security personnel standing guard near the restaurant during or immediately after the attack. The module's 'relevancy' signal was marked as 'false' with low confidence, likely due to a generic description of the image content without specific metadata in the prompt's internal logic, but the external evidence validates that such images exist and accurately depict the event described in the claim. The visual veracity signal indicates the image is not AI-generated. Therefore, the image is a valid depiction of the claimed event."
9081,Not Misinformation,0.9,False,True,"The image depicts a lunch box containing food items that align with the claim. The module signals indicate the image is real (AI-generated: false) and shows sandwiches and carrots, which matches the claim. The claim also mentions a muffin and salad. While the module notes partial alignment due to the muffin and salad not being clearly visible, the image does not contradict the claim (i.e., it doesn't show an empty box or completely different items). The retrieved evidence confirms that sandwiches, carrots, salads, and muffins are all common and plausible items in a lunch box. Since the image is verified as real and contains the primary items mentioned (sandwiches, carrots), and the missing items (muffin, salad) are not visually contradicted (they could be present but obscured or less disti"
ds2006,Not Misinformation,0.6,False,True,"The image is verified as a genuine photograph (AI-generated=false) showing people lined up near an airplane. The claim states that people are lined up near an airplane and others are in military uniform. While the retrieved evidence does not identify a specific viral news event matching this exact description (suggesting the image might be a generic stock photo or a scene from a non-notable event), there is no evidence contradicting the visual content. Military personnel are commonly seen at airports (as noted in evidence regarding troop travel and layovers), and civilians often line up near aircraft for boarding or viewing. Since the image is real and the claim describes a plausible scene without making a false specific attribution to a non-existent event, it is not classified as misinfor"
ds6266,Misinformation,0.9,False,True,"The visual veracity module explicitly identifies the image as AI-generated with a high confidence of 0.9. The image depicts a turkey flying over a cityscape, which is physically impossible in a realistic context and appears digitally inserted. According to the definitive rule, if the image is AI-generated, the output must be 'Misinformation' regardless of other signals. Additionally, the relevancy module indicates that the image does not align with the headline's context, further supporting the conclusion that this is a fabricated or misleading presentation."
708,Not Misinformation,0.9,False,True,"The claim states that in 2011, Carmelo Anthony had to deny reports that his wife, La La Vazquez Anthony, was forcing him to seek a trade out of Denver. The retrieved evidence confirms that in April 2011, La La Vazquez Anthony explicitly denied making negative comments about the Denver Nuggets on a radio station, which TMZ reported as her denying that she 'blasted' her husband's old team. While the specific phrasing 'forcing him to seek a trade' is a sensationalized interpretation of the media narrative surrounding their move to New York (which was driven by Carmelo's desire to join the Knicks), the core event of La La denying negative involvement or pressure regarding the trade situation in 2011 is supported by the evidence. The image is identified as a genuine photograph of the couple. Th"
ds354,Not Misinformation,0.9,False,True,"The claim states that Aon was unveiled as the sponsor of Manchester United in July 2010. Evidence confirms that while the sponsorship deal was signed in June 2009 and officially began on June 1, 2010, the new home kit featuring the Aon logo was revealed (unveiled) on July 14, 2010. The image shows Manchester United jerseys with the Aon logo, which aligns with the visual evidence of the kit reveal. Therefore, the statement is factually accurate regarding the unveiling event in July 2010."
7119,Not Misinformation,0.6,False,True,"The image depicts Julian Assange holding a newspaper, which is a real photograph (AI-generated=false). The headline claims he is 'at the Ecuadorian embassy' and 'calling for the threat of arrest to be lifted'. While the image itself does not show the embassy (it appears to be a file photo from a different time, possibly 2016 based on evidence snippets), the subject is correct. The claim that he called for the threat of arrest to be lifted is not supported by the provided evidence, which focuses on his arrest, extradition, and plea deal. However, the 'definitive rule' for Misinformation applies only if the image is AI-generated. Since the image is real, and the headline contains a mix of factual context (he was at the embassy for years) and potentially misleading or unverified specific clai"
6424,Misinformation,0.9,False,True,"The image is identified as AI-generated with high confidence (0.9). The visual content depicts a fantastical, humanoid-bird creature (a mythological harpy) interacting with a human, which is biologically impossible and not a real-world event. The headline 'harpy coming in for a landing' implies a real-world occurrence of such a creature. Since harpies are mythological beings and not real animals (unlike the harpy eagle, which is a bird but does not have a human torso), the image is a fabrication. According to the definitive rule, if the image is AI-generated, the output must be Misinformation regardless of other signals."
5060,Misinformation,0.9,False,True,"The headline claims that 'Experts Warn Against Using Smartphones Due to Harmful Radiation Exposure Linked to Cancer.' This is a misrepresentation of the scientific consensus. Evidence from major health organizations (WHO, FDA, CDC, NCI) and scientific reviews indicates that there is no conclusive evidence linking smartphone radiation to cancer in humans. While some studies suggest potential risks (such as effects on fertility or blue light impacts), the primary consensus is that the risk is low or unproven, and experts do not generally 'warn against using' smartphones outright. The headline presents a fringe or unproven concern as a definitive expert warning, which constitutes misinformation. The image is a generic stock photo and does not validate the specific claim, but the textual claim"
3899,Misinformation,0.9,False,True,"The claim states that the Tenth Doctor is accompanied by Rose Tyler for 'The End of Time'. 'The End of Time' refers to the two-part special of Doctor Who that aired in 2009/2010, which served as the finale for the Tenth Doctor's era (David Tennant). In this special, the Tenth Doctor's primary companion is Wilfred Mott (his late wife's grandfather). Rose Tyler does not appear in 'The End of Time'. Rose Tyler's final appearance as a companion was in the 2008 series finale 'Journey's End', where she was returned to a parallel universe. While Rose was a companion to the Tenth Doctor during Series 1 and 2, she was not his companion during 'The End of Time'. Therefore, the claim is factually incorrect regarding the specific event mentioned."
ds511,Misinformation,0.9,False,True,"The claim states that Whiskey Down boasts 'more than 100 brown spirits'. However, the retrieved evidence from the official MGM Grand website and other sources (Eater, Tripadvisor) consistently states that Whiskey Down features an impressive selection of 'more than 50' different types of whiskies. The number 100 is significantly higher than the verified count of 50+. Additionally, while the module signals incorrectly state that Whiskey Down does not offer gaming options, the evidence confirms it is a 'high-end gaming lounge' with blackjack tables and video poker. However, the primary factual error regarding the quantity of spirits (100 vs 50) makes the headline misleading and factually incorrect based on the provided evidence."
3537,Misinformation,0.9,False,True,"The definitive rule states that if the image is AI-generated (visual_veracity ai_generated=true, confidence>0.6), the output must be 'Misinformation'. The module signals indicate that the image is AI-generated with a confidence of 0.8. Therefore, regardless of the factual accuracy of the claim regarding film genres, the presence of an AI-generated image associated with the claim triggers the 'Misinformation' label."
ds9777,Not Misinformation,0.9,False,True,"The claim states that Des Warren and Ricky Tomlinson starred in the 1975 film 'They Were Great' and were blacklisted for their union activity in 1972. Evidence [4] explicitly confirms that a photo of 'Dennis Warren, left, and Ricky Tomlinson in 1975' exists and notes they were jailed after being pickets in the 1972 strike. Evidence [1] and [2] confirm they were imprisoned in 1973 for their role in the 1972 Shrewsbury 24 strike and subsequently faced difficulties finding work (effectively blacklisted) in the building industry, as noted in Evidence [3]. The film 'They Were Great' was released in 1975, and both men appeared in it. The module's retrieved answers contained hallucinations regarding EU/Russia blacklists, but the primary web evidence supports the core factual claims of the headlin"
5524,Misinformation,0.9,False,True,"The claim that Jennifer Aniston sabotaged Brad Pitt's Hollywood comeback is false. Evidence confirms that Jennifer Aniston and Brad Pitt divorced in 2005 due to differing life goals, career demands, and views on parenthood, not sabotage. Aniston has publicly addressed and debunked rumors regarding their split, clarifying that she was not solely focused on her career to the detriment of the relationship. Furthermore, there is no credible evidence linking Aniston to any specific 'sabotage' of Pitt's recent career activities. The headline presents a fabricated narrative inconsistent with established facts about their relationship and Pitt's career trajectory."
ds4669,Not Misinformation,0.9,False,True,"The headline accurately describes the 2018 film 'A Star Is Born' as a remake starring Bradley Cooper and Lady Gaga, which is confirmed by multiple evidence sources. The module signals indicate that the image is not AI-generated (visual_veracity.ai_generated=false) and, while the image itself is not explicitly identified in the text, the low relevancy score suggests it may be a generic or unrelated image rather than a specific still from the movie. However, the definitive rule states that if the image is AI-generated, it is Misinformation. Since the image is determined to be real (not AI-generated), and the textual claim is factually correct, the pair is not classified as Misinformation based on the provided rules. The lack of visual alignment (image not showing the stars) is a relevancy is"
2169,Not Misinformation,0.9,False,True,"The image is verified as a genuine photograph (AI-generated: false) and shows personal items including shoes, a cap, and an iPod, which aligns with the headline's description. The retrieved evidence confirms the existence and cultural relevance of these items (e.g., iPod history, name tag usage). There is no evidence suggesting the image is fabricated or that the headline is deceptive. The partial relevancy noted in the module signals is due to the generic nature of the headline ('other items'), but the core visual elements match the text. Therefore, the pair is not misinformation."
889,Not Misinformation,0.6,False,True,"The image depicts a group of people on a shore, which is consistent with the claim of migrants being seen on the shore of Rhodes, Greece. The module signals indicate the image is not AI-generated (visual_veracity.ai_generated=false). The retrieved evidence confirms that Rhodes, Greece, is currently experiencing a significant migrant crisis with arrivals and people on shores/islands (Evidence [1], [5] from the first query set, and general context from the second and third). While the specific identity of the individuals in the photo cannot be verified without metadata, the scene is plausible and aligns with the well-documented reality of migrant arrivals on Rhodes. The partial alignment in the module signals correctly notes that the image doesn't explicitly prove the location, but given the"
ds4772,Misinformation,0.9,False,True,"The claim that Ed Sheeran admitted he was able to 'bed hot women because of Taylor Swift' is false. The retrieved evidence and module signals indicate that Ed Sheeran and Taylor Swift share a close, platonic friendship and professional collaboration. While Sheeran has made humorous comments about Swift being a 'middle-aged woman trapped in a 20-something's body' and acknowledged her competitive nature, there is no evidence supporting the claim that he credited her for his sexual success or dating life. The module signals correctly identify low relevancy (0.2) between the image/headline and the actual relationship dynamics, noting that the subjects do not match the specific individuals in a way that supports the headline's narrative. The headline is a fabricated sensationalization of their "
ds372,Not Misinformation,0.9,False,True,"The headline 'Lost direction Rusting emergency vehicle used in the 1970 protests at Jackson State College Mississippi' appears to be a caption or description associated with a specific image, likely from a news article or exhibit. Evidence [4] from the retrieved snippets explicitly links the phrase 'Lost direction: Rusting emergency vehicle used in the 1970 protests at Jackson State College, Mississippi' to a BBC News article by Sean Coughlan. This confirms that the text is a real headline/caption describing a specific artifact (a rusting emergency vehicle) related to the historical events of the 1970 Jackson State killings. The image signals indicate the vehicle is real (not AI-generated) and the context aligns with the historical protests. Therefore, the image and headline pair represent"
6440,Misinformation,0.9,False,True,"The image is identified as AI-generated with high confidence (0.9). The module signals explicitly state that the visual veracity is 'ai_generated: true'. According to the definitive rule provided in the system instructions, if the image is AI-generated, the output must be 'Misinformation' regardless of other signals. The claim describes a surreal and physically impossible scenario (a leader on mechanical stilts being adjusted), which aligns with the AI-generated nature of the image rather than factual reality. While Kim Jong-un has taken smoke breaks in reality, the specific context of 'stilt legs' being adjusted is fabricated by the AI generation."
ds2864,Not Misinformation,0.9,False,True,"The image shows colored eggs, and the claim attributes the speckled appearance to dye leaking during peeling. While the specific mechanism of 'leaking' might be a colloquial description of a resist technique (like using stickers or wax, as evidenced by search results for 'How to Dye Polka Dot Eggs'), the visual phenomenon of polka-dotted eggs is real and commonly achieved through dyeing processes. The image is not AI-generated (visual_veracity ai_generated=false). The claim describes a plausible outcome of an egg-dyeing activity, even if the technical explanation ('leaked') is slightly imprecise compared to 'resist pattern'. It does not constitute misinformation in the sense of being a fabricated event or deepfake; it is a description of a craft result. The retrieved evidence confirms that"
ds9049,Not Misinformation,0.6,False,True,"The claim states the image shows 'a living room with a fireplace and a table and chair'. The module signals indicate that the image is a genuine photograph (not AI-generated) and shows a living room with chairs and a table, but explicitly notes the absence of a visible fireplace. The retrieved evidence consists of general articles and stock photo descriptions about living rooms with fireplaces, but does not identify the specific image in question as one of those stock photos or confirm the presence of a fireplace in this specific image. Since the visual evidence (as interpreted by the module) contradicts the presence of the fireplace, and there is no external evidence linking this specific image to a fireplace, the claim is not fully supported. However, because the image is real and depict"
1505,Misinformation,0.6,False,True,"The claim states that business rates have added 'about 500m' to retailers' costs in the 'past three years'. The retrieved evidence provides specific figures for business rate impacts, but they do not support the '500m' figure for the 'past three years'. Evidence [1] under 'Retail costs increase due to business rates' cites a £140m hike for 'next April' and mentions other costs like National Insurance (£2.3b) and Living Wage (£367m). Evidence [3] under the same section mentions an extra £242m from April. While these figures are in the hundreds of millions, they refer to specific annual hikes or future liabilities, not a cumulative total of 500m over a three-year period. Furthermore, the evidence highlights that retailers are calling for freezes and relief, suggesting the burden is significa"
ds1418,Not Misinformation,0.6,False,True,"The claim describes a specific event: a free gathering of hundreds to see Brazilian music stars, dubbed the 'Alternative Olympic Opening Ceremonies'. The visual evidence shows a live music performance with a crowd, which is consistent with the description of a music event. The module signals indicate the image is real (not AI-generated). The retrieved evidence confirms that 'Alternative Olympic Opening Ceremonies' have occurred (e.g., in Warsaw in 2008) and that free Brazilian music events featuring stars like Marcus Santos do happen. While the specific image cannot be definitively linked to a specific 'Alternative Olympic Opening Ceremony' featuring Brazilian stars in the provided snippets (as the Warsaw event was political/protest-oriented and the Brazilian music events listed are distin"
690,Misinformation,0.9,False,True,"The claim states that Gus Malzahn was the Auburn coach on the sideline during the third quarter. Evidence confirms that Gus Malzahn was fired as Auburn's head coach in December 2020 and has not coached for Auburn since. He served as head coach at UCF from 2021 to 2024 and was recently reported to have retired from coaching in 2026. Therefore, he could not be coaching Auburn in any recent context (such as 2023 or later). The image likely depicts a different coach (such as Hugh Freeze, who coached Auburn in 2023, or a past coach like Tommy Tuberville) or is mislabeled. Since the core assertion of the headline (Malzahn coaching Auburn) is factually false for any recent timeframe, it constitutes misinformation."
ds7963,Not Misinformation,0.9,False,True,"The claim states that 96 people died at the 1989 FA Cup semifinal at Hillsborough stadium. The retrieved evidence consistently confirms that 96 people died in the Hillsborough disaster, which occurred during the FA Cup semi-final between Liverpool and Nottingham Forest at Hillsborough Stadium on April 15, 1989. While one snippet mentions 97, the overwhelming consensus from authoritative sources (BBC, The Guardian, The Economist, Wikipedia) and the official inquest verdict cited in the evidence is 96. The image, while not directly depicting the event, is identified as a genuine photograph of a memorial, which is contextually appropriate for the subject matter. The module signal regarding relevancy being 'false' appears to be a conservative or overly strict interpretation of the image's dire"
ds9935,Not Misinformation,0.6,False,True,"The claim states that David Cameron 'celebrates himself' as he heads to the EU summit in Brussels. The retrieved evidence, specifically from Daily Mail [1], reports that 'David Cameron laughed and joked with Angela Merkel and other European leaders in Brussels today as he attended what is likely to be his last EU summit'. While the headline's use of 'celebrates himself' is a subjective and potentially sensationalized interpretation of 'laughed and joked', the core factual elements (David Cameron attending an EU summit in Brussels) are supported by multiple sources. The image signals indicate the image is a genuine photograph (not AI-generated) and shows Cameron in a parliamentary or formal setting, which aligns with the general context of political events, even if the specific 'celebratory"
4960,Not Misinformation,0.9,False,True,"The headline 'J-Rod! Jennifer Lopez and Alex Rodriguez on Love, Beauty, and Redemption' is a direct match for the title of a major cover story published in Vanity Fair's December 2017 issue. The retrieved evidence confirms that Jennifer Lopez and Alex Rodriguez (collectively known as J-Rod) were featured in this specific interview where they discussed these exact themes. The image depicts the couple in a romantic setting, which aligns with the content of that well-documented 2017 feature. Although the couple ended their engagement in 2021, the headline accurately describes the subject matter of the referenced media piece without making a false claim about their current relationship status. Therefore, the image and headline are consistent with historical facts."
5286,Misinformation,0.9,False,True,"The claim that Biden accepted illegitimate votes in the 2020 election is factually false. Extensive investigations, audits, and court rulings across multiple states, including those presided over by judges appointed by President Trump, found no evidence of widespread voter fraud that could have altered the election outcome. The retrieved evidence confirms that lawsuits alleging fraud were dismissed as baseless and that officials from both parties affirmed the legitimacy of the results. While the image itself is a genuine photograph (not AI-generated), the headline presents a debunked conspiracy theory as fact, constituting misinformation."
ds6300,Misinformation,0.9,False,True,"The image is identified as AI-generated (confidence 0.9) and depicts a surreal scene involving a cartoon character, which is a clear indicator of manipulation and lack of visual veracity. The claim that Hillary Clinton broke ground at 'Goldman's Pharmacy' is factually false. Evidence confirms that 'Goldman's Pharmacy' is a fictional location from the animated TV show 'Family Guy', owned by the character Mort Goldman. There is no real-world pharmacy by this name where Hillary Clinton performed a groundbreaking ceremony. While Hillary Clinton has given paid speeches at Goldman Sachs (a financial firm, not a pharmacy), the specific claim about a pharmacy groundbreaking is fabricated."
ds9486,Misinformation,0.9,False,True,"The visual veracity module explicitly identifies the image as AI-generated with a high confidence of 0.8. The explanation notes unusual anatomical structures, such as extra limbs and unnatural poses, which are characteristic of AI generation rather than real photography. According to the definitive rule provided, if an image is determined to be AI-generated, it must be classified as Misinformation regardless of other signals. Therefore, the claim that this is a real photo of two striped cats with sneakers is false."
ds252,Not Misinformation,0.9,False,True,"The claim states that Dave Lee Travis was one of broadcasting's biggest stars in the 70s and 80s. The retrieved evidence explicitly confirms this. Specifically, Source [1] from BBC News states: 'In the 70s and 80s, Dave Lee Travis was one of broadcasting's biggest stars.' Other sources corroborate his prominence during this period, noting his role as a presenter on 'Top of the Pops' from 1973 to 1984 and his hosting of the Radio 1 Breakfast Show from 1978 to 1981, which made him a household name. The image is verified as not AI-generated. Therefore, the claim is supported by the evidence."
7904,Misinformation,0.9,False,True,"The claim asserts that the image depicts 'Boys from the Mandari tribe' waiting for boats in Terekeka in September 2012. However, the retrieved evidence and module signals indicate a mismatch. First, the Mandari tribe is primarily known as a pastoralist society centered around cattle and milk, not fishing; evidence [2] and [3] highlight their cattle herding and crossing of the Nile, rather than fishing activities. While Terekeka is a fishing community, the specific identification of the subjects as Mandari boys is unsupported and likely incorrect, as the Mandari are distinct from the groups typically associated with the fishing industry in Terekeka (often Nubian or other riverine communities). Second, the module signals explicitly state that the image does not depict boys from the Mandari t"
ds4659,Not Misinformation,0.9,False,True,"The claim states that Kanye West auditioned for American Idol in San Francisco and brought Kim Kardashian. Evidence [1] and [5] from the retrieved snippets confirm that Kanye West did indeed make a surprise appearance at the American Idol auditions in San Francisco. Specifically, Evidence [5] states: 'he staged a fake audition for the Idol judges in San Francisco on Saturday, performing his own song ""Gold Digger"" and bringing his wife, Kim, along for support.' This directly corroborates the core elements of the headline: the event (American Idol audition), the location (San Francisco), the person (Kanye West), and the companion (Kim Kardashian). Although the audition was 'staged' or a 'surprise appearance' rather than a genuine attempt to join the show as a contestant, the headline's phras"
6609,Misinformation,0.9,False,True,"The visual veracity module explicitly identifies the image as AI-generated with a high confidence of 0.9. The image depicts a surreal and physically impossible scenario (a horse levitating on a rocking chair in a cloudscape). According to the definitive rule provided, if the image is AI-generated, the output must be labeled as Misinformation regardless of other signals. The retrieved evidence supports that while staged photos of horses on furniture exist, the specific surreal nature of this image confirms its artificial origin."
5292,Misinformation,0.9,False,True,"The headline claims that a secret recording exposes Joe Biden promising to 'abolish the Second Amendment.' While there is evidence of a 'secret recording' (specifically a Spanish-language campaign ad recorded in 2019, as noted in the module signals and evidence [2] under 'When was Biden's secret recording made?'), the content of that recording did not involve a promise to abolish the Second Amendment. Evidence [1], [3], and [4] consistently show that Biden has stated he respects the Second Amendment while advocating for stricter gun control measures (such as background checks and assault weapon bans). The claim that he promised to *abolish* the amendment is factually incorrect and contradicts his public statements and policy positions. Therefore, the headline misrepresents the content of t"
5049,Not Misinformation,0.6,False,True,"The headline claims that ranking every season of The Bachelorette sparks outrage, accusations of bias, and manipulated rankings. The evidence confirms that 'The Bachelorette' is a franchise with a long history of controversy, including producer manipulation tactics (Source 1, 5) and recent high-profile incidents such as the cancellation of Season 22 (Source 2, 4) and significant fan backlash regarding Jenn Tran's season (Source 5 in Q2, Module Answers). Furthermore, numerous articles and lists exist that rank the seasons (Source 3 in Q1, Source 1-4 in Q2), and these rankings often spark debate among fans due to perceived biases or dramatic content (Source 3 in Q3, Module Answers). While the headline uses sensationalist language ('Controversy Erupts', 'Outrage'), the core assertion that ran"
ds8246,Misinformation,0.9,False,True,"The claim explicitly attributes the actions and statements to Tony Abbott, a former Prime Minister of Australia. However, the module signals indicate that the image does not depict Tony Abbott or any relevant event related to the headline, showing a different individual instead. This constitutes a mismatch between the subject of the claim and the visual evidence provided. Furthermore, the retrieved evidence regarding 'new tax increases in budget' primarily discusses the US President Biden's FY2025 budget, which is geographically and politically irrelevant to Tony Abbott's Australian context. The combination of an irrelevant image (wrong person) and irrelevant context (US budget data) for a claim about an Australian politician renders the content misleading and disconnected from the truth."
5575,Not Misinformation,0.6,False,True,"The claim states that Bradley Cooper and Lady Gaga were spotted kissing on a romantic getaway to Italy. Evidence confirms that Bradley Cooper and Lady Gaga were indeed in Italy (Venice) in August 2018 for the premiere of 'A Star Is Born' at the Venice International Film Festival. During this trip, they were heavily photographed together, and their close physical proximity and public displays of affection (including kissing on stage at the Oscars shortly after, and general romantic tension during the Venice promo tour) fueled widespread media speculation and reporting about their relationship. While specific 'kissing' photos from a private 'getaway' might be conflated with their public promotional appearances, the core assertion that they were in Italy together during a period of intense ro"
561,Not Misinformation,0.9,False,True,"The claim states that Hurricane Matthew was photographed from the International Space Station (ISS) on the afternoon of October 3, 2016. Evidence from NASA and Space.com confirms that the ISS flew over Hurricane Matthew on October 3, 2016, capturing images of the storm. Specifically, Space.com reports that on October 3, the ISS caught a glimpse of the massive storm as it swirled over the Caribbean. NASA also notes that cameras outside the station captured views of Matthew on October 7, but other sources confirm the October 3 flyover. The image is verified as real (not AI-generated) and depicts a hurricane from space, consistent with ISS photography. Therefore, the claim is supported by evidence."
1970,Not Misinformation,0.6,False,True,"The image is identified as a real bar graph from the 'Cancer Patient Experience Survey 2011/12' (visual_veracity ai_generated=false). The headline claims that 'More younger patients than older patients said they were informed about financial help'. The retrieved evidence confirms the existence of the survey and its scope (nearly 72,000 patients in the UK NHS). However, the specific data point regarding 'informed about financial help' by age group is not explicitly detailed in the provided snippets, which focus on overall care experience and inequalities in care quality. The 'answers' module suggests a general trend that younger individuals might be less aware of financial assistance, which contradicts the headline's claim. However, without the specific chart data or a direct quote from the"
ds1060,Not Misinformation,0.9,False,True,"The claim states that a man holds his son while participating in a candlelight vigil in New York. The retrieved evidence confirms that multiple candlelight vigils have occurred in New York City recently (e.g., for Lobga Rangzen, Inisa BK, Hassan Nasrallah, Ayatollah Khamenei). The visual signals indicate the image is real (not AI-generated) and depicts a man holding a child in a solemn, nighttime setting consistent with a vigil. While the specific identity of the individuals or the exact cause of the vigil in the image cannot be definitively pinned to a single event without metadata, the general description of the scene (man holding child at a NY candlelight vigil) is factually plausible and consistent with the numerous vigils reported in the evidence. There is no evidence suggesting the i"
ds3938,Misinformation,0.9,False,True,"The claim states that Northwestern University is a founding member of the Big Ten Conference starting in 1893. However, the retrieved evidence consistently indicates that the Big Ten Conference was founded in 1896 (specifically as the Intercollegiate Conference of Faculty Representatives). While Northwestern is indeed a charter member (one of the original seven schools), the founding year is 1896, not 1893. Therefore, the specific date in the claim is factually incorrect."
6399,Misinformation,0.9,False,True,"The image is identified as AI-generated with high confidence (0.8) by the visual veracity module. The scene depicts Polish police officers posing with Teenage Mutant Ninja Turtles, which is a fictional and impossible scenario in reality. The retrieved evidence confirms that there are no news reports or factual records of such an event; instead, search results point to stock images, costume ideas, and fictional media (comics, animations). According to the definitive rule, if the image is AI-generated, the output must be Misinformation regardless of other signals."
6807,Misinformation,0.9,False,True,"The image depicts a dragon cooking vegetables, which is a fantastical and surreal scenario. The visual veracity module explicitly identifies the image as AI-generated with high confidence (0.9), noting that the combination of a mythical creature and a cooking scene is contextually bizarre and does not align with real-world physics or biology. According to the definitive rule, if the image is AI-generated, the output must be labeled as Misinformation regardless of other signals. The claim describes a realistic scene ('large bowl with vegetables and broccoli'), which contradicts the AI-generated nature of the image."
ds9233,Not Misinformation,0.9,False,True,"The image depicts a scene of people waiting at a bus terminal, which aligns with the claim. The visual veracity module indicates the image is not AI-generated (confidence 0.2 for AI generation is low, implying high confidence it is real). The retrieved evidence confirms that bus terminals are common locations where people wait for buses, and stock photo descriptions match the visual content (e.g., 'groups of People, passengers, waiting for their buses at... bus station'). There is no evidence to suggest the image is fake or the claim is false."
7506,Not Misinformation,0.9,False,True,"The headline 'Dedham Vale Essex and Suffolk Come May the coach parties from Shenzhen arrive and stay until autumn' is a direct quote from a 2015 article in The Guardian (Evidence [5] in the retrieved set). The image depicts a scene consistent with Dedham Vale (a garden with a church, likely St. John the Baptist in Flatford or similar, known as 'Constable Country'). The module signals correctly identify that the image is not AI-generated and is only partially aligned with the specific claim about Shenzhen tourists (as the image doesn't show the tourists). However, since the headline is a factual quote from a reputable source describing a known phenomenon (Chinese tourism in the area), and the image is a genuine photograph of the location described, the pair does not constitute misinformatio"
251,Not Misinformation,0.9,False,True,"The claim states that Sameena Jabeen Ahmed received her best newcomer award from actor James Corden. Evidence [5] from BBC News explicitly states: 'Sameena Jabeen Ahmed received her best newcomer award from actor James Corden.' Additionally, Evidence [2] from Getty Images describes a photo of 'Sameena Jabeen Ahmed with her Best British Newcomer award with presenters James Corden and Finola Dwyer at the BFI London Film Festival Awards.' This confirms that James Corden presented her with the Best British Newcomer award at the 2014 BFI London Film Festival. The module signals correctly identified the visual alignment and lack of AI generation. The evidence supports the specific claim that James Corden presented the award."
ds1760,Misinformation,0.9,False,True,"The claim states that 'Last year' hundreds of thousands of people joined a 400 km human chain. The evidence indicates that the most famous 400 km+ human chain, the Baltic Way, occurred in 1989, not last year. While there was a massive human chain in India in 2020 (last year relative to a 2021/2022 context, or potentially 'last year' if the current date is 2021), that chain was 18,000 km long and involved 50 million people, not 400 km. There is no evidence of a 400 km human chain occurring 'last year' (assuming the current date is 2024 or later, or even 2021). The image provided appears to be a generic or historical stock photo (possibly related to the Baltic Way or similar events) but does not depict a specific recent event matching the claim. The claim conflates the historical Baltic Way "
ds5403,Not Misinformation,0.9,False,True,"The image depicts a protest with an 'IMPEACHMENT' banner, which is a real-world visual element consistent with political discourse. The headline presents a speculative question ('Political Strategy or Strategic Distraction?') regarding the motives behind impeachment talk, rather than asserting a false fact. The retrieved evidence confirms that impeachment is indeed a topic of active political discussion, particularly concerning Donald Trump, with Democrats planning investigations as a precursor to potential impeachment. The image serves as a relevant, albeit generic, illustration of the topic. There is no evidence that the image is AI-generated (visual_veracity is false for AI generation) or that the headline contains demonstrably false claims. The headline's framing of 'manipulation' is p"
ds8604,Misinformation,0.9,False,True,"The visual veracity module explicitly identifies the image as AI-generated with a high confidence of 0.8, citing unnatural anatomy such as extra limbs on the zebras. According to the definitive rule provided in the system instructions, if an image is determined to be AI-generated (ai_generated=true, confidence>0.6), the output must be labeled as Misinformation regardless of other signals. The retrieved evidence supports the biological plausibility of zebras visiting artificial waterholes, but the specific visual claim of 'socializing on rocks in an artificial lake' is depicted in a fabricated image, rendering the pair misleading."
ds8578,Not Misinformation,0.6,False,True,"The image depicts a man leaning over the back of a truck, which aligns with the visual description in the claim. The retrieved evidence confirms that there have been notable incidents involving Walmart trucks and men in front of them, such as a man driving a truck through a Walmart door in Indianola, Mississippi (Source 1), and various road rage or accident incidents involving Walmart trucks (Sources 2-5 in the second and third queries). While the specific location 'in front of Walmart' is not definitively confirmed by the visual evidence alone (as the background is not clearly identifiable as a Walmart in the snippet descriptions), the image is not AI-generated (visual_veracity ai_generated=false) and the scenario described is plausible and supported by real-world news events involving Wa"
6114,Misinformation,0.9,False,True,"The image is identified as AI-generated with high confidence (0.8). The visual content depicts a surreal and non-standard watch face featuring a person in a uniform, which does not resemble a Mickey Mouse watch. The module signals explicitly state that the image is unrelated to the claim of a 'mail order mickey mouse watch from russia' and is likely a manipulation or generation. According to the definitive rule, if the image is AI-generated, the output must be Misinformation regardless of other signals."
8341,Not Misinformation,0.9,False,True,"The claim consists of two parts: 1) The Riverside Museum is the European Museum of the Year 2013, and 2) it has seen a drop in visitors. The retrieved evidence confirms the first part definitively: multiple sources ([1], [2], [3], [4], [5]) state that the Riverside Museum in Glasgow won the European Museum of the Year Award in 2013. Regarding the second part, while specific 2023 statistics for the Riverside Museum are not explicitly detailed in the snippets, the evidence indicates a broader industry trend where visitor numbers have dropped below pre-pandemic levels (Source [2] from Museums Association, May 2025, notes average drops of 10% and significant declines for many museums). Given that the Riverside Museum is a major public attraction, it is highly probable it experienced similar tr"
1152,Not Misinformation,0.9,False,True,"The claim states that Howard Stern and his wife Beth Ostrosky were in attendance at an event. The retrieved evidence confirms that Howard Stern and Beth Ostrosky have attended multiple events together, including the North Shore Animal League America's 'Get Your Rescue On' Gala (recently, following the death of a friend) and the 2017 North Shore Animal League America Gala. The module signals indicate the image is not AI-generated and aligns with the claim. Since the individuals are real people who have indeed attended events together, and the image appears to be a genuine photograph of them (consistent with the 'not AI-generated' signal), the claim is supported by evidence."
ds5714,Misinformation,0.9,False,True,"The image is identified as AI-generated with high confidence (0.8). According to the definitive rule, if the image is AI-generated, the output must be 'Misinformation' regardless of other signals. Additionally, the claim that Babur was an 'Educator Paving the Way for Educational Excellence' is historically inaccurate; while Babur founded the Mughal Empire and contributed to literature (Baburnama), he is not historically recognized for implementing educational reforms or being an educator. The retrieved evidence confirms that specific educational reforms by Babur are not detailed and that his primary legacy lies in military conquest and cultural patronage, not educational systems. The combination of a fabricated visual (AI-generated) and a historically unsupported claim solidifies the misin"
ds9888,Misinformation,0.9,False,True,"The claim states that Jerzy Janowicz took the first set on a tiebreak and that the crowd would be delighted. The retrieved evidence confirms that Jerzy Janowicz did win the first set against Andy Murray at the 2013 Wimbledon semi-final via a tiebreak (score 7-6). However, the claim that the 'vast majority' of people watching would be 'delighted' is factually incorrect in the context of this specific match. The match was a semi-final at Wimbledon, a major tournament where Andy Murray was the home favorite (playing in London). Janowicz was a qualifier and an underdog. While Janowicz's performance was historic and thrilling, the 'vast majority' of the home crowd at Wimbledon in 2013 would have been cheering for Murray to win, not for Janowicz to take the set. Therefore, the assertion about th"
7531,Not Misinformation,0.9,False,True,"The image depicts a protest scene, and the module signals indicate it is not AI-generated (visual_veracity ai_generated=false). The retrieved evidence confirms that Occupy London protests did occur at St Paul's Cathedral in London, starting in October 2011. Specifically, protesters camped outside the cathedral and later entered the building to chain themselves to the pulpit. The headline 'The Occupy protest at St Paul s cathederal London' accurately describes a well-documented historical event associated with the image content. Although the module signals note 'partial' alignment due to the image not explicitly showing the cathedral's exterior, the event described is factually correct and the image is consistent with the nature of the protest."
1795,Not Misinformation,0.9,False,True,"The claim states that Justin Fashanu is described as 'intelligent witty honest and articulate' in Nick Baker's book 'Forbidden Forward'. The retrieved evidence confirms that Nick Baker is indeed the author of 'Forbidden Forward: The Justin Fashanu Story' [1, 2, 3, 4, 5]. The evidence describes the book as a 'sensitive but brutally candid portrait' [1] and notes that Fashanu was a 'complex figure' who was 'abused and ridiculed' [2, 3, 4]. While the specific adjectives 'intelligent witty honest and articulate' are not explicitly quoted in the snippets, the description of the book as a 'candid portrait' and Fashanu as a 'complex figure' and 'pioneer' [2, 4] is consistent with a biographical work that would discuss his personality traits. The module signals indicate the image is a genuine phot"
7759,Not Misinformation,0.6,False,True,"The image depicts a power station with cooling towers, which is consistent with the appearance of the Severn Power Station (formerly Dong Energy's gas-fired plant) in Newport, South Wales. The headline claims the government has been proposing gas as a bridging technology. Evidence confirms that the UK government has indeed treated natural gas as a 'bridging fuel' to support the transition to renewable energy, although this stance has been debated. The image is identified as a genuine photograph (not AI-generated) and is relevant to the subject matter, although the specific identification of the building in the image as the Newport plant is not definitively proven by the visual alone, it is a plausible and non-misleading representation of the topic. The core claim about government policy is"
5697,Misinformation,0.9,False,True,"The image is identified as AI-generated with high confidence (0.8). The module's visual veracity signal explicitly states 'ai_generated: true'. According to the definitive rule provided in the system instructions, if the image is AI-generated, the output must be 'Misinformation' regardless of other signals. Furthermore, the claim that NASA revealed a 'potentially habitable' second moon is factually incorrect. While NASA has confirmed the existence of temporary quasi-moons (asteroids like 2024 PT5 or 2025 PN7) that orbit Earth for limited periods, these are small asteroids, not habitable moons. The claim conflates temporary asteroid captures with the discovery of a permanent, habitable second moon, which is a common misinformation trope. The evidence snippets confirm that no such habitable "
3769,Misinformation,0.9,False,True,"The claim 'Tangled is a shoelace' is factually incorrect. 'Tangled' is primarily known as a 2010 Disney animated film, or as an adjective describing a state of being twisted or confused. Shoelaces are not called 'Tangled'; the tips are called 'aglets'. Furthermore, the module signals indicate that the image is AI-generated (ai_generated=true, confidence=0.8). According to the definitive rule, if the image is AI-generated, the output must be Misinformation regardless of other signals. The combination of a false claim and an AI-generated image confirms the label."
4905,Not Misinformation,0.9,False,True,"The headline claims that Lindsay Shookus is 'Still NOT Pregnant' and that reports of a Ben Affleck baby are 'Untrue'. The retrieved evidence supports this claim. Multiple sources (Inquisitr, ET Online, People) confirm that Lindsay Shookus and Ben Affleck dated from 2017 to 2019 and have since split. While there were rumors of pregnancy in 2018, subsequent reports indicate they are no longer together, and there are no credible reports of them expecting a child together. The module signals correctly identify that the image is not AI-generated and is not directly relevant to the specific individuals in the headline (it shows a generic couple), but the textual claim itself is factually accurate based on the current status of the relationship and lack of pregnancy news. Therefore, the headline "
6026,Misinformation,0.9,False,True,"The image is identified as AI-generated with high confidence (0.8) by the visual veracity module, which notes artificial manipulations such as a red shape overlaying a head. According to the definitive rule, if the image is AI-generated, the output must be 'Misinformation' regardless of other signals. Additionally, the headline 'oh god jay no youre killing everybody' is sensational and lacks context, while the retrieved evidence shows no factual basis for Jay-Z or other 'Jays' killing 'everybody'. The image does not depict a real event related to the claim, further supporting the misinformation label."
5977,Misinformation,0.9,False,True,"The claim states that Konidela Production Company has emerged as a key player in the Chinese entertainment industry. However, all retrieved evidence and module signals confirm that Konidela Production Company is an Indian film production company based in Hyderabad, India, founded by Ram Charan. There is no evidence of any expansion, projects, or involvement in the Chinese entertainment industry. The company's focus is strictly on Indian (specifically Telugu/Tollywood) cinema. The headline presents a fabricated narrative that contradicts the established facts about the company's operations and geographic scope."
104,Not Misinformation,0.9,False,True,"The claim states that while there are hundreds of commercial airlines globally, not all of them have inflight connectivity or internet access. The retrieved evidence confirms that there are over 5,000 airlines globally (supporting the 'hundreds' descriptor as an understatement but factually consistent with the existence of many airlines). Crucially, multiple sources (Moment IFC Benchmark, Skyscanner, eDreams) explicitly state that not all airlines offer inflight Wi-Fi, with approximately 70% offering some form of connectivity, leaving a significant portion (especially low-cost and regional carriers) without it. The image, showing model airplanes, is a generic representation of the airline industry and does not contradict the factual claim. The visual veracity is genuine (not AI-generated)."
ds9954,Misinformation,0.9,False,True,"The claim asserts that Jinyun and Yahong celebrated in Morecambe Bay. However, the retrieved evidence and module signals indicate that Jinyun and Yahong are associated with a tragic event, not a celebration. Specifically, the module signals state that their husbands died while working as cocklepickers in Morecambe Bay (a reference to the 2004 Morecambe Bay cockling disaster). The claim of a 'celebration' directly contradicts the historical reality of a fatal accident and subsequent mourning. Furthermore, the names 'Jinyun' and 'Yahong' in the context of Morecambe Bay likely refer to specific victims or relatives of victims (e.g., Zhang Yahong is a known researcher, but the context of 'husbands dying' points to the disaster victims, often cited as Chinese migrant workers). Regardless of the"
ds9091,Not Misinformation,0.9,False,True,"The claim describes a specific visual composition: a colorful umbrella centered in a black and white photo of a busy city sidewalk. The module signals indicate that the image does not match this description (relevancy aligned: false), meaning the image provided does not contain the described elements. However, the visual veracity signal indicates the image is not AI-generated (ai_generated: false). According to the definitive rule, a label of 'Misinformation' is only triggered if the image is AI-generated. Since the image is a real photograph (albeit one that does not match the claim's description), it is not a fabricated image. The mismatch between the claim and the image content suggests the claim is a poor description or caption for this specific image, but it does not constitute 'misin"
ds1846,Misinformation,0.9,False,True,"The claim asserts that a vehicle belonging to Rafael Correa's security detail was burned by rioting police outside a hospital in Quito. The evidence indicates that while there was a major incident involving police and Correa in Quito, it occurred in 2010, not recently (the claim implies a current or recent event, often associated with the 2023 unrest mentioned in module signals). In the 2010 crisis, police did riot and hold Correa captive, but they did not burn his specific security vehicle outside a hospital as described; rather, they occupied buildings and blocked roads. Furthermore, the 2023 events in Quito involved prison riots and general anti-government protests where protesters burned police cars, not police burning a presidential vehicle. The specific detail of 'police setting Corr"
ds2126,Not Misinformation,0.6,False,True,"The image shows two identical street signs ('EAST ST') placed one behind the other, which aligns with the specific news event in Swansea, Wales, where residents found two identical signs on Llangyfelach Street. While the headline claims they are 'pointing in the opposite directions,' the visual evidence and module signals indicate the signs are stacked/behind one another rather than clearly pointing in opposite directions (e.g., left vs. right). However, the core claim of 'identical street signs' is factually supported by the Swansea incident. The directional discrepancy is a minor inaccuracy in the headline's description of the orientation, but the image is a genuine photograph (AI-generated=false) and depicts a real, reported phenomenon of duplicate signage. Therefore, it is not classifi"
ds8631,Misinformation,0.9,False,True,"The visual veracity module explicitly identifies the image as AI-generated with a high confidence of 0.8. The definitive rule states that if the image is AI-generated, the output must be 'Misinformation' regardless of other signals. Additionally, the image content (bananas and apples) does not match the headline's claim of 'apples and oranges and a tree with branches in front of potted plants', further supporting the mislabeling, but the AI generation is the primary disqualifier."
ds6054,Not Misinformation,0.9,False,True,"The claim 'everyone knows dachshunds dont work over water' is interpreted as a statement about the breed's physical limitations regarding water activities (swimming/wading), rather than a literal claim that they can walk on the surface of water like a miracle or a specific job function. The evidence confirms that dachshunds are generally poor swimmers due to their body structure (long back, short legs, heavy chest), which makes swimming tiring and difficult. They are not bred for water work and often struggle in water. Therefore, the statement that they 'don't work over water' (i.e., are not suited for water-based tasks or swimming) is factually supported by the evidence. The image shows a fantastical scene (likely from a movie or AI-generated, though the model flagged it as not AI-generat"
595,Not Misinformation,0.9,False,True,"The image depicts the Cleveland skyline, and the claim states it is a file photo from 2012 taken from Edgewater Park. Edgewater Park in Cleveland is a well-known location for viewing the skyline across Lake Erie. The retrieved evidence confirms that Edgewater Park is a popular spot for photography of the Cleveland skyline (Evidence [1], [4], [5]). While the specific 2012 date cannot be definitively verified from the snippets alone, the visual content (Cleveland skyline) and the location (Edgewater Park) are consistent and factually aligned. There is no evidence of AI generation or manipulation. The claim is plausible and consistent with the known geography and photographic practices associated with the location."
ds4857,Misinformation,0.9,False,True,"The headline claims Kourtney Kardashian is 'teasing Scott' about a pregnancy scare involving 'Younes'. The retrieved evidence confirms that Kourtney Kardashian did experience a pregnancy scare in February (likely referring to 2024 or a past event, but the context of 'teasing Scott' is the key issue). However, the pregnancy scare was related to her current husband, Travis Barker, as she was trying to conceive with him. Scott Disick is her ex-partner with whom she has three children. There is no evidence linking a pregnancy scare to Younes Bendjima (her ex-boyfriend) in a way that would involve 'teasing' Scott Disick about it. Furthermore, recent reports indicate Kourtney has 'lost respect' for Scott and wants him out of the family, making the premise of her teasing him about a past or curre"
8858,Not Misinformation,0.9,False,True,"The claim describes a 'man walking on his back in the snow'. This phrasing is ambiguous but most likely refers to a man walking with his back to the camera (a common stock photo description) or potentially a man walking on his back (supine) in the snow. The retrieved evidence confirms that stock photos of 'men walking in snow' with a 'back view' are extremely common (e.g., Freepik, DepositPhotos). The image module signals indicate the image shows a skier, which contradicts the 'walking' part of the claim if interpreted literally as walking. However, the 'relevancy' signal is low (0.2) because the activity (skiing vs walking) differs. Crucially, the 'visual_veracity' signal states the image is NOT AI-generated (ai_generated=false). The definitive rule states to output 'Misinformation' ONLY "
ds4896,Not Misinformation,0.6,False,True,"The headline claims Nicole Richie pleaded with Sofia Richie to end her romance with Scott Disick before his kids got attached. Evidence confirms that Nicole Richie and Sofia Richie are sisters and have had open discussions about relationships and privacy. Specifically, sources indicate Nicole Richie has advised Sofia on protecting her privacy and navigating fame. While the specific dramatic instance of 'pleading' to end the relationship due to attachment to Scott's children is not explicitly detailed in the provided snippets (which focus more on Sofia's breakup reasons and general sisterly advice), the core premise of sibling intervention in a high-profile relationship involving a partner with children is plausible and consistent with the known dynamic of the Richie family. The image is ve"
8916,Not Misinformation,0.6,False,True,"The image depicts a white toilet in a bathroom with black tiled walls and floor. The claim states there is a 'black mirror on top of a tiled floor'. While the image does not clearly show a mirror (the area above the toilet is dark/obscured), the visual elements (white toilet, black tiles) are consistent with the general aesthetic described in the evidence (black and white bathroom designs). The 'black mirror' part of the claim is likely a misinterpretation of the dark background or a missing object, but it does not constitute AI-generated misinformation or a complete fabrication of the scene's reality (e.g., it's not a fake toilet or impossible geometry). The image is a genuine photograph (AI generated=false). The claim is partially descriptive but potentially inaccurate regarding the mirr"
ds562,Not Misinformation,0.9,False,True,"The claim states that 30,000 people gather each year in Hawaii to celebrate SPAM. The retrieved evidence confirms that Hawaii hosts the 'Waikiki Spam Jam,' an annual festival dedicated to SPAM. Multiple sources, including a 2025 news report and a travel guide, explicitly state that the event attracts approximately 30,000 to 35,000 attendees annually. The image signals indicate the image is real (not AI-generated) and relevant to the event. Therefore, the claim is supported by factual evidence."
ds5647,Misinformation,0.9,False,True,"The claim that Pfizer CEO Albert Bourla 'secretly admitted' that the COVID-19 vaccine causes permanent brain damage is false. Extensive fact-checking and evidence retrieval confirm that no such admission exists. While there have been debunked rumors or misinterpretations of Bourla's statements (such as claims he called vaccines 'dangerous' or discussions about transmission efficacy), there is zero credible evidence that he admitted to causing brain damage. The visual evidence provided (a presentation with a brain graphic) is generic and does not substantiate the specific, sensational claim. The module signals correctly identify that the claim is not supported by evidence, and the retrieved snippets explicitly debunk similar false narratives regarding CEO statements on vaccine safety and si"
160,Not Misinformation,0.6,False,True,"The claim states that a cat named Dorothy was shot in Newport. The retrieved evidence confirms that there have been multiple documented incidents of cats being shot with pellet guns in Newport (e.g., a cat named Rouley in 2010, and general RSPCA concerns in Gwent/Newport). While the specific name 'Dorothy' is not found in the provided snippets (which mention 'Rouley' or generic 'family cat'), the core event (a cat being shot in Newport) is factual and supported by news reports. The image shows a cat in a cone, which is consistent with a cat recovering from injury/surgery, though it cannot be definitively linked to 'Dorothy' without more context. However, since the event itself is real and the image is not AI-generated, and there is no evidence contradicting the existence of such an inciden"
ds7704,Misinformation,0.9,False,True,"The claim states the image is an aerial view of the River Severn winding through Leighton in Shropshire. However, the module signals indicate that the image actually depicts a golf course and surrounding landscape, with no meaningful connection to the River Severn or the specific geography of Leighton, Shropshire. The visual content (golf course) contradicts the textual claim (River Severn). Although the River Severn does flow through Shropshire and near Leighton, the specific image provided does not show the river as described. Therefore, the image is mislabeled/misrepresented relative to the headline, constituting misinformation."
ds451,Not Misinformation,0.9,False,True,"The retrieved evidence confirms that Paul Wilson, a drink driver, struck and killed Alwyn Pritchard, a PCSO, while driving at high speed (119mph) and subsequently fled the scene. Multiple sources, including BBC News and Wales Online, explicitly state that Wilson 'ran away from the scene' or 'fled the scene' after the collision. The claim accurately reflects the established facts of this specific criminal case. Although the module signals indicated low relevancy for the specific image (likely because the image is a generic portrait not depicting the specific event or individuals in a contextual scene), the textual claim itself is factually correct based on the evidence. The definitive rule regarding AI generation does not apply as the image is not AI-generated. Therefore, the claim is not m"
ds4380,Misinformation,0.9,False,True,"The headline claims Nancy Pelosi is resigning due to 'new revelations' from NRTOnline. Evidence from PolitiFact [Evidence Q3-1] explicitly fact-checks this specific headline from NRTOnline, labeling it as false and potentially fabricated. While Nancy Pelosi did resign as Speaker of the House in 2023, she did not resign due to 'new revelations' or scandal, nor is she currently resigning from Congress. The specific claim tied to the NRTOnline source is debunked. The module signals correctly identify the partial alignment (Pelosi is the subject) but the core claim of resignation due to revelations is false according to credible fact-checkers."
1204,Not Misinformation,0.9,False,True,"The claim describes a specific historical event: an ambush on a Jalisco state road where 15 police officers were killed by a gang. The retrieved evidence confirms that on April 6, 2015, a convoy of the Jalisco State Police was ambushed by the Jalisco New Generation Cartel (CJNG) in San Sebastián del Oeste, Jalisco, resulting in the deaths of 15 officers and injuries to five others. The image signals indicate the visual is real (not AI-generated) and shows police presence, which is consistent with the context of the event described. Although the image itself may not depict the exact moment of the 2015 ambush (as it is a general stock-style or archival image of police), the headline accurately describes a verified historical fact associated with the entities mentioned (Jalisco police, gang a"
ds5364,Not Misinformation,0.9,False,True,"The image is a genuine photograph of Don Lemon (visual_veracity ai_generated=false). The headline claims that Don Lemon made controversial remarks revealing alleged bias, which stirred outrage and media backlash. Retrieved evidence confirms that Don Lemon has indeed made controversial remarks (e.g., about white men being a terror threat, comments about Nikki Haley and women over 50) that led to significant media backlash, internal criticism from colleagues, and ultimately his firing from CNN. The image serves as a relevant visual identifier for the subject of the claim. While the headline is sensationalized ('CNN's Scandal'), the core factual assertions regarding the existence of controversial remarks, alleged bias, and resulting backlash are supported by multiple credible news sources."
ds8199,Not Misinformation,0.9,False,True,"The headline claims that the death of a former Putin aide at a DC hotel was ruled accidental. The retrieved evidence confirms that Mikhail Lesin, a former aide to Vladimir Putin, was found dead in a Washington D.C. hotel in November 2015. While initial reports and autopsies indicated blunt force trauma, U.S. authorities (specifically the D.C. Medical Examiner) officially ruled the death an accident in October 2016, attributing it to head injuries sustained from accidental falls after days of excessive alcohol consumption. Multiple credible news sources (CNN, BBC, Washington Post, VOA) corroborate this ruling. Therefore, the headline accurately reflects the official conclusion of the investigation."
ds9128,Misinformation,0.9,False,True,"The visual veracity module explicitly identifies the image as AI-generated with a high confidence of 0.8. The evidence notes unusual context (solid blue background), overly uniform lighting, and anatomical inconsistencies in the cow's legs and shadows. According to the definitive rule, if an image is determined to be AI-generated, it must be classified as Misinformation regardless of other signals. The retrieved evidence does not contradict this finding; instead, it shows that while cows next to blue doors exist in reality (e.g., Pinterest photos, specific farmhouses), the specific image in question exhibits clear signs of synthetic generation rather than being a photograph of a real event."
ds8717,Not Misinformation,0.9,False,True,"The image depicts a standard bedroom scene with a bed, blanket, and pillows. The module signals confirm the image is not AI-generated (ai_generated=false) and is relevant to the claim. The claim 'a pillow with a blanket and some pillows' is a descriptive statement that accurately matches the visual content. There is no misleading context, fake news, or deceptive intent. The retrieved evidence supports the existence and commonality of such items and arrangements in home decor. Therefore, the content is not misinformation."
ds1226,Not Misinformation,0.6,False,True,"The image depicts a person carrying belongings out of a flooded area, which is consistent with the general context of flooding in Hoboken, NJ, as confirmed by multiple news reports regarding recent flooding events (e.g., September 2025 water line breaks, October 2023 storm). The visual veracity signals indicate the image is not AI-generated. While the specific claim that the person is 'Matt Hampton' and the location is his 'Webdesign office' cannot be definitively verified from the provided evidence (which shows a Matt Hampton in the tech/design space but no specific record of a flood at his office), there is no evidence contradicting the claim. The image is a plausible representation of a local business owner affected by the documented flooding in Hoboken. In the absence of definitive pro"
ds4978,Not Misinformation,0.9,False,True,"The claim states that Nicole Kidman won for Outstanding Lead Actress in a Limited Series or Movie at the 69th Emmy Awards. According to the retrieved evidence and module signals, the 69th Primetime Emmy Awards took place in 2017. Nicole Kidman won the Primetime Emmy Award for Outstanding Lead Actress in a Limited Series or a Movie in 2017 for her role in 'Big Little Lies'. The module signals explicitly confirm this fact with high confidence (0.9). The image shows a woman holding an award, which is consistent with the event described, and the visual veracity check indicates it is not AI-generated. Therefore, the claim is factually correct."
6327,Misinformation,0.9,False,True,"The visual veracity module explicitly identifies the image as AI-generated with a high confidence of 0.9, citing distorted facial features and unnatural hand positioning. According to the definitive rule provided, if an image is determined to be AI-generated (ai_generated=true, confidence>0.6), the output must be labeled as Misinformation regardless of other signals. The image depicts a surreal or manipulated scene (human with alien-like face) which does not correspond to a factual historical record of a fish market, further supporting the misrepresentation."
ds1360,Not Misinformation,0.6,False,True,"The image depicts Bishop Franz-Peter Tebartz-van Elst, and the visual veracity signals indicate it is not AI-generated. The headline claims he was walking out of the cathedral in Limburg on August 30, 2013. Evidence confirms that in August 2013, the Bishop was indeed the active Bishop of Limburg and was at the center of a major scandal regarding his residence renovations, which would have involved public appearances at the cathedral. While the specific date (August 30) is not explicitly verified in the provided snippets, the subject, location, and general timeframe are consistent with historical records. The image is a genuine photograph of the correct person in the correct context (Limburg Cathedral). There is no evidence to suggest the image is fake or that the event described is impossi"
ds3180,Misinformation,0.9,False,True,"The claim states that 'Watertown, Massachusetts is in Vermont.' This is factually incorrect. All retrieved evidence and module signals confirm that Watertown, Massachusetts is located in Middlesex County, Massachusetts, and is part of the Greater Boston area. It is not in Vermont. The module's visual veracity signal indicates the image is not AI-generated, but the claim itself is a clear geographical falsehood. Therefore, the content is misinformation."
ds6722,Misinformation,0.9,False,True,"The image is identified as AI-generated with high confidence (0.8) due to surreal elements like a green laser effect emanating from the man's head and unnatural lighting in the eyes. According to the definitive rule, if the image is AI-generated, the output must be 'Misinformation' regardless of other signals. The headline claims 'Many children surrounded around a person with a beard on,' which describes the visual content, but since the image itself is synthetic and not a real photograph of an event, presenting it as a factual depiction would be misleading. The evidence snippets discuss general perceptions of beards and specific viral fake images (like the Beaver Scout one), but the primary determinant here is the AI generation status of the image provided."
ds4618,Not Misinformation,0.9,False,True,"The claim states that Justin Bieber accidentally hit a photographer with a pick-up truck after a church service. Multiple credible news sources (Daily Mail, The Cut, IBTimes, NZ Herald, Telegraph, Metro, Rolling Stone) confirm that on July 27, 2017, Justin Bieber accidentally struck a 57-year-old paparazzo with his pickup truck while leaving a Hillsong Church service (also referred to as The City Church) in Beverly Hills/Los Angeles. The photographer sustained non-life-threatening injuries. The image signals indicate the image is a genuine photograph (not AI-generated) and shows a person resembling Justin Bieber, which aligns with the subject of the verified event. Therefore, the headline accurately describes a real event."
ds2707,Not Misinformation,0.9,False,True,"The claim describes a scene where palm trees are personified as 'stealing a private moment' and 'giggling.' The image evidence indicates a natural occurrence of palm trees with an unusual growth pattern (possibly heart-shaped or leaning close together), which is a known phenomenon in botany (e.g., Bottle Palms or natural leaning). The module signals confirm that palm trees do not exhibit human-like behavior (sentience/consciousness) and that 'giggling' is a human action. However, the claim is clearly anthropomorphic and metaphorical, describing the visual appearance of the trees as if they were people. Since the image is verified as a real photograph of trees (ai_generated=false) and the 'misinformation' aspect relies on interpreting a natural shape as a human narrative, this falls under c"
ds4910,Not Misinformation,0.9,False,True,"The image depicts Gwen Stefani and Blake Shelton, who are a real-life married couple. The visual veracity check confirms the image is not AI-generated. The headline claims that Gwen Stefani is still in love with Blake Shelton and has never tried to change him. Evidence from multiple sources confirms that the couple is still married and in a loving relationship (despite some tabloid rumors of separation, the primary narrative and the couple's own statements support their continued union and affection). Regarding the specific claim that she has 'never once' tried to change him, while they have discussed relationship challenges, there is no credible evidence or widespread reporting suggesting she attempted to fundamentally change his personality or identity in a negative or deceptive way that"
ds1096,Not Misinformation,0.6,False,True,"The claim states that lab technicians in Puerto Rico process Zika tests at the CDC's dengue branch in San Juan. Evidence confirms that the CDC Dengue Branch is indeed located in San Juan, Puerto Rico, and has historically focused on dengue and other Aedes-transmitted viruses (including Zika). Furthermore, evidence indicates that CDC entomologists and laboratory staff at this branch have performed bioassay testing and mosquito surveillance related to Zika in Puerto Rico. While the primary commercial Zika tests were often processed at CDC-designated labs (initially in Atlanta or via Quest Diagnostics in California), the CDC Dengue Branch in San Juan is a legitimate facility involved in vector control and testing activities related to Zika in the region. The image shows generic lab technician"
ds803,Not Misinformation,0.9,False,True,"The retrieved evidence confirms that Mildred Martin, an 81-year-old woman, was shot and killed on her front porch in northwest Atlanta on July 27, 2015. While initial reports described the death as caused by a stray bullet, subsequent police investigations and indictments identified specific suspects. Evidence [3] from 11Alive.com explicitly states that 'new evidence has emerged' in the case of the 81-year-old woman shot to death on her porch. Furthermore, the 'answers' module contains a high-confidence response (conf: 1.0) stating that Johnny Maurice Avery was indicted for the murder of Mildred Martin. Although the initial 'stray bullet' narrative was part of the early reporting, the claim that Avery is accused of shooting her is factually supported by the indictment details found in the "
9249,Misinformation,0.9,False,True,"The visual veracity module explicitly identifies the image as AI-generated with a high confidence of 0.9. The explanation notes surreal characteristics such as horns and unusual body structures that are not typical for real elephants. According to the definitive rule, if the image is AI-generated, the output must be labeled as Misinformation regardless of other signals. The headline describes a specific scenario (mother and baby by a dry pool) which cannot be verified as factual because the image itself is synthetic and contains non-existent features."
ds4946,Misinformation,0.9,False,True,"The headline claims that specific celebrities (J.J. Watt, Tyler Perry, Jamie Foxx) gave significant donations to relief funds for deadly Texas floods. However, the retrieved evidence indicates that while there were real deadly floods in Texas (specifically noted in July 2025 and October 2023 contexts), the specific claims of large celebrity donations are part of a broader pattern of false or exaggerated stories circulating on social media. Fact-checking sources (Politifact, MySanAntonio) explicitly debunked claims of massive celebrity donations (e.g., Justin Bieber, Patrick Mahomes) as fake or unsubstantiated. Furthermore, the specific evidence search for J.J. Watt, Tyler Perry, and Jamie Foxx yielded no results linking them to such donations, suggesting the claim is fabricated or unverifi"
1436,Not Misinformation,0.9,False,True,"The claim states that musician Buddy Guy arrived at the Kennedy Center Honors reception at the White House. The retrieved evidence confirms that Buddy Guy was a honoree at the 2012 Kennedy Center Honors, which included a reception held at the White House on December 2, 2012. Multiple stock photo agencies (Alamy, Getty Images) and news outlets (NBC Chicago) explicitly describe images of Buddy Guy attending this specific event with captions matching the claim. The module signals indicate the image is not AI-generated and is partially aligned with the claim. Although the module's 'answers' section contains conflicting or irrelevant information regarding dates (e.g., 2022) and other events (MBS dinner), the primary web evidence definitively supports the core assertion that Buddy Guy attended t"
ds1062,Not Misinformation,0.9,False,True,"The image depicts a guide related to the Yellow Line during SafeTrack's fourth surge. The retrieved evidence confirms that WMATA (Washington Metro) conducted a 'SafeTrack' maintenance program with multiple 'surges'. Specifically, Evidence [1] from WMATA and Evidence [1] from The Washington Post confirm that 'SafeTrack Surge #4' occurred from July 12 to July 18, 2016, and involved a shutdown of the Blue and Yellow lines between Reagan National Airport and Pentagon City. The image content (a guide for the Yellow Line during this specific surge) aligns perfectly with historical facts. The visual veracity is confirmed as not AI-generated. Therefore, the image is a genuine representation of a real event and guide."
ds1686,Not Misinformation,0.9,False,True,"The claim states that John McCririck was a reporter for Channel 4 Racing from 1984 until 'last year' and said he had been very loyal to the broadcaster. Evidence confirms that McCririck joined Channel 4 Racing in 1984 (when coverage moved from ITV) and worked there until 2012. The phrase 'last year' in the claim is likely a temporal artifact from when the claim was originally written (e.g., if written in 2013, 'last year' refers to 2012). Crucially, the evidence supports the second part of the claim: McCririck's publicity agent explicitly stated that he had worked 'unstintingly and in an utterly dedicated/loyal fashion for Channel 4 for 29 years' at the time of his departure. The image is a genuine photograph of McCririck. Therefore, the core factual assertions regarding his tenure start d"
7439,Misinformation,0.9,False,True,"The headline claims President Obama held a campaign event in Roanoke 'earlier this month' (implying a recent event relative to the claim's context, likely 2023 given the search queries). However, Barack Obama left office in January 2017 and is not currently running for office or holding campaign events. The evidence confirms that Obama did speak in Roanoke, Virginia, but specifically on July 13, 2012, during his re-election campaign. There are no records of an Obama campaign event in Roanoke in October 2023 or any recent date. The image is identified as a genuine photograph from the 2012 event, but the caption/headline misrepresents the timing, presenting a historical event as a current one. This constitutes misinformation."
8870,Not Misinformation,0.9,False,True,"The image depicts a bathroom scene with a bathtub and towels, which aligns with the general subject of the headline 'A bath towel in a small bathroom with towels hanging over it.' While the module signals indicate low relevancy (0.1) because the specific arrangement of 'towels hanging over' a bath towel might not be perfectly distinct or the image might be a generic bathroom stock photo, there is no evidence that the image is AI-generated (visual_veracity ai_generated=false). The retrieved evidence confirms that such arrangements are common and standard in small bathroom design. Since the image is real and depicts a plausible scenario described in the headline, it is not classified as misinformation."
ds8989,Not Misinformation,0.6,False,True,"The image is verified as not AI-generated (visual_veracity.ai_generated=false). The claim states that two women sit near a window next to a table covered in fruit. The module signals indicate partial alignment, noting that while the women and fruit are present, the window proximity is unclear from the background. However, the retrieved evidence for the question 'Are two women sitting by a window?' includes a Pexels stock photo description explicitly stating 'Two women sitting by a window'. Although the specific fruit types are not identified in the evidence, the general presence of fruit is acknowledged in the module's visual analysis. Since the image is real and the core elements (two women, window, table with fruit) are consistent with the visual content and supported by similar stock im"
7101,Not Misinformation,0.9,False,True,"The claim states that Rafael Nadal played Facundo Bagnis in the second round of a match. The retrieved evidence confirms that Rafael Nadal did indeed play Facundo Bagnis in the second round of the 2016 French Open (Roland Garros) on May 26, 2016. The image shows a tennis player in action, identified as Nadal in the module signals, which aligns with the context of the claim. Although the module signals note 'partial' alignment because the specific opponent isn't visually verifiable, the factual core of the claim (Nadal vs. Bagnis, 2nd round) is historically accurate and supported by multiple sources. The image is not AI-generated. Therefore, the headline accurately describes a real event associated with the image content."
ds7980,Misinformation,0.9,False,True,"The headline claims that Japanese fans have reason to look forward to hosting the 'next World Cup in 2019'. This statement is factually incorrect regarding the FIFA World Cup, which is the most common referent for 'World Cup' in general contexts. Japan did not host the FIFA World Cup in 2019; the 2018 tournament was hosted by Russia, and the 2022 tournament was hosted by Qatar. Japan did host the Rugby World Cup in 2019, but the headline's phrasing ('the next World Cup') implies the primary FIFA tournament, which is a significant factual error. Furthermore, the module signals indicate low relevancy (0.1) because the image does not specifically depict Japanese fans or the 2019 event context, and the answers provided in the module explicitly state that Japan did not host the FIFA World Cup i"
ds9213,Misinformation,0.9,False,True,"The module's visual veracity signal explicitly identifies the image as AI-generated with a confidence of 0.8. According to the definitive rule provided in the system instructions, if the image is AI-generated (ai_generated=true, confidence>0.6), the output must be 'Misinformation' regardless of other signals. The rationale provided by the module notes that the terrain is oddly shaped and lacks realistic depth, further supporting the conclusion that the image is synthetic and not a factual representation of a real event."
ds8942,Not Misinformation,0.9,False,True,"The image depicts a rustic, old-fashioned kitchen setup, which aligns with the claim. The visual veracity signals indicate the image is not AI-generated (confidence 0.0 for AI generation). The retrieved evidence supports the existence and popularity of old-fashioned kitchen designs, describing them as welcoming, functional, and timeless, often used for entertaining or evoking nostalgia. While the specific context of 'set up for guests' in this exact image cannot be verified as a specific event, the description is a plausible and accurate characterization of the scene shown, and there is no evidence of manipulation or falsehood. The claim is consistent with the visual content and general knowledge about such kitchen styles."
2649,Not Misinformation,0.9,False,True,"The image depicts trees growing through old farm equipment, a phenomenon consistent with nature reclaiming abandoned machinery. The visual veracity signals indicate the image is not AI-generated (ai_generated=false). The retrieved evidence supports the plausibility of the claim: abandoned farm equipment is frequently found in fields and woods (Evidence Q2), and it is a common occurrence for vegetation to grow around or through such rusting metal structures over time (Evidence Q3, Q4). While the specific location is not verified, the content of the image aligns with real-world occurrences of abandoned agricultural machinery being overtaken by nature, and there is no evidence suggesting the image is fabricated or misleading in a way that constitutes misinformation."
ds8677,Misinformation,0.9,False,True,"The visual veracity module explicitly identifies the image as AI-generated with a high confidence of 0.8. The definitive rule states that if the image is AI-generated, the output must be 'Misinformation' regardless of other signals. Additionally, the relevancy module notes that the image lacks confirmation of 'various fruits' (showing only spinach and an orange), which contradicts the claim of a plate with various fruits, further supporting the misrepresentation."
2915,Not Misinformation,0.6,False,True,"The image shows a restroom sign that appears to be a standard tactile map (likely Braille and raised lines), which is a known accessibility feature for the blind, though not ubiquitous. The claim states the entrance 'has a detailed map for the blind'. The evidence confirms that such maps exist (e.g., Even Grounds project) and are designed for this purpose. The visual veracity signals indicate the image is real (not AI-generated). The module signals note 'partial' alignment because the specific 'detailed' nature or the fact that it is *specifically* for the blind (vs just a general map) might be hard to verify solely from a low-res image, but the presence of a tactile map is plausible and consistent with accessibility initiatives. There is no evidence suggesting this is a fake or AI-generat"
4752,Misinformation,0.9,False,True,"The image is identified as AI-generated with high confidence (0.8) due to nonsensical text and visual artifacts. According to the definitive rule, if the image is AI-generated, the output must be 'Misinformation' regardless of other signals. Additionally, the claim that Robert Pattinson and Kristen Stewart had a 'buzz cut pit' is unsupported by evidence; while Kristen Stewart recently debuted a punk pixie cut, there is no record of Robert Pattinson having a buzz cut or any feud between them over hairstyles. The image does not depict the claimed individuals or event."
ds8815,Misinformation,0.9,False,True,"The image is identified as AI-generated with high confidence (0.9). The visual content depicts a bear's head emerging from under a blanket, which is a surreal and impossible scenario for a real-life context. The claim describes a standard household item (a baby blanket under a comforter), but the image does not match this description; instead, it shows an animal head, which is unrelated to the subject of a baby blanket. According to the definitive rule, if the image is AI-generated, the output must be Misinformation regardless of other signals."
3855,Misinformation,0.9,False,True,"The claim states that 'Maximum Overdrive' is a 1980 romance film. Evidence confirms that 'Maximum Overdrive' is a 1986 science fiction action horror film directed by Stephen King, not a romance film, and not released in 1980. Furthermore, the module signals indicate that the image is AI-generated (ai_generated=true, confidence=0.8). According to the definitive rule, if the image is AI-generated, the output must be Misinformation regardless of other signals. The combination of a factually incorrect claim and an AI-generated image solidifies the verdict."
2756,Misinformation,0.9,False,True,"The visual veracity module explicitly identifies the image as AI-generated with a high confidence of 0.9, noting unnatural and distorted features resembling claws. According to the definitive rule provided in the system instructions, if the image is AI-generated (ai_generated=true, confidence>0.6), the output must be 'Misinformation' regardless of other signals. While the headline references a real person (Abul Bajandar) and a real event (his 2017 surgeries where he was declared 'cured' by doctors at the time), the use of an AI-generated image to illustrate the claim constitutes misinformation because the visual evidence is fabricated and not a genuine photograph of the subject or the event described."
ds7291,Not Misinformation,0.9,False,True,"The claim states that the image shows Nicky Henderson with Sprinter Sacre during an open day at his Seven Barrows stables in February 2013. The retrieved evidence, specifically Getty Images metadata [Q2-5], explicitly identifies a photo with the caption: 'Nicky Henderson with Sprinter Sacre during a stable visit to Seven Barrows on February 18, 2013 in Lambourn, England.' This confirms the subjects (Nicky Henderson and Sprinter Sacre), the location (Seven Barrows), and the date (February 2013). While the claim uses the term 'open day' and the evidence specifies a 'stable visit,' these terms are often used interchangeably in casual descriptions of such events, or the visit may have been part of the broader open day activities mentioned in other evidence [Q1-1]. The core factual elements of "
ds7399,Misinformation,0.9,False,True,"The module signals explicitly state that the image is 'aligned: false' with a confidence of 0.0, explaining that 'The image does not depict Julia Stiles, Paul Greengrass, or Matt Damon, nor does it show the premiere of The Bourne Ultimatum.' While the retrieved evidence confirms that the event (premiere in July 2007), the people (Matt Damon, Julia Stiles, Paul Greengrass), and the film are real and associated, the specific image provided does not match the claim. The image is unrelated to the headline's subject matter. Therefore, the image-headline pair is misleading/misinformation because the visual content does not support the textual claim."
9058,Misinformation,0.9,False,True,"The module's visual veracity signal indicates with high confidence (0.8) that the image is AI-generated. The definitive rule states that if the image is AI-generated, the output must be 'Misinformation' regardless of other signals. Additionally, the relevancy signal notes that the image does not depict broccoli, which contradicts the claim. Therefore, the image is both fake (AI-generated) and irrelevant to the specific claim of containing broccoli."
ds2311,Not Misinformation,0.9,False,True,"The image depicts a domestic cat sitting in a bowl, which aligns with the common internet meme and behavior known as 'if it fits, I sits'. The headline 'a big cat sitting in a little bowl' uses the term 'big cat' colloquially to refer to a large-sized domestic cat (as opposed to a kitten or a small breed), rather than the zoological definition of 'big cats' (Panthera genus like lions and tigers). The visual evidence shows a real photograph (AI-generated=false) of a domestic cat. The retrieved evidence supports that domestic cats often sit in bowls or small spaces for comfort. There is no intent to deceive regarding wild animals, and the description is factually consistent with the visual content of a large domestic cat in a bowl."
ds3931,Misinformation,0.9,False,True,"The claim states that Toy Story 2 was produced by DreamWorks. The retrieved evidence and module signals confirm that Toy Story 2 was produced by Pixar Animation Studios and released by Walt Disney Pictures. DreamWorks Animation is a separate studio and did not produce this film. The module signals explicitly state that the subject is not accurately represented and that the image is not AI-generated, but the factual claim in the headline is false. Therefore, the pair constitutes misinformation."
ds2471,Not Misinformation,0.9,False,True,"The claim describes a woman sitting on a chair with an umbrella. The module signals indicate that the image is aligned with this description (relevancy: true) and is not AI-generated (visual_veracity: ai_generated: false). The retrieved evidence confirms that such images are common stock photography and illustrations (e.g., women in beach chairs with umbrellas, women with parasols). There is no evidence suggesting the image is fake, manipulated, or associated with a false narrative. The description is literal and accurate to the visual content described in the signals."
9577,Not Misinformation,0.9,False,True,"The headline contains a typo ('waiting' instead of 'accident'), but the core claim is factually supported by the evidence. Evidence [4] and [5] from BBC News explicitly state that Brian and Eileen Maguire, parents of Brian Óg Maguire, described his death as 'an accident waiting to happen' due to inadequate safety measures. The image signals indicate the image is real (not AI-generated) and shows individuals in an emotional context, which aligns with the serious nature of the claim. The other 'Maguire' references (Harry Maguire, Eileen running Boston Marathon for husband Brendan) are distinct entities or contexts not relevant to the specific quote attributed to Brian and Eileen Maguire regarding their son's death. Therefore, the headline accurately reflects the statements made by the named "
ds7360,Not Misinformation,0.9,False,True,"The retrieved evidence confirms that Bernie Sanders did speak at George Mason University on October 28, 2015, specifically hosting a town hall meeting with students. The evidence details that he addressed major issues such as income inequality, universal healthcare, campaign finance reform, and climate change during this event. The image shows Bernie Sanders speaking, which aligns with the claim. Although the specific photo might not be from that exact date (as visual verification is limited to the image content), the core factual claim that he appealed to students on big issues at GMU is supported by historical records. The image is not AI-generated. Therefore, the headline is consistent with the facts."
ds8806,Misinformation,0.9,False,True,"The image is identified as AI-generated with high confidence (0.9) by the visual veracity module, which notes anatomical impossibilities such as human-like legs on elephants. According to the definitive rule, if an image is AI-generated, it must be labeled as Misinformation regardless of other signals. Furthermore, the claim that elephants are standing beside each other on a balcony is physically implausible for wild elephants and not supported by any credible news reports or evidence. While there are safari lodges where guests might see elephants from balconies, the image itself is a fabricated depiction, not a record of a real event."
ds9145,Misinformation,0.9,False,True,"The visual veracity module explicitly identifies the image as AI-generated with a high confidence of 0.8. The explanation notes that the image displays a highly stylized vase with flowers that appear overly perfect and lack natural imperfections, with inconsistent lighting and shadows. According to the definitive rule provided, if the image is AI-generated (ai_generated=true, confidence>0.6), the output must be 'Misinformation' regardless of other signals. Therefore, the claim that this is a real photograph of a vase with purple irises next to a ceramic pitcher is false because the image itself is synthetic."
ds137,Not Misinformation,0.9,False,True,"The claim states that police made an arrest in connection with an earlier building society raid. The retrieved evidence confirms that arrests were indeed made in connection with building society raids. Specifically, evidence [2] from Chronicle Live reports on suspects arrested and appearing in court over a Nationwide Building Society raid in Wallsend. Additionally, evidence [1] from BBC News details a Chelsea Building Society raid in Sunbury-on-Thames involving Michael Wheatley, where police were actively investigating and arresting suspects (Wheatley was an absconder linked to the raid). The module signals indicate the image shows real police activity (not AI-generated) and is partially aligned with the claim. Since the core factual assertion (arrests connected to building society raids) "
ds5761,Misinformation,0.9,False,True,"The module signals explicitly indicate that the image is AI-generated (ai_generated=true, confidence=0.8). According to the definitive rule provided, if the image is AI-generated, the output must be 'Misinformation' regardless of other signals. While the headline's factual claims about the Burj Khalifa being Asia's tallest skyscraper and its luxury status are supported by the retrieved evidence, the use of an AI-generated image to represent the subject constitutes visual misinformation."
ds2309,Not Misinformation,0.9,False,True,"The image depicts a pizza being enjoyed in a setting that resembles a cafe or restaurant. The module signals indicate the image is not AI-generated (visual_veracity.ai_generated=false) and is relevant to the claim. The retrieved evidence confirms that pizza is widely served in various dining establishments, including cafes (e.g., Urth Caffé, Bear Mountain Pizza & Cafe, and various London cafes). The claim that a pizza pie is being enjoyed at a cafe is consistent with the visual content and general knowledge supported by the evidence. There are no contradictions or signs of fabrication."
7826,Misinformation,0.9,False,True,"The claim describes a specific event involving a woman returning from Mecca to the village of Novosasitli, marked by hanging a green flag and a towel. The retrieved evidence provides no support for this specific narrative. Instead, the evidence regarding Novosasitli (also spelled Novosasitli or Novosashitli) in Dagestan, Russia, focuses on security issues, such as checkpoints being smashed by gunmen and tensions related to the North Caucasus conflict (Sources 3, 5). There is no mention of a woman returning from Mecca or any associated celebration involving flags and towels in this context. Furthermore, the module signals indicate that the image does not align with the claim (showing a damaged building rather than a woman's house with specific items) and that the visual veracity is not AI-g"
ds8646,Misinformation,0.9,False,True,"The image is identified as AI-generated with high confidence (0.8). According to the definitive rule provided in the system instructions, if the image is AI-generated, the output must be labeled as 'Misinformation' regardless of other signals. The visual evidence shows unnatural appearances consistent with AI generation, and the retrieved evidence confirms that while Wii remotes exist and are used, the specific image provided is not a real photograph but a synthetic creation."
ds5661,Misinformation,0.9,False,True,"The image is identified as AI-generated with high confidence (0.8). According to the definitive rule, if the image is AI-generated, the output must be 'Misinformation' regardless of other signals. Additionally, the headline claims dogs can 'speak' three human words, which is scientifically inaccurate; while dogs can understand words and use communication buttons, they do not possess the vocal apparatus to 'speak' human words. The AI-generated image, featuring nonsensical text and surreal elements, further supports the classification of the content as misleading or fabricated."
ds2066,Not Misinformation,0.9,False,True,"The image depicts a giraffe in a zoo exhibit, which aligns with the claim. The visual veracity module indicates the image is not AI-generated (ai_generated=false) and appears authentic. The retrieved evidence confirms that giraffes are common exhibits in zoos worldwide (e.g., Como Zoo, Blank Park Zoo, Saint Louis Zoo, etc.), and stock photos of such scenes are widely available. There is no evidence to suggest the image is fake or misleading in the context of the claim."
1750,Not Misinformation,0.9,False,True,"The claim asserts that Scarlett Johansson is pictured noting with panic a poster for a band called 'the Singles'. The retrieved evidence does not support this specific narrative. Evidence [5] from Parade confirms that Scarlett Johansson did experience 'panic' or fluster on her first date with Colin Jost, but this was due to his request to extend the evening, not a band poster. The other evidence snippets discuss her general career, Marvel roles, or unrelated band news (e.g., The Ting Tings, The Hives). There is no record of a viral incident or news story involving Scarlett Johansson panicking over a 'Singles' band poster. The image provided (described as a genuine photo of her) does not visually support the specific context of the headline (no poster visible, no context of panic related to"
ds5872,Misinformation,0.9,False,True,"The visual veracity module explicitly identifies the image as AI-generated with a high confidence of 0.8, noting nonsensical text and inconsistent lighting. According to the definitive rule, if the image is AI-generated, the output must be 'Misinformation' regardless of other signals. Additionally, the claim implies a recent release or current audience enthrallment, but evidence shows the last series ended in 2019 and the next special is not scheduled until 2026, making the temporal context of the claim false as well."
8442,Not Misinformation,0.9,False,True,"The headline describes a specific event: Ben Stokes being dismissed for 47 runs by Peter Siddle in the 2013-14 Ashes series after misjudging a delivery. The retrieved evidence confirms this event occurred during the Fifth Test at the Sydney Cricket Ground on January 5, 2014 (Evidence [3], [4], [5]). The module signals indicate the image is not AI-generated (visual_veracity.ai_generated=false). Although the module's relevancy signal is low (claiming the image does not depict the specific event), the image shows a cricket scene which is contextually consistent with the claim. In the absence of evidence that the image is fake or depicts a completely unrelated event that contradicts the headline (e.g., showing a different player or era), and given the factual accuracy of the headline's descrip"
ds7662,Misinformation,0.9,False,True,"The claim states that the image shows the receding water line of Lake Hodges in San Diego County. However, the module signals explicitly state that the image depicts a group of people hiking along a coastal path and is not aligned with the claim (relevancy: false). The retrieved evidence confirms that Lake Hodges is a reservoir located inland (north of San Diego, near Escondido/Rancho Bernardo), not a coastal area. While Lake Hodges has indeed experienced receding water levels due to dam safety regulations and drought, the visual content provided (hikers on a coastal path) does not depict this location or phenomenon. Therefore, the image is mislabeled/mismatched with the claim, constituting misinformation."
ds6690,Misinformation,0.9,False,True,"The visual veracity module explicitly identifies the image as AI-generated with a high confidence of 0.9. The image depicts a fictional character (Spider-Man) interacting with real-world objects (stop and street signs), which is a hallmark of AI generation or heavy manipulation. According to the definitive rule, if the image is AI-generated, the output must be 'Misinformation' regardless of other signals. The headline describes a physical scene that is factually impossible in reality due to the presence of the fictional character, and the image itself is not a genuine photograph of such a scene."
8225,Misinformation,0.9,False,True,"The module signals explicitly state that the image is 'aligned: false' with a confidence of 0.0, explaining that 'The image does not depict Charles Kennedy or any relevant subject related to the campaign trail in 2005. It shows a different individual'. While the retrieved evidence confirms that Charles Kennedy did have a son named Donald (born around 2005) and was on the campaign trail in 2005, the specific claim that the provided image shows Charles Kennedy in that context is false. The image depicts a different person. Therefore, the image-headline pair is misleading/misinformation because the visual content does not match the subject described in the headline."
ds9362,Not Misinformation,0.9,False,True,"The image depicts a surfer riding a white surfboard, which aligns with the claim. The claim specifies the surfer is wearing 'red and black shorts'. The module signals note a partial alignment, suggesting the shorts are 'black and red' rather than 'red and black'. In common language, describing a pair of shorts as 'red and black' or 'black and red' refers to the same object (shorts with both colors), and the order of adjectives does not typically constitute a factual contradiction sufficient to label an image as misinformation unless a specific distinction is made (e.g., 'primarily red' vs 'primarily black'). The visual veracity signals indicate the image is not AI-generated. The retrieved evidence confirms the existence of stock photos and news contexts involving surfers on white boards an"
ds9100,Misinformation,0.9,False,True,"The visual veracity module explicitly identifies the image as AI-generated with a high confidence of 0.8. The explanation notes that the flowers appear 'overly perfect and stylized' and the shadows do not align naturally, which are strong indicators of synthetic imagery. According to the definitive rule provided in the system instructions, if the image is AI-generated (ai_generated=true, confidence>0.6), the output must be 'Misinformation' regardless of other signals. Although the headline describes a plausible scene (kitchen table with greenery and tulips), the image itself is not a real photograph of such a scene but a generated fabrication."
2273,Not Misinformation,0.9,False,True,"The image depicts a realistic bathroom scene with a white toilet, consistent with the claim of a 'very simple and modern bathroom with a white toilet.' The visual veracity signals indicate the image is not AI-generated (ai_generated=false). The retrieved evidence supports the description: white toilets are confirmed as the most popular and classic choice (Evidence Q3-1), and modern bathroom trends often include minimalist aesthetics and white fixtures (Evidence Q1-1, Q2-1). While the image may not show the entire bathroom to confirm 'very simple' in its entirety, the visible elements align with the claim, and there is no evidence of deception or AI generation. Therefore, the claim is considered accurate based on the available visual and textual evidence."
ds7198,Not Misinformation,0.9,False,True,"The image depicts Rory McIlroy holding a trophy, which aligns with the claim that he celebrates with FedEx Cup and Tour Championship trophies. Evidence confirms that Rory McIlroy won the Tour Championship and the FedEx Cup in 2016, 2019, and 2022. Specifically, in 2022, he won the Tour Championship, which secured the FedEx Cup title, and celebrated with the trophy. The visual signals indicate a real photograph (not AI-generated) of a golfer holding a trophy, consistent with McIlroy's victories. While the claim implies he is holding *both* trophies simultaneously or in a composite sense, in the context of the 2022 victory, winning the Tour Championship is the event that awards the FedEx Cup, and he is frequently photographed holding the FedEx Cup trophy (which is the ultimate prize) after w"
ds1099,Not Misinformation,0.9,False,True,"The image depicts rescue workers removing a body, which aligns with the aftermath of the March 27, 2016, suicide bombing at Gulshan-e-Iqbal Park in Lahore. Evidence confirms that this attack resulted in over 70 deaths and nearly 300 injuries, necessitating the recovery of bodies by rescue workers. The visual content is consistent with news reports and photographs from that specific event. The module signals correctly identify the alignment between the image and the headline. There is no evidence of AI generation, and the context provided by the headline is factually supported by the retrieved evidence regarding the 2016 Lahore park bombing."
540,Misinformation,0.9,False,True,"The claim asserts that Serena Williams questioned a call while advancing to a Saturday final. Evidence indicates that Serena Williams' last professional match was at the 2022 US Open, where she lost in the third round to Ajla Tomljanovic, marking her retirement. She did not advance to a final in that tournament or any recent tournament. While she did advance to the 2019 US Open final, the specific narrative of her questioning a call in the context of a recent 'Saturday final' is factually incorrect regarding her current status and recent career trajectory. The module signals correctly identify that she did not question a call in recent contexts and that her last match was a loss, contradicting the premise of the headline. Therefore, the headline presents a false narrative about a recent ev"
3405,Misinformation,0.9,False,True,"The visual veracity module indicates that the image is AI-generated with a high confidence (0.8). According to the definitive rule provided in the system instructions, if the image is AI-generated, the output must be 'Misinformation' regardless of other signals. While the claim itself has some basis in public opinion polls (e.g., Wales Online polls often rank Lloyd George highly, sometimes second to Churchill), the use of an AI-generated image to illustrate a specific factual claim about a historical ranking constitutes misinformation in this context due to the synthetic nature of the visual evidence."
6581,Misinformation,0.9,False,True,"The visual veracity module explicitly identifies the image as AI-generated with a high confidence of 0.8. The image depicts a cat wearing glasses and a jacket, which is a surreal and anthropomorphic scenario not found in reality. According to the definitive rule, if the image is AI-generated, the output must be 'Misinformation' regardless of other signals. The headline describes a simple, realistic scene ('yellow fluffy cat sitting in a window sill'), which contradicts the fabricated, AI-created nature of the image."
4642,Not Misinformation,0.9,False,True,"The headline claims that Cindy Crawford discussed her daughter Kaia Gerber's modeling future and her relationship with Kendall Jenner. The retrieved evidence confirms that Cindy Crawford has indeed interviewed Kaia Gerber (notably in 2016 for Teen Vogue and in various 2023/2024 interviews) discussing Kaia's confidence, modeling career, and future. While the specific quote 'Loves Kendall Jenner' is not explicitly found in the snippets, the general context of the headline aligns with real events where Cindy Crawford discusses Kaia's career and family dynamics. The module signal regarding visual veracity states the image is not AI-generated, and while the image relevance is flagged as low (likely because the image is a generic model photo rather than a specific screenshot of the interview), t"
ds3953,Misinformation,0.9,False,True,"The visual veracity module explicitly identifies the image as AI-generated with a high confidence of 0.8. The explanation notes nonsensical text on the banner and an overly perfect, staged composition, which are strong indicators of synthetic media. According to the definitive rule provided, if the image is AI-generated (ai_generated=true, confidence>0.6), the output must be 'Misinformation' regardless of other signals. The claim that the Ukrainian Soviet Socialist Republic 'always represented itself' is also historically inaccurate, as the republic was a constituent part of the USSR with limited sovereignty, but the primary driver for the label here is the fabricated nature of the visual evidence."
4893,Not Misinformation,0.9,False,True,"The claim that Mark Wahlberg teased Mel Gibson about his weight and offered to become his personal trainer is a reported anecdote from the set of 'Daddy's Home 2'. While the module signals indicate the image is not aligned with the specific event (it does not depict the two actors together in that context), the visual veracity check confirms the image is not AI-generated. The core claim itself is grounded in entertainment news reports (e.g., Gossip Cop, People) discussing the interaction, even if the 'teasing' aspect is nuanced by Wahlberg's respect for Gibson. Since the image is real (not AI-generated) and the headline reflects a known media narrative/anecdote, it is not classified as misinformation under the strict rule that only AI-generated images trigger a 'Misinformation' label autom"
ds8357,Misinformation,0.9,False,True,"The image depicts two men in a casual setting near a vending machine, which is completely unrelated to the characters Christian Grey and Anastasia Steele from the 'Fifty Shades' series. The module signals correctly identify that the image is not relevant to the claim (relevancy: false). While the image itself is not AI-generated, the pairing of this specific, unrelated stock-style photo with a headline about a specific fictional couple constitutes a mismatched or misleading representation. In the context of misinformation detection, using an irrelevant image to illustrate a specific narrative claim is a form of visual misinformation (clickbait or misleading association). The evidence confirms that Christian Grey is a fictional character from 'Fifty Shades', and the image does not depict ac"
ds9069,Not Misinformation,0.9,False,True,"The image depicts a box of doughnuts, which is a common way to purchase and transport them. The headline claims the image shows 'a rack with some doughnuts in a glass case.' While the image does not show a glass case or a rack (it shows a box), the visual veracity module confirms the image is real (not AI-generated) and depicts doughnuts. The discrepancy is a mismatch in the specific setting (box vs. display case), but it does not constitute misinformation in the sense of fabricating an event or using a fake image to deceive about the nature of the object. The image is a genuine photo of doughnuts. The headline is likely a generic description or a mislabeled caption, but since the image is real and the subject (doughnuts) is correct, and there is no evidence of AI generation or malicious i"
4230,Not Misinformation,0.6,False,True,"The headline claims Amber Heard is talking for the first time about her marriage to Johnny Depp. The retrieved evidence confirms that Amber Heard has given interviews discussing her marriage and the trial. Specifically, evidence [1] in the 'Amber Heard marriage Johnny Depp interview' section references a YouTube video titled 'Amber Heard Talks for First Time About Marriage to Johnny Depp' dated Feb 17, 2014, which aligns with the phrasing of the headline. Additionally, evidence [2] in the 'Amber Heard comments on Johnny Depp' section notes her first interview since the defamation trial (June 2022) where she discussed the impact of the relationship and trial. While the image provided is a generic stock-style photo of Amber Heard (likely from a red carpet or public appearance) and does not d"
ds7600,Not Misinformation,0.6,False,True,"The image is verified as real (not AI-generated) and depicts a generic financial trading floor, which is consistent with the context of stock market reporting. The retrieved evidence confirms that Shanghai shares have experienced significant gains and upward momentum recently (e.g., the rally in September 2024 and specific stock surges like WuXi AppTec). While the image does not explicitly show the Shanghai Stock Exchange building or specific Shanghai tickers, it serves as a plausible visual representation for a headline about Asian market gains led by Shanghai. There is no evidence suggesting the image is fake or that the headline is demonstrably false given the recent market trends described in the evidence."
6611,Misinformation,0.9,False,True,"The visual veracity module explicitly identifies the image as AI-generated with a high confidence of 0.9. The explanation notes that the figures have 'shark-like heads,' which is a surreal and impossible scenario for a real photograph. According to the definitive rule, if the image is AI-generated, the output must be 'Misinformation' regardless of other signals. The headline claims a couple is wearing umbrella hats, but the image depicts a fictional, AI-created scene that does not represent a real event or people."
ds7016,Misinformation,0.9,False,True,"The headline claims that Oscar Pistorius is 'awaiting trial' for premeditated murder. However, the retrieved evidence and module signals confirm that the trial concluded years ago. The trial began in March 2014, and he was convicted of murder in December 2015 by an appeals court, with his sentence extended in 2016. Furthermore, evidence indicates he was released on parole in January 2024. Therefore, the claim that he is currently awaiting trial is factually incorrect and outdated, constituting misinformation."
ds5610,Misinformation,0.9,False,True,"The definitive rule states that if the image is AI-generated with high confidence, the output must be Misinformation. The module signals indicate the image is AI-generated with a confidence of 0.8. Furthermore, the claim that plants communicate 'telepathically' is scientifically inaccurate; while plants do communicate via chemical and electrical signals (as confirmed by the 2023 Nature Communications study cited in the evidence), this is not telepathy. The use of an AI-generated image to support a pseudoscientific headline constitutes misinformation."
5834,Misinformation,0.9,False,True,"The claim asserts that cats designed the iPhone 4, which is factually false; the iPhone 4 was designed by Apple Inc. (specifically Jony Ive and his team). Furthermore, the module signals indicate that the image is AI-generated (ai_generated=true, confidence=0.8), depicting a surreal scenario of a cat with glasses. According to the definitive rule, if the image is AI-generated, the output must be labeled as Misinformation regardless of other signals. The combination of a fabricated claim and an AI-generated image confirms this verdict."
8196,Not Misinformation,0.9,False,True,"The claim states that Guy Scott, of Scottish descent, became interim president after the incumbent's death. The retrieved evidence confirms that Guy Scott served as the acting (interim) President of Zambia following the death of incumbent President Michael Sata in October 2014. Multiple sources (BBC, Wikipedia, News24) explicitly state that Guy Scott is of Scottish descent. Although the module signals mention Canadian flags in the image description, the core factual claim regarding Guy Scott's identity, heritage, and role is fully supported by the evidence. The image signals are marked as 'partial' alignment and 'not AI-generated', and the factual content is accurate. Therefore, the claim is not misinformation."
ds9433,Not Misinformation,0.9,False,True,"The image depicts a train, and the system's visual veracity check confirms it is not AI-generated (ai_generated=false). While the module signals indicate low relevancy (claiming the image shows a passenger train rather than one with storage containers), the definitive rule for this task prioritizes visual veracity. Since the image is a genuine photograph of a train, and the claim 'a big long train that has some storage containers on it' describes a common type of train (intermodal freight train) that exists and is depicted in the retrieved evidence (e.g., Wikipedia snippet on rail freight transport), the image is not inherently misleading in the context of AI-generated misinformation. The low relevancy score suggests a potential mismatch between the specific image and the specific claim, b"
ds6106,Misinformation,0.9,False,True,"The visual veracity module explicitly identifies the image as AI-generated with a high confidence of 0.8. The image depicts a surreal and highly improbable scenario of a child holding a grenade, which aligns with the AI generation signal. According to the definitive rule provided, if the image is AI-generated, the output must be labeled as Misinformation regardless of other signals. The headline 'not a single grenade one yet' is ambiguous and does not clearly correspond to the specific recent events mentioned in the evidence (such as the LA deputy deaths or Ukraine incidents), further supporting the conclusion that the image is a fabricated visual used to mislead or sensationalize."
1901,Not Misinformation,0.6,False,True,"The claim states that Venice's San Michele island cemetery will gain a pontoon for relatives to scatter ashes. The retrieved evidence confirms that Venice has revived a tradition of constructing a temporary floating bridge (pontoon) to San Michele island, specifically for All Souls' Day, to facilitate access for mourners. While the primary purpose cited in the evidence is access (walking to the cemetery rather than taking a vaporetto), the bridge serves the mourning community. The claim links the pontoon to scattering ashes; while the bridge itself is for access, the cemetery contains designated 'Gardens of Remembrance' where scattering is permitted, and the bridge facilitates the visit for these purposes. The image is a real aerial view of the cemetery. The claim is not definitively false"
ds1009,Not Misinformation,0.9,False,True,"The image depicts Capt Yevgeny Yerofeyev and Sgt Alexander Alexandrov in a Ukrainian court, which aligns with historical records. Evidence confirms that these two Russian soldiers appeared in court in Kyiv (specifically the Holosiivskyi District Court) starting in September 2015. While the headline specifies 'January', the trial proceedings and appearances spanned from late 2015 into 2016, meaning they did appear in court in January (likely January 2016, during the ongoing trial before the April 2016 verdict). The visual content matches the subjects and setting described. The module signals correctly identify the image as real (not AI-generated) and partially aligned due to the specific date ambiguity, but the core claim of their presence in a Ukraine court is factually supported by multip"
978,Not Misinformation,0.6,False,True,"The claim states that Frank Gehry-designed Power Play chairs are among the stylish touches in the Winter Garden. The evidence confirms that Frank Gehry did indeed design the 'Power Play' chairs for Knoll in 1990, characterized by their unique bentwood ribbon-like design. The image shows chairs that visually match the description of the Power Play chairs (curved, braided wood strips). While the specific location 'Winter Garden' is ambiguous (could refer to the city in Florida or the Winter Garden in Sheffield, UK), the visual evidence supports the presence of the specific furniture item mentioned in the claim. The module signals indicate the image is real (not AI-generated) and the relevance is partially aligned. Given that the core factual assertion (Gehry designed Power Play chairs) is tr"
9323,Not Misinformation,0.9,False,True,"The claim describes a 'sink with a cabinet on legs in a bathroom'. The module signals indicate that the image is a genuine photograph (AI-generated: false) and depicts a bathroom setting. Although the module's relevancy signal is low (false) because the image shows a toilet and storage unit rather than a sink, this indicates a mismatch between the specific object in the image and the specific object in the claim, rather than evidence of fabrication or malicious misinformation. The image is real, and the objects described (bathroom, cabinet) are present, even if the specific configuration (sink + cabinet on legs) is not the primary focus or is absent. Since the image is not AI-generated and there is no evidence of malicious intent or deepfake manipulation, it does not meet the definitive ru"
4284,Not Misinformation,0.6,False,True,"The claim states that Caitlyn Jenner escorted Sophia Hutchins to Nobu Malibu in a $200K purple Porsche. Evidence confirms that Caitlyn Jenner and Sophia Hutchins were indeed seen together at Nobu Malibu (Source 1, Q1). Evidence also confirms that Caitlyn Jenner drives a Porsche after her previous SUV was totaled in a crash (Source 4, Q3). While the specific color (purple) and price ($200K) are not explicitly verified in the provided snippets, the core entities (Caitlyn, Sophia, Nobu Malibu, Porsche) are factually linked in the context of the claim. The relationship between Jenner and Hutchins is described as close friends/professional partners, which aligns with the 'gal pal' description in the headline, even if romantic rumors existed. The image is verified as not AI-generated. Therefore,"
1972,Not Misinformation,0.6,False,True,"The claim states that the 'new' Chrysler 300C is 'softer looking' than the outgoing model. The module signals indicate the image is a genuine photograph (not AI-generated) but is likely an older model, creating a relevancy mismatch. However, the core of the claim is subjective ('softer looking') and refers to a 'new' model. Evidence indicates that the 2023 model was a limited 'farewell' edition and that there are rumors/reviews of a 2025/2026 revival. The 2023 model retained the classic, bold, 'muscular' design language of the previous generations (2005-2022), rather than adopting a 'softer' aesthetic. If the 'new' model refers to the 2023 farewell, the claim is factually weak as the design didn't change significantly to become 'softer'. If it refers to the rumored 2025/2026 models, the de"
ds3859,Misinformation,0.9,False,True,"The claim states that Korn's album 'See You on the Other Side' was released in 2002. However, multiple reliable sources (Wikipedia, Genius, The Rock Revival, Korn Wiki) confirm that the album was actually released on December 6, 2005. The image depicts the correct album cover, but the date in the claim is factually incorrect. Therefore, the claim is misinformation."
8063,Misinformation,0.9,False,True,"The claim asserts that the image shows Taiko drummers at the Deep River festival in Ontario, Canada. Evidence indicates that while there is a town named Deep River in Ontario (which hosts events like the Deep River Summerfest and the Deep River Ancient Muster), there is no evidence linking Taiko drumming performances to a 'Deep River festival' in that location. The retrieved evidence for Taiko drummers in Canada points to events in British Columbia (e.g., Victoria) or other contexts, not Deep River, Ontario. Furthermore, the 'Deep River Day' mentioned in the evidence refers to a town in Connecticut, USA, not Ontario. The image likely depicts a generic or misattributed stock photo of Taiko drummers (possibly from Japan or another location) falsely captioned as being at a specific Ontario fe"
9677,Misinformation,0.9,False,True,"The headline claims that Tillakaratne Dilshan and Kumar Sangakkara celebrated after making England 'famous in the field'. This phrasing is nonsensical and factually incorrect in the context of cricket; teams do not make opponents 'famous' by fielding, nor is this a known idiom. Furthermore, the retrieved evidence indicates that the specific match featuring a major celebration by Dilshan and Sangakkara (scoring centuries) was against Bangladesh in the 2015 World Cup, not England. While Sri Lanka has defeated England in various matches, the specific narrative of 'making England famous' is fabricated or severely distorted. The module signals also note 'partial' alignment and inability to confirm identities/event, which, combined with the absurdity of the claim, points to misinformation. The c"
7259,Not Misinformation,0.9,False,True,"The claim states that Bernie Sanders speaks in Des Moines, Iowa on Thursday. The retrieved evidence confirms that Bernie Sanders has spoken in Des Moines on multiple occasions, including a rally and a live broadcast during the Iowa Caucus (Evidence [1], [2]). While the specific day of the week ('Thursday') cannot be definitively verified for a single specific event without a date in the prompt, the core assertion that he speaks in Des Moines is factually supported by multiple records. The image is identified as a genuine photograph (not AI-generated) depicting Sanders speaking, which aligns with the claim. There is no evidence suggesting the image is fake or the event never happened. Therefore, the claim is considered not misinformation."
ds100,Not Misinformation,0.6,False,True,"The image depicts individuals in ice baths, which aligns with the claim of using them for recovery ('soothe sore seats' likely meaning sore muscles/buttocks). The visual veracity check indicates the image is not AI-generated. The claim references a 'Wembley challenge'. Evidence confirms that 'Wembley Challenge' is a term used for both the Rugby League Challenge Cup finals (where athletes use ice baths for recovery) and the Sidemen Wembley Challenge (a popular YouTube event involving a crossbar challenge). While the image does not explicitly identify the specific individuals or the exact event, the scenario is plausible and consistent with real-world events where athletes or participants in such challenges use ice baths for recovery. There is no evidence to suggest the image is fake or the "
ds3706,Not Misinformation,0.9,False,True,"The claim states that Robert Singer (producer) is 'incapable of writing.' The retrieved evidence and module signals confirm that Robert Singer is an American television producer, director, and writer. He is credited as a writer and creator for series such as 'Reasonable Doubts' and has contributed to 'Supernatural' and 'Lois & Clark.' The evidence explicitly identifies him as a writer and shows no record of him being 'incapable' of writing. The image provided is a generic stock photo of a person writing, which does not depict Robert Singer, but the claim itself is factually false because Singer is a professional writer. Therefore, the claim is misinformation. However, the prompt asks to label the pair. Usually, 'Misinformation' is reserved for claims that are false and presented as truth i"
1782,Misinformation,0.9,False,True,"The headline claims that North Korean workers are currently at the Shinwon clothes company in the Kaesong industrial park. However, retrieved evidence confirms that the Kaesong Industrial Complex (KIC) was shut down in February 2016 due to deteriorating inter-Korean relations, and North Korean workers were expelled/recalled at that time. As of 2024 and 2026, the complex remains closed, and there are no active North Korean workers employed there. While Shinwon was indeed a South-owned company that operated in Kaesong in the past (e.g., 2005-2013), the claim implies current operations which is factually incorrect. The image is likely an archival photo from the period when the factory was active (e.g., 2006), but the headline presents it as a current event, constituting misinformation."
4300,Not Misinformation,0.9,False,True,"The headline poses a subjective question ('Will Robert Pattinson and Kristen Stewart Ever Be Taken Seriously?') rather than stating a false fact. The image is a genuine photograph of the two actors, confirmed by the visual veracity module (ai_generated=false). The retrieved evidence supports the premise that both actors are taken seriously in the industry, with Pattinson known for diverse roles in major and independent films and Stewart having evolved her career significantly post-Twilight. The 'Twilight Curse' is a common media trope, but the headline's framing as a question about their current status aligns with the reality that they have moved beyond that label in critical circles. There is no evidence of AI generation or factual falsehoods in the claim."
ds9598,Misinformation,0.9,False,True,"The claim states that 'Critics say the annual Congress is a blessing.' The retrieved evidence consistently contradicts this characterization. Reports from 2023 describe the Congress as 'chaotic,' 'dismal,' and 'unproductive,' with critics highlighting events like the ouster of Speaker McCarthy and the expulsion of Congressman Santos. Public opinion polls cited in the evidence indicate that a majority of Americans feel 'exhausted' rather than hopeful, and views of Congress are 'unrelentingly negative.' There is no evidence in the provided snippets to support the claim that critics view the annual Congress as a 'blessing'; rather, the prevailing critical narrative is one of dysfunction and dissatisfaction. Therefore, the headline misrepresents the critical consensus."
2237,Not Misinformation,0.9,False,True,"The image depicts a large bird flying over a forested area, which aligns with the claim. The visual veracity module indicates the image is not AI-generated (ai_generated=false) and appears realistic. The retrieved evidence confirms that large birds, such as the Harpy eagle, inhabit heavily forested areas (tropical rainforests), and aerial photography of birds in such environments is common. There is no evidence suggesting the image is fabricated or misleading; it is a plausible representation of wildlife in a forest habitat."
8411,Not Misinformation,0.6,False,True,"The claim states that Mats Zuccarello scored for the New York Rangers, which is factually true based on the evidence (he played for the Rangers and scored multiple goals, including his first in 2011 and two in Game 6 of the 2014 playoffs). The image is identified as a realistic hockey scene involving Rangers players, consistent with the claim's subject. While the specific detail 'make it 20' is ambiguous (likely a typo for a score like 2-0 or a specific game context not fully verifiable from the generic image), the core assertion that Zuccarello scored for the Rangers is supported by the evidence. The image is not AI-generated. Therefore, the pair is not considered misinformation, although the specific context of the scoreline is unclear."
ds9228,Not Misinformation,0.9,False,True,"The image depicts a boat on a canal, which aligns with the claim. The visual veracity module indicates the image is not AI-generated (confidence 0.0 for AI generation, implying high confidence it is real). The retrieved evidence confirms that large passenger boats (such as packet boats, charter boats, and river tour boats) operate on canals and rivers globally (e.g., in the UK, Thailand, and historically in the US). While the specific identity of the boat in the image cannot be definitively confirmed as a 'large passenger boat' without more context, the claim is plausible and consistent with real-world scenarios described in the evidence. There is no evidence suggesting the image is fake or the claim is false. The partial relevancy noted in the module signals is due to ambiguity in the ima"
ds461,Not Misinformation,0.9,False,True,"The headline states that Bill Cosby's lawyers are attempting to get the case thrown out. The retrieved evidence confirms that this is a factual description of legal proceedings involving Bill Cosby. Specifically, evidence [3] from Fox LA explicitly states, 'Bill Cosby's lawyers push to get sexual assault case thrown out,' citing their argument regarding a previous district attorney's commitment. Other evidence snippets confirm that his lawyers have filed motions to dismiss or have attempted to have charges dropped (e.g., Sky News snippet [5] notes he 'Fails To Have Sex Assault Case Thrown Out,' implying the attempt was made). The image is a real photograph of Bill Cosby, and the claim accurately reflects the legal strategy employed by his defense team during the relevant period of his tria"
4368,Not Misinformation,0.6,False,True,"The headline claims that Jennifer Garner and Josh Duhamel are dating and that Ben Affleck feels threatened by this rumor. The retrieved evidence confirms that in early 2018, there were widespread media reports and rumors that Jennifer Garner and Josh Duhamel were dating after co-starring in 'Love, Simon'. Specifically, source [2] from OK Magazine and source [5] from The Christian Post discuss these rumors. Source [2] from HollywoodLife explicitly states, 'Ben Affleck Feels Threatened By Jennifer Garner & Josh Duhamel... dating rumor,' directly supporting the claim about Affleck's reaction. While the image shows Ben Affleck and Jennifer Garner (not Josh Duhamel), the module signals correctly identify this as a relevance mismatch (the image does not depict the specific subjects of the headli"
6660,Misinformation,0.9,False,True,"The visual veracity module explicitly identifies the image as AI-generated with a high confidence of 0.8. The scene depicts a physically impossible scenario (skateboarding on a wall), which is a hallmark of AI generation. According to the definitive rule, if the image is AI-generated, the output must be 'Misinformation' regardless of other signals. The claim describes a specific action (holding a paddle under a shelf) that does not match the surreal, AI-generated content, further supporting the mislabeling of the image."
ds831,Not Misinformation,0.9,False,True,"The claim states that actor Scott Baio spoke at the Monday evening session of the Republican National Convention. Evidence confirms that Scott Baio was indeed a speaker at the 2016 Republican National Convention in Cleveland. Specifically, UPI reporting (Source 4) explicitly states: 'Actor Scott Baio, speaking at the Republican National Convention Monday night...'. Other sources (Sources 2, 3, 5) corroborate his presence and speech at the 2016 RNC. The module signals correctly identify the image as non-AI and relevant. Although the claim does not specify the year, the event described (Scott Baio speaking at the RNC on a Monday evening) is factually accurate for the 2016 convention. There is no evidence suggesting this is a false attribution or a deepfake; rather, it is a description of a r"
723,Misinformation,0.9,False,True,"The claim states that Dolphins running back Reggie Bush celebrated a third-quarter touchdown against the Bills. This claim is factually impossible for two main reasons. First, Reggie Bush retired from the NFL in 2017 and has not played for the Miami Dolphins since 2012. The retrieved evidence confirms a Dolphins vs. Bills game occurred on October 1, 2023, but Reggie Bush was not on either team. Second, even if we look at his actual tenure with the Dolphins, he did not score a touchdown against the Bills during his time there (he played for the Dolphins from 2012-2013; the Bills game in 2023 is irrelevant to his playing career). The image likely depicts a different player or a different game, and the caption misidentifies the player and the context. Since the core premise (Reggie Bush playi"
ds4173,Misinformation,0.9,False,True,"The headline 'BREAKING: Federal Judge Grants Permission To Subpoena Trump' is factually incorrect and misleading. Evidence from PolitiFact [1] explicitly rates this specific headline as 'False', clarifying that while a federal judge may have ruled on the preservation of documents or granted subpoenas to third parties (such as banks, the Federal Reserve, or the Trump inaugural committee), no federal judge granted permission to subpoena Donald Trump himself in the context implied by the headline. The retrieved evidence shows that subpoenas involving Trump have typically been issued by Congress (e.g., the January 6 Committee) or state prosecutors (e.g., Manhattan DA), not granted by a federal judge as a new legal action against him directly in the manner described. The image is a generic phot"
ds9215,Misinformation,0.9,False,True,"The visual veracity module explicitly identifies the image as AI-generated with a high confidence of 0.8. The explanation notes unnatural texture blending and anatomical inconsistencies in the cow's horns. According to the definitive rule provided, if an image is determined to be AI-generated (ai_generated=true, confidence>0.6), the output must be labeled as Misinformation regardless of other signals. The retrieved evidence does not contradict the AI generation finding; rather, it provides general information about cows and woodpiles but confirms no specific real-world event or stock photo matches the specific, likely synthetic, composition described."
ds6725,Misinformation,0.9,False,True,"The visual veracity signal indicates that the image is AI-generated with a high confidence of 0.8. The explanation notes surreal elements such as a floating coffee cup and water defying gravity, which are physically impossible. According to the definitive rule, if the image is AI-generated, the output must be 'Misinformation' regardless of other signals. While the claim that fire hydrants can be painted in patriotic colors is factually true (as supported by evidence regarding the 1976 Bicentennial and modern community projects), the specific image provided is a fabricated, AI-created depiction rather than a photograph of a real event or object. Therefore, presenting this AI-generated image as evidence for the claim constitutes misinformation."
1792,Not Misinformation,0.9,False,True,"The claim states that Ricky Muir, representing the Australian Motoring Enthusiast party, was elected as a senator despite receiving a tiny number of first preference votes. The retrieved evidence confirms that Ricky Muir was indeed elected to the Australian Senate for Victoria in 2013 (taking office in 2014) representing the Australian Motoring Enthusiast Party (AMEP). Multiple sources, including SBS and ABC News, explicitly state that he gained his position on a record low primary vote of 0.51% (approximately 17,000 votes). This low first-preference count was made possible by preference flows from other micro-parties, a well-documented feature of the Australian Senate voting system. The image shows a man identified in the context as Ricky Muir, and the visual veracity signals indicate it "
2826,Not Misinformation,0.9,False,True,"The claim states that there is a mug that changes color depending on how much coffee is in it. The retrieved evidence confirms that color-changing mugs (often called 'magic mugs') exist and are widely sold. These mugs typically use thermochromic materials that change color when exposed to heat. Since the color change is triggered by the temperature of the liquid (coffee), and the amount of coffee affects the temperature distribution or the volume of hot liquid covering the design, the description is factually grounded in the existence of such products. The image shows a person holding a mug, which is consistent with the subject matter. The module signals indicate the image is not AI-generated and the relevance is partial because the specific 'level-based' change isn't visually demonstrated"
ds709,Not Misinformation,0.6,False,True,"The image depicts a Bombardier CRJ700, which is consistent with the aircraft type mentioned in the claim. The visual veracity signals indicate the image is real (not AI-generated). Regarding the specific details of the claim (Delta Connection, Seattle-Tacoma, September 2015, dusk): Evidence [2] confirms that Delta Air Lines announced plans for daily service to Seattle starting December 19, 2015, operated by SkyWest using CRJ-700 aircraft. While the service officially started in December, Delta Connection flights (potentially on other routes or as part of the buildup/seasonal adjustments) could have been operating in Seattle in September 2015, or the image is a stock photo used to represent the upcoming service. The claim is plausible and not demonstrably false based on the evidence that CR"
ds3448,Misinformation,0.9,False,True,"The visual veracity module explicitly identifies the image as AI-generated with a confidence of 0.8. According to the definitive rule provided in the system instructions, if the image is AI-generated (ai_generated=true, confidence>0.6), the output must be 'Misinformation' regardless of other signals. Although the claim 'Younger is a town' is factually ambiguous (likely referring to 'Young', NSW, or 'Youngstown', OH, or the TV show 'Younger'), the primary reason for the label is the synthetic nature of the image, which presents a generic, AI-created town scene rather than a verifiable photograph of a specific place named 'Younger'."
ds2474,Not Misinformation,0.9,False,True,"The image depicts boats docked at a pier in a body of water, which aligns perfectly with the claim 'some boats that are by a dock in some water'. The module signals confirm the image is not AI-generated (ai_generated=false) and is visually realistic. The retrieved evidence supports the general existence and commonality of such scenes (boats at docks/harbors), validating the descriptive nature of the claim. There is no evidence of manipulation or false context."
ds2010,Not Misinformation,0.9,False,True,"The image depicts a tennis player in the act of serving, which directly aligns with the claim 'a tennis player is serving the ball to his opponent'. The module signals confirm the image is not AI-generated (ai_generated=false) and the visual content matches the description. The retrieved evidence supports the general context of tennis serving but does not contradict the specific visual claim. Since the image is verified as real and the action described is accurately depicted, the claim is considered not misinformation."
ds1564,Misinformation,0.9,False,True,"The claim states that Woody Allen received the Cecil B. DeMille Lifetime Achievement Award 'this year'. Based on the retrieved evidence, the 2023 Golden Globe Awards (held in January 2023) awarded the Cecil B. DeMille Award to Eddie Murphy, not Woody Allen. While Woody Allen did receive the award in 2018, the module signals and evidence confirm that for the 2023 timeframe implied by 'this year' (relative to the 2023 news context provided in the evidence), the recipient was Eddie Murphy. Therefore, the claim is factually incorrect regarding the specific year associated with the recent award cycle discussed in the evidence."
ds2594,Misinformation,0.9,False,True,"The image is identified as AI-generated with high confidence (0.8) due to unnatural finger warping and inconsistent nail textures. According to the definitive rule, if the image is AI-generated, the output must be 'Misinformation' regardless of other signals. The headline claims a specific visual phenomenon ('nail polish matches a different part of the table depending on how the light hits'), but the image itself is synthetic and does not depict a real-world scenario or table. Therefore, the claim is not supported by a factual image, constituting misinformation."
2501,Not Misinformation,0.9,False,True,"The image is verified as a genuine photograph (AI-generated: false) and visually aligns with the claim of a girl holding a bullfrog. The retrieved evidence confirms that bullfrogs are real animals that can be caught by humans using various methods, including hand-catching. While the evidence does not identify the specific individual in the photo, there is no contradictory information suggesting the event is impossible or the image is fake. The claim describes a plausible real-world event consistent with the visual evidence and general knowledge about bullfrogs."
7697,Not Misinformation,0.9,False,True,"The claim states that a draft proposal suggests two garden cities at Yalding in Kent and Gerrards Cross in Buckinghamshire. Retrieved evidence [2] from a 2014 blog post explicitly confirms this: 'This newspaper understands, from sources outside the Deputy Prime Minister’s office, that a draft proposal suggests building two new settlements in Yalding, Kent, and Gerrards Cross, in Buckinghamshire.' This directly validates the core factual assertion of the claim. The image is a generic landscape, and while it does not depict the specific locations, the module signals indicate it is not AI-generated and is only partially aligned (which is expected for a generic stock photo used to illustrate a news story). Since the text claim is historically accurate based on the evidence, and the image is no"
ds2926,Not Misinformation,0.9,False,True,"The claim states that the icon for debugging tools on the Touch Bar is a can of bug spray. The module signals indicate the image is a genuine photograph (AI-generated=false) and the relevance is partial, noting it's unclear if the specific icon is present. The retrieved evidence, specifically snippet [3] from the 'Touch bar debugging tools explained' section, explicitly mentions: 'A spray can icon on the touch bar may be useful when...'. This suggests that such an icon exists or is a known feature/reference in the context of Touch Bar debugging (likely in Xcode or similar IDEs where 'bug' puns or specific tool icons are used). While the term 'bug' in debugging refers to code errors, the visual representation in software interfaces can sometimes be literal or metaphorical. The evidence supp"
ds1829,Not Misinformation,0.9,False,True,"The image depicts an MRAP vehicle, and the claim states that such vehicles were acquired by US school districts under a Pentagon giveaway program. Evidence [4] from Smithsonian Magazine explicitly lists schools that acquired MRAPs from the military since 1998. Evidence [5] from the Lariat News confirms that Saddleback College's campus police acquired an MRAP from the Department of Defense via the Excess Property Program 1033, which is the mechanism for the 'Pentagon giveaway' of military equipment to law enforcement (including campus police). The visual veracity is confirmed as real (not AI-generated). Therefore, the claim is supported by evidence."
ds4158,Misinformation,0.9,False,True,"The claim that Hillary Clinton filed for divorce in New York courts is false. Multiple credible sources, including HuffPost and All About Lawyer, have explicitly debunked this rumor, stating there are zero legal filings for divorce in any jurisdiction, including New York. The rumor appears to be a recurring hoax, often originating from fake news sites like The Christian Times or Weekly World News. The retrieved evidence confirms that reports of such a filing are unfounded and have been labeled as fake news or hoaxes. Therefore, the headline presents a fabricated event as fact."
ds9891,Not Misinformation,0.6,False,True,"The image depicts a scene from a period drama with individuals in Regency-era attire, which is consistent with the visual style of the BBC's 1995 adaptation of 'Pride and Prejudice' (starring Colin Firth and Jennifer Ehle). The headline 'The BBC s And Prejudice Having A good time' appears to be a garbled or typo-ridden version of 'BBC's Pride and Prejudice: Having a good time' or similar. While the image is not definitively identified as a specific frame from the show in the evidence, it is not AI-generated (visual_veracity ai_generated=false) and does not contain obvious artifacts suggesting it is fake. The relevance is partial because the image is generic period attire, but it aligns with the subject matter. There is no evidence that the image is a deepfake or AI-generated manipulation i"
3477,Misinformation,0.9,False,True,The image is identified as AI-generated with high confidence (0.9). The visual content depicts a surreal scenario (an octopus in a baseball setting) that does not align with the factual content of the movie 'Trouble with the Curve'. Evidence confirms that 'Trouble with the Curve' is a 2012 sports drama starring Clint Eastwood and does not feature any squids or octopuses. The combination of an AI-generated image and a false claim about the movie's content constitutes misinformation.
3415,Misinformation,0.9,False,True,"The claim states that Hezbollah received zero support from Iran. The retrieved evidence overwhelmingly contradicts this claim. Multiple sources, including the US State Department, Wikipedia, Britannica, and the Council on Foreign Relations, confirm that Iran is a key patron of Hezbollah, providing significant funding, military training, weapons, and organizational aid since the group's inception in the early 1980s. The module signals also explicitly answer that Iran supports Hezbollah with a confidence of 1.0. Therefore, the claim is factually false."
ds4821,Not Misinformation,0.6,False,True,"The claim that Meghan Markle kept her romance with Prince Harry secret from her Suits cast mates is not supported by the evidence, which indicates the opposite. Multiple sources confirm that her Suits co-stars were aware of the relationship and reacted positively to her engagement. For instance, Sarah Rafferty and other cast members publicly expressed support and excitement for her romance with Prince Harry. While there were rumors or speculation about her level of openness, there is no definitive evidence that she actively hid the relationship from her colleagues; rather, the cast's reactions suggest they knew and celebrated the news. The image provided is a standard photograph of Meghan Markle and does not contradict this timeline. Therefore, the headline's implication of secrecy is misl"
ds471,Not Misinformation,0.9,False,True,"The claim accurately describes the RoboRoach product developed by Backyard Brains. Evidence confirms that RoboRoach is a real educational kit that uses a small electronic backpack with electrodes to stimulate the nerves in a cockroach's antennae. This device connects via Bluetooth to a smartphone app, allowing the user to control the cockroach's movements (typically left or right turns) based on the insect's natural reflexes. The module signals correctly identified the product's existence and mechanism, and the visual veracity check indicated the image was not AI-generated. Therefore, the headline is factually supported."
ds4939,Misinformation,0.9,False,True,"The headline claims a specific individual named 'Cait' is facing knee surgery due to refusing to wear stilettos. The retrieved evidence does not support this specific narrative. While there is a runner named Cait Keen who recently had major surgery, it was for a fibroid, not a knee injury related to heels. Another individual, Cait McMahan, had knee surgery in 2006, which is not recent news. The term 'Stiletto Surgery' found in the evidence refers to elective foot surgeries (like toe shortening) to fit into high heels, not knee surgery caused by wearing them. The image is a generic stock photo of a woman in heels and does not depict a specific person named Cait or the alleged medical condition. The claim conflates general health risks of high heels with a specific, unverified, and likely fa"
1818,Misinformation,0.9,False,True,"The claim asserts that the 'Opinion Debate' section moved to a publication called 'Viewspaper' and that this move provides more room for reader letters. The retrieved evidence directly contradicts the premise of the claim. Evidence [1], [3], [4], and [5] from the first query confirm that the recent major changes to The Washington Post's opinion section were an overhaul initiated by owner Jeff Bezos in February 2025, involving editorial shifts and staff changes, but there is no mention of a section moving to a platform or publication named 'Viewspaper'. The term 'Viewspaper' appears in the evidence only in unrelated contexts: as a rebranding of a different UK publication (Evidence [1] in the second query), as a historical term for Malay press (Evidence [2]), or as a supplement name in The I"
ds4587,Not Misinformation,0.9,False,True,"The claim states that Jennifer Aniston did not spend $100K on a makeover. The retrieved evidence supports this claim. Specifically, source [4] under the 'Did Jennifer Aniston spend $100K on makeover?' query clarifies that while her expenses during a three-month hotel stay could reach $100,000 (including room service and tips), this was not for a makeover. Other sources discuss her recent natural look and reduced use of fillers, but none support the specific allegation of a $100K makeover expense. Therefore, the headline's assertion that she 'Didn't Spend $100K' is factually correct based on the available evidence."
ds9253,Not Misinformation,0.9,False,True,"The image displays a realistic scene (AI-generated: false) containing a coffee beverage, a slice of cake (consistent with coffee cake), and a banana. The headline states 'Food items displayed such as coffee cake, a pastry and a beverage in a glass cup.' While the headline mentions a 'pastry' and the image shows a banana (which is technically a fruit, not a pastry), the core claim that the image displays food items including coffee cake and a beverage is accurate. The presence of a banana does not contradict the headline's assertion that these specific items are displayed; it simply adds another item. The headline uses 'such as' to list examples, and the image contains coffee cake and a beverage. The visual veracity is high, and there is no evidence of AI generation or deceptive manipulatio"
ds8003,Misinformation,0.9,False,True,"The claim states that a fireworks display in Weymouth marked the opening of the London 2012 Olympics. Evidence indicates that the London 2012 Opening Ceremony took place in London on July 27, 2012, and was a specific event in the Olympic Stadium, not a fireworks display in Weymouth. While Weymouth did host sailing events (Sail for Gold) in July 2012 as part of the Olympic preparations, there is no evidence linking a Weymouth fireworks display to the opening of the Games. Furthermore, the retrieved evidence regarding Weymouth fireworks specifically cites displays on November 5th (Guy Fawkes Night) and during summer holidays, but does not support the claim that a display marked the Olympic opening. The image shows a generic fireworks display, and the module signals note that the image does n"
4557,Not Misinformation,0.9,False,True,"The headline claims that Irish actress Ruth Negga's Hollywood star status is 'SOAR'ing. The retrieved evidence confirms that Ruth Negga is indeed a rising and established star in Hollywood. She received an Academy Award nomination for her role in 'Loving' (2016), starred in the acclaimed film 'Passing' (2021), and has recent/upcoming high-profile projects such as 'Good Grief' (2023) and the series 'Presumed Innocent' (2024). Media outlets explicitly refer to her as a 'new Irish star in Hollywood' and note her growing recognition and awards season presence. While the module signals indicate the image is not clearly identifiable as Ruth Negga (partial relevancy), the core claim regarding her rising status is factually supported by the evidence. The image is verified as not AI-generated. Ther"
ds8684,Misinformation,0.9,False,True,"The visual veracity module explicitly identifies the image as AI-generated with a high confidence of 0.8, citing unusual fur patterns and surreal color blending. According to the definitive rule provided, if an image is determined to be AI-generated, it must be labeled as Misinformation regardless of other signals. The headline describes a specific real-world scene (cat and dog on wooden benches next to a stairwell), but the image is a synthetic creation, not a photograph of such a scene. Therefore, the image does not truthfully represent the claim."
