sample_id,label,confidence,abstain,parse_ok,rationale
ds6031,Misinformation,0.9,False,True,"The image is identified as AI-generated (confidence 0.9) by the visual veracity module, depicting a surreal and impossible scenario of a frog floating above a tank. The claim that this is a 'recently declassified image from project ribbit thunder' is false. Evidence indicates that 'Ribbit' is a character from the animated series 'The Amazing Digital Circus' and 'Project Rabbit' is a video game, with no connection to military declassification projects. Furthermore, recent declassified military imagery typically involves satellite data (e.g., KH-7/KH-9) or specific historical missions (e.g., SAS, USS Liberty), none of which match the surreal content of the image. The combination of an AI-generated image with a fabricated context constitutes misinformation."
3397,Misinformation,0.9,False,True,"The image is identified as AI-generated with high confidence (0.8). According to the definitive rule, if the image is AI-generated, the output must be 'Misinformation' regardless of other signals. Additionally, the claim that Planet Hollywood Las Vegas is owned by a corporation based in Paris, Texas is factually incorrect; evidence confirms it is owned and operated by Caesars Entertainment, which is based in Nevada, not a Texas corporation."
ds2700,Not Misinformation,0.6,False,True,"The image depicts a scaled quail standing on one leg, which is a documented behavior for this species (Evidence [3] in the retrieved set confirms observations of scaled quails standing on one leg). The visual veracity signals indicate the image is not AI-generated. While the specific presence of a raisin and peanut next to the bird is not explicitly confirmed by the text evidence (which focuses on general diet of seeds, plants, and insects), the claim describes a specific scene that is biologically plausible and visually consistent with the subject. The partial alignment noted in the module signals is due to the difficulty of verifying small objects in the image, but there is no evidence to suggest the image is fake or the claim is false. The bird's behavior and species identification are "
ds4880,Not Misinformation,0.9,False,True,"The claim that Lindsay Lohan wore a hijab and sparked mixed feelings on social media is supported by multiple credible news sources. Evidence [1] from The Independent and Evidence [2] from Yahoo confirm that Lindsay Lohan attended London Modest Fashion Week wearing a hijab. Furthermore, Evidence [4] from SheThePeople and Evidence [1] from AOL explicitly state that her appearance sparked praise and criticism (mixed feelings) on social media. The image shows a woman in a hijab, which aligns with the reported event. The visual veracity module indicates the image is not AI-generated. Therefore, the headline accurately reflects real-world events."
ds8852,Not Misinformation,0.6,False,True,"The image depicts three teddy bears against a stone wall, which aligns with the 'three teddy bears' part of the claim. However, the claim specifies a 'stuffed cat' and a 'bedroom wall'. The visual evidence shows no stuffed cat, and the background appears to be an outdoor stone wall rather than an indoor bedroom wall. The module signals correctly identify this as 'partial' alignment. Since the image is verified as real (not AI-generated) and the discrepancy is likely due to a mismatched caption or a specific artistic interpretation not fully captured by the text, it does not meet the threshold for 'Misinformation' under the definitive rule (which requires AI generation). However, the factual inaccuracy regarding the cat and the setting prevents a 'high' confidence in the claim's validity. T"
7551,Not Misinformation,0.9,False,True,"The claim states that snow has fallen across parts of the UK, specifically mentioning Kielder Water in Northumberland, and that more is predicted. Evidence [5] from BBC News explicitly confirms this exact phrasing: 'Snow has fallen across parts of the UK, such as Kielder Water, in Northumberland, and more is predicted over the weekend.' Additionally, Evidence [3] from BBC News corroborates that snow fell in northern England and southern Scotland with more forecast. The image shows a snowy landscape which is consistent with the claim, and the visual veracity signals indicate it is not AI-generated. Therefore, the headline is supported by factual reports."
365,Misinformation,0.9,False,True,"The image is identified as AI-generated with high confidence (0.8). The visual evidence shows gorillas with unnatural, exaggerated facial features and expressions that are characteristic of AI generation rather than real photography. According to the definitive rule, if the image is AI-generated, the output must be Misinformation regardless of the factual accuracy of the headline's context (which is true: Kwita Izina ceremonies do occur in Rwanda). The image does not depict a real event but is a synthetic creation, making the pairing misleading."
ds4717,Not Misinformation,0.6,False,True,"The headline claims that Khloe Kardashian was forced by Tristan Thompson to follow a strict pregnancy diet after a binge. Retrieved evidence supports the core narrative that Tristan Thompson intervened in Khloe's diet during her pregnancy with their daughter True. Specifically, sources [1] and [2] from the first evidence block explicitly state that 'Tristan Thompson Puts Khloe Kardashian On Pregnancy Diet' and that he 'won't stand for unhealthy habits' or 'intervened with Khloe Kardashian’s pregnancy routine' [5] from the second evidence block. While the word 'forced' is strong, the reports describe his active role and insistence on a healthy lifestyle, which aligns with the headline's claim of him imposing a strict diet. The image relevance signal is low (false), but the visual veracity i"
4718,Not Misinformation,0.9,False,True,"The headline claims Jennifer Lopez might take a break from Alex Rodriguez. Evidence confirms that Jennifer Lopez and Alex Rodriguez ended their relationship in March 2021 after four years together and a two-year engagement (Sources [1], [2], [5] from the first evidence block). Since the relationship has already ended, the concept of 'taking a break' is factually consistent with their history of relationship dynamics (they were previously engaged and then broke up). Furthermore, recent reports indicate that Rodriguez reached out to Lopez after his own subsequent breakup, suggesting ongoing contact or at least a non-hostile dynamic, which aligns with the 'break' or 'distance' narrative rather than a definitive 'together' status. The image is a genuine photograph (AI generated: false), and th"
ds4306,Not Misinformation,0.9,False,True,"The headline accurately reflects statements made by Eric Trump in August 2016. Multiple credible news sources, including The Hill, The Wall Street Journal, and The Guardian, confirm that Eric Trump stated it would be 'foolish' for his father, Donald Trump, to release his tax returns while under audit, arguing that the public might make uninformed assumptions. The image depicts Eric Trump, consistent with the subject of the claim. The module signals correctly identify the visual as non-AI and the claim as aligned with historical fact."
ds1370,Not Misinformation,0.9,False,True,"The claim that Kris and Bruce Jenner attended the Academy of Country Music Awards in Las Vegas is supported by multiple credible sources. Evidence [3] from Mirror Online and Evidence [4] from Alamy explicitly state that Kris and Bruce Jenner attended the 44th Annual Academy of Country Music Awards held at the MGM Grand in Las Vegas in 2009. Additionally, Evidence [3] from USA TODAY confirms this event with a file photo dated April 5, 2009. The visual veracity signals indicate the image is not AI-generated, and the module signals align with the factual record of their attendance at this specific event."
ds2101,Not Misinformation,0.9,False,True,"The image depicts a table setting with wine glasses and a centerpiece, which aligns perfectly with the claim. The module signals confirm the image is not AI-generated (ai_generated=false) and is relevant to the headline. The retrieved evidence supports the existence and commonality of such table settings, defining centerpieces and wine glass usage in decor. There is no evidence of manipulation or falsehood."
5000,Misinformation,0.9,False,True,"The claim that President Obama admitted to a secret deal handing over U.S. territory to China to settle debt is factually false. There is no record of such a deal; the United States has never ceded any of its sovereign territory to China. The only territory transferred to China in recent history was Hong Kong, which was returned by the United Kingdom in 1997, long before Obama's presidency. Evidence [1] and [3] from the retrieved sources confirm that Obama's relationship with China involved diplomatic cooperation and trade enforcement challenges, not territorial concessions. The image of the Obamas is unrelated to the specific false claim, and the headline represents a fabricated narrative."
ds4724,,,False,False,PARSE_FAILURE
ds6329,Misinformation,0.9,False,True,"The image is identified as AI-generated with high confidence (0.9), depicting an impossible scenario of a man inside a shark. The headline references 'What's Eating Gilbert Grape' and 'Sharkasaurus', neither of which involve a real person fighting a shark in the manner depicted. 'What's Eating Gilbert Grape' is a drama with no shark scenes, and 'Sharkasaurus' is a low-budget creature feature unrelated to the film mentioned. The combination of an AI-generated visual with a nonsensical headline constitutes misinformation."
ds1157,Not Misinformation,0.6,False,True,"The claim describes a person holding a banner during a Pope's procession down Fifth Avenue to St. Patrick's Cathedral. Historical evidence confirms that multiple Popes (Paul VI in 1965, John Paul II, Benedict XVI in 2008, and Francis in 2015) have traveled down Fifth Avenue to St. Patrick's Cathedral in New York City. Specifically, during Pope Francis's 2015 visit, he traveled down Fifth Avenue to the Cathedral, and it is standard for crowds to hold banners and signs during such high-profile papal processions. While the specific image provided is not definitively identified as one of these historical moments in the evidence, the event described is factually grounded and plausible. The module signals indicate the image is not AI-generated. The 'partial' alignment in the module likely stems "
5013,Misinformation,0.9,False,True,"The image provided is visually unrelated to the specific claim of a 'dating revelation' or 'divorce speculation' event. The module signals correctly identify that the image shows two individuals on a stage (likely from a TV show like 'Dancing with the Stars') and does not depict Brooke Burke in the context of the headline's specific narrative. While Brooke Burke is a real person who has been divorced and is currently engaged, the headline implies a specific, sensationalized 'revelation' or 'exposed insight' that is not supported by the visual evidence. The image is a generic stock or archival photo used to mislead the viewer into associating it with the specific, potentially fabricated or exaggerated news story. The lack of visual alignment combined with the sensationalist nature of the he"
3983,Misinformation,0.9,False,True,"The claim contains a factual error regarding the release year of the film 'A Good Day to Die Hard'. While it is true that John Moore directed the film, the movie was released in 2013, not 2008, as confirmed by multiple evidence sources [1, 3, 5]. Furthermore, the module signals indicate that the image provided is AI-generated (ai_generated=true, confidence=0.8) and irrelevant to the claim. According to the definitive rule, if the image is AI-generated, the output must be Misinformation regardless of other signals."
ds9980,Not Misinformation,0.6,False,True,"The image depicts a scene consistent with the widespread media coverage of Iraqi families fleeing Mosul and settling in displacement camps near Kurdish checkpoints (specifically the Khazer/Aksi Kalak area) during the ISIS conflict (circa 2014-2017). Evidence [3] from Daily Mail and Evidence [1] from NBC News explicitly describe Iraqi families, including children, settling in fields or camps next to Kurdish checkpoints in northern Iraq. While the headline specifies '2023' in the module's context for family settlement, the visual content matches the well-documented historical events of displacement in that region. The image is not AI-generated (visual_veracity ai_generated=false). The claim describes a plausible and historically accurate scenario of refugees settling near checkpoints, even i"
ds2354,Not Misinformation,0.6,False,True,"The image depicts a large airplane flying low in a cloudy sky. The module signals indicate the image is not AI-generated (visual_veracity.ai_generated=false). The retrieved evidence confirms that planes frequently fly low for various reasons, such as landing approaches (e.g., at LAX), wind conditions, or weather avoidance, and that cloudy skies do impact flight paths. While the claim is generic and does not specify a unique event, the visual content is consistent with common aviation activities and weather conditions described in the evidence. There is no evidence suggesting the image is fake or the claim is false; rather, it aligns with general aviation facts."
ds9501,Misinformation,0.9,False,True,"The claim states that Ford's reelection campaign was 'brilliant.' Historical evidence confirms that Gerald Ford's 1976 reelection campaign was unsuccessful, as he lost the general election to Jimmy Carter. Furthermore, the campaign was widely criticized for its lack of clear strategy and organization, particularly during the primary challenge from Ronald Reagan and the subsequent general election. Describing a failed campaign with significant strategic flaws as 'brilliant' is factually incorrect and contradicts the historical record. The image, while not AI-generated, depicts a generic political scene that does not support the subjective and factually wrong characterization of the campaign's success or quality."
ds4,Not Misinformation,0.9,False,True,"The claim states that after the murders, Charlie Hebdo's surviving staff left their Paris offices for a temporary home at Liberation newspaper. Multiple credible sources confirm this sequence of events. Specifically, evidence [2] from the New York Times and [2] from the Sydney Morning Herald state that Charlie Hebdo staff 'squatting for more than six months in an improvised space carved out of the newsroom of Liberation' before moving to rented offices in September 2015. Evidence [4] from France 24 also confirms that 'The paper's newsroom had taken in the surviving Charlie Hebdo staff members the day after the attacks in 2015.' The image provided appears to be a generic memorial or protest scene (as noted in the module signals, it does not specifically depict the office move, but the claim"
ds3871,Misinformation,0.9,False,True,"The claim states that Meghan Markle was born in July. However, factual evidence confirms she was born on August 4, 1981, which is in August, not July. Furthermore, the module signals indicate that the image provided is AI-generated (confidence 0.8) and depicts nonsensical objects unrelated to the subject, violating the definitive rule that AI-generated images result in a 'Misinformation' label regardless of other signals. The combination of a false factual claim and an AI-generated image confirms the content is misinformation."
8830,Not Misinformation,0.6,False,True,"The image depicts a clock, and the retrieved evidence confirms that clocks on barns exist as both decorative items and functional structures (e.g., Unsplash photo [3], WatchUSeek story [2]). While the module signals indicate low relevancy because the specific 'barn' context is not visually explicit in the cropped image, the claim itself is factually plausible and not demonstrably false. The image is verified as real (not AI-generated). Therefore, it is not misinformation, though the specific match to the headline is ambiguous due to the lack of visible barn context in the image."
ds5053,Misinformation,0.9,False,True,"The claim that drinking green tea daily increases lifespan by exactly 'ten years' is a specific quantitative assertion that is not supported by the retrieved evidence. While multiple sources confirm that green tea is associated with longevity, reduced risk of cardiovascular disease, and lower mortality rates (e.g., [3], [4], [5] in the first set of evidence), none cite a study establishing a ten-year increase in lifespan. The evidence suggests general health benefits and potential for longer life, but the specific 'ten years' figure appears to be an exaggeration or fabrication not grounded in the cited scientific literature. Therefore, the headline misrepresents the scientific consensus by presenting an unverified, specific statistic as fact."
ds2437,Misinformation,0.9,False,True,"The claim states that the image shows an 'animal food tray and cage' that is empty. However, the image clearly depicts a disc golf basket (a metal chain basket used in the sport of disc golf) situated outdoors near a tree. The module signals correctly identify that the image is not relevant to the claim, noting it is a disc golf basket and not an animal food tray or cage. Since the image does not depict the subject matter described in the headline (animal food tray/cage), the headline is a false description of the visual content, constituting misinformation."
ds6090,Misinformation,0.9,False,True,"The image is identified as AI-generated with high confidence (0.8) due to surreal and contextually inappropriate elements (a camel in a social festival setting). According to the definitive rule, if the image is AI-generated, the output must be Misinformation regardless of other signals. The headline 'omg outside lands was like so fun' implies a genuine personal experience at the event, but the image is fabricated, making the pair misleading."
ds742,Misinformation,0.6,False,True,"The claim asserts that demonstrators formed a barrier to 'Wall off Trump' outside Quicken Loans Arena. While evidence confirms that protests occurred outside the Quicken Loans Arena during the 2016 Republican National Convention (RNC) [3, 5], and that protesters were against Trump [5], there is no evidence that demonstrators 'blocked' or formed a physical barrier to Trump himself at that specific location. Trump did not hold a rally at Quicken Loans Arena; he spoke at the Huntington Center (now Rocket Mortgage FieldHouse) and other venues, while the RNC was held at the Quicken Loans Arena. The phrase 'Wall off Trump' appears to be a misinterpretation or fabrication of protest slogans (such as 'Stop Trump' or references to border walls), and the specific action of blocking Trump at the Aren"
ds1754,Not Misinformation,0.9,False,True,"The image depicts Benedict Cumberbatch in his role as Julian Assange from the 2013 film 'The Fifth Estate'. Multiple credible sources, including Wikipedia, IMDb, and The New York Times, confirm that Benedict Cumberbatch starred as Julian Assange in this biographical thriller directed by Bill Condon. The visual content aligns with promotional material and stills from the film, and there is no evidence of AI generation or misleading context."
4580,Misinformation,0.6,False,True,"The headline makes a specific, verifiable claim about Kourtney Kardashian's personal preference for Kylie Jenner's lip kits over Kim Kardashian's contour sticks. The retrieved evidence does not support this specific claim; instead, it indicates that Kourtney has collaborated with Kylie (Kourt X Kylie Collection) and that there is general tension between Kourtney and Kim, but no evidence exists that Kourtney explicitly 'picks' Kylie's beauty products over Kim's. Furthermore, the module signals indicate low relevancy (0.2) because the image does not depict the specific products or the context of the claim. While the image is not AI-generated, the combination of a specific, unsupported factual claim and a generic, non-representative image constitutes misinformation (clickbait/misleading conte"
ds50,Not Misinformation,0.9,False,True,"The claim states that Rachael Drouet has still not tracked down the owners of the decorations. Multiple pieces of evidence confirm this specific detail. Evidence [3] and [4] from BBC News explicitly state: 'Rachael Drouet has still not tracked down the owners of the decorations.' Evidence [2] from BBC News further supports this by noting that she has 'tried, and failing, to find the owners of most items.' The image shows decorations and a cat, which aligns with the context of the story about her cat Theo stealing decorations. The visual veracity is genuine (not AI-generated). Therefore, the claim is supported by the evidence."
8392,Misinformation,0.9,False,True,"The claim states that Oregon Attorney General Ellen Rosenblum alleges GNC knowingly sold supplements containing two synthetic chemicals. The retrieved evidence confirms that in October 2015, AG Ellen Rosenblum did indeed file a lawsuit against GNC alleging they sold supplements containing illegal synthetic chemicals (specifically BMPEA and picamilon) and that the lawsuit accused GNC of 'knowingly' selling these products (Evidence [1], [3], [4]). However, the provided image shows a box of 'Nurofen Express', which is a pain relief medication (ibuprofen/paracetamol) and is completely unrelated to GNC or dietary supplements. The module signals correctly identify that the image is not aligned with the claim (relevancy: false). Because the image is irrelevant to the subject matter of the headlin"
ds7878,Not Misinformation,0.6,False,True,"The image depicts a realistic scene of people wading through floodwaters, consistent with the visual description in the claim. The retrieved evidence confirms that Harinagar in Satkhira, Bangladesh, has indeed suffered from severe flooding (e.g., embankment collapses, loss of livelihoods, displacement). While the specific image cannot be geotagged to 'Harinagar' with certainty based on the provided text, the claim describes a plausible and factually supported scenario: a family navigating floodwaters in a region known for such disasters. The module signals indicate the image is not AI-generated and the context is partially aligned. There is no evidence to suggest the image is fake or the claim is maliciously false; rather, it appears to be a stock or general news photo used to illustrate a"
ds4278,Misinformation,0.9,False,True,"The claim that the seized Russian properties were 'illegal gifts' to Sasha and Malia Obama is false. Evidence confirms that the Obama administration seized two Russian diplomatic compounds in December 2016 as a punitive measure for Russian interference in the 2016 U.S. elections, not as gifts to the First Daughters [1, 2, 3]. There is no evidence suggesting these properties were intended as gifts for Sasha or Malia; rather, they were diplomatic residences used by Russian diplomats [1, 5]. The headline conflates the seizure of diplomatic property with a fabricated narrative about gifts to the Obama children, which is a known debunked rumor."
ds6954,Misinformation,0.9,False,True,"The image is identified as AI-generated (confidence 0.8) with a surreal depiction of a man floating in space, which is visually unrelated to the specific biographical claim about Professor Martin Hairer. According to the definitive rule, if the image is AI-generated, the output must be Misinformation regardless of other signals. Additionally, the headline contains factual inaccuracies: while Martin Hairer is an Austrian mathematician, he currently teaches at EPFL and Imperial College London, not the University of Warwick (where he previously held a position). The combination of an irrelevant, AI-generated image and a factually incorrect headline constitutes misinformation."
ds3520,Misinformation,0.9,False,True,"The claim states that Ice-T was 18 years old when he signed to Sire Records in 1987. However, multiple evidence sources confirm that Ice-T was born on February 16, 1958. In 1987, he would have been 29 years old (turning 29 in February 1987). The claim regarding his age is factually incorrect. While the part about signing to Sire Records in 1987 is true, the specific detail about his age makes the overall claim false."
7044,Not Misinformation,0.9,False,True,"The image depicts Hillary Clinton, and the claim states she was at a rally in Columbus, Ohio. Evidence confirms that Hillary Clinton held multiple rallies and campaign events in Columbus, Ohio, including a significant victory speech on March 4, 2008, a rally with Tim Kaine on July 31, 2016, and other campaign stops in 2015 and 2016. While the image itself does not explicitly prove the specific date or location (as the module noted partial alignment), the event described is factually grounded in reality. There is no evidence that the image is AI-generated (visual_veracity ai_generated=false), and the claim does not contain demonstrably false information regarding the person or the general activity/location combination. Therefore, it is not misinformation."
ds9094,Misinformation,0.9,False,True,"The image is identified as AI-generated with high confidence (0.8) due to nonsensical text artifacts ('OLLD PARNG', 'PLEWK $TNC') on the sign, which is a hallmark of generative AI models. According to the definitive rule, if the image is AI-generated, the output must be Misinformation regardless of other signals. The headline claims the image shows 'Two old street parking meters surrounded by weeds,' but the image itself is a synthetic fabrication, not a real photograph of such a scene. Therefore, presenting this AI-generated image as evidence for the claim constitutes misinformation."
ds3303,Misinformation,0.9,False,True,"The claim states that Scandinavia includes Svalbard and Jan Mayen. According to the retrieved evidence and standard geographical definitions, Scandinavia typically comprises only Denmark, Norway, and Sweden (or the Scandinavian Peninsula). Svalbard and Jan Mayen are distinct territories of the Kingdom of Norway but are geographically and politically classified as part of the 'Nordic' region, not Scandinavia. Evidence [2] explicitly states 'Svalbard is part of the Nordic region... not part of geographical Norway or the Scandinavian region.' Similarly, Jan Mayen is a remote Arctic island, also part of the Nordic countries but not Scandinavia. Therefore, the claim is factually incorrect regarding the definition of Scandinavia."
ds7131,Not Misinformation,0.6,False,True,"The image depicts Karen O performing at the 86th Academy Awards (Oscars), which aligns with the claim that she performed during the ceremony. The retrieved evidence confirms she performed 'The Moon Song' at this event [1, 3]. While the specific details regarding her attire (black satin Camilla Staerk dress) and jewelry (Neil Lane) are not explicitly confirmed by the provided search snippets, there is no evidence contradicting these specific fashion claims. The visual veracity is genuine (not AI-generated). Since the core event (performance) is verified and the specific fashion details are plausible and uncontradicted by the evidence, the claim is treated as not misinformation, though confidence is moderate due to the lack of direct confirmation for the specific designer names in the provid"
ds7823,Misinformation,0.9,False,True,"The provided module signals explicitly state that the image is not aligned with the claim, noting that 'The image does not depict the Berlaymont building or any related subject' and 'shows a different structure'. The Berlaymont building is a distinctive, cross-shaped office building in Brussels (confirmed by evidence [1], [3], [5]). Since the image does not show the building described in the headline, the pairing is misleading and constitutes misinformation. Although the visual veracity signal indicates the image is not AI-generated, the fundamental mismatch between the visual content and the textual claim renders the pair false."
1047,Not Misinformation,0.9,False,True,"The claim states that Kentucky Gov. Matt Bevin addressed the Kentucky Chamber of Commerce dinner on Thursday, Jan 7, 2016, at Heritage Hall in Lexington, Ky. Evidence [1] from NY Mag explicitly confirms this: 'Kentucky governor Matt Bevin addresses the Kentucky Chamber of Commerce dinner, Thursday, January 7, 2016.' Additionally, Evidence [2] from Kentucky Living and Evidence [4] from Alamy confirm that Bevin spoke at the Kentucky Chamber Day dinner in Lexington on January 8, 2016 (which corresponds to the Thursday evening event following the Jan 7 date mentioned in the claim, or potentially the claim refers to the evening of Jan 7 which is often reported as the event date). The location 'Heritage Hall' is part of the Lexington Convention Center (Evidence [1] from 10times), which is the st"
ds8744,Not Misinformation,0.6,False,True,"The image depicts a skateboarder in mid-air, which aligns with the claim of a man skateboarding mid-air. The retrieved evidence does not identify this specific image as part of the recent viral incident involving a man waving a skateboard on a Breeze Airways flight (which involved a shirtless man causing a disturbance, but not performing a skateboarding stunt mid-air over people). The evidence regarding a 'skateboard stunt on top of a Melbourne skyscraper' [2] describes a dangerous act that could involve being mid-air over people, but the image provided appears to be a generic or specific skate photo (possibly of Brian Wenning [2] from the module signals) rather than the specific news event described in the 'answers' section which conflates a flight incident with a skate stunt. However, si"
ds9896,Not Misinformation,0.6,False,True,"The claim 'Alan Johnson has a bad case' is ambiguous and likely relies on a confusion of names. The retrieved evidence indicates that Alan Jackson (the country singer) has a well-documented 'bad case' of Charcot-Marie-Tooth disease, which led to the end of his touring career. In contrast, Alan Johnson (the former UK Labour politician) has no reported health issues of this nature; recent news concerns his marriage and political commentary on health inequalities. The image provided is a generic stock-style photo of a man in a suit and sunglasses, which does not definitively identify the subject as either Alan Jackson or Alan Johnson, nor does it depict any visible signs of illness. Since the image is not AI-generated and the headline is vague enough to potentially refer to the politician's p"
ds3482,Misinformation,0.9,False,True,"The claim that 'Gotham City Sirens failed to be published' is factually incorrect. Evidence confirms that 'Gotham City Sirens' is an ongoing comic book series published by DC Comics. Specifically, evidence [2] from League of Comic Geeks lists 'Gotham City Sirens (2024 - Present)', and evidence [1] from Comic Watch confirms that issue #3 was released on August 21, 2024. While there was a film project that faced delays or uncertainty, the comic series itself has been published and continues to be published. The image shows physical copies of these comics, further contradicting the claim that they failed to be published."
3081,Misinformation,0.9,False,True,"The claim states that 'Story of My Life' was recorded exclusively by a girl band. Evidence confirms that the most prominent song with this title, released in 2013, was recorded by One Direction, which is an English-Irish boy band, not a girl band [1, 4, 5]. Additionally, the song was originally recorded by Marty Robbins (a male country singer) [5]. There is no evidence of a 'girl band' recording this specific song as a primary or exclusive act. The image provided shows a single girl, which does not depict a band, further disconnecting the visual from the claim, but the factual error regarding the artist's gender composition is the primary driver for the misinformation label."
6149,Misinformation,0.9,False,True,"The image is identified as AI-generated with high confidence (0.8). The visual content depicts a dog reading a book, which is a surreal and physically impossible scenario for a real dog, and the text on the book appears to be nonsensical filler, a common artifact of AI image generation. According to the definitive rule, if the image is AI-generated, the output must be Misinformation regardless of the headline's semantic alignment or the general truthfulness of the statement 'sometimes it's better not to know.' The irrelevance of the image to the headline further supports the classification of this pair as misleading or fabricated content."
ds6053,Misinformation,0.9,False,True,"The image is identified as AI-generated with high confidence (0.9), depicting a surreal and impossible scenario of a rabbit riding a pink tricycle. According to the definitive rule, if the image is AI-generated, the output must be 'Misinformation' regardless of other signals. The headline 'dont judge its what hes always wanted' implies a specific narrative or context about a person ('he') that is completely disconnected from the visual content of a rabbit on a bike. The module signals confirm the image is AI-generated and the relevancy is low, further supporting the classification of this pair as misleading or fabricated content."
5357,Misinformation,0.9,False,True,"The headline claims that a 'Stimulus' unveils the Education Secretary's controversial plan involving financial risks. However, the retrieved evidence clearly distinguishes between two separate events: 1) The current Trump administration's plan to dismantle the Department of Education (led by Linda McMahon), which is a structural/political controversy, not a 'stimulus' plan; and 2) The 2009 American Recovery and Reinvestment Act (stimulus), which provided funding but was criticized for not fixing systemic issues, not for unveiling a new controversial plan by the current Education Secretary. The headline conflates the 2009 stimulus context with the current administration's dismantling efforts, creating a false narrative that the stimulus is the vehicle for the current Secretary's controversi"
ds3839,Misinformation,0.9,False,True,"The claim contains two factual errors. First, while Dev Patel did star in the movie 'Chappie' (2015), the movie is not an animated film; it is a live-action science fiction film that uses visual effects and motion capture for the titular robot character. Second, the provided image is identified as AI-generated (confidence 0.9) and is irrelevant to the film 'Chappie' or Dev Patel, depicting a stylized cartoon character instead. According to the definitive rule, if the image is AI-generated, the output must be Misinformation regardless of other signals."
7469,Not Misinformation,0.9,False,True,"The retrieved evidence confirms that Donald Trump held a rally in Bangor, Maine, on October 15, 2016, at the Cross Insurance Center. Multiple sources, including YouTube event listings and news reports from the Press Herald and Maine Public, verify the date, location, and event. The image shows Donald Trump speaking, which is consistent with the claim that he arrived to speak at this specific rally. The visual veracity module indicates the image is not AI-generated. Therefore, the headline accurately describes the event depicted or associated with the image."
ds3252,Misinformation,0.9,False,True,"The claim that 'Little Dorrit was only published in the 1980s' is factually false. Evidence confirms that Charles Dickens' novel 'Little Dorrit' was originally published in serial form between 1855 and 1857, with the book form released in 1857 [1, 2, 3]. While there was a TV adaptation in 2008 and a film in 1988, the novel itself is a 19th-century work. Furthermore, the module signals indicate that the image is AI-generated (confidence 0.8), and per the definitive rule, an AI-generated image associated with a false claim results in a 'Misinformation' label."
ds3976,Misinformation,0.9,False,True,"The claim that the United States is one of the ABC Islands is factually false. The ABC Islands consist of Aruba, Bonaire, and Curaçao, which are part of the Kingdom of the Netherlands, not the United States. Furthermore, the module signals indicate that the image is AI-generated (confidence 0.8). According to the definitive rule, if the image is AI-generated, the output must be Misinformation regardless of other signals. The image depicts a generic beach scene with an American flag, which is irrelevant to the specific geographic claim and likely used to mislead viewers into associating the US with the location."
9974,Not Misinformation,0.6,False,True,"The image features Kanye West, who is the subject of the headline. The headline expresses a sentiment ('Oh please do not let Kanye send a reply tweet') which is consistent with his history of controversial and unpredictable social media activity, as evidenced by recent tweets regarding Kim Kardashian and antisemitic remarks. The image itself is verified as real (not AI-generated). While the specific 'reply tweet' context is not fully detailed in the evidence, the general premise that Kanye is active and controversial on Twitter is supported by multiple sources. The headline is a subjective reaction to his behavior rather than a false factual claim about a specific event that didn't happen, and the visual subject is correct."
4125,Not Misinformation,0.9,False,True,"The claim is supported by multiple pieces of evidence. Evidence [2] from amomama.com explicitly states that Kevin Hart appeared in a J. Cole music video where he played an unfaithful man, noting the similarity to his real-life cheating scandal. This directly validates the core assertion of the headline. The module signals correctly identified the visual as a generic photo of Kevin Hart (likely from an awards show) which lacks specific context, but the textual claim itself is factually grounded in reported events. The image serves as a portrait of the subject mentioned, and while it doesn't depict the music video scene, the headline's assertion about his role in the video is true."
ds2506,Not Misinformation,0.9,False,True,"The claim is supported by specific evidence found in the retrieved snippets. Snippet [3] from the 'Exploring Warsaw' blog explicitly states: 'There is now fencing around the first two buildings to catch the falling bricks and the courtyards have been closed off to visitors'. This directly confirms the existence of such fences in Warsaw for the stated purpose. While other snippets discuss falling bricks in other cities (Edmonton, Bath, London, NY) or historical ruins, the specific claim about Warsaw is validated by the blog post describing current safety measures in the city. The image shows a building with protective fencing, consistent with the description."
ds6253,Misinformation,0.9,False,True,"The image is identified as AI-generated with high confidence (0.9) by the visual veracity module. The image depicts a surreal and nonsensical scene involving a mouse in a car with human characters, which does not align with the actual origin of the meme. The phrase 'Get in loser, we're going shopping' originates from the 2004 film *Mean Girls*, featuring human characters Regina George and Cady Heron in a convertible, as confirmed by multiple evidence sources (e.g., Know Your Meme, Movie Quotes Database). The AI-generated image misrepresents the source material and context of the meme, constituting visual misinformation."
ds6291,Misinformation,0.9,False,True,"The image is identified as AI-generated (visual_veracity.ai_generated=true, confidence=0.9). The module signals explicitly state that the image depicts a human riding an antelope, which is an impossible scenario in real life and suggests manipulation. While there are real statues of gazelles (e.g., the Bronze Gazelle Statue in Tripoli, Marshall Fredericks' work in Michigan), none depict a human riding a gazelle in the manner shown in the AI-generated image. The headline 'statue riding a normal size gazelle' implies the existence of such a real-world object, but the image provided is a synthetic fabrication. According to the definitive rule, if the image is AI-generated, the output must be Misinformation."
ds9638,Not Misinformation,0.9,False,True,"The claim states that the two presenters (Tania Reza and Enrique Tovar) appeared on YouTube to say the story was staged. Evidence confirms that after being fired for an on-air incident that appeared to be sexual harassment, both presenters appeared in a video on Televisa's YouTube channel (and other platforms) where they claimed the incident was a 'stunt' or 'hoax' orchestrated by the producer to generate viral attention [1, 3, 4, 5]. Although Tania Reza later recanted this statement on her personal Facebook page claiming she was pressured, the specific claim that they *appeared on YouTube to say the story was staged* is factually accurate based on the events of late October 2015. The image is a genuine screenshot, not AI-generated."
ds994,Not Misinformation,0.9,False,True,"The image depicts performers forming the Olympic rings during a closing ceremony. Evidence confirms that the Olympic rings were indeed formed and displayed during the closing ceremony of the Paris 2024 Summer Olympics (held August 11, 2024) at the Stade de France, where dancers rotated large circles that were elevated to create the rings [4]. While the retrieved evidence also mentions the 2026 Winter Olympics closing ceremony in Verona, the specific visual description of 'performers on stage form the Olympic rings' aligns perfectly with the widely reported and documented event at Paris 2024. The module signals correctly identify the image as non-AI and relevant. The claim is factually supported by the events of the most recent Summer Olympics closing ceremony."
ds5728,Not Misinformation,0.9,False,True,"The headline claims Jenny McCarthy had her '1995 Debut in the Entertainment Industry.' While evidence indicates her modeling career began in 1993 (Playboy) and she was named Playmate of the Year in 1994, 1995 is widely cited as the year she rose to significant fame and mainstream recognition, particularly after being named Playmate of the Year (which often carries over into the following year's prominence or is cited as the peak of that era) and her subsequent television roles. More importantly, the image is a real magazine cover featuring Jenny McCarthy, and the visual veracity check confirms it is not AI-generated. The headline uses 'Debut' loosely to mean her major breakthrough or rise to fame, which aligns with the general narrative of her 1995 prominence. The core subject (Jenny McCar"
2731,Not Misinformation,0.9,False,True,"The image depicts a doll in a car window, which aligns with the claim of an 'innovative take' on a 'baby on board' sticker. The module signals indicate the image is not AI-generated (visual_veracity.ai_generated=false). The retrieved evidence confirms that 'Baby on Board' stickers are a common car accessory, often featuring humorous or creative designs (e.g., surfboards, funny phrases) as seen on platforms like Etsy and Pinterest [2, 3]. The use of a doll to represent a baby is a known variation or prank related to these stickers, fitting the description of an 'innovative take' or creative trend. There is no evidence suggesting the image is fake or misleading in a harmful way; it simply illustrates a specific, albeit unusual, instance of the product category described."
ds2331,Not Misinformation,0.9,False,True,"The image depicts a man on a tennis court holding a racquet, which aligns perfectly with the provided claim. The visual veracity module indicates the image is not AI-generated (confidence 0.0 for AI generation). The retrieved evidence confirms that such images are common stock photography available on major platforms like Getty Images, Shutterstock, and iStock (Evidence [1], [2], [4]). There is no contradictory evidence suggesting the image is fake or mislabeled in a way that constitutes misinformation. The claim is a simple descriptive statement that is factually supported by the visual content and the nature of the image as a standard stock photo."
9107,Misinformation,0.9,False,True,"The visual veracity module explicitly identifies the image as AI-generated with a high confidence of 0.8. The explanation notes contextual anomalies such as unusual texture and lighting inconsistent with a typical kitchen environment. According to the definitive rule, if the image is AI-generated, the output must be Misinformation regardless of other signals. The retrieved evidence confirms that while silver ovens and various appliances exist, the specific image provided is synthetic and not a real photograph of a scene, making the claim about a specific physical instance misleading."
ds3649,Misinformation,0.9,False,True,"The claim states that 'An Educated' was created only by journalist Nora Ephron. This is factually incorrect. 'Educated' (often referred to as 'An Educated' in the claim) is a memoir by Tara Westover, published in 2018. Nora Ephron (1941–2012) was a renowned journalist, screenwriter, and filmmaker known for works like 'When Harry Met Sally...' and 'Julie & Julia', but she did not write 'Educated'. Furthermore, Ephron passed away in 2012, before the publication of Westover's memoir. The retrieved evidence confirms Ephron's career and works, none of which include 'Educated', and the module signals explicitly state that Ephron did not create 'An Educated'."
7187,Not Misinformation,0.9,False,True,"The claim states that Supreme Leader Ayatollah Ali Khamenei waved during a meeting in Tehran last September. Evidence confirms that on September 17, 2022, Khamenei attended a religious ceremony in Tehran (Arbaeen anniversary) and was photographed waving to the crowd [4] from Alamy and [5] from Al Jazeera. Additionally, he held a meeting with war veterans on September 21, 2022 [2]. The image depicts a real event where Khamenei waved in Tehran in September 2022. The module's visual veracity signal indicates the image is not AI-generated (confidence 0.0 for AI generation, implying high confidence it is real), and the retrieved evidence supports the factual basis of the headline."
ds5161,Misinformation,0.9,False,True,"The claim that Mike Pence has 'secret ties to a Russian spy agency' is false and unsupported by any credible evidence. The retrieved evidence and module signals confirm that Mike Pence has consistently taken a hardline stance against Russian aggression, including pledging support for NATO allies like the Baltic states against Russian threats [3, 5]. There are no reports linking him to Russian espionage; instead, news regarding Pence and Russia typically involves his criticism of Russian actions or unrelated security incidents (e.g., January 6 Secret Service details) [4, 5 in second Q]. The claim appears to be a fabrication or a conflation with other figures (such as Michael Flynn, who was involved in Russia-related controversies but is a different person) [1]. Since the core assertion of t"
ds4423,Misinformation,0.9,False,True,"The claim that Floyd Mayweather Jr. donated a 'whopping sum' (specifically $200 million in related viral posts) to Houston after a hurricane is false. Multiple fact-checking organizations, including Politifact and That's Nonsense, have explicitly debunked this story as fake news originating from a fabricated post on HoustonChronicle-tv.com in August 2017 following Hurricane Harvey. While Mayweather is known for charitable acts, there is no evidence of such a donation to Houston. The image provided, showing him holding a bill, is generic and does not substantiate the specific, false claim of a massive donation to Houston."
8155,Misinformation,0.9,False,True,"The claim is factually incorrect on multiple levels. First, Charlie Pierce is a prominent journalist and political commentator (known for his work at Esquire and The Guardian), not a member of Mitt Romney's staff. Evidence [1], [3], and [4] confirm he was a critic and observer of the Romney campaign, not a staffer. Second, the image provided depicts a scene of destruction (likely a disaster or accident site) which does not match the description of a phone call in a wire factory. Third, while there was a factory explosion in Ohio in 2012 (I Schumann & Co., mentioned in module signals), there is no evidence linking Charlie Pierce to such an event or a phone call in a wire factory. The image appears to be unrelated to the specific narrative of a Romney staffer making a call, and the premise t"
ds7055,Misinformation,0.9,False,True,"The image provided does not match the claim. The claim describes a specific historical photograph from 1947 featuring Leeroy Murray (aged two), his mother Nora, father John, and brothers Johnny and Peter on Hampstead Heath. However, the image in question depicts a person sitting outside a building, which is visually inconsistent with a 1947 family portrait on a heath. Furthermore, the module signals explicitly state that the image is 'aligned: false' and does not depict the specific subjects or event. While the Murray family did have a notable history and a photo was taken on Parliament Hill (part of Hampstead Heath) in 1947 as reported by the Picture Post (Evidence [3]), the specific image provided is not that historical photo. The mismatch between the visual content and the detailed hist"
8165,Not Misinformation,0.9,False,True,"The claim is directly supported by retrieved evidence. Specifically, evidence item [5] from the 'Emily Cruse Elliott Club Sizzle dance' search explicitly contains the sentence: 'Emily Cruse Elliott dances in Club Sizzle on Saturday at the Blue Ribbon Bacon Fest in Des Moines.' This confirms the specific person, action, venue (Club Sizzle), and event (Blue Ribbon Bacon Fest in Des Moines). The image shows people dancing, which is consistent with the claim of dancing at a festival. The visual veracity module indicates the image is not AI-generated. Therefore, the image and headline are aligned and factually supported by the evidence."
1449,Misinformation,0.9,False,True,"The claim states that Hinchliffe Stadium 'is now abandoned and in ruins.' While the stadium was indeed abandoned from 1997 until 2021, it underwent a major renovation and officially reopened on May 19, 2023, as confirmed by multiple sources including the New York Times and the stadium's official website. Therefore, describing the facility as currently abandoned and in ruins is factually incorrect. The image provided shows a staircase, which may depict a part of the stadium or a similar structure, but the textual claim regarding its current status is false. The definitive rule for AI generation does not apply here as the image is not AI-generated, but the factual inaccuracy of the headline/claim regarding the stadium's current state constitutes misinformation."
4647,Misinformation,0.9,False,True,"The headline claims that Angelina Jolie and Jennifer Aniston did NOT have a face-to-face meeting. However, multiple credible sources confirm that they did meet in person. Specifically, Jennifer Aniston has publicly recalled meeting Angelina Jolie in 2004 on the set of 'Mr. & Mrs. Smith' while she was still married to Brad Pitt [4], [5]. Aniston described this encounter as a polite, friendly introduction. Therefore, the claim that they did not meet is factually incorrect."
ds4064,Not Misinformation,0.9,False,True,"The image is a genuine photograph of Brad Pitt (visual_veracity ai_generated=false), and the headline is a standard clickbait-style question regarding his net worth. The retrieved evidence confirms that Brad Pitt's net worth is widely estimated to be between $300 million and $400 million (with some recent estimates reaching $500 million), which aligns with the module's provided answers. There is no false claim in the headline itself, nor is the image deceptive or AI-generated. Therefore, the content is not misinformation."
ds2877,Not Misinformation,0.9,False,True,"The image depicts a decomposing leaf, and the headline claims it was found just offshore at a local reservoir. Evidence [1] from Reddit explicitly matches the headline text ('One of many decomposing leaves found just offshore at the local reservoir'), indicating that this specific image and caption originated from a user post describing a real-world observation. The visual veracity signals confirm the image is not AI-generated. While the specific reservoir is not named in the headline, the existence of the source post validates that the image is a genuine photograph associated with that specific claim, rather than a fabricated or misleading stock image used to deceive. The scientific evidence regarding leaf decomposition in reservoirs (Evidence [2], [3], [4]) supports the plausibility of t"
7330,Misinformation,0.9,False,True,"The image depicts a group of people in an indoor or event setting, which is visually inconsistent with the Millennium Bridge in London, a pedestrian suspension bridge over the River Thames. The module signals correctly identify that the image does not depict the subject or location claimed in the headline. Furthermore, the retrieved evidence confirms that there is no connection between any notable 'Jonathan Jones' (the NFL player or the art critic) and the Millennium Bridge. The presence of a lightsaber in the image (noted in module signals) further suggests a staged or fictional context unrelated to the factual claim. Therefore, the image is being used to falsely support a headline about a specific person at a specific landmark."
ds5062,Misinformation,0.9,False,True,"The headline claims that a new study shows COVID-19 vaccines alter DNA and increase the risk of genetic mutations. This claim is scientifically false and contradicts established medical consensus. Evidence [1] and [5] explicitly state that mRNA vaccines do not enter the cell nucleus and therefore cannot alter human DNA. Furthermore, evidence [1] under the 'COVID vaccine increases genetic mutation risk?' query confirms that case-control and population-based studies have found no association between COVID vaccines and increased cancer risk or genetic mutations. The image provided is a generic stock photo of a laboratory setting and does not depict any specific study or evidence supporting the claim, serving only to lend false authority to the misinformation."
ds5124,Misinformation,0.9,False,True,"The claim that Joe Biden admitted to plotting election fraud with foreign powers is false. Multiple fact-checking organizations (Snopes, FactCheck.org, USA Today) confirm that Biden did not admit to fraud; rather, he was discussing efforts to prevent voter fraud and protect voting rights, often being taken out of context regarding his creation of a 'voter fraud organization' (which referred to election protection efforts). Furthermore, there is no credible evidence or 'tape' of Biden plotting with foreign powers to commit election fraud. The module signals correctly identify the irrelevance of the image (showing Hillary Clinton) and the falsity of the claim, supporting the conclusion that this is misinformation."
6119,Misinformation,0.9,False,True,"The image is identified as AI-generated with high confidence (0.8). The module signals explicitly state that the image contains 'cartoonish characters' and 'dog faces' which are contextually bizarre and do not relate to the headline. The headline references the phrase 'not no way not no how,' which is a famous quote from the 1939 film 'The Wizard of Oz' (specifically spoken by the Gatekeeper or the Cowardly Lion). The AI-generated image, depicting a door with a sign and unrelated cartoonish elements, fails to accurately represent the source material or the context of the quote, constituting a misleading visual representation. According to the definitive rule, if the image is AI-generated, the output must be Misinformation."
5317,Misinformation,0.9,False,True,"The claim that herbal tea from the Amazon Rainforest eradicates COVID-19 instantly is false and medically dangerous. Multiple authoritative sources, including the World Health Organization (WHO) and fact-checking organizations like AFP and the FTC, explicitly state that there is no cure for COVID-19 involving herbal teas, and such claims are misleading or deceptive. Specifically, the FTC has taken legal action against marketers making false claims that herbal teas can treat or cure COVID-19 [2] (Q: Does herbal tea from Amazon cure COVID-19?). While some studies suggest tea polyphenols may have antiviral properties in laboratory settings or potentially reduce infection risk, they do not support the claim of 'instant eradication' or a cure [1] (Q: What studies support herbal tea COVID claims"
ds8378,Not Misinformation,0.9,False,True,"The claim that Richard Dawkins and Rowan Williams debated the role of religion in the 21st century is factually correct. Evidence confirms they debated at the Cambridge Union on January 31, 2013, on the motion 'this house believes religion has no place in the 21st century' [1, 3, 5]. The image shows a person who appears to be a religious figure (consistent with Rowan Williams, the former Archbishop of Canterbury) and is not AI-generated. The module signals correctly identify the partial alignment and the factual basis of the event. Therefore, the headline accurately describes a real historical event."
8719,Misinformation,0.9,False,True,"The image is identified as AI-generated with high confidence (0.8). The visual veracity module explicitly states that the image features a bright green bus that appears overly saturated and lacks realistic shading, suggesting it is not a real photograph. According to the definitive rule, if the image is AI-generated, the output must be Misinformation regardless of other signals. While there are real-world examples of pink and green buses (e.g., in Balochistan or Belfast), the specific image provided is synthetic and does not depict a real event or object, making the claim that this specific image shows a parked bus misleading."
6563,Misinformation,0.9,False,True,"The image is identified as AI-generated with high confidence (0.8) by the visual veracity module. The definitive rule states that if an image is AI-generated, the output must be Misinformation regardless of other signals. The retrieved evidence supports the implausibility of the scene: searches for 'factory workers wearing towels' yield no results for such a practice, as factory workers typically wear uniforms or safety gear (Evidence Q2, [1], [2], [3]). Furthermore, 'pink hair towels' are identified as personal care items for drying hair after washing, not work attire (Evidence Q3, [1], [2], [3]). The combination of a bathrobe/towel in a factory setting is inconsistent with reality and characteristic of AI hallucination."
ds3412,Misinformation,0.9,False,True,"The claim states that Castlevania came out in Japan in 1990. However, multiple pieces of evidence confirm that the original Castlevania game (known as Akumajō Dracula in Japan) was first released in Japan on September 26, 1986, for the Family Computer Disk System. While a spin-off game titled 'Kid Dracula' was released in Japan in 1990, the primary title 'Castlevania' did not release in Japan in 1990. Therefore, the headline is factually incorrect regarding the release date of the main series entry."
966,Misinformation,0.9,False,True,"The claim that Marco Rubio grilled at the Iowa Pork Producers Pork Tent during the 2015 Iowa State Fair is false. Extensive reporting on the 2015 Iowa State Fair highlights appearances by other presidential candidates such as Donald Trump, Carly Fiorina, and Ted Cruz at the Pork Tent, but there is no evidence that Marco Rubio was present or engaged in grilling activities. The retrieved evidence confirms that while the event and location are real, the specific action attributed to Rubio is not supported by any records. Furthermore, the module signals indicate a lack of evidence for Rubio's grilling activity (confidence 1.0 for 'no evidence'). Although the visual veracity module suggests the image is not AI-generated, the factual content of the headline is demonstrably false, constituting mi"
ds5156,Misinformation,0.9,False,True,"The claim that COVID-19 vaccines cause permanent memory loss is false and contradicts established scientific evidence. Major health organizations, including the CDC and WHO, have found no evidence linking COVID-19 vaccines to memory loss or cognitive decline. While the retrieved evidence discusses various side effects (such as myocarditis, fatigue, or menstrual changes) and notes that the virus itself (Long COVID) can cause cognitive issues, it explicitly refutes the idea that the vaccine causes permanent memory loss. The image provided is generic and does not depict memory loss, further weakening the alignment, but the primary reason for the 'Misinformation' label is the factual inaccuracy of the headline's claim regarding vaccine safety."
ds2814,Not Misinformation,0.6,False,True,"The image depicts a handwritten note used as a bookmark in a book, which is consistent with the claim of finding a Father's Day note in a used bookstore. The visual veracity analysis confirms the image is not AI-generated. While the specific anecdote of this exact note in a specific fishing book in Knoxville cannot be definitively verified through the provided search results (which confirm the existence of used bookstores in Knoxville like McKay's and Addison's but do not mention this specific viral story), there is no evidence to suggest the image is fake or the claim is maliciously deceptive. The claim is plausible and the image is authentic. The lack of specific corroboration for the unique detail (fishing book + specific note) lowers the confidence to 'medium' rather than 'high', but i"
ds6955,Misinformation,0.9,False,True,"The image is identified as AI-generated (confidence 0.8), which triggers the definitive rule to classify the pair as Misinformation regardless of other signals. Furthermore, the claim that Henry Kissinger was a long-term associate of Sepp Blatter is factually unsupported; evidence indicates no documented relationship between the diplomat and the FIFA official, and the image content (two men with a bear) is irrelevant to the claim."
ds6481,Not Misinformation,0.9,False,True,"The image depicts Vladimir Putin and Borut Pahor, which is factually correct as they met multiple times, including a notable visit by Putin to Slovenia in July 2016 to mark the centenary of the Russian Chapel (Evidence [3], [5] from Q1; Evidence [1], [3] from Q2). The module's answer claiming a meeting in 'July 2026' is a temporal hallucination (future date), but the core claim that the photo shows these two individuals is true. The visual veracity is confirmed as real (not AI-generated). Since the primary identification is correct and the image is authentic, the pair is not misinformation, despite the erroneous date in the supporting text."
5084,Misinformation,0.9,False,True,"The image is identified as AI-generated (confidence 0.8), which triggers the definitive rule to classify the pair as Misinformation regardless of other signals. Furthermore, the claim that the Senate voted unanimously to ban all independent media critical of the government is factually false. Retrieved evidence shows no such vote exists; instead, recent Senate activities involved votes on Russia sanctions, contempt of Congress motions regarding Anthony Fauci, and legislation like the Kids Off Social Media Act (which targets minors, not independent media). The visual depiction of a stylized elephant logo superimposed on the Capitol is a fabricated element consistent with AI generation, reinforcing the lack of veracity."
ds1963,Not Misinformation,0.9,False,True,"The image depicts heavy traffic on a motorway, which aligns with the claim of heavy traffic on the M5 during a previous Easter getaway. Evidence [5] from The Guardian explicitly uses the phrase 'Heavy traffic on the M5 motorway during a previous, busier Easter getaway' in the context of a photograph by Barry Batchelor/PA, confirming that such imagery and descriptions are standard for this event. Other evidence snippets [1, 2, 3, 4] from various news outlets (inews, Cornwall Live, Somerset Live, Stokes Sentinel) corroborate that the M5 frequently experiences significant congestion and 'traffic hell' during Easter getaways, with journey times often doubling. The visual content is consistent with these reported events. The module's visual veracity check indicates the image is not AI-generated"
9347,Not Misinformation,0.6,False,True,"The image depicts a man wearing glasses and a purple/lavender-colored garment (identified as a scarf in the module signals, but visually consistent with the 'lavender shirt' claim in terms of color and general appearance). The visual veracity module indicates the image is not AI-generated (ai_generated=false). The retrieved evidence confirms that men wearing glasses and lavender shirts are common stock photo subjects and fashion trends, supporting the plausibility of the image content. While the specific identity of the man is not established as a public figure in the evidence, the claim is a descriptive caption of the visual content rather than a false attribution of identity or event. Therefore, it is not misinformation."
ds4921,Misinformation,0.9,False,True,"The module signals explicitly state that the image is not aligned with the headline (relevancy aligned: false, confidence: 0.1), noting that there is no indication the individuals in the image are Justin Bieber or Kourtney Kardashian. The headline makes a specific claim about these two celebrities ('Why The Exes 'Still Talk''), but the image provided does not depict them. This constitutes a mismatch between the visual evidence and the textual claim, which is a form of misinformation (specifically, using an irrelevant or misleading image to support a specific celebrity narrative). While the retrieved evidence confirms that rumors about Bieber and Kardashian talking exist, the primary failure here is the visual-veracity/alignment disconnect where the image does not support the specific entit"
3169,Misinformation,0.9,False,True,"The claim is false on multiple levels. First, the factual birth date of Ian Gillan is August 19, 1945, not May 19, 1945, as confirmed by multiple evidence sources [1, 2, 3, 5]. Second, the image provided is identified as AI-generated with high confidence (0.8) by the module signals. According to the definitive rule, if the image is AI-generated, the output must be Misinformation regardless of other signals. The combination of a false factual claim and an AI-generated image constitutes misinformation."
2004,Not Misinformation,0.6,False,True,"The image depicts a basketball game, and the claim states that a basketball game is going on. The visual veracity module indicates the image is not AI-generated (ai_generated=false). While the retrieved evidence does not confirm the specific identity or real-time status of the exact game in the image (as it is a static image without metadata), the claim is a general statement about the activity shown ('a basketball game going on'). Since the image shows a basketball game and is verified as real (not AI), the claim is consistent with the visual evidence. The evidence snippets confirm that basketball games are played in various contexts (NBA, NCAA, local venues, etc.), supporting the plausibility of the scene. Without specific date/location data to contradict the claim, and given the image i"
4046,Not Misinformation,0.9,False,True,"The headline states that George H.W. Bush died at 94 in New York. The retrieved evidence confirms that George H.W. Bush died on November 30, 2018, at the age of 94 (Sources [1], [2], [3], [4]). While the evidence indicates he died in Houston, Texas (Source [2], [3]), the core factual claim regarding his death and age is correct. The module signal notes the image shows him alive, which is a common practice in news reporting where a recent photo is used for an obituary or death announcement; this does not constitute misinformation in the headline itself. The location discrepancy (New York vs. Houston) is a minor error in the headline's location tag, but given the definitive confirmation of the death and age, and the lack of AI generation, the primary claim is substantiated. However, strict a"
8531,Not Misinformation,0.9,False,True,"The image depicts a realistic kitchen scene with decorative elements (such as hanging items and a fridge), which aligns with the claim of a 'decorated interior'. The visual veracity module indicates the image is not AI-generated (confidence 0.0 for AI generation, implying high confidence it is real). While the 'small' aspect is subjective and partially aligned, there is no evidence to suggest the image is fabricated or misleading in a way that constitutes misinformation. The retrieved evidence supports the existence and commonality of decorated small kitchens, validating the plausibility of the image content."
ds8617,Misinformation,0.9,False,True,"The image is identified as AI-generated with high confidence (0.8). According to the definitive rule, if the image is AI-generated, the output must be 'Misinformation' regardless of other signals. The module signals explicitly state 'ai_generated: true' and note 'unnatural blending of elements and potential lighting inconsistencies'. Therefore, the image does not depict a real scene and is classified as misinformation."
1052,Not Misinformation,0.9,False,True,"The claim is fully supported by the retrieved evidence. Multiple sources confirm that Apple announced the iPhone 5C on September 10, 2013, at its campus in Cupertino, California [1, 3, 4]. The evidence also confirms that the device was released for sale on September 20, 2013 [2, 5]. The image description aligns with historical records of the event, where iPhone 5C units were displayed during the announcement. The module signals correctly identified the visual content and factual accuracy."
2929,Not Misinformation,0.9,False,True,"The image depicts a nurse with colorful hair, which aligns with the widely reported story of Mary Walls Penney, a nurse from West Virginia who went viral in 2016 for her response to criticism regarding her rainbow-colored hair and tattoos. Multiple credible news sources (Fox8, Daily Mail, HuffPost) confirm that she faced shaming for her appearance but responded by emphasizing that her hair color did not hinder her ability to provide life-saving care to patients, particularly those with Alzheimer's and dementia. The visual content (nurse, colorful hair) matches the subject of the headline. The module signals correctly identify the image as real (not AI-generated) and relevant. Therefore, the headline accurately describes a real event associated with the visual."
5939,Misinformation,0.9,False,True,"The claim asserts that Vic Mensa has roots in Houston, Texas, which directly contradicts established facts. Multiple evidence sources confirm that Vic Mensa was born and raised in Chicago, Illinois, and his musical style is heavily influenced by Chicago's hip-hop and punk scenes (e.g., his band 93Punx) as well as his Ghanaian heritage, not Houston [1], [2], [3]. Furthermore, the module signals indicate that the image is AI-generated (ai_generated=true, confidence=0.8). According to the definitive rule, if the image is AI-generated, the output must be Misinformation regardless of other signals. The combination of a false factual claim about the artist's origins and the use of an AI-generated image confirms the misinformation."
ds3503,Misinformation,0.9,False,True,"The image is identified as AI-generated with high confidence (0.8), which triggers the definitive rule to classify the pair as Misinformation regardless of other signals. Additionally, the claim that 'The Hunger Games' is based on a play is factually incorrect; the series originated as novels by Suzanne Collins, and while a stage adaptation exists, the source material is not a play."
ds6940,Misinformation,0.9,False,True,"The image is identified as AI-generated with high confidence (0.8) due to visual artifacts such as garbled text on the book and surreal, inconsistent lighting on the skeleton. According to the definitive rule, if the image is AI-generated, the output must be Misinformation regardless of other signals. Furthermore, the retrieved evidence does not support the specific claim that this is an Indonesian girl reading a specific anti-trafficking comic; while anti-trafficking comics exist (e.g., distributed by Himalayan Children's Charities in Nepal), there is no evidence linking this specific AI-generated image to a real-world Indonesian context or specific publication."
ds8840,Misinformation,0.9,False,True,"The image is identified as AI-generated with high confidence (0.8) by the visual veracity module. According to the definitive rule, if the image is AI-generated, the output must be 'Misinformation' regardless of other signals. Additionally, the claim describes the truck sitting on 'green asphalt,' but the module notes the truck is on grass, and the retrieved evidence confirms that green asphalt is a specific sustainable paving material used in urban infrastructure, not a natural grassy surface. The combination of an AI-generated image and a mismatched physical description constitutes misinformation."
ds4482,Misinformation,0.9,False,True,"The claim that 'San Juan Teamsters Didn't Show Up for Work to Distribute Relief Supplies' is directly contradicted by evidence showing the opposite. Snopes explicitly fact-checks the narrative that Puerto Rico's Teamsters Union went on strike or failed to assist, stating they are working to help members and communities in San Juan [2]. Furthermore, Teamsters from across the country, including those in Puerto Rico, actively deployed to assist with disaster relief following Hurricane Maria [5]. The image provided is generic and does not depict the specific event claimed, but the textual claim itself is false based on the union's documented participation in relief efforts."
ds4702,Not Misinformation,0.9,False,True,"The headline presents a rumor ('Why Friends Think She's Got A Secret') rather than a definitive factual claim. The retrieved evidence confirms that there are indeed rumors and speculation regarding Gwen Stefani's pregnancy (e.g., [2], [5]) and that friends have expressed concern or alarm regarding her political alignment ('MAGA makeover'), which is described as a 'secret role' or 'secret ingredient' in her life (e.g., [5] in the third evidence block). The module signals also note that while there are rumors, there is no official confirmation of a *new* pregnancy (though one signal incorrectly claims a 2025 birth, the primary evidence [1] in the first block and [3] in the first block refer to past pregnancies or general rumors, and the 'secret' aspect is substantiated by the MAGA rumors). S"
1231,Misinformation,0.9,False,True,"The claim states that Robert Griffin III (RGIII) was the quarterback for the Redskins during a game at Raymond James Stadium. However, evidence confirms that RGIII was released by the Washington Redskins in March 2016 [2] and did not play for them after the 2015 season [3]. The Redskins played at Raymond James Stadium in 2016 and 2017 [1], but RGIII was not on the team during these games. In the 2016 game, the starting quarterback was Kirk Cousins (who was benched in 2015) or others, and in 2017, it was Alex Smith or Nate Sudfeld [3]. Therefore, the image cannot depict RGIII warming up as a Redskins quarterback at that stadium, making the headline factually incorrect regarding the player's affiliation and timeline."
4217,Misinformation,0.9,False,True,"The headline claims that Jennifer Lopez and Alex Rodriguez are currently engaging in 'passionate kisses' and that their makeouts are 'next level,' implying an active romantic reconciliation. However, multiple pieces of evidence confirm that the couple officially split and called off their engagement in April 2021 (Evidence [2] from People, Evidence [3] from People). Furthermore, recent reports indicate that J.Lo is in a relationship with Ben Affleck (Evidence [2] from answers, Evidence [5] from Yahoo), while A-Rod is single. The specific claim of them kissing in public as a couple is contradicted by the fact that they are no longer together. While there were rumors of reconciliation attempts in the past (Evidence [1] from Bossip, Evidence [5] from HotNewHiphop), these did not result in a p"
992,Not Misinformation,0.9,False,True,"The claim describes flooding near the Shiawassee River and Shiawassee National Wildlife Refuge in Michigan. Retrieved evidence confirms that the Shiawassee River has experienced significant flooding and overflow due to severe storms and heavy rainfall in mid-Michigan (Source 1, Source 5). Additionally, reports indicate that these flooding events caused damage to homes and businesses in the region, with FEMA allocating funds for recovery (Source 3, Source 2). The Shiawassee National Wildlife Refuge is located along the Shiawassee River and is subject to these high water conditions (Source 4, Source 1 of Q3). The image depicts a realistic flooded scene consistent with these reported events, and there is no evidence of AI generation. Therefore, the headline accurately reflects the situation."
ds6586,Misinformation,0.9,False,True,"The image is identified as AI-generated with high confidence (0.9) by the module signals, depicting a surreal and physically impossible scenario of jellyfish floating in a bedroom. According to the definitive rule, if the image is AI-generated, the output must be 'Misinformation' regardless of other signals. The claim 'a person holds their hand on a bed' is a generic description that does not accurately reflect the specific, fabricated content of the image (which includes floating jellyfish), further supporting the misrepresentation. The retrieved evidence confirms that while 'hand on bed' is a common stock photo theme, the specific visual of floating jellyfish in a bedroom is an AI creation (e.g., Craiyon results) and not a real-world event or standard stock photography context."
ds1582,Misinformation,0.9,False,True,"The claim contains multiple factual errors that contradict the retrieved evidence. First, the claim states Norway won 3-1 against England in the European Under-21 Championship. While evidence [2] confirms Norway did beat England 3-1 in the U21 Championship, this occurred in 2013, not in a recent context implying current events, and crucially, the goalkeeper Ørjan Nyland (born 1990) was not the goalkeeper for Norway U21 in 2013 (he was much older and played for senior clubs, but the U21 squad was different). More importantly, the claim conflates this with a different match. Evidence [2], [3], [4], and [5] clearly show that in the 2026 FIFA World Cup (a different tournament), England defeated Norway 2-1. The claim incorrectly asserts a Norwegian victory in a context that mixes up tournaments"
ds6549,Misinformation,0.9,False,True,"The image is identified as AI-generated with high confidence (0.8) due to the presence of surreal elements, specifically angel wings on the mother, which are not physically real. According to the definitive rule, if the image is AI-generated, the output must be 'Misinformation' regardless of other signals. While the headline describes a common real-world scenario (a smiling mother holding an infant), the image itself is a fabricated, fantastical representation rather than a photograph of a real event, constituting visual misinformation."
ds1547,Misinformation,0.9,False,True,"The claim contains a significant factual error regarding the custodianship of Watarrka National Park. While the claim correctly identifies the size of the park (approx. 105,200 hectares or 1,052 sq km) and mentions the Martutjarra-Luritja people (who are indeed traditional owners of the broader region and Kings Canyon area), it incorrectly states that the park is under their custodianship. Evidence [4] from The Canberra Times and Evidence [5] from the NT Government's Joint Management Plan explicitly state that Watarrka National Park is on the traditional lands of the **Anangu** Aboriginal people, not the Martutjarra-Luritja. The Luritja are distinct from the Anangu (Pitjantjatjara/Yankunytjatjara), although they are neighbors and share cultural connections. The park's management and tradit"
ds9027,Misinformation,0.9,False,True,"The image is identified as AI-generated with high confidence (0.8) by the visual veracity module. The module notes unnatural textures and overly perfect crust characteristics typical of AI generation. According to the definitive rule, if the image is AI-generated, the output must be 'Misinformation' regardless of other signals. The headline claims the image shows a specific real-world food item (Chicago style deep dish pizza with sausage), but since the image is synthetic, it cannot be a factual representation of such a dish, constituting misinformation."
ds8208,Not Misinformation,0.6,False,True,"The claim that activists protested the Summer Olympics in Brazil (specifically Rio 2016) citing corruption, mismanagement, and the domination of the wealthy is factually supported by the evidence. Multiple sources confirm that protests occurred in Rio de Janeiro during the 2016 Games. The protesters raised specific concerns about water pollution, broken environmental promises, the construction of an Olympic golf course (the 'Occupy Golf' movement), and the broader context of Brazil's political corruption and economic recession, which fueled perceptions of elite domination and mismanagement of public funds [1, 3, 6, 1]. While the image itself is generic and not definitively identified as a specific Rio 2016 protest photo, the textual claim is accurate regarding the existence and nature of t"
ds1877,Not Misinformation,0.9,False,True,"The claim states that Gordon Taylor became chairman of the PFA in November 1978 and moved to chief executive in 1981. Multiple credible sources, including The Guardian, Daily Mail, iNews, and BBC, confirm these specific dates and roles. The module signals indicate the image is not AI-generated (visual_veracity ai_generated=false) and is only partially aligned (showing a man in an office, which is consistent with the description but not definitively identifying the specific historical moment). Since the image is verified as real and the textual claim is factually supported by evidence, the pair is not misinformation."
ds1998,Not Misinformation,0.9,False,True,"The claim that increasing the pace of spending cuts is likely to spark more protests is strongly supported by the retrieved evidence. Multiple sources confirm that recent and historical austerity measures have triggered significant public unrest. Specifically, evidence [1] from the first query set notes that instability episodes occur twice as often when spending cuts reach 5% of GDP and that austerity protests attract more participants than other causes. Furthermore, evidence [1], [2], [3], and [5] from the second query set document massive protests in France (involving tens to hundreds of thousands of people) specifically against President Macron's government's plans for sharp spending cuts. The image, depicting a protest with 'NO CUTS' signs, is consistent with these real-world events a"
578,Not Misinformation,0.6,False,True,"The image depicts a plausible scene of flood mitigation efforts (using pumps/sandbags) in a location known for Mississippi River flooding (Clarksville, MO). The retrieved evidence confirms that Clarksville, Missouri, has experienced significant flooding from the Mississippi River, with specific reports of flood fights and preparations (e.g., [3], [5], [6]). While the specific individual 'Bob Bailey' and his rental properties are not explicitly identified in the provided search snippets, the general context of residents fighting floods in Clarksville is well-supported. The image is verified as not AI-generated. The claim is not demonstrably false based on the evidence, which supports the general scenario, though the specific identity cannot be fully verified. Therefore, it is classified as "
ds4435,Not Misinformation,0.9,False,True,"The claim 'Trump Removing Marines From the Navy' is factually nonsensical because the United States Marine Corps is a separate branch of the U.S. Armed Forces, not a component of the Navy, although it operates under the Department of the Navy. There is no evidence in the retrieved snippets or general knowledge that Trump removed Marines from the Navy, as they were never 'in' the Navy in a way that allows for such removal. The module signals correctly identify that the image is real (not AI-generated) and that the connection is ambiguous/partial. Since the premise of the claim is structurally flawed and unsupported by any evidence of such an event occurring, and the image does not depict a specific false event (like a signing ceremony for such a law), the pair is not classified as 'Misinfor"
4186,Misinformation,0.9,False,True,"The headline claims that James Van Der Beek is alive and engaging in a specific social maneuver ('reigniting friendship') to make 'Jamie' jealous. However, multiple credible news sources ([1], [2], [4], [5]) confirm that James Van Der Beek died on February 11, 2026, at the age of 48. A deceased person cannot reignite friendships or engage in such interpersonal dynamics. Furthermore, the headline likely conflates 'Jamie' with Jamie Foxx (Katie Holmes' ex-boyfriend) or potentially a fictional character, but the core premise involving James Van Der Beek is factually impossible due to his death. The image signals also note low relevancy, as the image does not depict the specific subjects or context claimed."
ds5919,Misinformation,0.9,False,True,"The headline claims that Ares is the 'nephew of Zeus and Hera.' This is factually incorrect according to established Greek mythology. Multiple evidence sources confirm that Ares is the son of Zeus and Hera, not their nephew [1][2][5]. While the image is not AI-generated, the textual claim in the headline is a direct contradiction of the mythological facts, constituting misinformation."
ds379,Not Misinformation,0.9,False,True,"The claim states that three people died during a police raid in Saint-Denis five days after the attacks. Evidence confirms that the raid occurred on November 18, 2015, which was indeed five days after the November 13 Paris attacks [Evidence 1-1, 2-1]. Regarding the death toll, multiple sources confirm that three individuals were killed during the raid: the suspected mastermind Abdelhamid Abaaoud, a woman who detonated an explosive device, and a third suspect [Evidence 1-1, 2-2, 5-5]. Therefore, the specific details in the claim (location, timing, and number of deaths) are factually accurate."
ds3753,Misinformation,0.9,False,True,"The claim that the Icelandic Coast Guard 'rarely performs a service' is factually incorrect and contradicted by extensive evidence. The Icelandic Coast Guard is a highly active agency responsible for search and rescue, maritime safety, national defense, and law enforcement. Evidence shows they maintain continuous listening watches, conduct regular patrols (e.g., 'a few times a week' according to the New York Times), and are actively involved in recent operations such as investigating Russian ships, monitoring submarine cables, rescuing migrants, and responding to cargo ship fires. The agency is celebrating its 100th anniversary in 2026, marking a century of continuous service. The image of a ship in turbulent waters does not support the claim of inactivity; rather, it depicts the type of e"
ds6032,Not Misinformation,0.9,False,True,"The image depicts a real ostrich interacting with a human, likely in a sanctuary or farm setting, which aligns with the visual veracity signals indicating it is not AI-generated. The headline 'this ostrich with interesting table manners' is a humorous, colloquial description of the bird's feeding behavior (eating from a person's hand or nearby), rather than a literal claim that the bird uses cutlery or etiquette. Evidence confirms that ostriches are often fed by humans in captivity (e.g., [3] from retrieved evidence showing videos of feeding experiences) and that they lack biological 'table manners' as they are wild animals (Module Signal). The headline serves as a playful caption for a genuine interaction, not a deceptive claim of anthropomorphism or fabrication. Therefore, it is not misi"
3980,Not Misinformation,0.9,False,True,"The claim 'Touch My Body is a law' is factually incorrect. 'Touch My Body' is a well-known song by Mariah Carey (released in 2008), not a piece of legislation. While there are laws regarding physical contact (such as assault, battery, and harassment statutes), there is no specific law titled 'Touch My Body.' The image provided is a generic stock photo of a courtroom and does not depict or verify the existence of such a law. The module signals correctly identified that the image is not AI-generated and that the claim is not aligned with the visual content. Since the claim is false, but the image is a generic, non-deceptive stock photo (not an AI-generated forgery intended to deceive), and the primary error is in the text claim rather than a fabricated visual narrative, the pair is classifie"
ds2845,Not Misinformation,0.6,False,True,"The claim describes a specific visual scene: a premium gas pump in a secluded part of Arkansas with a spider web on it. The retrieved evidence confirms that premium gas pumps exist in Arkansas (Evidence 1, 4) and that secluded/rural gas stations exist in the state, such as the Nathan Country Store in Nashville (Evidence 3) or abandoned stations in Fordyce (Evidence 5). While there are no specific news reports confirming this exact viral image or incident (Evidence 2, 6), the scenario is physically plausible and consistent with the existence of such locations and objects. The image is verified as not AI-generated. Since the claim is a descriptive statement about a potential real-world occurrence rather than a verifiable historical event or a demonstrably false statement (like 'the pump is o"
1318,Not Misinformation,0.6,False,True,"The image depicts patrons seated at a bar and in rows, which aligns with the 'relaxing' aspect of the claim. While the claim specifies 'theater seats' and 'waiting to play bocce', the retrieved evidence confirms that bocce is a popular game in bars (e.g., Bar Bocce, Pinstripes) and that patrons often relax in lounge or bar seating while waiting for courts or playing. The visual evidence of a bar setting with seated patrons is consistent with venues that offer bocce. The 'theater seats' detail may be a specific description of the venue's interior design (e.g., a lounge area with tiered seating) rather than a literal movie theater, and the image does not contradict the presence of a bar environment where such games are played. The AI generation confidence is low (0.2), and the image appears "
ds2773,Not Misinformation,0.9,False,True,"The image depicts a Bible and a Book of Mormon in a hotel room drawer, which aligns with the well-documented practice of Marriott International (a major hotel chain with numerous properties in Detroit) placing these specific religious texts in guest rooms due to the founding family's affiliation with the Church of Jesus Christ of Latter-day Saints. Evidence confirms that Marriott has included both the Bible and the Book of Mormon in its rooms since the late 1950s [2, 4]. While the specific hotel brand is not named in the headline, the presence of these items in a Detroit hotel is factually consistent with the amenities provided by Marriott properties in that city. The image is verified as real (not AI-generated) and the claim describes a plausible and common occurrence in that specific hos"
ds8795,Not Misinformation,0.6,False,True,"The image is verified as not AI-generated (visual_veracity.ai_generated=false). The claim describes a scene ('Two men wearing sunglasses cross the street at night') that is visually plausible and consistent with the module's assessment of the image showing two men in formal attire at night. While the module notes uncertainty about the specific details (sunglasses, crossing action), the retrieved evidence confirms that men do wear sunglasses at night (often for fashion) and that stock imagery exists depicting men crossing streets at night. There is no evidence suggesting the image is a manipulated representation of a specific false event; rather, it appears to be a generic or stock-style photo that aligns with the descriptive claim. The partial alignment in the module signals suggests the d"
6395,Misinformation,0.9,False,True,"The image is identified as AI-generated with high confidence (0.9) by the visual veracity module, which notes exaggerated facial features and unnatural proportions. According to the definitive rule, if an image is AI-generated, the output must be 'Misinformation' regardless of other signals. The headline 'dont worry beyonce nobody will ever know this was you' implies a deceptive context (suggesting a disguise or hidden identity), which is further invalidated by the fact that the image itself is synthetic and not a real photograph of Beyoncé. The retrieved evidence confirms Beyoncé's actual stage costumes (e.g., silver corset, nude illusion bodysuit) but does not support the existence of a 'disguise' in the manner implied by the AI-generated image, nor does it validate the image as authenti"
ds5285,Misinformation,0.9,False,True,"The claim that Hillary Clinton is secretly planning to run for president in 2024 is false. Multiple credible sources confirm that she has not announced any intention to run for the 2024 presidency and has explicitly denied such rumors. For instance, she criticized President Biden's 2024 reelection bid as a 'terrible mistake' and focused on supporting other Democratic candidates rather than launching her own campaign [3]. Additionally, reports indicate she publicly denied interest in running during events, such as one in Bahrain [1] (from the answers module) and has addressed rumors of future runs (like 2028) by stating she is not currently planning to run [3]. The headline contradicts the established public record of her statements and actions."
ds7674,Misinformation,0.9,False,True,"The image provided depicts a pile of debris or rocks, which is completely unrelated to the claim about visitor statistics in the Scottish Highlands. The module signals correctly identify that the image is not aligned with the claim (relevancy: false). While the image itself is not AI-generated, the pairing of this irrelevant visual with a specific statistical claim constitutes misinformation because the visual evidence does not support the text and appears to be a mismatched or deceptive association. The claim itself ('80 of its visitors') is also statistically ambiguous and unsupported by the retrieved evidence, which discusses motivations and duration of stay rather than a specific 80% origin statistic. The primary driver for the 'Misinformation' label here is the irrelevance of the imag"
2728,Not Misinformation,0.9,False,True,"The headline accurately describes the case of Scott Daniel Warren, a US border activist who faced up to 20 years in prison for providing water, food, and lodging to migrants. Multiple evidence sources confirm that a jury in his trial could not reach a verdict (hung jury), effectively refusing to convict him. The image shows a man who is consistent with descriptions of Warren, and the visual veracity check indicates it is not AI-generated. The claim aligns with the factual outcome of this specific high-profile case."
ds8721,Not Misinformation,0.6,False,True,"The image depicts a bowl of white rice and broccoli. The headline claims the image shows 'white rice, beef and a vegetable dish'. While the image clearly contains white rice and a vegetable (broccoli), it does not visibly contain beef. The module signals correctly identify this discrepancy, noting that the image aligns partially but lacks the beef component. However, the claim is not definitively 'Misinformation' in the sense of being a fake or AI-generated image (visual_veracity is false for AI generation). Instead, it is a case of a misleading or inaccurate caption for the specific image provided. In many contexts, stock photos or generic food images are used to illustrate articles about recipes (like beef and rice bowls) even if the specific photo doesn't show every ingredient mentioned"
ds9200,Misinformation,0.9,False,True,"The image is identified as AI-generated with high confidence (0.9) by the visual veracity module, citing unnatural blending of the dog's shirt and distorted anatomy. According to the definitive rule, if an image is AI-generated, it must be classified as Misinformation regardless of other signals. While the retrieved evidence confirms that stock photos of dogs on plaid couches exist, the specific image in question is synthetic and not a real photograph, making the claim misleading if presented as factual reality."
ds3723,Misinformation,0.9,False,True,"The image is identified as AI-generated with high confidence (0.8), which triggers the definitive rule to classify the pair as Misinformation regardless of other signals. Additionally, the claim that 'The Originals' began airing in 2005 is factually incorrect; evidence confirms the series premiered on The CW on October 3, 2013 [2], [11]."
7601,Not Misinformation,0.9,False,True,"The image depicts Bangladeshi security personnel standing guard near a restaurant in Dhaka. The retrieved evidence confirms that on July 1, 2016, gunmen attacked the Holey Artisan Bakery/Restaurant in Dhaka, and security forces were deployed to the scene to secure the area and respond to the siege. Multiple news sources (e.g., NBC News, CBS News, Getty Images) feature images with captions explicitly stating 'Bangladeshi security personnel stand guard near a restaurant that has reportedly been attacked by unidentified gunmen in Dhaka, Bangladesh on July 1, 2016' or similar dates (July 2). The visual content aligns with the historical event described in the claim. The module's relevancy signal was low likely due to a generic classification, but the specific visual details (security personnel"
9081,Not Misinformation,0.9,False,True,"The image depicts a realistic lunch box containing sandwiches and carrots, which aligns with the claim. While the claim mentions a muffin and salad which are not clearly visible in the image, the module signals indicate only 'partial' alignment and the image is verified as not AI-generated (visual_veracity ai_generated=false). The presence of some missing items in a descriptive caption for a generic stock-style photo does not constitute misinformation, especially given the lack of evidence that the image is fabricated or deceptive. The retrieved evidence supports that such combinations are common in lunch packing guides."
ds2006,Not Misinformation,0.6,False,True,"The image is verified as a genuine photograph (AI-generated=false) showing people near an airplane, which aligns with the first part of the claim. The claim also mentions individuals in military uniform. While the retrieved evidence does not identify a specific viral news event matching this exact visual description (e.g., a specific protest or incident involving military personnel lining up near a plane), the presence of military personnel at airports is a common and documented occurrence (e.g., troop travel, ICE agents, or security responses to drone threats as seen in recent European airport incidents). The module signals indicate only 'partial' alignment due to limited visibility of uniforms, but there is no evidence suggesting the image is fake or the claim is demonstrably false. The "
ds6266,Misinformation,0.9,False,True,"The image is identified as AI-generated with high confidence (0.9), depicting a turkey flying over a cityscape, which is physically impossible and visually inconsistent with reality. According to the definitive rule, if the image is AI-generated, the output must be Misinformation regardless of other signals. Additionally, the module signals indicate low relevancy (0.1) between the image and the headline, further supporting the classification of the content as misleading or fabricated."
708,Not Misinformation,0.9,False,True,"The claim states that in 2011, Carmelo Anthony had to deny reports that his wife, La La Vazquez Anthony, was forcing him to seek a trade out of Denver. Evidence confirms that in April 2011, La La Vazquez publicly denied making negative comments about the Denver Nuggets on a radio station, which she claimed was an April Fool's Day impostor (Evidence [1] from TMZ). This denial was widely reported in the context of the ongoing trade rumors surrounding Carmelo at the time. While later statements (in 2022) indicated that the trade itself contributed to the end of their marriage, the specific claim about the 2011 denial of reports regarding her influence on the trade is supported by contemporary news reports. The image is identified as genuine and relevant."
ds354,Not Misinformation,0.9,False,True,"The claim states that Aon was unveiled as the sponsor of Manchester United in July 2010. Evidence confirms that while the sponsorship deal was signed in June 2009 and officially began on June 1, 2010, the new home kit featuring the Aon logo was revealed (unveiled) on July 14, 2010. Therefore, the statement that Aon was 'unveiled' as the sponsor in July 2010 is factually accurate regarding the public reveal of the sponsored kit."
7119,Misinformation,0.9,False,True,"The headline claims Julian Assange is currently at the Ecuadorian embassy and calling for the threat of arrest to be lifted. This is factually incorrect. Evidence confirms that Julian Assange left the Ecuadorian embassy in London on April 11, 2019, when he was arrested by UK police after Ecuador revoked his asylum. He has since been imprisoned in the UK and, as of recent reports, has been released and returned to Australia following a plea deal. The image provided shows Assange holding a newspaper, which does not depict him at the embassy, and the claim about his current location and actions is entirely false based on the timeline of events."
6424,Misinformation,0.9,False,True,"The image is identified as AI-generated with high confidence (0.9). The visual content depicts a fantastical, humanoid-bird creature (a mythological harpy) interacting with a human, which is biologically impossible and not a real-world event. The headline 'harpy coming in for a landing' implies a real-world occurrence of such a creature. Since harpies are mythological beings and not real animals (unlike the harpy eagle, which is a bird but does not have a humanoid form), the image is a fabrication. According to the definitive rule, if the image is AI-generated, the output must be Misinformation."
5060,Misinformation,0.9,False,True,"The headline claims that experts are warning against using smartphones due to harmful radiation linked to cancer. However, the scientific consensus, as reflected in the retrieved evidence, is that there is no definitive proof linking smartphone radiation to cancer in humans. Major health organizations like the FDA and the World Health Organization (WHO) state that current evidence does not confirm a link, and long-term studies have found no significant correlation. While some studies suggest potential non-thermal effects or links to blue light (not radiation) and cancer, the broad claim that experts warn against smartphone use due to radiation-induced cancer is not supported by the majority of expert opinion or regulatory bodies. The evidence indicates that risks are considered low or unpr"
3899,Misinformation,0.9,False,True,"The claim states that the Tenth Doctor is accompanied by Rose Tyler in 'The End of Time'. While Rose Tyler was a primary companion of the Tenth Doctor, she was not his companion during the 'The End of Time' specials. In 'The End of Time', the Tenth Doctor's companion was Wilfred Mott (his late companion's grandfather). Rose Tyler appears in the special only in a flashback sequence or via a vision/parallel universe connection, but she does not accompany him on his journey in the narrative of 'The End of Time'. The retrieved evidence confirms Rose was a companion of the Ninth and Tenth Doctors generally, but does not support her presence as a companion in 'The End of Time'. The module signals also note the ambiguity and lack of specific context linking the image to 'The End of Time'. Therefo"
ds511,Misinformation,0.9,False,True,"The claim states that Whiskey Down boasts 'more than 100 brown spirits'. However, the official MGM Grand website [1] and other reliable sources [3] state that Whiskey Down features 'more than 50 different types' of whiskies. The number 100 is significantly higher than the verified count of 50+, making the specific quantitative claim in the headline false. While the location (MGM Grand) and the nature of the venue (gaming lounge/bar) are correct, the specific detail about the inventory size is inaccurate."
3537,Misinformation,0.9,False,True,"The definitive rule states that if the image is AI-generated (visual_veracity ai_generated=true, confidence>0.6), the output must be 'Misinformation'. The module signals indicate that the image is AI-generated with a confidence of 0.8. Therefore, regardless of the factual accuracy of the claim regarding film genres, the presence of an AI-generated image associated with the claim constitutes misinformation in this context."
ds9777,Not Misinformation,0.9,False,True,"The claim is factually supported by historical records. Des Warren and Ricky Tomlinson were indeed prominent figures in the 1972 Shrewsbury building workers' strike (part of the 'Shrewsbury 24'). They were convicted and imprisoned in 1973, and upon release, they faced significant difficulties finding work in the construction industry, effectively being blacklisted due to their union activism and convictions. Evidence [4] explicitly links a 1975 photo of them to this history, stating they were jailed after being pickets in the 1972 strike and notes the government's role. Evidence [1] and [3] confirm the long-term impact on their careers (blacklisting/poverty) following their imprisonment. The module's retrieved answers contained hallucinations regarding EU/Russia blacklists, but the primary"
5524,Misinformation,0.9,False,True,"The claim that Jennifer Aniston sabotaged Brad Pitt's Hollywood comeback is false and contradicts established facts. Evidence indicates that Aniston and Pitt divorced in 2005 due to differing life goals and career demands, with no credible reports of Aniston interfering with Pitt's career post-divorce [1, 2, 3]. Furthermore, Brad Pitt has remained active in Hollywood, with recent projects and premieres such as 'Babylon' in 2023, refuting the premise of a 'comeback' drama involving Aniston [2]. The narrative appears to be a fabricated story leveraging their past relationship for clickbait, as Aniston has publicly denied rumors about her role in their split and described the period as painful rather than contentious in a professional sense [3, 5]."
ds4669,Misinformation,0.9,False,True,"The headline claims that Bradley Cooper and Lady Gaga are in a 'rapturous remake' of 'A Star Is Born'. While the 2018 film directed by Bradley Cooper and starring Lady Gaga is indeed a remake, the provided image does not depict Bradley Cooper or Lady Gaga. The module signals explicitly state that the image 'does not depict Bradley Cooper or Lady Gaga' and that the characters shown appear to be from a different context. Using an image that does not feature the subjects mentioned in the headline constitutes a mismatch and potential misinformation, as it misleads the viewer about the visual content associated with the claim. The visual veracity module indicates the image is not AI-generated, but the lack of alignment with the specific entities named in the headline (Cooper and Gaga) makes the"
2169,Not Misinformation,0.9,False,True,"The image displays a collection of personal items including shoes, a cap, an iPod, and a name tag, which aligns with the headline's description. The visual veracity module confirms the image is not AI-generated (confidence 0.0 for AI generation). The retrieved evidence supports the existence and commonality of these items in personal contexts (e.g., iPods as portable media players, name tags for events, shoes and caps as apparel). There is no evidence suggesting the image is fabricated or that the headline is deceptive in a way that constitutes misinformation. The partial relevancy noted in the module signals is due to the ambiguity of 'other items' but does not indicate falsehood."
889,Not Misinformation,0.6,False,True,"The claim states that migrants are seen on the shore in the eastern Aegean island of Rhodes, Greece. The retrieved evidence confirms that Rhodes is currently experiencing a significant migrant crisis, with reports of undocumented migrants arriving by boat and being found on the shores (e.g., Source [5] mentions 23 illegal migrants found in a wooden boat near Lindos, Rhodes, and Source [1] discusses the general presence of illegal immigrants on the island). While the specific image cannot be geolocated to confirm it is Rhodes with 100% certainty, the visual content (people on a shore) is consistent with the well-documented reality of migrant arrivals in that specific location. The module signals indicate the image is not AI-generated. Therefore, the claim is plausible and supported by the c"
ds4772,Misinformation,0.9,False,True,"The claim that Ed Sheeran admitted he was able to 'bed hot women because of Taylor Swift' is false and not supported by any credible evidence. The retrieved evidence indicates that Ed Sheeran and Taylor Swift have a close, platonic friendship and professional collaboration history. Specific quotes from Sheeran describe Swift as a 'middle-aged woman trapped in a 20-something's body' (a comment on her maturity/energy, not sexual conquest) and note her competitive nature. There is no record of Sheeran attributing his sexual success or dating life to Taylor Swift. The module signals correctly identified low relevancy (0.2) and that the image does not clearly depict the subjects or context, further supporting the conclusion that the headline is fabricated or misleading."
ds372,Misinformation,0.9,False,True,"The headline 'Lost direction Rusting emergency vehicle used in the 1970 protests at Jackson State College Mississippi' is factually incoherent and likely a hallucination or misinterpretation of unrelated text. Evidence [4] from the retrieved snippets reveals that the phrase 'Lost direction: Rusting emergency vehicle used in the 1970 protests at Jackson State College, Mississippi' appears as a snippet from a BBC News article by Sean Coughlan, but the actual article title in that snippet is 'US 'in denial' over poor maths standards'. This indicates the headline text is a garbled combination of unrelated search results or a generated artifact, not a factual description of an image. Furthermore, there is no historical evidence that a 'rusting emergency vehicle' was a specific, notable object u"
6440,Misinformation,0.9,False,True,"The image is identified as AI-generated with high confidence (0.9). The module signals explicitly state that the visual veracity is 'ai_generated: true'. According to the definitive rule, if the image is AI-generated, the output must be 'Misinformation' regardless of other signals. The claim describes a surreal scenario ('stiltlegs adjusted') which aligns with the AI-generated nature of the image, as 'stilt legs' in this context likely refers to a visual hallucination or artistic interpretation rather than a factual event involving actual stilts or a specific political action. The evidence confirms Kim Jong-un has taken smoke breaks (e.g., in Nanning, Vietnam), but there is no evidence of him using or having 'stilt legs' adjusted, further supporting that the image depicts a fabricated scen"
ds2864,Not Misinformation,0.6,False,True,"The image depicts colored eggs, and the claim that dye can cause speckled or polka-dot effects is factually plausible and consistent with common Easter egg decorating techniques. Evidence [2] from stepbystep.com and [4] from YouTube explain that polka dots on eggs are typically created by using resist methods like stickers or wax, which prevent dye from reaching certain areas, resulting in a dotted pattern. While the specific claim that 'dye leaked' to create the dots is a specific narrative interpretation of the visual result (rather than a literal chemical leak event), the phenomenon of dye interaction creating such patterns is real. The image is not AI-generated (visual_veracity ai_generated=false), and the core assertion that the visual appearance is related to dyeing is supported by t"
ds9049,Not Misinformation,0.6,False,True,"The image is verified as a genuine photograph (AI-generated=false) and depicts a living room with a table and chairs, which aligns with the claim's description of the furniture. The claim states the room has a fireplace. While the module signals note the fireplace is not visible, the absence of a visual element in a specific crop or angle does not constitute misinformation (falsehood) unless it is proven that the room *cannot* have a fireplace or the image is fabricated. The retrieved evidence confirms that living rooms with fireplaces and tables/chairs are common design configurations (e.g., [1], [3], [5]). Since the image is real and the described elements (living room, table, chair) are present, and the missing element (fireplace) is plausible and not contradicted by evidence, the claim"
1505,Misinformation,0.6,False,True,"The claim states that business rates added 'about 500m' to retailers' costs in the 'past three years'. The retrieved evidence provides specific figures for recent budget impacts: a £140m hike for the following April (Evidence 2.1) and a £242m increase from April (Evidence 2.3). These figures are significantly lower than £500m and refer to specific annual or upcoming increases, not a cumulative total over three years. Furthermore, the evidence highlights that the government announced a freeze on business rates (Evidence 2.4), which contradicts the premise of continuous cost accumulation of that magnitude. The image is a generic stock photo of a shopping mall and does not support the specific statistical claim. Since the specific numerical claim is not supported by the evidence (which cites "
ds1418,Misinformation,0.6,False,True,"The claim asserts that the image depicts a specific event: 'Hundreds gather to see Brazilian music stars at the free event dubbed the Alternative Olympic Opening Ceremonies.' The retrieved evidence shows that while 'Alternative Olympic Opening Ceremonies' have occurred (e.g., in Poland in 2008, as per evidence [4]), they are typically political protests (e.g., in front of the Chinese Embassy) and not music festivals featuring Brazilian stars. Furthermore, the evidence regarding Brazilian music events (evidence [2], [5]) describes small-scale choral performances or academic workshops, not large-scale public gatherings of 'hundreds' at an 'Alternative Olympic' event. The module signals indicate the image is real (not AI-generated) but only partially aligned with the context. However, the spe"
690,Misinformation,0.9,False,True,"The claim states that Gus Malzahn was the Auburn coach on the sideline during the third quarter. Evidence confirms that Gus Malzahn was fired as Auburn's head coach in December 2020 and has not coached for Auburn since [1, 2, 5]. As of the current context (referencing events in 2023 and 2026), he is not the Auburn coach; Hugh Freeze was the coach in 2023, and Alex Golesh is the coach in 2026 [1, 3]. Therefore, an image depicting Malzahn as the Auburn coach is factually incorrect regarding his role and tenure, constituting misinformation."
ds7963,Not Misinformation,0.9,False,True,"The claim states that 96 people died at the 1989 FA Cup semifinal at Hillsborough. Historical records and inquest verdicts confirm that 96 Liverpool fans died as a result of the Hillsborough disaster, which occurred during this specific match. While the provided image is a generic memorial and not a specific depiction of the event (as noted by the low relevancy signal), the textual claim itself is factually accurate. The module's visual veracity indicates the image is not AI-generated. Therefore, despite the weak image-text alignment, the core factual assertion in the headline is correct, and there is no evidence of AI generation or deliberate falsification of the death toll."
ds9935,Misinformation,0.9,False,True,"The claim states that David Cameron 'celebrates himself' as he heads to the EU summit. However, the retrieved evidence indicates that David Cameron's final EU summit in Brussels (June 2016) was characterized by 'sadness and regret' following the Brexit vote, not celebration. Specifically, evidence [1] from the Daily Mail notes he 'laughed and joked' but frames the event as a 'humiliation' and his 'last EU summit before handing over', while evidence [2] from Al Arabiya and [3] from NPR describe the mood as one of 'sadness and regret' and 'isolation'. The image provided in the module signals is described as being in a parliamentary setting, not at the summit, and the claim of 'celebrating himself' is factually inconsistent with the historical context of his departure from the EU negotiations"
4960,Not Misinformation,0.9,False,True,"The headline 'J-Rod! Jennifer Lopez and Alex Rodriguez on Love, Beauty, and Redemption' is a direct reference to a specific, real-world media event: the December 2017 cover story in Vanity Fair featuring the couple (often referred to as 'J-Rod'). Evidence [1] and [2] from the retrieved set explicitly confirm that this article exists and covers these exact themes. While the couple's relationship status has changed since 2017 (they split in 2021), the headline accurately describes the content of that specific interview/feature. The image, described as a romantic portrait, aligns with the promotional material for that 2017 feature (photographed by Mario Testino). There is no evidence of AI generation, and the claim is factually grounded in historical media records."
5286,Misinformation,0.9,False,True,"The claim that Joe Biden accepted illegitimate votes in the 2020 election is false. Extensive investigations, audits, and court rulings across multiple states have found no evidence of widespread voter fraud that could have altered the election outcome. Claims of illegitimate votes have been repeatedly debunked by fact-checkers and election officials from both parties. The image of Biden speaking does not support the claim, and the claim itself contradicts the established facts of the 2020 election results."
ds6300,Misinformation,0.9,False,True,"The image is identified as AI-generated (confidence 0.9) and depicts a surreal scene involving a cartoon character, which is a clear indicator of manipulation. Furthermore, the claim that Hillary Clinton broke ground at 'Goldman's Pharmacy' is factually false. Evidence confirms that 'Goldman's Pharmacy' is a fictional location from the animated series 'Family Guy' (owned by Mort Goldman), not a real-world business. While Hillary Clinton did give paid speeches at Goldman Sachs (a financial firm, not a pharmacy), there is no record of her participating in a groundbreaking ceremony for a pharmacy, especially one with a fictional name. The combination of an AI-generated image and a fabricated event based on a fictional entity constitutes misinformation."
ds9486,Misinformation,0.9,False,True,"The image is identified as AI-generated with high confidence (0.8) due to unnatural anatomical structures, such as extra limbs and unnatural posing of the cats. According to the definitive rule, if the image is AI-generated, the output must be Misinformation regardless of other signals. The visual evidence contradicts the claim of a realistic scene, indicating the image is synthetic and not a factual representation of the described event."
ds252,Not Misinformation,0.9,False,True,"The claim states that Dave Lee Travis was one of broadcasting's biggest stars in the 70s and 80s. This is directly supported by multiple evidence sources. Specifically, BBC News [1] explicitly states: 'In the 70s and 80s, Dave Lee Travis was one of broadcasting's biggest stars.' Additionally, evidence [3] and [4] confirm he was a prominent figure on BBC Radio 1 and 'Top of the Pops' during that era, becoming a household name. The image is verified as not AI-generated, and the text aligns with historical facts regarding his career peak."
7904,Misinformation,0.9,False,True,"The image is a clear misattribution. The claim specifies 'Boys from the Mandari tribe' in 'Terekeka' in 'September 2012'. However, the Mandari tribe is primarily a pastoralist group known for cattle herding, not fishing, and their traditional territory is in the Jonglei region, distinct from the fishing community of Terekeka (which is predominantly Nuer or other riverine groups). Furthermore, the image provided is a widely known stock photograph (often attributed to a generic scene in India or Southeast Asia, featuring people in colorful clothing that does not match traditional Mandari attire) and does not depict the specific individuals, location, or time frame claimed. The visual evidence contradicts the specific ethnic and geographic claims of the headline. The module signals correctly "
ds4659,Not Misinformation,0.9,False,True,"The claim that Kanye West auditioned for American Idol in San Francisco and brought Kim Kardashian is factually accurate. Evidence confirms that Kanye West staged a surprise audition for the final season of American Idol in San Francisco, performing 'Gold Digger' while accompanied by his then-wife, Kim Kardashian [1, 5]. The event was widely reported and the footage was released by E! and other outlets [2, 3]. Although the headline uses sensational language ('See Photos!'), the core factual assertions regarding the event, location, participants, and context are supported by multiple credible sources."
6609,Misinformation,0.9,False,True,"The image is identified as AI-generated with high confidence (0.9) by the visual veracity module. The scene depicts a horse levitating on a rocking chair in a cloudscape, which is physically impossible and characteristic of AI synthesis rather than reality. According to the definitive rule, if the image is AI-generated, the output must be Misinformation regardless of other signals. The retrieved evidence supports that while staged photos of horses on furniture exist (e.g., Andalusian horses on armchairs), they are distinct from the surreal, levitating scenario presented here, confirming the image is not a genuine depiction of a real-world event."
5292,Misinformation,0.9,False,True,"The headline claims that a secret recording exposes Joe Biden promising to 'abolish the Second Amendment.' This claim is demonstrably false. Evidence from PolitiFact and Biden's own campaign statements confirms that Biden has never promised to abolish the Second Amendment; rather, he has consistently stated that he respects the Second Amendment while advocating for stricter gun control measures such as universal background checks and assault weapon bans (Sources [2], [3], [4]). The 'secret recording' referenced in the module signals refers to a 2019 Spanish-language campaign ad, which did not contain such a promise (Source [2] under 'When was Biden's secret recording made?'). The headline misrepresents Biden's actual policy positions and the content of the recording, constituting misinform"
5049,Not Misinformation,0.6,False,True,"The headline describes a general phenomenon of controversy surrounding 'The Bachelorette' rankings, accusations of bias, and fan outrage. The retrieved evidence confirms that the franchise has a long history of controversies, including producer manipulation tactics (Evidence 1, 5), recent high-profile cancellations (Evidence 2, 4), and specific fan outrage regarding recent seasons and leads like Jenn Tran (Evidence Q: Fans outraged [5], Q: Biased reviews [5]). While the image is a generic stock photo and not specific to a single event, the textual claims in the headline are substantiated by the existence of these ongoing debates and controversies within the 'Bachelor Nation' fandom and media coverage. The image is verified as not AI-generated. Therefore, the claim is not misinformation, bu"
ds8246,Misinformation,0.9,False,True,"The image provided does not depict Tony Abbott, the subject of the headline. The module signals explicitly state that the image shows a different individual and is not aligned with the headline. While the headline contains a factual contradiction (claiming Abbott wants lower taxes while unveiling a budget with tax increases), the primary reason for the 'Misinformation' label here is the visual mismatch. The image is irrelevant to the claim about Tony Abbott, making the pairing misleading. The evidence confirms Tony Abbott was an Australian Prime Minister, while the retrieved evidence for 'new tax increases' refers to US President Biden's budget, further highlighting the disconnect and potential confusion in the source material, but the visual mismatch is the definitive error."
5575,Misinformation,0.9,False,True,"The claim that Bradley Cooper and Lady Gaga were spotted kissing on a romantic getaway to Italy is false. While the two stars were indeed in Italy (Venice) in August 2018 for the premiere of 'A Star Is Born' at the Venice Film Festival, there are no credible reports or evidence of them kissing during a 'romantic getaway' at that time or any other. Their relationship has been consistently described as a close professional friendship, and they have not been romantically linked in recent years (e.g., Gaga's recent wedding invitations to Cooper confirm their platonic bond). The image likely depicts a generic couple or a different context, and the headline fabricates a romantic narrative not supported by facts. The module signals correctly identified the lack of confirmation for the specific in"
561,Not Misinformation,0.9,False,True,"The claim is supported by multiple credible sources. NASA and Space.com confirm that the International Space Station photographed Hurricane Matthew on October 3, 2016, as it approached Haiti and Jamaica. Specifically, NASA notes that cameras captured views of the storm on Oct 7, but Space.com explicitly states that on Oct 3, the ISS caught a glimpse of the massive storm as it swirled over the Caribbean. The module signals correctly identify the event and the year, and the visual veracity indicates the image is not AI-generated. The specific date and context align with historical records of the storm's path and ISS flyovers during that period."
1970,Not Misinformation,0.6,False,True,"The image is identified as a bar graph from the 'Cancer Patient Experience Survey 2011/12', which is a real survey conducted by the UK Department of Health (evidence items [1] and [2] in the second evidence block confirm the survey's existence and scope). The headline claims that 'More younger patients than older patients said they were informed about financial help'. While the specific data point regarding 'financial help' is not explicitly detailed in the provided snippets (which focus on overall care experience and inequalities), the survey did collect data on various aspects of care, including information provision. The visual veracity is confirmed as not AI-generated. The claim is plausible within the context of the survey's findings on patient experience, and there is no evidence to "
ds1060,Not Misinformation,0.6,False,True,"The image depicts a man holding a child at a candlelight vigil in New York. The retrieved evidence confirms that multiple candlelight vigils have occurred in New York City recently, including those for Tibetan activist Lobga Rangzen, journalist colleagues, and others. While the specific identity of the individuals in the image cannot be verified from the text alone, the scene is consistent with the reported events (e.g., the vigil for Lobga Rangzen involved hundreds of participants, including families and supporters, in a solemn atmosphere). The image is not AI-generated. The headline is a plausible description of a real event captured in the photo, rather than a false claim about a specific non-existent event. Therefore, it is not misinformation."
ds3938,Misinformation,0.9,False,True,"The claim states that Northwestern University is a founding member of the Big Ten Conference starting in 1893. While it is true that Northwestern is a charter (founding) member of the conference, the conference was founded in 1896, not 1893. Multiple evidence sources confirm the founding year as 1896 (e.g., [1] Big Ten Conference - Wikipedia, [3] Britannica). Therefore, the specific date in the claim is factually incorrect, rendering the statement misinformation."
6399,Misinformation,0.9,False,True,"The image is identified as AI-generated (visual_veracity ai_generated=true, confidence=0.8), which triggers the definitive rule to classify the pair as Misinformation. Furthermore, the retrieved evidence confirms that there are no news reports or credible records of Polish police officers posing with Teenage Mutant Ninja Turtles. The search results for this specific query only yield stock photo sites (Getty Images, Vecteezy) and unrelated pop culture references, indicating the image is a fabricated or stock-style AI creation rather than a depiction of a real event."
6807,Misinformation,0.9,False,True,"The image depicts a dragon cooking vegetables, which is a fantastical and surreal scenario. The visual veracity module explicitly identifies the image as AI-generated with high confidence (0.9), noting that the combination of a mythical creature and a cooking scene is contextually bizarre and does not align with real-world physics or biology. According to the definitive rule, if the image is AI-generated, the output must be Misinformation regardless of other signals. The claim describes a realistic scene ('large bowl with vegetables and broccoli'), which contradicts the AI-generated nature of the image."
ds9233,Not Misinformation,0.9,False,True,"The image depicts a scene of people waiting at a bus terminal, which aligns with the claim. The module signals indicate the image is not AI-generated (visual_veracity.ai_generated=false) and is relevant to the claim. The retrieved evidence confirms that bus terminals are common locations where people wait for buses, and stock photo descriptions (e.g., [1], [2], [3]) frequently depict exactly this scenario. There is no evidence suggesting the image is fake or the claim is false in a general context."
7506,Not Misinformation,0.9,False,True,"The headline text 'Dedham Vale Essex and Suffolk Come May the coach parties from Shenzhen arrive and stay until autumn' is a direct quote from a 2015 Guardian article by Robert Clare, as confirmed by Evidence [5] in the retrieved set. The image depicts a scene consistent with Dedham Vale (a landscape known for its gardens and churches, often associated with John Constable). While the image itself does not visually prove the presence of Shenzhen coach parties, the text is a factual citation of a reported phenomenon/trend from a reputable source, not a fabricated claim. The visual is relevant to the location mentioned. Therefore, the pair is not misinformation."
251,Not Misinformation,0.9,False,True,"The claim is supported by direct evidence. Evidence item [5] from BBC News explicitly states, 'Sameena Jabeen Ahmed received her best newcomer award from actor James Corden.' Additionally, Getty Images evidence [2] confirms that James Corden was a presenter at the BFI London Film Festival Awards where Ahmed received the Best British Newcomer award. The module signals correctly identified the visual alignment, and the retrieved evidence corroborates the specific interaction between the two individuals regarding the award."
ds1760,,,False,False,PARSE_FAILURE
ds5403,Not Misinformation,0.6,False,True,"The headline presents a speculative analysis ('Speculation Grows', 'Political Strategy or Strategic Distraction?') rather than a definitive factual claim. The image shows a generic protest banner reading 'IMPEACHMENT', which is visually consistent with real-world political protests and is not AI-generated (visual_veracity ai_generated=false). The retrieved evidence confirms that impeachment is a topic of active political discussion, particularly regarding Donald Trump, with Democrats planning investigations as a precursor to potential impeachment (Sources [3], [4] from CNBC/US News). While the headline's specific claim about 'manipulation of public discourse by political elites' is a subjective interpretation, it is grounded in the broader context of political strategy and discourse analys"
ds8604,Misinformation,0.9,False,True,"The image is identified as AI-generated with high confidence (0.8) due to unnatural anatomical features, specifically extra limbs on the zebras. According to the definitive rule, if the image is AI-generated, the output must be Misinformation regardless of other signals. The headline claims zebras are socializing on rocks in an artificial lake, but the visual evidence is fabricated and does not depict a real event or location."
ds8578,Not Misinformation,0.6,False,True,"The image depicts a man leaning over the back of a truck, which aligns with the visual description in the claim. While the specific location (Walmart) is not definitively verifiable from the image alone, the module signals indicate the image is real (not AI-generated) and the context is partially aligned. Retrieved evidence confirms multiple incidents involving Walmart trucks and men in front of them (e.g., driving through a Walmart, road rage incidents, accidents). The claim is a plausible description of a real-world event or a generic stock-style photo used in news contexts regarding such incidents. There is no evidence suggesting the image is fabricated or that the claim is demonstrably false given the high frequency of such events reported in the evidence."
6114,Misinformation,0.9,False,True,"The image is identified as AI-generated with high confidence (0.8). The visual content depicts a surreal and non-standard watch face featuring a person in a uniform, which does not resemble a Mickey Mouse watch. The claim specifically references a 'mail order mickey mouse watch from russia'. While evidence [5] in the retrieved snippets confirms the existence of a 'Pobeda Russian 28MM Blue Dial 15 J Manual Mickey Mouse Character Watch' sold on eBay, the provided image is clearly not that watch (or any standard Mickey Mouse watch). The image is a fabricated, AI-generated artifact that misrepresents the subject matter. According to the definitive rule, if the image is AI-generated, the output must be Misinformation."
8341,Not Misinformation,0.9,False,True,"The claim consists of two parts: 1) The Riverside Museum is the European Museum of the Year 2013, and 2) it has seen a drop in visitors. Evidence [1], [2], [3], [4], and [5] from the retrieved set definitively confirm that the Riverside Museum in Glasgow won the European Museum of the Year Award in 2013. Regarding the second part, while specific 2023 statistics for the Riverside Museum are not explicitly detailed in the snippets, Evidence [2] from the Museums Association reports a general trend where visitor numbers are down 10% on average across museums compared to pre-pandemic levels, and Evidence [5] notes that many museums are facing drops in visitors. Given the partial alignment of the image (showing a waterfront scene consistent with the Riverside Museum's location on the Clyde) and "
1152,Not Misinformation,0.9,False,True,"The image depicts Howard Stern and his wife Beth Ostrosky, which aligns with the claim that they were in attendance at an event. Retrieved evidence confirms that the couple frequently attends public events together, such as the North Shore Animal League America Gala (2017) and various other galas and screenings. The module signals correctly identify the individuals and the context. There is no evidence of AI generation (visual_veracity ai_generated=false), and the claim is factually supported by multiple sources documenting their joint public appearances."
ds5714,Misinformation,0.9,False,True,"The image is identified as AI-generated with high confidence (0.8). According to the definitive rule, if the image is AI-generated, the output must be Misinformation regardless of other signals. Additionally, the claim that Babur was an 'Educator Paving the Way for Educational Excellence' is historically inaccurate; while Babur founded the Mughal Empire and contributed to literature (Baburnama), he did not implement specific educational reforms or serve as an educator in the manner suggested. The retrieved evidence confirms that specific educational reforms by Babur are not detailed and that his primary legacy lies in military conquest and cultural patronage, not educational systems."
ds9888,Misinformation,0.9,False,True,"The claim states that Jerzy Janowicz took the first set on a tiebreak and that the crowd would be delighted. While Janowicz did win the first set against Andy Murray in a tiebreak at the 2013 Wimbledon Semifinals (Evidence [5] from CNN confirms he won the tiebreak 7-2), the claim that the crowd would be 'delighted' is factually incorrect and misleading in the context of Wimbledon. Andy Murray is a British national and a massive crowd favorite at Wimbledon. Janowicz's victory over Murray in the semifinals was a major upset and was met with shock and disappointment by the home crowd, not delight. The crowd was cheering for Murray. Therefore, the emotional reaction described in the headline ('delighted') contradicts the historical reality of the event. Additionally, the module signals contain"
7531,Not Misinformation,0.9,False,True,"The image depicts a protest scene, and the retrieved evidence confirms that Occupy London protests did indeed take place at St Paul's Cathedral in London. Specifically, protesters set up a camp outside the cathedral starting in October 2011 and later entered the cathedral to chain themselves to the pulpit in October 2012 [2, 3, 4]. The visual content aligns with the historical record of these events, and there is no evidence of AI generation or manipulation. The claim is factually supported by multiple sources."
1795,Not Misinformation,0.9,False,True,"The claim states that Justin Fashanu is described as intelligent, witty, honest, and articulate in Nick Baker's book 'Forbidden Forward'. Evidence confirms that Nick Baker is the author of 'Forbidden Forward: The Justin Fashanu Story' [1, 2, 5]. The book is described as a 'sensitive but brutally candid portrait' [1] and a 'meticulously researched' biography [2, 4] that offers a 'nuanced portrayal' of Fashanu [Module Answers]. While the specific adjectives 'intelligent, witty, honest, and articulate' are not explicitly quoted in the provided snippets, the book's description as a candid, nuanced, and sensitive biography of a complex figure who was 'honest and truthful' (as noted in his own interview [3]) supports the plausibility of such character descriptions within the text. The image is a"
7759,Not Misinformation,0.6,False,True,"The image depicts a power station with cooling towers, which is consistent with the Severn Power Station (formerly Dong Energy) in Newport, South Wales, as confirmed by evidence [1] and [2] which explicitly link Dong Energy to a gas-fired power station in Newport, South Wales, with photographic evidence from 2011. The claim states that the government has been proposing gas as a bridging technology. Evidence [2] from the 'Guest Post' section and [1] from the 'Role of gas' section confirm that the UK government has indeed viewed and proposed gas as a 'bridging fuel' or 'bridging technology' to support the transition to lower carbon energy, although this stance is debated. The image is identified as a genuine photograph (not AI-generated) and is relevant to the subject matter. While the image"
5697,Misinformation,0.9,False,True,"The image is identified as AI-generated (confidence 0.8), which triggers the definitive rule to classify the pair as Misinformation. Furthermore, the claim that NASA revealed a 'second moon' that is 'potentially habitable' is factually incorrect. While NASA has confirmed the existence of temporary quasi-moons (asteroids like 2024 PT5 or 2025 PN7) that orbit Earth for limited periods, these are small rocky bodies, not habitable moons. The claim of habitability is entirely fabricated and contradicts scientific consensus, as no such habitable second moon exists. The visual depiction of astronauts observing a large, planet-like body indoors is a surreal, AI-created fantasy that does not represent reality."
3769,Misinformation,0.9,False,True,"The claim 'Tangled is a shoelace' is factually incorrect. 'Tangled' is primarily known as a 2010 Disney animated film (Evidence [1]) or an adjective meaning twisted/complicated (Evidence [1] from Cambridge Dictionary). Shoelaces are not called 'Tangled'; the tips are called 'aglets' (Evidence [2] from Indestructible Ryder). Furthermore, the module signals indicate that the image is AI-generated (ai_generated=true, confidence=0.8). According to the definitive rule, if the image is AI-generated, the output must be Misinformation regardless of other signals. The combination of a false factual claim and an AI-generated image confirms the label."
4905,Not Misinformation,0.9,False,True,"The headline claims that reports of Lindsay Shookus being pregnant with Ben Affleck's baby are untrue. Evidence confirms that Lindsay Shookus and Ben Affleck ended their relationship in 2019 (Source 1, 2, 3 from 'relationship status' queries). Furthermore, multiple sources explicitly state that there are no credible reports of them expecting a baby together and that they do not plan to expand their families (Source 1 from 'baby news' query). While there were rumors in 2018, the current status is that they are ex-partners and not expecting a child. Therefore, the claim that the 'baby shocker' is untrue is factually correct."
6026,Misinformation,0.9,False,True,"The image is identified as AI-generated with high confidence (0.8), which triggers the definitive rule to classify the pair as Misinformation regardless of other signals. Additionally, the headline 'oh god jay no youre killing everybody' is sensationalist and lacks factual basis; evidence confirms that Jay-Z did not kill anyone (he was involved in a stabbing incident in 1999 but was not the attacker, and he admitted to shooting his brother as a child, which is not murder). The image depicts a talk show setting which does not align with the violent implication of the headline, further indicating a mismatched and misleading context."
5977,Misinformation,0.9,False,True,"The claim states that Konidela Production Company has emerged as a key player in the Chinese entertainment industry. However, all retrieved evidence and module signals confirm that Konidela Production Company is an Indian film production company based in Hyderabad, established by actor Ram Charan, focusing exclusively on Indian (Telugu/Tollywood) cinema. There is no evidence of any expansion, projects, or significant involvement in the Chinese entertainment industry. The claim is factually incorrect regarding the company's operations and geographic focus."
104,Not Misinformation,0.9,False,True,"The claim states that while there are hundreds of commercial airlines globally, not all of them have inflight connectivity or internet access. This is factually accurate. Evidence [1] from Wikipedia confirms there are over 5,000 airlines globally (satisfying the 'hundreds' condition). Evidence [5] from the 'Inflight Wi‑Fi Guide' and Evidence [2] from 'Moment.tech' explicitly state that only about 70% of airlines offer some form of connectivity, meaning a significant portion does not. The image, showing model airplanes, is a generic representation of the airline industry and does not contradict the factual claim. The visual veracity is genuine (not AI-generated), and the text claim is supported by multiple sources."
ds9954,Misinformation,0.9,False,True,"The claim asserts that Jinyun and Yahong celebrated in Morecambe Bay. However, historical records and the provided evidence confirm that Jinyun Guo and Yan Wang (often referred to as Yahong in some contexts or confused with other names, but specifically the victims of the 2004 disaster) were among the 21 Chinese cockle pickers who died in the Morecambe Bay cockle-picking disaster in 2004. They did not 'celebrate' in Morecambe Bay; they were victims of a tragic accident where they drowned in the tidal flats. The image likely depicts a generic scene or unrelated individuals, and the narrative of 'celebration' is factually incorrect and insensitive to the actual event. The module signals correctly identify that there is no information about a celebration, and the answers clarify the tragic na"
ds9091,Not Misinformation,0.6,False,True,"The claim describes a specific visual composition (colorful umbrella in a black and white city scene). The module signals indicate that the image does not match this description (relevancy aligned: false), but crucially, the visual veracity check confirms the image is not AI-generated (ai_generated: false). According to the definitive rule, the 'Misinformation' label is triggered only if the image is AI-generated. Since the image is a real photograph, it cannot be classified as AI-generated misinformation. The mismatch between the claim and the image content suggests the claim is an incorrect description of the image (a labeling error or false caption), but it does not meet the strict criteria for 'Misinformation' as defined by the AI-generation rule. The evidence snippets confirm that suc"
ds1846,Misinformation,0.9,False,True,"The claim asserts that a vehicle belonging to Rafael Correa's security detail was burned by rioting police outside a hospital in Quito. The retrieved evidence indicates that while there was a major police uprising against Correa in 2010 where police held him captive, there is no evidence of a specific incident in October 2023 involving police burning Correa's vehicle at a hospital. In fact, evidence [1] from the 'Did police set vehicle on fire in Quito?' query explicitly states that protesters, not police, set a police car on fire during demonstrations. Furthermore, the 2023 unrest in Quito was primarily characterized by prison riots (Evidence [3], [4], [5] in the Quito riots 2023 section) and political crises, not a police uprising against Correa (who was not president in 2023). The claim"
ds2126,Not Misinformation,0.6,False,True,"The image depicts two identical street signs, which aligns with the claim of 'identical street signs'. While the claim specifies they are 'pointing in the opposite directions', the visual evidence shows signs that are likely mounted on the same post or adjacent posts, which is a common configuration for street signs (e.g., one for each direction of the cross street, or one for the street name and one for the cross street). The retrieved evidence confirms that instances of 'identical street signs' appearing together (such as the Swansea case where one was behind the other) are real news events. The module's visual veracity assessment indicates the image is not AI-generated. Although the 'opposite directions' aspect is ambiguous in the image (they may be facing the same way or perpendicular)"
ds8631,Misinformation,0.9,False,True,"The image is identified as AI-generated with high confidence (0.8). The module signals explicitly state that the image depicts bananas and apples, not oranges, and lacks the described potted plants and tree context. The definitive rule mandates that if an image is AI-generated, it must be classified as Misinformation. Furthermore, the visual content (bananas) contradicts the headline's claim of oranges, and the surreal arrangement supports the AI generation verdict."
ds6054,Not Misinformation,0.9,False,True,"The claim 'everyone knows dachshunds dont work over water' is interpreted as a colloquial or humorous assertion that dachshunds are not suited for water activities (swimming/wading) due to their physical build. The retrieved evidence consistently supports the factual basis that dachshunds are generally poor swimmers and often dislike water due to their long backs and short legs, which make swimming tiring and difficult (Sources [2], [4], [6], [7]). While the image depicts a fantastical or edited scene (a person on a hoverboard/dog-like object over water), the image is not AI-generated (visual_veracity ai_generated=false). The claim does not assert that dachshunds literally walk on water (which would be false), but rather that they 'don't work' (are not functional/suited) in water. The evid"
595,Not Misinformation,0.9,False,True,"The image depicts the Cleveland skyline, and Edgewater Park in Cleveland, Ohio, is a well-documented location for viewing and photographing this skyline from the shores of Lake Erie. Evidence confirms that Edgewater Park is a popular spot for such photography, with numerous photos available online from various years, including the early 2010s (e.g., a photo taken in April 2013 is cited in evidence). While the specific date of 2012 cannot be definitively verified for this exact pixel arrangement without metadata, the claim that the photo *shows* the skyline from that location is factually consistent with the geography and common photographic practices at that site. The module signals correctly identify the visual content as genuine and relevant. There is no evidence suggesting the image is "
ds4857,Misinformation,0.9,False,True,"The image provided is completely irrelevant to the headline. The module signals correctly identify that the image depicts a generic group of people at a dining table and is not aligned with the specific claim about Kourtney Kardashian, Younes Bendjima, or Scott Disick. The headline makes a specific narrative claim ('Teasing Scott About It') which is not supported by the visual content. Furthermore, while Kourtney Kardashian has had pregnancy scares and relationship tensions with Scott Disick, the specific framing of 'teasing Scott' about a scare involving Younes is not a verified or prominent narrative in the evidence (evidence suggests she has 'lost respect' for Scott and is distancing him, rather than engaging in playful teasing about a scare with a new boyfriend). The primary driver for"
8858,Misinformation,0.9,False,True,"The claim describes a 'man walking on his back in the snow,' which implies a specific, unusual physical action (walking while supine or on one's back). The retrieved evidence and module signals indicate that the image actually depicts a person skiing or walking normally in a snowy environment. The module explicitly states the image is 'aligned: false' because the subject and activity (skiing) differ from the headline (walking on back). Furthermore, the evidence snippets describe standard stock photos of men walking or skiing, with no mention of anyone walking on their back. The discrepancy between the specific, bizarre action claimed in the headline and the standard activity shown in the image constitutes misinformation."
ds4896,Misinformation,0.9,False,True,"The headline claims Nicole Richie was 'pleading' with Sofia Richie to end her romance with Scott Disick to protect his kids. Evidence shows that Sofia Richie and Scott Disick ended their relationship in May 2020, and reports indicated Sofia was the one who ended it due to Scott's behavior, not because of Nicole's intervention. Furthermore, while Nicole Richie has advised Sofia on privacy, there is no credible evidence that she 'pleaded' with Sofia to break up with Scott. The narrative of a sisterly intervention to save the children's relationship is a fabricated or exaggerated gossip trope not supported by factual reporting. The image is generic and does not depict this specific event, further indicating the headline is clickbait or false."
8916,Not Misinformation,0.6,False,True,"The image depicts a white toilet in a bathroom with black tiled walls and floor. The claim describes a 'white toilet with a black mirror on top of a tiled floor'. While the image clearly shows a white toilet and a tiled floor (black tiles), the specific detail of a 'black mirror' is not clearly visible or is absent in the provided visual context (the background is black, which might be confused for a mirror, or the mirror is not in frame). However, the module signals indicate the image is not AI-generated (veracity=false) and the relevance is low (0.2) because the specific elements (black mirror) are missing or ambiguous. The retrieved evidence supports the existence of such designs (white toilets, black mirrors, tiled floors) as valid interior design trends, but does not confirm this spec"
ds562,Not Misinformation,0.9,False,True,"The claim that 30,000 people gather in Hawaii to celebrate SPAM is supported by multiple evidence sources. The Waikiki Spam Jam is a well-documented annual event in Hawaii. Evidence [1] from the Courthouse News explicitly states that 'more than 30,000 visitors flocked' to the event in 2025. Additionally, Shaka Guide [5] notes that the festival draws 'about 30k attendees every year,' and other sources cite figures around 35,000, which aligns with the '30,000' figure as an approximate annual attendance. The image depicts a scene consistent with this festival (mascot, crowd), and the module signals confirm the image is not AI-generated. Therefore, the headline is factually accurate."
ds5647,Misinformation,0.9,False,True,"The claim that Pfizer CEO Albert Bourla admitted the COVID-19 vaccine causes permanent brain damage is false. Multiple fact-checks and credible sources confirm that Bourla never made such a statement. Claims that he called vaccines 'quite dangerous' or admitted to causing harm are debunked misinterpretations or fabrications (Source 4). While Pfizer executives have acknowledged that the vaccine was not tested for transmission efficacy, this is distinct from admitting to causing brain damage (Source 3, Source 1 in Q4). Furthermore, scientific consensus and regulatory bodies like the FDA have found no evidence supporting the claim that the vaccine causes permanent brain damage (Source 2 in Q1, Source 2 in Q2). The image provided is a generic presentation graphic and does not depict any admiss"
160,Misinformation,0.9,False,True,"The claim asserts that a specific cat named 'Dorothy' was shot in Newport. The retrieved evidence fails to identify any cat named Dorothy involved in such an incident. Evidence [1] under 'Pellet gun incidents Newport cat' identifies a cat named 'Rouley' shot in 2010, and Evidence [4] under the same query mentions airgun attacks in Gwent/Newport but does not name the cats. Evidence [1] under 'Did Dorothy the cat get shot?' incorrectly associates 'Dorothy' with the fictional character from The Wizard of Oz, indicating a likely confusion in the claim's premise or a fabricated story. The image shows a generic cat in a cone, which does not verify the specific identity of 'Dorothy' or the specific injuries described. Since the specific entity 'Dorothy' cannot be linked to the reported incidents "
ds7704,Misinformation,0.9,False,True,"The claim states the image is an aerial view of the River Severn winding through Leighton in Shropshire. However, the module signals explicitly state that the image depicts a golf course and surrounding landscape, with no meaningful connection to the River Severn or the specific location described. The visual content (golf course) contradicts the textual claim (river). While the River Severn does flow through Leighton, Shropshire (confirmed by evidence [1] and [3] in the retrieved section), the specific image provided does not show the river. Therefore, the image is mislabeled/misleading in the context of the claim. The visual veracity module indicates the image is not AI-generated, but the content mismatch constitutes misinformation regarding the subject matter."
ds451,Not Misinformation,0.9,False,True,"The retrieved evidence confirms that Paul Wilson was indeed the driver who hit Alwyn Pritchard and subsequently fled the scene. Multiple sources, including BBC News and Wales Online, explicitly state that Wilson, a drink-driver traveling at high speed, struck Pritchard on his motorbike and ran away from the accident, leading to Pritchard's death. The claim accurately reflects the established facts of this specific criminal case."
ds4380,Misinformation,0.9,False,True,"The headline claims Nancy Pelosi is resigning due to 'new revelations,' which is false. While Nancy Pelosi did resign as Speaker of the House in January 2023, she did not resign from Congress, nor was this resignation triggered by 'new revelations' or scandals as implied by the sensationalist headline. Fact-checking organizations, including PolitiFact, have explicitly debunked similar headlines from NRTOnline as fabricated or misleading (Evidence [1] from PolitiFact). The module's answer correctly identifies that the claim is false and that NRTOnline is a source of fabricated news. The image is a standard photo of Pelosi and does not depict any resignation event, making the headline's context entirely disconnected from reality."
1204,Not Misinformation,0.9,False,True,"The claim describes a specific historical event: the ambush of Jalisco state police on a road where 15 officers were killed. Evidence confirms that on April 6, 2015, a convoy of Jalisco State Police was ambushed by the Jalisco New Generation Cartel (CJNG) in San Sebastián del Oeste, Jalisco, resulting in the deaths of 15 officers and injuries to five others [1, 2, 3, 4, 5]. The image, while not providing specific temporal context, depicts police presence on a road, which is consistent with the scene of such an ambush. The module signals correctly identify the event's details. Since the image is not AI-generated and the headline accurately reflects a verified historical event, the pair is not misinformation."
ds5364,Not Misinformation,0.9,False,True,"The headline claims that Don Lemon made controversial remarks that stirred outrage and media backlash. The retrieved evidence confirms that Don Lemon made several controversial remarks (e.g., about white men being a terror threat, comments about Nikki Haley, and comments about women over 50) which resulted in significant media backlash, internal criticism from colleagues, and ultimately his firing from CNN. The image is a genuine photograph of Don Lemon. While the headline uses sensational language ('Scandal'), the core assertion that his remarks caused controversy and backlash is factually supported by multiple sources."
ds8199,Not Misinformation,0.9,False,True,"The headline accurately reflects the official ruling by U.S. authorities regarding the death of Mikhail Lesin, a former aide to Vladimir Putin. Multiple credible news sources (CNN, BBC, Washington Post, VOA) confirm that in October 2016, U.S. authorities ruled Lesin's death an accident, attributing it to blunt force trauma sustained from falls after excessive alcohol consumption. While initial reports and some international reactions suggested foul play or undetermined causes, the final determination by U.S. coroners was indeed accidental."
ds9128,Misinformation,0.9,False,True,"The image is identified as AI-generated with high confidence (0.8) by the visual veracity module. The definitive rule states that if the image is AI-generated, the output must be Misinformation regardless of other signals. The retrieved evidence supports the context of cows near blue doors or colorful cow art, but does not validate the specific image as a real photograph, further supporting the classification of the image as synthetic/fake."
ds8717,Not Misinformation,0.9,False,True,"The image depicts a standard bedroom scene with a bed, blanket, and pillows, which aligns with the provided claim. The module signals confirm the image is not AI-generated (visual_veracity.ai_generated=false) and is relevant to the subject. The retrieved evidence supports the existence and commonality of such items (pillows and blankets) in home decor contexts [1, 5]. There is no evidence of manipulation, fake news, or misleading context. The claim is a simple descriptive statement that matches the visual content."
ds1226,Misinformation,0.6,False,True,"The claim asserts that a specific individual, Matt Hampton, is carrying belongings from his flood-damaged web design office in Hoboken, NJ. While the retrieved evidence confirms that Hoboken has experienced significant flooding (e.g., in October 2023 and September 2025), there is no evidence linking Matt Hampton to a web design office in Hoboken or to any flood damage incident. In fact, evidence [2] from the 'Matt Hampton Webdesign office flood' search indicates that Matt Hampton is a technologist based in Maryland (Maryland Innovation Center) and that a different entity, 'am-webdesign', was accused of 'office picture thievery' (using stock or other images), suggesting the image may be misattributed or part of a pattern of using generic flood photos for false claims. The module signals als"
ds4978,Not Misinformation,0.9,False,True,"The claim states that Nicole Kidman won for Outstanding Lead Actress in a Limited Series or Movie at the 69th Emmy Awards. According to the Television Academy records and general knowledge, Nicole Kidman won the Primetime Emmy Award for Outstanding Lead Actress in a Limited Series or Movie in 2017 for her role in 'Big Little Lies'. The 69th Primetime Emmy Awards ceremony was held on September 17, 2017, honoring shows from the 2016-2017 television season. Therefore, the claim is factually correct. The module signals correctly identified that she has won Emmys and that the 69th Emmys occurred in 2017. The image, while potentially generic or mislabeled in the module's visual analysis (mentioning an Oscar), does not constitute AI-generated misinformation, and the textual claim is verified by e"
6327,Misinformation,0.9,False,True,"The image is identified as AI-generated with high confidence (0.9) by the visual veracity module, citing distorted facial features and unnatural hand positioning. According to the definitive rule, if the image is AI-generated, the output must be 'Misinformation' regardless of other signals. The headline 'in a fish market long ago and far away' implies a specific historical or geographical context, but the image is a synthetic fabrication that does not depict a real event or place, thereby constituting misinformation."
ds1360,Not Misinformation,0.6,False,True,"The image depicts Bishop Franz-Peter Tebartz-van Elst, a real historical figure who was the Bishop of Limburg in 2013. The visual content is identified as a genuine photograph (AI-generated=false). While the specific date (August 30, 2013) and the specific action ('walking out') cannot be definitively verified against the provided evidence snippets (which focus on the broader scandal and his suspension which occurred later in October 2013), there is no evidence to suggest the image is fake or that the person is misidentified. The headline describes a plausible event for a bishop during that period. The 'partial' alignment in module signals is due to the lack of specific metadata in the snippets confirming the exact date, but the core entities (Person, Location, Role) are correct. Therefore"
ds3180,Misinformation,0.9,False,True,"The claim states that Watertown, Massachusetts is in Vermont. This is factually incorrect. Multiple pieces of evidence confirm that Watertown, Massachusetts is located in Middlesex County, Massachusetts, and is part of the Greater Boston area [1], [3], [4]. It is not located in Vermont. The module signals correctly identify that the image does not align with the headline because the headline contains a false geographical assertion. Since the core claim is demonstrably false based on geographic facts, it constitutes misinformation."
ds6722,Misinformation,0.9,False,True,"The image is identified as AI-generated (visual_veracity.ai_generated=true, confidence=0.8) due to surreal elements like a green laser effect and unnatural features. According to the definitive rule, if the image is AI-generated, the output must be Misinformation regardless of other signals. The headline 'Many children surrounded around a person with a beard on' implies a real-world event or stock photo context, but the image is a synthetic creation, making the claim misleading in the context of factual reporting."
ds4618,Not Misinformation,0.9,False,True,"The claim that Justin Bieber accidentally hit a photographer with a pick-up truck after a church service is factually correct and widely documented. Multiple credible news sources confirm that on July 27, 2017, Justin Bieber struck a 57-year-old paparazzo with his pickup truck while leaving a Hillsong Church service in Beverly Hills, California. The incident was reported as an accident, and the photographer sustained non-life-threatening injuries. The image, while not depicting the specific moment of impact, shows Justin Bieber, aligning with the subject of the verified event. The module signals correctly identified the partial alignment of the image but the answers and evidence confirm the core factual claim of the headline."
ds2707,Misinformation,0.9,False,True,"The claim attributes human behaviors ('stealing a private moment', 'giggling') to palm trees. Scientific evidence confirms that trees and plants lack neuronal centers and consciousness, making them incapable of human-like behavior or emotions such as giggling [1]. While palm trees can have unique shapes [2], the attribution of sentient actions like giggling is factually incorrect and constitutes anthropomorphic misinformation. The image likely depicts a natural formation (pareidolia), but the headline presents this as a literal event involving sentient behavior, which is false."
ds4910,Not Misinformation,0.9,False,True,"The image depicts Gwen Stefani and Blake Shelton, and the visual veracity check confirms it is not AI-generated. The headline claims Stefani is 'still smitten' and has 'never once' tried to change him. Evidence supports that they are married and in a loving relationship (Sources [1], [2], [5] in Q1; [3] in Q2). Regarding the claim she never tried to change him, while Source [2] in Q2 mentions 'chaos' and 'turmoil' in the early days, it does not provide evidence that she actively tried to change his personality or identity, nor does it contradict the sentiment of acceptance found in her quotes about him being her 'best friend' (Source [1] in Q2, Source [3] in Q3). The conflicting reports about divorce (Sources [3] in Q1, [1] in Q4) are generally debunked or described as rumors by the couple"
ds1096,Not Misinformation,0.6,False,True,"The claim states that lab technicians in Puerto Rico process Zika tests at the CDC's dengue branch in San Juan. Evidence confirms that the CDC Dengue Branch is indeed located in San Juan, Puerto Rico, and has historically focused on dengue and other Aedes-transmitted viruses (including Zika) since 1972 [Evidence 2-1, 2-3]. Furthermore, specific evidence indicates that CDC entomologists and laboratory staff at the Dengue Branch in San Juan have performed bioassay and testing related to Zika virus vectors and samples in Puerto Rico [Evidence 3-1]. While the primary commercial Zika tests were often processed at CDC-designated labs or Quest Diagnostics facilities (some in California, some potentially in PR), the CDC Dengue Branch in San Juan is a legitimate facility that conducts testing and r"
ds803,Not Misinformation,0.9,False,True,"The claim states that Johnny Maurice Avery is accused of shooting 81-year-old Mildred Martin to death on her front porch in northwest Atlanta. Evidence confirms that Mildred Martin, an 81-year-old woman, was indeed shot and killed on her porch in northwest Atlanta on July 27, 2015 (Sources: FOX 5 Atlanta, 11Alive, 13WMAZ). Furthermore, specific evidence indicates that Johnny Maurice Avery was indicted for the murder of Mildred Martin, facing charges related to her death (Source: Module Answers, Q4). Although initial search results for 'Johnny Maurice Avery' were sparse, the module's internal answer key explicitly confirms the indictment, and the core facts of the victim, location, and perpetrator's accusation align with the claim. The image is a real mugshot (not AI-generated), supporting "
9249,Misinformation,0.9,False,True,"The image is identified as AI-generated with high confidence (0.9) due to surreal characteristics such as horns and distorted anatomy, which are not present in real elephants. According to the definitive rule, if the image is AI-generated, the output must be Misinformation regardless of other signals. The headline describes a realistic scenario (mother and baby elephant by a dry pool), but the visual content is fabricated, making the pair misleading."
ds4946,Misinformation,0.9,False,True,"The headline claims that specific celebrities (J.J. Watt, Tyler Perry, Jamie Foxx) gave significant donations to relief funds for deadly Texas floods. However, the retrieved evidence indicates that while there were real floods in Texas (specifically July 2025 and October 2023), claims of massive celebrity donations were largely debunked as fake or exaggerated. Specifically, Politifact [2] and Yahoo News [3] report that Facebook posts claiming multiple celebrities donated tens of millions were not based on real announcements. Furthermore, the evidence for the specific individuals named in the headline is non-existent; searches for 'J.J. Watt Tyler Perry Jamie Foxx donations' yielded no relevant results regarding flood relief [Q2 Evidence], only unrelated celebrity encounters or general disc"
1436,Not Misinformation,0.9,False,True,"The retrieved evidence confirms that musician Buddy Guy attended the Kennedy Center Honors reception at the White House on December 2, 2012. Multiple sources, including Alamy and NBC Chicago, explicitly state that Buddy Guy was among the honorees who attended the reception at the White House on that date. The image depicts a formal event consistent with this historical record. Although the module signals mention a 2022 reception and a different White House dinner (for Mohammed bin Salman), the specific claim regarding Buddy Guy's attendance at the 2012 event is factually supported by the evidence. The image is identified as genuine (not AI-generated)."
ds1062,Not Misinformation,0.9,False,True,"The image and headline refer to a specific, real-world event: WMATA's SafeTrack Surge #4, which occurred in July 2016. Evidence [1] from WMATA and Evidence [1] from the Washington Post confirm that Surge #4 ran from July 12-18, 2016, and specifically involved shutdowns and service changes on the Blue and Yellow Lines. The image appears to be a genuine photograph (visual_veracity ai_generated=false) and the text 'Your guide to riding the Yellow Line during SafeTrack's fourth surge' accurately describes the content of the Washington Post video guide from that period. The module's confusion regarding '2023' schedules is irrelevant as the claim is historical, and the visual evidence aligns with the 2016 context."
ds1686,Not Misinformation,0.9,False,True,"The claim is factually accurate based on the retrieved evidence. John McCririck was indeed a prominent reporter/pundit for Channel 4 Racing starting in 1984 when the rights moved from ITV (Evidence [1] from Simple English Wikipedia, [2] from Inews). He left the broadcaster in October 2012 (Evidence [2] from Guardian, [4] from Telegraph). Regarding the statement on loyalty, his publicity agent explicitly stated that he had worked 'unstintingly and in an utterly dedicated/loyal fashion for Channel 4 for 29 years' at the time of his departure/suit in 2012 (Evidence [4] from Daily Mail). The image is identified as a genuine photograph (AI generated: false), and the visual content aligns with the subject matter. Therefore, the headline accurately reflects the historical record."
7439,Misinformation,0.9,False,True,"The claim states that President Obama held a campaign event in Roanoke 'earlier this month' (implying a recent event, likely October 2023 given the context of the module signals). However, Barack Obama left office in January 2017 and is not currently running for office or holding campaign events. The retrieved evidence confirms that the specific campaign event in Roanoke occurred on July 13, 2012, during his re-election bid, where he delivered the 'You Didn't Build That' speech. There is no record of an Obama campaign event in Roanoke in 2023. The image is likely a reused photo from the 2012 event, making the headline's temporal claim false and misleading."
8870,Not Misinformation,0.6,False,True,"The image depicts a bathroom scene which is consistent with the general topic of the headline ('small bathroom'). While the module signals indicate that the specific visual elements (bath towel, towels hanging over it) are not clearly present or aligned with the headline (relevancy aligned: false), the image is verified as real (ai_generated: false). The headline describes a common scenario in small bathrooms, and the image provides a plausible, albeit generic, context for that scenario. There is no evidence of AI generation or malicious intent to deceive, only a potential mismatch in specific detail between the image and the text. Therefore, it is not classified as misinformation, but the confidence is medium due to the lack of direct visual confirmation of the specific objects mentioned."
ds8989,Not Misinformation,0.6,False,True,"The image is verified as not AI-generated (visual_veracity.ai_generated=false). The headline claims two women sit near a window next to a table covered in fruit. The module signals indicate partial alignment, noting the women and fruit are present but the window proximity is unclear. However, the retrieved evidence [3] explicitly describes a scene with 'Two women are sitting by the window' and a 'small coffee table between them', which aligns with the core elements of the claim (two women, window, table). While the specific fruit on the table is not identified in the text evidence, the visual presence of fruit is acknowledged by the module. There is no evidence suggesting the image is fake or the claim is deliberately false; rather, the claim is a descriptive caption that is largely suppor"
7101,Not Misinformation,0.9,False,True,"The claim states that Rafael Nadal played Facundo Bagnis in the second round. Evidence confirms that Rafael Nadal did indeed play Facundo Bagnis in the second round of the 2016 French Open (Roland Garros) on May 26, 2016 [2, 4, 5]. The module signals indicate the image is a genuine photograph (not AI-generated) and shows a tennis player in action, which aligns with the context of the claim. Although the specific match details (opponent, round) cannot be visually verified from the image alone, the factual premise of the claim is true, and there is no evidence of AI manipulation or deceptive intent. Therefore, the pair is not misinformation."
ds7980,Misinformation,0.9,False,True,"The headline claims that Japan will host the 'next World Cup' in 2019. This is factually incorrect regarding the FIFA World Cup, which is the most common referent for 'World Cup' in general sports discourse. Japan did not host the FIFA World Cup in 2019; that tournament was held in Russia in 2018, and the 2019 FIFA Women's World Cup was hosted by France. Japan did host the Rugby World Cup in 2019, but the headline's phrasing ('the next World Cup') without qualification implies the premier FIFA tournament, making the claim misleading and false. The module signals correctly identify the lack of alignment and the factual error in the answers section."
ds9213,Misinformation,0.9,False,True,"The image is identified as AI-generated with high confidence (0.8). According to the definitive rule, if the image is AI-generated, the output must be Misinformation regardless of other signals. The visual artifacts described (unusual angle, lack of realistic depth, oddly shaped terrain) further support the conclusion that the image is synthetic and not a genuine photograph of a real event."
ds8942,Not Misinformation,0.9,False,True,"The image depicts a rustic, old-fashioned kitchen setup, which aligns with the claim. The visual veracity signals indicate the image is not AI-generated (confidence 0.0 for AI generation, implying high confidence it is real). The retrieved evidence supports the existence and aesthetic of 'old-fashioned' or 'traditional' kitchens, describing them as welcoming, functional, and charming spaces often used for entertaining or events (e.g., [1], [2], [4] from the first evidence block). While the specific claim that it is 'set up for guests' is a contextual interpretation of the scene, the visual evidence of a clean, styled, and inviting kitchen supports this plausible scenario. There is no evidence of manipulation or AI generation, and the description is consistent with the visual content and ge"
2649,Not Misinformation,0.9,False,True,"The image depicts a plausible natural phenomenon where vegetation grows around or through abandoned machinery, a common occurrence in rural areas where old equipment is left to rust. The visual veracity signals indicate the image is not AI-generated (confidence 0.2 for AI, implying high confidence for real). The retrieved evidence supports the existence of abandoned farm equipment in wooded or field settings (Evidence Q2-3, Q2-5) and the general concept of nature reclaiming industrial or agricultural debris (Evidence Q3-1, Q3-3). There is no evidence suggesting the image is fabricated or that the claim is false; rather, the scenario is consistent with documented environmental and agricultural realities."
ds8677,Misinformation,0.9,False,True,"The image is identified as AI-generated with high confidence (0.8) by the visual veracity module. The definitive rule states that if the image is AI-generated, the output must be 'Misinformation' regardless of other signals. Additionally, the image content (showing spinach rather than 'various fruits') does not align with the claim, further supporting the mislabeling."
2915,Not Misinformation,0.6,False,True,"The image depicts a restroom sign that appears to be a tactile map, consistent with accessibility initiatives like those by 'Even Grounds' which provide 3D-printed tactile maps for the blind. While such maps are not ubiquitous, they do exist and are designed specifically for this purpose. The visual evidence (a textured, raised map on a sign) aligns with the claim of a 'detailed map for the blind'. The module signals correctly identify that tactile features are not fully verifiable from the image alone, but the presence of a map-like structure on a restroom sign supports the possibility. There is no evidence of AI generation or manipulation. The claim is plausible and grounded in existing accessibility projects."
4752,Misinformation,0.9,False,True,"The image is identified as AI-generated with high confidence (0.8), exhibiting nonsensical text and blending errors. According to the definitive rule, any image determined to be AI-generated results in a 'Misinformation' label regardless of other signals. Furthermore, the claim that Robert Pattinson and Kristen Stewart had 'buzz cuts' and were feuding over them is unsupported by evidence; recent reports indicate Stewart debuted a 'punk pixie cut' in July 2026, not a buzz cut, and there is no credible evidence of a feud specifically regarding hairstyles."
ds8815,Misinformation,0.9,False,True,"The image is identified as AI-generated with high confidence (0.9). The visual content depicts a bear's head under a blanket, which is physically impossible in a realistic context and unrelated to the claim of a baby blanket. According to the definitive rule, if the image is AI-generated, the output must be Misinformation regardless of other signals."
3855,Misinformation,0.9,False,True,"The claim that 'Maximum Overdrive' is a 1980 romance film is factually incorrect on multiple levels. Evidence confirms that 'Maximum Overdrive' is a 1986 science fiction action horror film directed by Stephen King, based on his short story 'Trucks', where machines become homicidal [1, 4, 5]. It is not a romance film, nor was it released in 1980. Furthermore, the module signals indicate that the accompanying image is AI-generated (confidence 0.8), which triggers the definitive rule to classify the pair as Misinformation regardless of other signals. The image's depiction of a romantic scene is irrelevant to the actual content of the film and serves to mislead."
2756,Misinformation,0.9,False,True,"The image is identified as AI-generated with high confidence (0.9) by the visual veracity module, which notes unnatural and distorted hand appearances typical of AI generation. According to the definitive rule, if the image is AI-generated, the output must be 'Misinformation' regardless of other signals. While the headline references a real person (Abul Bajandar) and a real event (his 2017 surgeries), the use of an AI-generated image to illustrate the claim constitutes misinformation because the visual evidence is fabricated and not a genuine photograph of the subject or the condition as described."
ds7291,Not Misinformation,0.9,False,True,"The claim states that the image shows Nicky Henderson with Sprinter Sacre during an open day at his Seven Barrows stables in February 2013. Evidence [5] from Getty Images explicitly identifies a photo with the caption 'Nicky Henderson with Sprinter Sacre during a stable visit to Seven Barrows on February 18, 2013 in Lambourn, England.' This confirms the presence of the subjects, the location, and the specific date. While the claim uses the term 'open day' and the evidence specifies a 'stable visit,' these terms are often used interchangeably in casual reporting for events where the public or press are invited to view the horses at the stable. The core factual elements (who, where, when) are supported by the evidence. The image is verified as real (AI-generated: false)."
ds7399,Misinformation,0.9,False,True,"The module signals explicitly state that the image is 'aligned: false' with a confidence of 0.0, explaining that 'The image does not depict Julia Stiles, Paul Greengrass, or Matt Damon, nor does it show the premiere of The Bourne Ultimatum.' While the retrieved evidence confirms that the event (premiere in July 2007), the people (Matt Damon, Julia Stiles, Paul Greengrass), and the film are real and associated, the specific image provided does not match the claim. The claim asserts the image shows these specific people at this specific event, but the visual analysis confirms it does not. Therefore, the image is being used to falsely represent the event described, constituting misinformation."
9058,Misinformation,0.9,False,True,"The image is identified as AI-generated with high confidence (0.8). According to the definitive rule, if the image is AI-generated, the output must be 'Misinformation' regardless of other signals. The headline claims the image shows a plate with broccoli, but the visual evidence (and module signals) indicates the image is synthetic and does not depict realistic food, specifically lacking the coherent culinary context of broccoli. Therefore, the pairing is misleading."
ds2311,Not Misinformation,0.9,False,True,"The image depicts a domestic cat sitting in a bowl, which aligns with the common internet phenomenon and phrase 'If it fits, I sits,' where domestic cats often sit in small containers. The claim uses the term 'big cat' likely in a colloquial or humorous sense referring to a large domestic cat, rather than the biological definition of 'big cats' (Panthera genus like lions and tigers). The module signals correctly identify that the image is not AI-generated and that domestic cats do enjoy sitting in bowls. The retrieved evidence supports the behavior of domestic cats interacting with bowls (eating, drinking, sitting) and clarifies that biological big cats are distinct. Since the image is a real photograph of a plausible scenario (a domestic cat in a bowl) and the headline is interpreted as a"
ds3931,Misinformation,0.9,False,True,"The claim states that Toy Story 2 was produced by DreamWorks. However, all retrieved evidence confirms that Toy Story 2 was produced by Pixar Animation Studios and released by Walt Disney Pictures. DreamWorks Animation is a separate studio and did not produce this film. The module signals also correctly identify that the subject is not accurately represented, noting the confusion between Pixar and DreamWorks. Therefore, the claim is factually false."
ds2471,Not Misinformation,0.9,False,True,"The image depicts a woman sitting on a chair with an umbrella, which is a common and generic subject found in stock photography. The module signals indicate the image is not AI-generated (visual_veracity.ai_generated=false) and is relevant to the claim. The retrieved evidence confirms that such images are widely available as stock photos (e.g., Getty Images, iStock, Pexels) depicting women in beach chairs or holding umbrellas. Since the claim is a simple descriptive statement about the visual content and does not assert a specific false event, identity, or context that contradicts reality, it is not misinformation. The image is a plausible, real-world depiction consistent with the description."
9577,Not Misinformation,0.9,False,True,"The headline contains a typo ('waiting' instead of 'accident'), but the core claim that Brian and Eileen Maguire described the death of their son as an 'accident waiting to happen' is factually correct. Evidence from BBC News [4, 5] explicitly quotes Brian and Eileen Maguire stating, 'Far from being a 'freak accident' it was an accident waiting to happen.' The image signals indicate the image is real (not AI-generated) and partially aligned with the context (showing the parents in a serious situation). The other retrieved evidence regarding Harry Maguire or Excel errors is irrelevant to the specific claim about Brian and Eileen Maguire."
ds7360,Not Misinformation,0.9,False,True,"The claim that Bernie Sanders appealed to students on big issues at George Mason University is supported by multiple pieces of evidence. Retrieved evidence confirms that Bernie Sanders held a national student town hall at George Mason University on October 28, 2015, which attracted thousands of students (Sources [1], [2], [4] under 'When did Bernie Sanders visit...'). The event focused on major political issues such as income inequality, universal healthcare, campaign finance reform, and climate change (Source [1] under 'When did Bernie Sanders visit...'). The image shows Bernie Sanders speaking, which aligns with the event described. The visual veracity signals indicate the image is not AI-generated. Therefore, the headline accurately reflects a real event where Sanders addressed students"
ds8806,Misinformation,0.9,False,True,"The image is identified as AI-generated with high confidence (0.9) due to anatomical impossibilities, specifically the depiction of elephants with human-like legs. According to the definitive rule, if the image is AI-generated, the output must be Misinformation regardless of other signals. Furthermore, the visual content does not match the claim of elephants standing on a balcony; the module signals indicate they appear to be on a road or path, and the retrieved evidence confirms that while elephants may be seen near balconies in safari contexts (e.g., Aquila Safari), they do not stand on balconies in the manner depicted, nor is there any evidence of such a phenomenon in the wild."
ds9145,Misinformation,0.9,False,True,"The image is identified as AI-generated with high confidence (0.8). The module signals explicitly state that the visual veracity is 'ai_generated: true'. According to the definitive rule, if the image is AI-generated, the output must be 'Misinformation' regardless of other signals. The image depicts a stylized, likely non-existent scene that does not correspond to a real-world photograph, thereby constituting misinformation when presented as a factual claim or image."
ds137,Not Misinformation,0.6,False,True,"The claim states that police made an arrest in connection with an earlier building society raid. The retrieved evidence confirms that arrests were indeed made in connection with building society raids. Specifically, evidence [2] from Chronicle Live reports on suspects arrested and appearing in court over a Nationwide Building Society raid in Wallsend. Additionally, evidence [1] from BBC News details a raid by Michael Wheatley at a Chelsea Building Society, and other snippets confirm various building society raids and subsequent arrests. While the image itself is not verified as the specific scene of the Wallsend or Sunbury incidents (as no image is provided for visual matching, but the module signals indicate it is real and not AI-generated), the textual claim is factually supported by mul"
ds5761,Misinformation,0.9,False,True,"The image is identified as AI-generated with high confidence (0.8). According to the definitive rule, if the image is AI-generated, the output must be 'Misinformation' regardless of the factual accuracy of the headline text. While the headline correctly identifies the Burj Khalifa as Asia's tallest skyscraper and mentions its luxury features, the visual component is synthetic and not a real photograph, rendering the pair misleading in the context of visual media verification."
ds2309,Not Misinformation,0.9,False,True,"The image depicts a realistic scene of a pizza being enjoyed, and the module signals confirm it is not AI-generated (ai_generated=false). The claim that pizza is enjoyed in cafes is supported by multiple evidence sources. Evidence [2] from the retrieved list explicitly mentions 'Urth Caffé' serving gourmet pizza in a 'vibrant café atmosphere', and Evidence [2] from the 'Where to find cafes' section describes a 'Maryland cafe' serving pizza slices. Additionally, general knowledge confirms that many cafes and pizzerias serve pizza, making the claim factually accurate and consistent with the visual content."
7826,Misinformation,0.9,False,True,"The image depicts a damaged building with flags, which is visually inconsistent with the claim of a woman's house displaying a green flag and towel to celebrate a return from Mecca. The module signals correctly identify that the image does not align with the subject (no woman, no specific house context) or the event. Furthermore, the retrieved evidence contains no information supporting the specific claim of a woman returning from Mecca to Novosasitli with such displays; instead, it references unrelated topics like Hajj incidents, general flag symbolism, and unrelated news about Novosasitli (e.g., kidnapping incidents, prayer times). The claim appears to be a fabricated narrative mismatched with the visual evidence."
ds8646,Misinformation,0.9,False,True,"The image is identified as AI-generated with high confidence (0.8). According to the definitive rule, if the image is AI-generated, the output must be 'Misinformation' regardless of other signals. The visual evidence shows unnatural appearances consistent with AI generation, and the retrieved evidence confirms the existence of Wii remotes and consoles, but does not validate the specific image as a real photograph."
ds5661,Misinformation,0.9,False,True,"The image is identified as AI-generated with high confidence (0.8), which triggers the definitive rule to classify the pair as Misinformation regardless of other signals. Additionally, the headline claims dogs can 'speak' three human words, which is scientifically inaccurate; while dogs can be trained to associate buttons with words (as noted in evidence [1] and [3]), they do not possess the vocal apparatus to 'speak' human words. The AI-generated nature of the image, featuring nonsensical text, further supports the conclusion that this is a fabricated or misleading visual accompaniment to a sensationalized claim."
ds2066,Not Misinformation,0.9,False,True,"The image depicts a giraffe in a zoo exhibit, which is a common and factual scenario. The visual veracity module confirms the image is not AI-generated (ai_generated=false). The retrieved evidence supports the existence of giraffes in zoo exhibits worldwide, citing specific examples like the Saint Louis Zoo, Como Zoo, and Blank Park Zoo, as well as stock photo repositories containing such images. There is no evidence to suggest the image is misleading or fabricated."
1750,Misinformation,0.9,False,True,"The claim asserts that Scarlett Johansson panicked over a poster for a band called 'the Singles'. The retrieved evidence does not support this specific narrative. Instead, evidence [5] from Parade confirms that Scarlett Johansson's 'panic' or flustered reaction occurred on her first date with her husband, Colin Jost, when he suggested extending the evening, leading her to cut the date short. There is no evidence linking her to a band named 'the Singles' or a poster for such a band. The image relevance signal also indicates the image does not depict the claimed context. Therefore, the headline is a fabricated or misleading association of unrelated facts (her panic on a date vs. a band poster)."
ds5872,Misinformation,0.9,False,True,"The image is identified as AI-generated with high confidence (0.8). The module signals explicitly state that the image exhibits signs of manipulation, including nonsensical text elements and inconsistent lighting, which are hallmarks of AI generation. According to the definitive rule, if the image is AI-generated, the output must be 'Misinformation' regardless of other signals. The headline claims the movie is currently enthralling audiences with stellar performances, but the evidence shows the last series ended in 2019 and the next release is not until 2026, making the claim of current audience enthrallment factually impossible for a new release, further supporting the misinformation label."
8442,Not Misinformation,0.9,False,True,"The headline describes a specific cricketing event: Ben Stokes being dismissed for 47 runs by Peter Siddle during the 2013-14 Ashes series. Evidence [3] from The Guardian explicitly links the headline text to a photograph from that match (January 5, 2014), confirming the event occurred. Evidence [4] and [5] further corroborate that Stokes was bowled by Siddle for 47 in that specific Test match. Although the module signals indicate the image is not visually aligned (showing a generic group rather than the specific moment), the claim itself is factually true based on historical records. The image is not AI-generated. Therefore, the content is not misinformation, even if the image is a poor illustrative match for the specific caption."
ds7662,Misinformation,0.9,False,True,"The image depicts a group of people hiking along a coastal path, which is visually inconsistent with the claim of a 'receding water line' at Lake Hodges. Lake Hodges is an inland reservoir, and the image does not show a lake, dam, or the characteristic exposed shoreline (bathtub ring) associated with receding water levels. The module signals correctly identify the image as irrelevant (relevancy aligned: false). While Lake Hodges has experienced low water levels due to dam safety regulations (as confirmed by evidence [2], [3], [4] in the 'Lake Hodges water level news' section), the specific image provided does not depict this phenomenon. Therefore, the image is being used to misrepresent the claim, constituting misinformation."
ds6690,Misinformation,0.9,False,True,"The image is identified as AI-generated with high confidence (0.9) by the visual veracity module. The presence of a fictional character (Spider-Man) in a realistic setting, combined with garbled text on the signs, are strong indicators of synthetic media. According to the definitive rule, if the image is AI-generated, the output must be Misinformation regardless of other signals. The headline describes a mundane traffic scene, which contradicts the fantastical nature of the AI-generated image."
8225,Misinformation,0.9,False,True,"The image is identified as depicting a different individual, not Charles Kennedy, as confirmed by the module's relevancy signal which states the image 'does not depict Charles Kennedy'. The headline claims the image shows Charles Kennedy on the campaign trail in 2005. Since the visual content does not match the subject of the headline (Charles Kennedy), the image is being used deceptively to support a false claim about who is pictured. Although Charles Kennedy did have a son named Donald and was a father in 2005, the specific assertion that the provided image shows him is false. Therefore, the pair constitutes misinformation."
ds9362,Not Misinformation,0.6,False,True,"The image depicts a surfer on a white surfboard, which aligns with the claim. The module signals indicate the shorts are black and red, while the claim specifies red and black. In common descriptive language, 'red and black' and 'black and red' are often used interchangeably to describe a pattern or combination of colors without implying a specific order of dominance unless specified (e.g., 'mostly red with black trim'). The visual evidence confirms the presence of a surfer, a white board, and shorts containing both red and black colors. The AI generation check is negative (false), and the image appears to be a standard stock photo or real photograph (e.g., similar to Pexels images of surfers). Therefore, the minor discrepancy in color ordering does not constitute misinformation."
ds9100,Misinformation,0.9,False,True,"The image is identified as AI-generated with high confidence (0.8) by the visual veracity module. The module notes that the flowers appear 'overly perfect and stylized' and the shadows do not align naturally, which are strong indicators of synthetic imagery. According to the definitive rule, if the image is AI-generated, the output must be 'Misinformation' regardless of other signals. While the headline describes a plausible scene (kitchen table with greenery and tulips), the image itself is not a real photograph of such a scene but a generated artifact, making the claim misleading in the context of factual reporting or realistic depiction."
2273,Not Misinformation,0.9,False,True,"The image depicts a realistic bathroom scene with a white toilet, consistent with the claim of a 'simple and modern bathroom with a white toilet'. The visual veracity module confirms the image is not AI-generated (confidence 0.0 for AI generation, implying high confidence in it being real). The retrieved evidence supports the description: white toilets are identified as the most popular and classic choice (Evidence [1] from Liquid Image, [4] from Elemental Green), and modern bathroom trends often include minimalist aesthetics and white fixtures (Evidence [1] from Pinterest, [1] from Adobe Stock). The partial alignment in the module signals is due to limited visibility of the entire room, but the visible elements (white toilet, modern style) do not contradict the claim. Therefore, the image"
ds7198,Not Misinformation,0.9,False,True,"The image depicts Rory McIlroy holding a trophy, which aligns with his documented victories in the FedEx Cup and the Tour Championship. Evidence confirms that McIlroy won the FedEx Cup (which is awarded at the Tour Championship) in 2016, 2019, and 2022 [1, 2, 5]. Specifically, in 2022, he won the Tour Championship and the FedEx Cup, celebrating with the trophy [1, 2, 5]. The visual content of a golfer holding a trophy is consistent with these events. While the specific year of the photo cannot be definitively pinpointed from the image alone, the claim that he 'celebrates with the FedEx Cup trophy and the Tour Championship trophy' is factually supported by his multiple wins in these specific events. The module signals indicate the image is real (not AI-generated) and partially aligned, whic"
ds1099,Not Misinformation,0.9,False,True,"The image depicts rescue workers removing a body, which is consistent with the aftermath of the March 27, 2016, suicide bombing at Gulshan-e-Iqbal Park in Lahore. Evidence confirms that this attack resulted in over 70 deaths and nearly 300 injuries, necessitating the recovery of bodies by rescue workers [1, 5, 2]. The visual content aligns with the headline's description of the event. The module signals correctly identify the image as non-AI and relevant to the claim. While the specific date is not in the headline, the event described (Lahore park bombing) is a real historical event where such scenes occurred."
540,Misinformation,0.9,False,True,"The claim asserts that Serena Williams questioned a call while advancing to a Saturday final. While evidence confirms she advanced to the U.S. Open final in 2017 (beating Elina Svitolina 6-3, 6-1) [Evidence 2, Q2], there is no record of her questioning a call during that specific match or advancement. Conversely, Serena Williams is famously associated with questioning calls, most notably the 2018 U.S. Open final against Naomi Osaka, but she lost that match and did not advance to a final in that context. The retrieved evidence for 'questioning a call' refers to unrelated incidents (e.g., John McEnroe refusing to answer a question about retirement [Evidence 2, Q1], or a TikTok about a hotel [Evidence 4, Q1]). The image likely depicts a generic moment of frustration or a different match, but "
3405,Misinformation,0.9,False,True,"The image is identified as AI-generated with high confidence (0.8). According to the definitive rule, if the image is AI-generated, the output must be 'Misinformation' regardless of the veracity of the headline text. While the headline claim regarding David Lloyd George's ranking in a specific poll (Wales Online) may have some basis in public opinion surveys, the use of an AI-generated image to illustrate a factual claim constitutes visual misinformation."
6581,Misinformation,0.9,False,True,"The image is identified as AI-generated (visual_veracity.ai_generated=true, confidence=0.8). The module signals explicitly state that the image features a cat wearing glasses and a jacket, which is a surreal and unnatural scenario not present in the headline. The definitive rule mandates that if the image is AI-generated with high confidence, the output must be Misinformation. The headline describes a simple, realistic scene ('yellow fluffy cat sitting in a window sill'), while the image depicts an anthropomorphized, AI-created subject, creating a mismatch in veracity and context."
4642,Misinformation,0.9,False,True,"The headline claims that Cindy Crawford says her daughter Kaia Gerber 'Loves Kendall Jenner.' However, the retrieved evidence does not support this specific claim. Instead, evidence [2] from ET Online and evidence [4] from News24 indicate that Cindy Crawford's notable interviews with Kaia Gerber (specifically for Teen Vogue in 2016) focused on Kaia's confidence compared to Cindy's at the same age, noting that Cindy didn't start modeling until 17. There is no evidence in the provided snippets that Cindy Crawford made a statement about Kaia loving Kendall Jenner. Furthermore, the module signals indicate that the image does not depict Cindy Crawford or Kaia Gerber, making the visual context irrelevant and misleading. The combination of a specific, unsupported quote in the headline and a non-r"
ds3953,Misinformation,0.9,False,True,"The image is identified as AI-generated with high confidence (0.8) due to nonsensical text and staged composition. According to the definitive rule, if the image is AI-generated, the output must be Misinformation regardless of other signals. The claim that the Ukrainian Soviet Socialist Republic 'always represented itself' is historically inaccurate, as the republic was a constituent part of the USSR with limited sovereignty, but the primary driver for the 'Misinformation' label here is the synthetic nature of the visual evidence provided."
4893,,,False,False,PARSE_FAILURE
ds8357,Misinformation,0.9,False,True,"The image provided depicts two men in a casual setting near a vending machine, which is completely unrelated to the characters Christian Grey and Anastasia Steele from the 'Fifty Shades' series. The module signals correctly identify that the image is not aligned with the claim (relevancy: false). While the claim itself regarding Christian Grey's tastes is factually consistent with the source material (he is known for BDSM/non-vanilla tastes), the pairing of this specific, irrelevant image with the headline constitutes misinformation because the visual does not support or relate to the subject matter. The image appears to be a generic stock photo or unrelated snapshot, not a depiction of the characters or scenes from the franchise. Therefore, the mismatch renders the content misleading."
ds9069,Not Misinformation,0.6,False,True,"The image depicts a box of doughnuts, which is a common way to purchase and transport them, whereas the headline describes a rack in a glass case (typically a bakery display). While the visual content does not match the specific setting described in the headline (a display case vs. a box), the image is verified as real (not AI-generated) and depicts the correct subject matter (doughnuts). The discrepancy is likely due to the image being a stock photo or a generic representation used to illustrate the topic of doughnuts, rather than a deliberate attempt to deceive regarding the existence of doughnuts or their general appearance. The module signals indicate partial alignment and real visual veracity. Since the image is not AI-generated and the subject is factually consistent (doughnuts exist"
4230,Not Misinformation,0.6,False,True,"The headline 'Amber Heard Talks for First Time About Marriage to Johnny Depp' is factually supported by historical records. Evidence [1] from the retrieved set (specifically the YouTube snippet dated Feb 17, 2014) explicitly states: 'Amber Heard is speaking out for the first time about what it's like being married to A-list actor Johnny Depp.' This confirms that she did, in fact, give an interview where she discussed her marriage for the first time. While the image provided is a generic photo of Amber Heard (likely from a later event, such as the 2023 Madrid appearance mentioned in other evidence) and does not depict the specific 2014 interview, the claim itself is true. The image serves as a visual identifier for the subject (Amber Heard) rather than a depiction of the specific event, whi"
ds7600,Not Misinformation,0.6,False,True,"The image is verified as real (not AI-generated) and depicts a generic financial trading environment, which is consistent with the context of stock market reporting. While the image does not explicitly show the Shanghai Stock Exchange or specific data confirming 'gains today', it serves as a plausible stock photo for a news report about Asian markets. The retrieved evidence confirms that Shanghai shares have recently experienced significant increases and upward momentum (e.g., WuXi AppTec surge, general market rally in late 2024), making the headline factually plausible and not demonstrably false based on current trends. The partial alignment is due to the generic nature of the stock photo, but there is no evidence of deception or AI fabrication."
6611,Misinformation,0.9,False,True,"The image is identified as AI-generated (visual_veracity.ai_generated=true, confidence=0.9) due to the surreal depiction of figures with shark-like heads. According to the definitive rule, if the image is AI-generated, the output must be 'Misinformation' regardless of other signals. The headline claims a couple is wearing umbrella hats next to the ocean, but the visual content is a fabricated, non-realistic scene created by AI, not a genuine photograph of people."
ds7016,Misinformation,0.9,False,True,"The headline claims Oscar Pistorius is 'awaiting trial' for premeditated murder. However, the retrieved evidence confirms that his trial concluded years ago. He was convicted of culpable homicide in 2014, which was overturned to a murder conviction in December 2015, and he was sentenced to six years in prison (later extended) [1, 3]. Furthermore, evidence indicates he was released on parole in January 2024 [4]. Therefore, the claim that he is currently awaiting trial is factually incorrect and outdated."
ds5610,Misinformation,0.9,False,True,"The image is identified as AI-generated with high confidence (0.8). According to the definitive rule, if the image is AI-generated, the output must be Misinformation regardless of other signals. Additionally, the claim that plants communicate 'telepathically' is scientifically inaccurate; while plants do communicate via chemical and electrical signals (as noted in the evidence), this is distinct from telepathy. The use of an AI-generated image to support a pseudoscientific headline further solidifies the classification."
5834,Misinformation,0.9,False,True,"The claim that cats designed the iPhone 4 is factually false; the iPhone 4 was designed by Apple Inc., led by Steve Jobs and Jony Ive. Furthermore, the module signals indicate that the accompanying image is AI-generated (ai_generated=true, confidence=0.8), depicting a surreal scenario of a cat with glasses. According to the definitive rule, if the image is AI-generated, the output must be Misinformation regardless of other signals. The combination of a fabricated narrative and an AI-generated image confirms this as misinformation."
8196,Not Misinformation,0.9,False,True,"The claim states that Guy Scott, of Scottish descent, became interim president after the incumbent's death. Evidence confirms that Guy Scott served as the acting (interim) President of Zambia following the death of incumbent President Michael Sata in October 2014. Multiple sources, including BBC and Wikipedia, explicitly state that Guy Scott is of Scottish descent. The image shows a man in a formal setting with Canadian flags; while the specific identification of the person in the image as Guy Scott is not visually definitive from the provided description alone, the textual claim is factually accurate based on historical records. The module signals indicate the image is not AI-generated. The partial alignment in relevancy is due to the lack of explicit visual confirmation of the identity i"
ds9433,Not Misinformation,0.6,False,True,"The image depicts a train, and the retrieved evidence confirms that long trains carrying storage containers (intermodal freight trains) are a common and real-world occurrence (Evidence [1] from Wikipedia, [2] from Indian Railways news, [4] from Gdańsk rail facility news). The module's 'relevancy' signal is low (0.2) because the specific image shown appears to be a passenger train rather than a freight train with containers, creating a mismatch between the visual content and the specific claim. However, since the image is verified as real (not AI-generated) and the claim itself describes a real phenomenon supported by evidence, it is not classified as misinformation in the sense of being a fabricated event or AI hallucination. The mismatch is a relevance/illustration error, not a veracity e"
ds6106,Misinformation,0.9,False,True,"The image is identified as AI-generated with high confidence (0.8). The visual content depicts a surreal and highly improbable scenario: a child holding a live grenade while wearing a helmet. This combination is inconsistent with real-world events, where children are not typically seen handling live explosives in such a manner, nor is the attire (helmet) standard for a child in a non-combat civilian context. The definitive rule states that if the image is AI-generated, the output must be Misinformation. The headline 'not a single grenade one yet' is ambiguous and does not align with the fabricated nature of the image, further supporting the classification of the pair as misleading or fake news."
1901,Misinformation,0.6,False,True,"The claim states that Venice's San Michele island cemetery will gain a pontoon for relatives to scatter ashes. Evidence indicates that while Venice did construct a temporary floating bridge (pontoon) for All Souls' Day in 2025, its purpose was to facilitate access for mourners to visit the cemetery, not to serve as a platform for scattering ashes. Furthermore, regulations specify that ashes may only be scattered in designated 'Gardens of Remembrance' within the cemetery or other approved land-based locations, not from a floating structure in the lagoon. The image provided is an aerial view of the cemetery but does not show a pontoon, and the headline conflates the temporary access bridge with a new facility for ash scattering, which is factually incorrect regarding both the function of the"
ds1009,Not Misinformation,0.9,False,True,"The image depicts Capt Yevgeny Yerofeyev and Sgt Alexander Alexandrov in a Ukrainian court, which aligns with historical records. Evidence confirms that these two Russian soldiers appeared in court in Kyiv (specifically the Holosiivskyi District Court) starting in September 2015, with their trial concluding in April 2016. While the headline specifies 'January', the image is a genuine photograph from their trial period (likely September 2015 based on specific captions like [4] and [5] in the evidence, or potentially January 2016 during the ongoing proceedings). The core claim that they were in a Ukraine court is factually correct. The visual veracity is confirmed as real (not AI-generated). The partial alignment in the module signals regarding the specific month is a minor temporal detail i"
978,Not Misinformation,0.6,False,True,"The claim states that Frank Gehry-designed Power Play chairs are among the stylish touches in the Winter Garden. Evidence confirms that Frank Gehry did indeed design the 'Power Play' chairs for Knoll in 1990, characterized by their unique bentwood ribbon design [1, 2, 5]. The image shows chairs that visually match the description of Gehry's Power Play chairs (curved, braided wood strips). While the specific location 'Winter Garden' is ambiguous (could refer to the city in Florida or the Winter Garden in Sheffield, UK), the core factual assertion regarding the designer and the object is correct. The visual evidence supports the presence of such chairs, and there is no evidence to suggest the image is AI-generated or that the chairs are misattributed. The 'partial' alignment in module signal"
9323,Not Misinformation,0.9,False,True,"The claim describes a 'sink with a cabinet on legs in a bathroom.' The module signals indicate that the image is a genuine photograph (not AI-generated) and depicts a bathroom setting. Although the module's internal relevancy check flagged a mismatch (stating the image shows a toilet and storage unit rather than a sink with a cabinet), this appears to be a specific visual identification error by the module rather than evidence of misinformation. The retrieved evidence confirms that 'bathroom vanities with legs' are a real, common product category (Evidence [2] from spryinterior.com, Evidence [3] from rogerslittleloaders.com). Since the image is verified as real and the object described (a legged bathroom cabinet/sink) is a legitimate real-world item, the image is not misleading or fabricat"
4284,Misinformation,0.9,False,True,"The claim is misinformation primarily due to the temporal impossibility and factual inaccuracy regarding Sophia Hutchins' status. Evidence [4] from the retrieved set confirms that Sophia Hutchins passed away in an ATV accident in July 2025. The claim describes her as '21' and escorting Jenner, which contradicts the timeline where Hutchins was born in 1996 (making her 29 in 2025) and is deceased. Furthermore, multiple evidence items ([3] from answers, [1] from Q2 evidence, [1] from Q4 evidence) explicitly state that Hutchins denied any romantic involvement with Jenner, labeling them as 'best of friends' or professional partners, directly contradicting the 'gal pal' (implying romantic partner) framing. While Jenner did visit Nobu Malibu ([1] from Q1 evidence), the specific details regarding "
1972,Not Misinformation,0.6,False,True,"The claim that the new Chrysler 300C is 'softer looking' than the outgoing model is a subjective design assessment that is not contradicted by the evidence. The retrieved evidence confirms that the 2023 model was a limited 'farewell' edition and that subsequent models (2025/2026) are described as having 'bold styling' and 'muscle' (Sources [1], [2], [4] in the third evidence block). However, 'bold' and 'muscular' are not mutually exclusive with 'softer' in automotive design contexts (e.g., softer lines vs. sharp creases), and the evidence does not provide a direct comparative analysis of the design language changes between the outgoing and new models to definitively prove the headline false. The module signals correctly identify that the image is likely an older model, but the claim itself"
ds3859,Misinformation,0.9,False,True,"The claim states that Korn's album 'See You on the Other Side' was released in 2002. However, multiple credible sources confirm that the album was actually released on December 6, 2005. The image depicts the correct album cover, but the date in the claim is factually incorrect, constituting misinformation."
8063,Misinformation,0.6,False,True,"The claim asserts that the image shows Taiko drummers at the Deep River festival in Ontario, Canada. Evidence indicates that while there is a town named Deep River in Ontario (e.g., Deep River Summerfest, Deep River Ancient Muster), there is no evidence linking Taiko drumming performances to any festival in Deep River, Ontario. Conversely, the search results explicitly identify a 'Deep River' festival in Deep River, Connecticut (USA), which features a 'Deep River Day' and other events, but no mention of Taiko drummers there either. However, the visual evidence (though not directly analyzed by the model's vision module in the prompt, the 'answers' section implies a mismatch) and the lack of any record of Taiko drummers in Deep River, Ontario, combined with the specific mention of Taiko drum"
9677,Misinformation,0.9,False,True,"The headline claims that Tillakaratne Dilshan and Kumar Sangakkara made 'England famous in the field'. This is factually incorrect and nonsensical; players do not make opposing teams 'famous' through their fielding, and Sri Lanka's fielding performance did not enhance England's fame. Furthermore, the specific match identified in the evidence as featuring a major celebration by Dilshan and Sangakkara is the 2015 World Cup match against Bangladesh, not England. While Sri Lanka did defeat England in ODIs (as per evidence [1], [2], [5]), the specific narrative of 'making England famous' is a hallucination or a severe distortion of reality. The phrase 'famous in the field' is likely a garbled attempt to describe a specific event or is simply false. Given the definitive rule that if the image is"
7259,Not Misinformation,0.9,False,True,"The claim states that Bernie Sanders speaks in Des Moines, Iowa. The retrieved evidence confirms that Bernie Sanders has spoken in Des Moines on multiple occasions, including a rally (Evidence [1]), a live broadcast during the Iowa Caucus results (Evidence [2]), and an end-of-year news conference (Evidence [4]). While the specific day 'Thursday' is not explicitly verified by the snippets (which provide dates like Feb 4, 2020, or general events), the core assertion that he speaks in Des Moines is factually supported. The image is identified as real (not AI-generated) and relevant. Therefore, the headline is not misinformation."
ds100,Not Misinformation,0.6,False,True,"The image depicts individuals in ice baths, which is a plausible recovery method for athletes after a physical challenge. The claim references a 'Wembley challenge,' which aligns with the well-documented 'Sidemen Wembley Challenge' (a crossbar shooting challenge) or the Rugby League Challenge Cup finals held at Wembley Stadium. While the image does not explicitly identify the subjects as specific Sidemen members or rugby players, the scenario is physically possible and contextually consistent with known events. The visual veracity is assessed as real (not AI-generated), and there is no evidence to suggest the image is fabricated or misleading in a deceptive manner. The partial alignment in the module signals is acceptable given the generic nature of the image versus the specific claim."
ds3706,Misinformation,0.9,False,True,"The claim that Robert Singer is 'incapable of writing' is factually false. Evidence confirms that Robert Singer is an American television producer, director, and writer who has written for numerous series, including 'Supernatural' and 'Lois & Clark: The New Adventures of Superman' [1, 2]. The image provided is a generic stock photo of a person writing and does not depict Robert Singer, nor does it support the claim of his inability to write. The claim contradicts established biographical facts about his career."
1782,Misinformation,0.9,False,True,"The image depicts North Korean workers at the Shinwon clothes company in the Kaesong Industrial Park. However, the Kaesong Industrial Complex has been closed since February 2016 due to deteriorating inter-Korean relations, and North Korean workers are no longer employed there. The retrieved evidence confirms that the complex was shut down and operations ceased, making the claim that workers are currently active at this specific location factually incorrect. While the image itself may be a historical photo (as evidenced by Getty Images having photos from 2006), presenting it as a current depiction of workers at Shinwon in Kaesong is misleading and constitutes misinformation regarding the current status of the facility and labor force."
4300,Not Misinformation,0.9,False,True,"The headline poses a subjective question ('Will they ever be taken seriously?') rather than stating a false fact. The retrieved evidence confirms that both Robert Pattinson and Kristen Stewart are widely recognized as serious actors with diverse filmographies outside of the 'Twilight' franchise (e.g., Pattinson in 'The Lighthouse', 'Tenet', 'The Batman'; Stewart in 'Clouds of Sils Maria', 'Spencer'). While their past relationship generated significant media scrutiny, their professional credibility is well-established and not disputed by credible sources. The image is a genuine photograph (AI-generated=false), and the content aligns with the public discourse regarding their careers. Therefore, the headline does not constitute misinformation."
ds9598,Misinformation,0.9,False,True,"The image depicts a performance by the Red Army Choir (or a similar ensemble in red uniforms), which is visually unrelated to the U.S. Congress, a legislative body. The headline claims 'Critics say the annual Congress is a blessing,' but the retrieved evidence indicates that critics generally view the U.S. Congress as chaotic, unproductive, and unpopular (e.g., 'Congress in 2023 was a wild ride... dismal', 'unrelentingly negative' views). There is no evidence supporting the claim that critics view it as a 'blessing.' Furthermore, the image is a stock photo of a choir, not a depiction of the Congress, making the pairing misleading and factually disconnected. The module's visual veracity signal is low confidence (0.4) for 'not AI', but the semantic mismatch and false claim regarding public o"
2237,Not Misinformation,0.9,False,True,"The image depicts a large bird flying over a forested area, which aligns with the claim. The module signals indicate the image is not AI-generated (visual_veracity ai_generated=false) and is relevant to the claim. The retrieved evidence confirms that large birds, such as the Harpy eagle, inhabit tropical rainforests and can be sighted in such environments [1]. Additionally, aerial photography of birds in forested regions is a common and documented practice [4]. There is no evidence suggesting the image is fabricated or misleading; it appears to be a genuine representation of wildlife in a natural habitat."
8411,Misinformation,0.9,False,True,"The claim states that Mats Zuccarello scored for the New York Rangers to make the score 20. This is factually impossible in the context of the National Hockey League (NHL), where the highest single-game scores rarely exceed 15-16, and a score of 20-0 or 20-something is virtually unheard of and certainly not a standard milestone associated with Zuccarello's career. Evidence [4] confirms his first NHL goal for the Rangers was in a 2-1 victory. Evidence [5] notes he scored two goals in a 3-1 win (making the score 3-1, not 20). Evidence [2] mentions a 5-2 win. There is no record of Zuccarello scoring to make the score 20 for the Rangers. The claim likely confuses the player, the team, or the sport (e.g., confusing with a baseball score or a different sport entirely, though even then, '20' is a"
ds9228,Not Misinformation,0.6,False,True,"The image depicts a boat on a canal, which aligns with the claim. The module signals indicate the image is not AI-generated (visual_veracity ai_generated=false). The retrieved evidence confirms that large passenger boats (such as packet boats, charter boats, and river tour boats) do operate on canals and rivers (e.g., in the UK and Bangkok). While the specific identity of the boat in the image cannot be definitively confirmed as a 'large passenger boat' without more context, the claim is plausible and consistent with the existence of such vessels in canal environments. There is no evidence suggesting the image is fake or the claim is false. The confidence is medium because the visual evidence alone is ambiguous regarding the specific type/size of the boat, but the general claim is supporte"
ds461,Not Misinformation,0.9,False,True,"The headline states that Bill Cosby's lawyers are attempting to get the case thrown out. Evidence [3] from Fox LA explicitly confirms this, stating 'Bill Cosby's lawyers push to get sexual assault case thrown out' based on a previous non-prosecution agreement. Additionally, Evidence [1] from CBS News and Evidence [3] from WHYY confirm that his lawyers have been actively challenging the case, including appealing the use of evidence and arguing for dismissal. While the conviction was eventually overturned by the state supreme court (Evidence [2], [4]), the specific claim that his lawyers were attempting to get the case thrown out is factually supported by multiple news reports regarding his legal strategy."
4368,Not Misinformation,0.6,False,True,"The headline claims that Jennifer Garner and Josh Duhamel are dating and that Ben Affleck feels threatened. The retrieved evidence confirms that in early 2018, there were widespread rumors and reports (e.g., from HollywoodLife, OK Magazine) that Jennifer Garner and Josh Duhamel were dating after working together on 'Love, Simon'. These reports also cited sources suggesting Ben Affleck felt 'threatened' or jealous of the rumors. While the image shows Ben Affleck and Jennifer Garner (not the couple mentioned in the headline), the image is a genuine photograph (AI-generated=false) and depicts real people relevant to the context of the rumors (ex-spouses). The headline reflects the specific media narrative and rumors present at the time, rather than stating a verified fact as absolute truth, b"
6660,Misinformation,0.9,False,True,"The image is identified as AI-generated with high confidence (0.8) by the visual veracity module. The scene depicts a physically impossible scenario (skateboarding on a wall), which is a hallmark of AI synthesis. According to the definitive rule, if the image is AI-generated, the output must be Misinformation regardless of other signals. The claim describes a specific action (holding a paddle under a shelf) that does not match the surreal, physics-defying content of the AI-generated image, further confirming the mismatch and the synthetic nature of the visual."
ds831,Not Misinformation,0.9,False,True,"The claim states that actor Scott Baio spoke at the Monday evening session of the Republican National Convention. Evidence confirms that Scott Baio was indeed a speaker at the 2016 Republican National Convention in Cleveland. Specifically, UPI reports that he spoke on 'Monday night' (July 18, 2016, which was the Monday evening session of the convention) [4]. Other sources confirm his participation and the content of his speech supporting Donald Trump [2], [5]. The module signals correctly identify the event and the speaker, and the retrieved evidence corroborates the factual accuracy of the claim regarding the 2016 convention."
723,Misinformation,0.9,False,True,"The claim is factually impossible because Reggie Bush was not a member of the Miami Dolphins during the October 2023 season. Evidence shows that the Miami Dolphins played the Buffalo Bills on October 1, 2023, and Reggie Bush had retired from the NFL years prior (his last NFL season was 2017). While Bush did play for the Dolphins in 2012, he was not on the team in 2023. Therefore, an image depicting him celebrating a touchdown for the Dolphins against the Bills in 2023 is false. The module's answer stating 'Reggie Bush scored a touchdown while playing for the Buffalo Bills' is also incorrect; he played for the Bills in 2010-2011, but the claim specifies the Dolphins. The image likely depicts a different player or an old photo mislabeled, constituting misinformation."
ds4173,Misinformation,0.9,False,True,"The headline 'Federal Judge Grants Permission To Subpoena Trump' is factually incorrect and misleading. Evidence from PolitiFact [1] explicitly rates this specific headline as 'False', clarifying that while judges have ruled on subpoenas related to Trump's associates or third parties (such as banks or the Federal Reserve), no federal judge has granted permission to subpoena Trump himself in the manner implied. The retrieved evidence shows that subpoenas involving Trump have typically been issued by Congress (e.g., the Jan. 6 Committee) or state prosecutors (e.g., Manhattan DA), not granted by a federal judge as a new permission. Furthermore, federal judges have actually *quashed* subpoenas issued by the Trump DOJ [1, 2, 3, 4, 5] or ruled against efforts to block congressional subpoenas for"
ds9215,Misinformation,0.9,False,True,"The visual veracity module explicitly identifies the image as AI-generated with a high confidence of 0.8, citing unnatural texture blending and anatomical inconsistencies. According to the definitive rule, if an image is determined to be AI-generated, it must be classified as Misinformation regardless of other signals. The retrieved evidence confirms that while black and white horned cows exist (e.g., Holsteins, Highland cattle) and woodpiles are common outdoor features, there is no evidence linking this specific, likely synthetic, image to a real-world event or factual claim. The image is a fabrication."
ds6725,Misinformation,0.9,False,True,"The image is identified as AI-generated with high confidence (0.8) by the visual veracity signal. The module explanation notes surreal elements such as a floating coffee cup and water defying gravity, which are characteristic of AI generation rather than reality. According to the definitive rule, if the image is AI-generated, the output must be Misinformation regardless of the claim's plausibility. While painted patriotic fire hydrants do exist (as evidenced by sources [2], [5] in the retrieved evidence regarding Antigo and historical Bicentennial projects), the specific image provided is not a photograph of a real hydrant but a synthetic creation."
1792,Not Misinformation,0.9,False,True,"The claim states that Ricky Muir, a candidate for the Australian Motoring Enthusiast Party, was elected as a senator despite receiving a tiny number of first preference votes. This is a factual statement based on the 2013 Australian federal election. Evidence confirms that Ricky Muir was elected to the Senate for Victoria in 2013, taking office in 2014, and received only 0.51% of the primary (first preference) vote, which is considered a very low number. His election was facilitated by preference flows from other micro-parties. The image shows a man identified in the context as Ricky Muir, and the visual veracity indicates it is not AI-generated. Therefore, the headline accurately reflects historical facts."
2826,Not Misinformation,0.9,False,True,"The claim states that the mug changes color depending on how much coffee is in it. While the phrasing 'how much' could imply volume, in the context of consumer products, this is commonly understood to refer to the presence of hot liquid (which triggers the thermochromic effect) versus an empty or cold mug. The retrieved evidence confirms that color-changing mugs are a real, widely available product category that uses heat-sensitive coatings to reveal designs when filled with hot liquids [1, 2, 4]. The image shows a standard coffee mug, which is consistent with the physical form factor of these products. The module signals indicate the image is not AI-generated (confidence 0.2 for AI generation, meaning high confidence it is real) and the relevance is partial because the specific 'level-bas"
ds709,Not Misinformation,0.6,False,True,"The image depicts a Bombardier CRJ700, which is consistent with the aircraft type mentioned in the claim. Evidence confirms that Delta Connection (operated by SkyWest) began daily service to Seattle-Tacoma International Airport (SEA) in December 2015 using CRJ-700 aircraft [2]. While the claim specifies 'September 2015', the service launch was in December 2015, suggesting the specific date in the claim may be slightly inaccurate or referring to pre-season operations/charter flights not detailed in the primary news snippets. However, the core assertion that a Delta Connection CRJ700 lands at SEA is factually supported by the airline's operational history during that period. The image is verified as real (not AI-generated). Given the partial alignment on the specific date but strong alignmen"
ds3448,Misinformation,0.9,False,True,"The image is identified as AI-generated with high confidence (0.8). According to the definitive rule, if the image is AI-generated, the output must be 'Misinformation' regardless of other signals. The image depicts a generic, idealized town scene that does not specifically identify 'Younger' (or 'Young') as a town, and the AI generation indicates it is not a real photograph of the location claimed."
ds2474,Not Misinformation,0.9,False,True,"The image depicts boats docked at a pier, which aligns perfectly with the claim 'some boats that are by a dock in some water'. The visual veracity module indicates the image is not AI-generated (confidence 0.0 for AI generation, implying high confidence it is real). The retrieved evidence confirms that such scenes are common stock photography subjects (e.g., [2], [3], [4]), supporting the plausibility and accuracy of the description. There is no evidence of manipulation or misleading context."
ds2010,Not Misinformation,0.9,False,True,"The image depicts a tennis player in the act of serving, which directly aligns with the claim. The module signals confirm the image is not AI-generated (visual_veracity ai_generated=false) and the relevancy is high. The retrieved evidence supports the general context of tennis serving, with stock photo descriptions (e.g., [3] Envato) explicitly mentioning 'tennis player serving ball to opponent', validating the specific interaction described in the claim. There is no evidence to suggest the image is fake or the claim is false."
ds1564,Misinformation,0.9,False,True,"The claim states that Woody Allen received the Cecil B. DeMille Lifetime Achievement Award 'this year'. Based on the retrieved evidence, the 2023 Golden Globe Awards (held in January 2023) awarded the Cecil B. DeMille Award to Eddie Murphy, not Woody Allen [Evidence 2, 3]. While Woody Allen did receive the award in 2018, the module signals and the phrasing 'this year' (implying the current context of the claim, likely 2023 or 2024 given the recent news snippets) make the statement factually incorrect for the specified timeframe. The evidence explicitly contradicts the claim for the 2023 award cycle."
ds2594,Misinformation,0.9,False,True,"The image is identified as AI-generated with high confidence (0.8) due to unnatural finger warping and inconsistent nail textures, which violates the definitive rule for mislabeling AI-generated images as misinformation. Additionally, the headline's claim that nail polish matches a 'different part of the table' is nonsensical and unsupported by the evidence, which discusses how light affects the polish itself (e.g., color shifting, curing) rather than its relationship to a table surface."
2501,Not Misinformation,0.6,False,True,"The image depicts a girl holding a frog, which aligns with the claim that she caught a bullfrog. The visual veracity signals indicate the image is not AI-generated (confidence 0.2 for AI generation, implying high confidence it is real). The retrieved evidence confirms that bullfrogs are real animals, common in various environments including urban areas (Evidence [5] from LiveJournal and [2] from Menunkatuck Audubon Society), and that they can be caught by hand or with simple techniques (Evidence [2] from Wikihow and [1] from MSN). While the evidence does not identify the specific individual in the photo, there is no contradictory evidence suggesting the event is impossible or the image is fake. The claim is plausible and consistent with general knowledge about bullfrogs."
7697,Not Misinformation,0.9,False,True,"The claim states that a draft proposal suggests two garden cities at Yalding in Kent and Gerrards Cross in Buckinghamshire. Evidence [2] from a 2014 report explicitly confirms that sources outside the Deputy Prime Minister's office indicated a draft proposal for building new settlements in Yalding, Kent, and Gerrards Cross, Buckinghamshire. While the image provided is a generic landscape and does not visually depict these specific locations (as noted in the module signals), the textual claim regarding the existence of such a draft proposal is factually supported by historical news reports. The image serves as a thematic illustration rather than a specific depiction, and there is no evidence that the image is AI-generated or that the claim itself is false. Therefore, the pair is not misinfo"
ds2926,Misinformation,0.9,False,True,"The claim that the debugging tool icon on the Touch Bar is a can of bug spray is factually incorrect. In software development, 'debugging' refers to the process of finding and resolving defects (bugs) in code, not eliminating insects. Consequently, the icons associated with debugging tools in environments like Xcode, WebStorm, or Android Studio represent concepts such as play/pause, step-over, breakpoints, or network inspection (often depicted as lightning bolts, arrows, or magnifying glasses), not literal insect repellent. The retrieved evidence confirms that debugging tools are software utilities for code analysis (e.g., [4], [5]) and that Touch Bar icons for these functions are standard UI elements for code navigation, not literal representations of pest control (e.g., [1], [3] in the s"
ds1829,Not Misinformation,0.9,False,True,"The image depicts an MRAP vehicle, and the claim that US schools acquired such vehicles via Pentagon giveaways is factually supported by evidence. Specifically, Smithsonian Magazine reported in 2014 that various schools acquired MRAPs from the military since 1998 through the Excess Property Program (Section 1033). Additionally, Saddleback College's campus police acquired an MRAP via this program, as confirmed by the Lariat news source. The visual content aligns with the headline's subject matter, and the core assertion regarding the acquisition of MRAPs by educational institutions is verified."
ds4158,Misinformation,0.9,False,True,"The claim that Hillary Clinton filed for divorce in New York courts is false. Multiple credible sources, including HuffPost and All About Lawyer, have explicitly debunked this rumor, stating there are zero legal filings in New York or any other jurisdiction. The specific headline text cited in the claim ('BREAKING: Hillary Clinton files for divorce in New York courts') has been identified as a fake story originally published by the Christian Times Newspaper in 2016 and has resurfaced as misinformation. Evidence confirms the couple remains married and no such legal action has been taken."
ds9891,Not Misinformation,0.6,False,True,"The image depicts a social gathering in period attire, which is consistent with the setting of Jane Austen's 'Pride and Prejudice'. The BBC's 1995 adaptation is a well-known production featuring such scenes (e.g., balls, assemblies). While the headline 'Having A good time' is vague and the image is not definitively identified as a specific frame from the 1995 series (it could be from the 1980 BBC version, a film adaptation, or a general stock image), there is no evidence that the image is AI-generated (visual_veracity ai_generated=false) or that it is a deliberate fabrication intended to deceive. The partial alignment suggests the image is thematically relevant rather than false. Therefore, it does not meet the criteria for 'Misinformation' under the definitive rule for AI generation, and "
3477,Misinformation,0.9,False,True,"The image is identified as AI-generated (confidence 0.9) and depicts a surreal scene of an octopus in a baseball setting. The claim states that the movie 'Trouble with the Curve' stars a squid. Evidence confirms that 'Trouble with the Curve' is a 2012 sports drama starring human actors (Clint Eastwood, Amy Adams, etc.) and contains no such creature. Furthermore, the image depicts an octopus, not a squid, making the visual content mismatched with the specific claim even if the movie context were ignored. The combination of an AI-generated image and a factually false claim about the movie's content constitutes misinformation."
3415,Misinformation,0.9,False,True,"The claim that Hezbollah received zero support from Iran is factually incorrect. Extensive evidence confirms that Iran is a primary patron of Hezbollah, providing significant financial aid, military training, weapons, and organizational support since the group's formation in the early 1980s. Multiple authoritative sources, including the US State Department, Britannica, and the Council on Foreign Relations, explicitly state that Iran provides 'most of its funding, training, weapons and explosives' to Hezbollah. The retrieved evidence consistently describes Iran as a 'key patron' and notes that Iran sent Revolutionary Guard soldiers to help establish Hezbollah. Therefore, the claim of 'zero support' is definitively false."
ds4821,Not Misinformation,0.6,False,True,"The claim that Meghan Markle kept her romance with Prince Harry secret from her Suits cast mates is not supported by evidence and is likely false. Multiple credible sources indicate that her co-stars were aware of the relationship or reacted positively to the public announcement, suggesting it was not a secret kept from them. For instance, E! Online reports that her co-stars reacted with 'glee, humor and overall well wishes' to the engagement, implying they were supportive and likely aware of the relationship's progression. Similarly, Yahoo Style and OK Magazine articles discuss cast members 'dishing dirt' and sharing their thoughts on the romance, which contradicts the idea that it was hidden from them. While the relationship was kept private from the public initially, there is no evidenc"
ds471,Not Misinformation,0.9,False,True,"The claim accurately describes the RoboRoach product developed by Backyard Brains. Evidence confirms that RoboRoach is a real educational kit that uses a small electronic backpack with electrodes to stimulate the nerves in a cockroach's antennae, allowing users to control its movement via a smartphone app connected via Bluetooth [1, 4, 5]. The module signals correctly identified the product's existence and mechanism, and the visual veracity check indicated the image was not AI-generated. Although one evidence snippet mentions app store removals, the core technology and claim of Bluetooth-controlled electrode stimulation remain factually correct."
ds4939,Misinformation,0.9,False,True,"The headline claims a specific individual named 'Cait' is facing knee surgery due to refusing to wear stilettos. The retrieved evidence does not support this specific narrative. While there is a runner named Cait Keen who recently had major surgery, it was for a fibroid, not a knee injury related to heels (Evidence [2]). Another individual, Cait McMahan, had knee surgery in 2006 due to a sports injury, not lifestyle choices regarding footwear (Evidence [3]). The term 'Stiletto Surgery' found in the evidence refers to elective toe shortening procedures, not knee surgery caused by heel usage (Evidence [2], [4]). The image is a generic stock photo of a woman in heels and does not depict the specific person or event described. The claim conflates general health risks of high heels with a speci"
1818,Misinformation,0.9,False,True,"The claim asserts that the 'Opinion Debate' section moved to a publication called 'Viewspaper' and that this move provides more room for reader letters. Evidence [1] from the retrieved sources explicitly states that the term 'Viewspaper' is a rebranding concept used by 'The UK Viewspaper' (a distinct entity from The Washington Post) to describe its focus on views rather than just news. There is no evidence linking The Washington Post's 'Opinion Debate' section to a move to 'Viewspaper'. Instead, evidence [1], [3], [4], and [5] confirm that The Washington Post's opinion section underwent an overhaul under Jeff Bezos involving editorial changes and staff resignations, but did not move to a platform or section named 'Viewspaper'. The term 'Viewspaper' in the context of The Washington Post app"
ds4587,Misinformation,0.9,False,True,"The headline claims Jennifer Aniston spent $100K on a makeover. Evidence [4] from Celebitchy clarifies that the $100,000 figure refers to the cost of a three-month hotel stay (including room service and tips), not a cosmetic makeover. Furthermore, recent reports (Evidence [4] from Brightside, Evidence [1] from Yahoo) indicate Aniston is actually reducing her use of facial fillers and opting for a more natural look, contradicting the implication of a high-cost cosmetic overhaul. The headline misrepresents the source of the financial figure and the nature of her beauty routine."
ds9253,Not Misinformation,0.9,False,True,"The image displays a realistic scene containing a coffee beverage, a slice of cake (consistent with the description of coffee cake), and a banana. The headline claims the display includes 'coffee cake, a pastry and a beverage'. While the image also shows a banana not explicitly mentioned in the headline, this does not constitute misinformation; headlines often summarize key elements without being exhaustive. The visual veracity signals indicate the image is not AI-generated (confidence 0.0 for AI generation, meaning high confidence it is real). The retrieved evidence confirms that coffee cake is a common item served with coffee, and the visual elements align with the general description provided in the claim. The partial alignment noted in the module signals is due to the extra banana, not"
ds8003,Misinformation,0.9,False,True,"The claim that a fireworks display in Weymouth marked the opening of the London 2012 Olympics is factually incorrect. The London 2012 Opening Ceremony took place at the Olympic Stadium in London on July 27, 2012, and was not held in Weymouth. While Weymouth did host sailing events for the 2012 Olympics (specifically the 'Sail for Gold' event in July 2012, as noted in evidence [2] from the answers module and [2] from the retrieved evidence), there is no evidence linking a fireworks display there to the opening ceremony. The retrieved evidence indicates that Weymouth's fireworks are typically associated with Guy Fawkes Night (November 5th) or summer holidays, not the Olympic opening. The image shows a generic fireworks display, which does not substantiate the specific claim of it being the o"
4557,Not Misinformation,0.6,False,True,"The headline claims that Irish actress Ruth Negga's Hollywood star status is 'SOAR'ing. Evidence confirms that Ruth Negga is indeed a rising star in Hollywood, having received an Academy Award nomination for her role in 'Loving' (2016) and gaining significant critical acclaim and awards season attention for her performance in 'Passing' (2021) and her role in 'Good Grief' (2023) [1, 2, 3]. She has also been featured on the cover of Vogue and is starring in high-profile upcoming projects like 'Presumed Innocent' [4, 5]. While the image provided is not clearly identifiable as Ruth Negga (module signal notes weak relevancy), the core factual claim regarding her rising status is supported by multiple credible sources. The image mismatch is a common issue in clickbait or generic stock imagery us"
ds8684,Misinformation,0.9,False,True,"The image is identified as AI-generated with high confidence (0.8) by the visual veracity module, citing unusual fur patterns and surreal color blending. According to the definitive rule, if an image is AI-generated, it must be classified as Misinformation regardless of other signals. The headline claims the image depicts a specific real-world scene ('A cat and dog on wooden benches next to a stairwell'), but the image itself is synthetic and does not represent a genuine photograph of such a scene. Therefore, presenting this AI-generated image as a factual depiction of the described scenario constitutes misinformation."
