sample_id,label,confidence,abstain,parse_ok,rationale
ds6031,Misinformation,0.9,False,True,"The image is identified as AI-generated (confidence 0.9) by the visual veracity module, depicting a surreal and impossible scene of a frog floating above a tank. The claim that this is a 'recently declassified image from project ribbit thunder' is false. Evidence indicates that 'Ribbit' is a character from the animated series 'The Amazing Digital Circus' and 'Project Rabbit' is a video game, with no connection to military declassification or a 'Project Ribbit Thunder'. Furthermore, recent declassified military images typically involve satellite imagery (e.g., KH-7/KH-9) or specific historical missions (e.g., SAS, UFO projects), none of which match the AI-generated content. The combination of an AI-generated image with a fabricated military context constitutes misinformation."
3397,Misinformation,0.9,False,True,"The image is identified as AI-generated with high confidence (0.8). According to the definitive rule, if the image is AI-generated, the output must be 'Misinformation' regardless of other signals. Additionally, the claim that Planet Hollywood Las Vegas is owned by a corporation based in Paris, Texas is factually incorrect; evidence confirms it is owned and operated by Caesars Entertainment, which is based in Nevada, not Paris, Texas."
ds2700,Not Misinformation,0.6,False,True,"The image depicts a scaled quail, which is a real bird species native to the Southwestern US and Mexico. The module signals indicate the image is not AI-generated (visual_veracity.ai_generated=false). The headline claims the bird is standing on one leg next to a raisin and a peanut. Evidence confirms that scaled quails do stand on one leg (Evidence [3] from Utah County Birders Newsletter) and are omnivores that eat seeds and grains (Evidence [1] from Bartleby, Evidence [3] from A-Z Animals). While the specific presence of a raisin and peanut in the image cannot be visually verified from the provided text snippets, the biological plausibility of the scene (a quail standing on one leg, potentially near food items) is supported by the evidence. There is no indication of AI generation or factu"
ds4880,Not Misinformation,0.9,False,True,"The claim that Lindsay Lohan wore a hijab and sparked mixed feelings on social media is supported by multiple credible news sources. Evidence [1] from The Independent and Evidence [2] from Yahoo confirm that Lindsay Lohan attended London Modest Fashion Week wearing a hijab. Furthermore, Evidence [3] from Rediff.com and Evidence [1] from AOL explicitly mention the 'mixed feelings' and confusion on social media/internet regarding this appearance. The image provided aligns with the event described, and the module signals indicate the image is not AI-generated. Therefore, the headline accurately reflects reported events."
ds8852,Not Misinformation,0.6,False,True,"The image shows three teddy bears against a stone wall, which appears to be an outdoor or natural setting rather than a bedroom wall. The claim specifies 'a bedroom wall' and 'a stuffed cat', neither of which are present in the image. The visual veracity module indicates the image is not AI-generated (real photo). While the claim contains specific details (bedroom, cat) that are not supported by the visual evidence (outdoor, no cat), the image itself is a real photograph of teddy bears. The mismatch is likely due to a poor caption or a different context, but since the image is real and not AI-generated, and the core subject (teddy bears) is present, it is not 'Misinformation' in the sense of fabricated content. However, the specific details are wrong. Given the strict rule to output Misinf"
7551,Not Misinformation,0.6,False,True,"The claim states that snow has fallen in parts of the UK, specifically mentioning Kielder Water in Northumberland, and that more is predicted. Evidence [3] from BBC News confirms that 'Snow has fallen across parts of northern England and southern Scotland, with more forecast over the weekend,' which directly supports the general claim and the prediction aspect. While the specific image provided is not definitively geotagged to Kielder Water in the evidence, Kielder Water is a known location in Northumberland that experiences snow (Evidence [1] mentions a van caked in snow there during the 'Beast from the East', and Evidence [4] confirms snowfall there). The module signals indicate the image is not AI-generated and is partially aligned. Given that the core factual assertions (snow in northe"
365,Misinformation,0.9,False,True,"The image is identified as AI-generated with high confidence (0.8). The visual evidence shows gorillas with unnatural, exaggerated features and expressions that do not correspond to real footage of the Kwita Izina ceremony. While the event (Kwita Izina) and the general concept of entertainment at such events are real, the specific image provided is synthetic and does not depict the actual event described in the headline. According to the definitive rule, if the image is AI-generated, the output must be Misinformation."
ds4717,Not Misinformation,0.6,False,True,"The headline claims that Khloe Kardashian was forced by Tristan Thompson to follow a strict pregnancy diet after a binge. The retrieved evidence supports the core narrative that Tristan Thompson did influence or 'put' Khloe on a diet during her pregnancy (Sources [1], [2], [6]). Specifically, Source [1] from Inquisitr uses the exact phrasing 'Khloe Kardashian Forced By Tristan To Follow ‘Strict’ Pregnancy...'. While the image provided is not visually aligned with the specific event (as noted in the module signals), the textual claim itself is grounded in reported celebrity news stories from that period. The 'Misinformation' label is reserved for false claims or AI-generated images; here, the claim is substantiated by multiple sources, even if the image is irrelevant. Therefore, the text is"
4718,Not Misinformation,0.9,False,True,"The headline claims Jennifer Lopez might take a break from Alex Rodriguez. Evidence confirms that Jennifer Lopez and Alex Rodriguez did indeed take a break from their relationship, which led to their breakup and the cancellation of their engagement in March 2021 (Source 2, Source 3). Furthermore, recent reports indicate that Rodriguez reached out to Lopez after his latest breakup, suggesting ongoing interaction or a potential reconciliation phase, which aligns with the sentiment of the headline regarding their relationship status dynamics (Source 3 in Latest News). The image is a genuine photograph of J.Lo, not AI-generated. Therefore, the claim is grounded in factual events regarding their relationship history and recent interactions."
ds4306,Not Misinformation,0.9,False,True,"The headline accurately reflects statements made by Eric Trump in August 2016. Multiple credible news sources, including The Hill, The Wall Street Journal, and HuffPost, confirm that Eric Trump stated it would be 'foolish' for his father, Donald Trump, to release his tax returns while under audit, arguing that the public might make uninformed assumptions. The image is identified as a genuine photograph of Eric Trump, and the module signals confirm the alignment between the visual and the claim. Therefore, the claim is supported by evidence."
ds1370,Not Misinformation,0.9,False,True,"The claim states that Kris and Bruce Jenner attended the Academy of Country Music Awards in Las Vegas. Evidence [3] from Mirror Online and Evidence [3] from USA TODAY explicitly confirm that Kris and Bruce Jenner attended the 44th Annual Academy of Country Music Awards held at the MGM Grand in Las Vegas on April 5, 2009. The image signals indicate the photo is authentic (not AI-generated) and aligns with the event. Therefore, the claim is supported by factual evidence."
ds2101,Not Misinformation,0.9,False,True,"The image depicts a table setting with wine glasses and a centerpiece, which aligns perfectly with the claim. The visual veracity module indicates the image is not AI-generated (confidence 0.0 for AI generation, implying high confidence it is real). The retrieved evidence confirms that such table settings are common and that centerpieces and wine glasses are standard elements of table decor, supporting the factual nature of the description. There is no evidence of manipulation or false context."
5000,Misinformation,0.9,False,True,"The claim that President Obama admitted to a secret deal to hand over U.S. territory to China to settle debt is factually false. Evidence shows that the only significant transfer of territory involving China in recent history was Hong Kong, which was returned by the UK to China in 1997, long before Obama's presidency. There is no record of any U.S. territory being handed over to China during the Obama administration, nor any 'secret deal' regarding debt settlement involving territorial cession. The retrieved evidence confirms that while Obama engaged in diplomatic relations and trade discussions with China, no such territorial handover occurred. The image of the Obamas is unrelated to this fabricated narrative."
ds4724,Not Misinformation,0.6,False,True,"The headline claims the couple is sleeping in separate bedrooms. While the image shows them together, it does not verify sleeping arrangements. However, the retrieved evidence indicates that while there are rumors and speculation about separation or marital issues, specific claims about sleeping arrangements are often debunked or attributed to misunderstandings (e.g., snoring). Evidence [2] from menzfirst.com explicitly states it is 'not accurate' that they sleep in separate rooms due to snoring, suggesting they have adapted to each other's quirks. Other evidence points to general divorce rumors being false or exaggerated. Since the specific claim of separate bedrooms is contradicted by at least one source and the couple is generally reported as happy despite rumors, the headline is likely"
ds6329,Misinformation,0.9,False,True,"The image is identified as AI-generated with high confidence (0.9), depicting an impossible scenario of a man inside a shark. The headline references 'What's Eating Gilbert Grape' and 'Sharkasaurus', neither of which involve a real person named Arnie fighting a shark in the manner depicted. 'What's Eating Gilbert Grape' is a drama with no shark scenes, and 'Sharkasaurus' is a separate creature feature. The combination of an AI-generated visual with a nonsensical headline creates a misleading and false narrative."
ds1157,Not Misinformation,0.6,False,True,"The claim describes a person holding a banner during a pope's procession down Fifth Avenue to St. Patrick's Cathedral. Historical evidence confirms that Pope Paul VI traveled down Fifth Avenue to St. Patrick's Cathedral in 1965, and Pope Francis did so in 2015. While the specific detail of a 'person holding a banner' is not explicitly detailed in the provided snippets for these specific NYC events (which focus on crowds lining the avenue), it is a plausible and common occurrence during such high-profile papal visits, especially given that banners are explicitly mentioned in other papal contexts (e.g., East Timor, Africa). The image is verified as not AI-generated. The module signals indicate partial alignment, noting the image shows a banner with the Pope's image. Given the historical accu"
5013,Misinformation,0.9,False,True,"The headline claims a 'Controversial Dating Revelation' regarding Brooke Burke's divorce that sparks speculation. However, the retrieved evidence indicates that Brooke Burke is currently engaged to Scott Rigsby and has recently discussed wedding plans (which were delayed), rather than revealing new dating news amidst a divorce. Furthermore, the image provided is identified as irrelevant to the specific claim, showing two individuals on a stage that do not depict Brooke Burke or the alleged event. The mismatch between the sensationalist headline and the actual status of her relationship (engagement, not new dating revelation) combined with the irrelevant imagery constitutes misinformation."
3983,Misinformation,0.9,False,True,"The claim contains a factual error regarding the release year (stating 2008 instead of 2013). However, the primary reason for the 'Misinformation' label is the visual veracity of the image. The module signals indicate that the image is AI-generated (confidence 0.8) and depicts a surreal, nonsensical scene ('MOMATOR' star) that is irrelevant to the film or director mentioned. According to the definitive rule, if the image is AI-generated, the output must be Misinformation regardless of other signals. The image does not depict the film, the director, or any related event, making it a misleading visual accompaniment to the text."
ds9980,Not Misinformation,0.6,False,True,"The image depicts a scene consistent with the headline's description of Iraqi families, including children, settling near Kurdish checkpoints in northern Iraq. Evidence [3] from the first query explicitly mentions a 'girl stands besides her tent at a temporary displacement camp set up next to a Kurdish checkpoint in Kalak' during the ISIS conflict in Mosul. Evidence [1] and [2] from the third query confirm that Iraqi families fleeing Mosul crowded Kurdish checkpoints (specifically the Khazer/Aksi Kalak area) and settled in nearby camps. While the specific date of the image is not provided, the visual content (a girl in a field/camp setting near a checkpoint) aligns with documented historical events where such scenes were common. The module's visual veracity signal indicates the image is no"
ds2354,Not Misinformation,0.6,False,True,"The image depicts a large airplane flying low in a cloudy sky. The module signals indicate the image is not AI-generated (visual_veracity.ai_generated=false). The retrieved evidence confirms that planes do fly low for various reasons, such as landing approaches (e.g., at LAX), weather conditions (clouds affecting flight paths), or heat affecting air density. While the claim is generic and does not specify a unique event, the visual content is consistent with common aviation scenarios described in the evidence. There is no evidence suggesting the image is fake or the claim is false; rather, the scenario is plausible and supported by general aviation knowledge found in the sources."
ds9501,Misinformation,0.9,False,True,"The claim states that Ford's reelection campaign was 'brilliant.' Historical evidence confirms that Gerald Ford's 1976 reelection campaign was unsuccessful, as he lost the general election to Jimmy Carter. Describing a failed campaign as 'brilliant' is factually incorrect and misleading, especially given the context of the Watergate scandal and the primary challenge from Ronald Reagan which hampered his efforts. The module signals correctly identify the campaign as unsuccessful (conf: 1.0), directly contradicting the positive assertion in the claim."
ds4,Not Misinformation,0.9,False,True,"The claim states that after the murders, Charlie Hebdo's surviving staff left their Paris offices for a temporary home at Liberation newspaper. Evidence confirms that following the January 2015 attack, Charlie Hebdo staff did indeed squat in the newsroom of the Liberation newspaper for over six months before moving to new rented offices in September 2015 [2, 3]. While the provided image appears to be a generic memorial scene and does not visually depict the specific event of moving to Liberation, the textual claim itself is factually accurate based on historical records. The visual-veracity signal indicates the image is not AI-generated, and the relevance signal notes the image is only partially aligned (as it doesn't show the specific move), but this does not constitute misinformation reg"
ds3871,Misinformation,0.9,False,True,"The claim states that Meghan Markle was born in July. However, factual evidence confirms she was born on August 4, 1981, not in July. Furthermore, the module signals indicate that the image provided is AI-generated (confidence 0.8) and irrelevant to the claim, showing nonsensical objects rather than the subject. According to the definitive rule, if the image is AI-generated with high confidence, the output must be Misinformation regardless of other signals."
8830,Not Misinformation,0.6,False,True,"The image depicts a clock, and the retrieved evidence confirms that clocks on barns exist, citing specific examples such as a photo on Unsplash of a barn with a clock on its side in Michigan and a story about a custom barn clock in Wisconsin. While the module signals indicate low relevancy because the specific image might not be the one described in the headline (or the headline is generic), the claim itself is factually plausible and supported by the existence of such objects. The image is not AI-generated. Therefore, it is not misinformation, though the specific alignment is uncertain."
ds5053,Misinformation,0.9,False,True,"The claim that drinking green tea daily increases lifespan by exactly 'ten years' is a specific, quantifiable assertion that is not supported by the retrieved evidence. While the evidence confirms that green tea is associated with reduced risk of cardiovascular disease and potential longevity benefits (e.g., [3] Benzinger on Health, [1] NPR Blue Zones), it describes these as general associations or 'potential' benefits, not a fixed ten-year extension. No study cited in the evidence supports the specific 'ten years' figure. This represents a distortion of scientific findings into a misleading, exaggerated statistic, which constitutes misinformation."
ds2437,Misinformation,0.9,False,True,"The claim states that the image shows an 'animal food tray and cage' that is empty. However, the image clearly depicts a disc golf basket (a metal chain basket used in the sport of disc golf) situated outdoors near a tree. The module signals correctly identify that the image is not relevant to the claim, noting that it shows a disc golf basket and not an animal food tray or cage. Since the subject matter of the image (disc golf equipment) is fundamentally different from the subject matter of the claim (animal husbandry items), the claim is factually incorrect regarding the visual content. The image does not support the headline."
ds6090,Misinformation,0.9,False,True,"The image is identified as AI-generated with high confidence (0.8), featuring surreal and contextually inappropriate elements (a camel in a social setting) that do not align with reality. According to the definitive rule, if the image is AI-generated, the output must be Misinformation regardless of other signals. Additionally, the module signals indicate partial relevancy, meaning the image does not accurately depict the specific event mentioned in the claim (Outside Lands), further supporting the classification."
ds742,Not Misinformation,0.6,False,True,"The image depicts a protest with a 'WALL OFF TRUMP' banner, which aligns with the claim of demonstrators protesting Trump. Evidence confirms that significant protests occurred outside Quicken Loans Arena in Cleveland during the 2016 Republican National Convention (RNC), where Trump was the nominee. While the specific phrase 'form a barrier to Wall off Trump' is slightly ambiguous (likely meaning 'wall off' as in containment or a specific protest slogan), the core elements—protesters, Trump, and Quicken Loans Arena—are factually linked by historical events. The image is verified as real (not AI-generated). The module's answer notes that sources don't explicitly confirm demonstrators *blocked* Trump at that specific location, but they do confirm protests occurred there. Given the strong cont"
ds1754,Not Misinformation,0.9,False,True,"The headline accurately describes the casting in the 2013 film 'The Fifth Estate'. Multiple credible sources, including Wikipedia, IMDb, and Rotten Tomatoes, confirm that Benedict Cumberbatch played the role of Julian Assange in this biographical thriller. The image signals indicate the visual is not AI-generated and aligns with the subject matter. Therefore, the claim is factually correct."
4580,Misinformation,0.6,False,True,"The headline makes a specific, verifiable claim about a personal preference ('Kourtney Kardashian Picks Kylie Jenner's Lip Kit Over Kim Kardashian's Contour Sticks'). The retrieved evidence does not support this specific claim; in fact, evidence [3] under the third query indicates that Kourtney has had 'heated arguments' with Kim, suggesting potential tension rather than a clear preference for Kylie's products over Kim's. Furthermore, the module signals indicate low relevancy (0.2) because the image does not depict the specific products or the context of the claim. While the image is not AI-generated, the combination of a specific, unsupported factual claim and low image relevance to the specific narrative constitutes misinformation in the context of visual verification tasks where the ima"
ds50,Not Misinformation,0.9,False,True,"The claim states that Rachael Drouet has still not tracked down the owners of the decorations. Evidence [3] from BBC News explicitly states: 'Rachael Drouet has still not tracked down the owners of the decorations.' This directly corroborates the headline. The image shows decorations and a cat, which is consistent with the context of the story about a cat stealing decorations, although the image itself does not prove the specific outcome of the search. The visual veracity is genuine (not AI-generated). Therefore, the headline is supported by the evidence."
8392,,,False,False,PARSE_FAILURE
ds7878,Not Misinformation,0.6,False,True,"The image depicts a realistic scene of people wading through floodwaters, consistent with the visual description of a family seeking refuge during a flood. The retrieved evidence confirms that Harinagar in Satkhira, Bangladesh, has indeed suffered significant flooding (e.g., loss of Rs 242.7 million reported in Oct 2023, embankment collapses affecting villages). While the specific image cannot be geotagged to 'Harinagar' with certainty from the text alone, the claim describes a plausible event occurring in a location known for such disasters. The module signals indicate the image is not AI-generated and is partially aligned with the context. There is no evidence suggesting the image is fake or that the event described is impossible; rather, the general context of flooding in Satkhira suppo"
ds4278,Misinformation,0.9,False,True,"The claim that Obama seized Russian mansions to be used as illegal gifts for his daughters Sasha and Malia is false. While the Obama administration did seize two Russian diplomatic compounds in December 2016 as retaliation for election interference (confirmed by PolitiFact and BBC), there is no evidence these properties were intended as gifts for the Obama daughters. The properties were diplomatic assets seized for national security and diplomatic reasons, not personal gifts. The headline conflates the seizure of diplomatic properties with a fabricated narrative about personal gifts to the First Daughters, which is a known debunked rumor."
ds6954,Misinformation,0.9,False,True,"The image is identified as AI-generated (confidence 0.8) with a surreal depiction of a man in a suit floating in space, which bears no resemblance to the subject, Prof. Martin Hairer. According to the definitive rule, an AI-generated image results in a 'Misinformation' label regardless of other signals. Furthermore, the claim contains factual inaccuracies: while Hairer is Austrian, he teaches at EPFL and Imperial College London, not the University of Warwick. The image is completely irrelevant to the specific biographical details provided."
ds3520,Misinformation,0.9,False,True,"The claim states that Ice-T was 18 years old when he signed to Sire Records in 1987. However, multiple evidence sources confirm that Ice-T was born on February 16, 1958. In 1987, he would have been 29 years old, not 18. While the part of the claim regarding signing to Sire Records in 1987 is correct, the specific detail about his age is factually false, rendering the overall claim misinformation."
7044,Not Misinformation,0.9,False,True,"The claim states that Democratic presidential candidate Hillary Clinton was at a rally in Columbus, Ohio. Evidence confirms that Hillary Clinton held multiple rallies and speeches in Columbus, Ohio, specifically on March 4, 2008 (after winning the primary), June 21, 2016 (at Fort Hayes Vocational School), and July 31, 2016 (with Tim Kaine) [1, 2, 3]. Although the image itself does not visually confirm the specific location or date, the event described in the claim is factually grounded in reality. The module signals indicate the image is a genuine photograph (not AI-generated) and shows a woman appearing to be Hillary Clinton. Since the core assertion (Clinton in Columbus) is supported by historical records of her campaign activities, and there is no evidence of AI manipulation or fabricat"
ds9094,Misinformation,0.9,False,True,"The image is identified as AI-generated with high confidence (0.8) due to nonsensical text artifacts ('OLLD PARNG', 'PLEWK $TNC') on the sign, which is a hallmark of generative AI models. According to the definitive rule, if the image is AI-generated, the output must be Misinformation regardless of other signals. The headline claims the image shows 'Two old street parking meters surrounded by weeds,' but the image does not clearly depict two meters (it shows a sign and potentially one meter-like object) and the text evidence confirms the visual content is synthetic and not a real photograph of the described scene."
ds3303,Misinformation,0.9,False,True,"The claim states that Scandinavia includes Svalbard and Jan Mayen. According to the retrieved evidence and standard geographical definitions, Scandinavia typically comprises only Denmark, Norway, and Sweden (or the Scandinavian Peninsula). Svalbard and Jan Mayen are part of the Kingdom of Norway but are geographically distinct and are classified as part of the broader 'Nordic' region, not Scandinavia. Svalbard is explicitly noted as not being part of geographical Norway or the Scandinavian region in the evidence. Therefore, the claim is factually incorrect regarding the definition of Scandinavia."
ds7131,Not Misinformation,0.6,False,True,"The image depicts Karen O performing at the 86th Academy Awards (Oscars), which aligns with the claim that she performed at the ceremony. The retrieved evidence confirms she performed 'The Moon Song' at the 2014 Oscars [1, 3]. While the specific details regarding the designer of her dress (Camilla Staerk) and the specific jewels (Neil Lane) are not explicitly confirmed by the provided snippets, there is no evidence contradicting these specific fashion details. The image is verified as real (not AI-generated). The claim is plausible and consistent with the known event, even if the specific fashion details are not fully corroborated by the limited evidence. Therefore, it is not classified as misinformation."
ds7823,Misinformation,0.9,False,True,"The provided module signals explicitly state that the image is not relevant to the claim, noting that 'The image does not depict the Berlaymont building or any related subject' and 'shows a different structure'. The Berlaymont building is a distinctive, cross-shaped office building in Brussels (confirmed by evidence [1], [2], [3] in the retrieved set). Since the image does not show the building described in the headline, the pairing is misleading and constitutes misinformation. Although the visual veracity signal indicates the image is not AI-generated, the irrelevance of the visual content to the specific entity named in the headline makes the claim false in this context."
1047,Not Misinformation,0.9,False,True,"The retrieved evidence confirms that Kentucky Governor Matt Bevin addressed the Kentucky Chamber of Commerce dinner on Thursday, January 7, 2016. Specifically, evidence item [1] from NY Mag explicitly states: 'Kentucky governor Matt Bevin addresses the Kentucky Chamber of Commerce dinner, Thursday, January 7, 2016.' Additionally, evidence item [2] from Kentucky Living mentions 'Governor Matt Bevin addresses audience at Kentucky Chamber Day in Lexington' on Jan 8, 2016, which is consistent with the event timing (often spanning a weekend or adjacent days). The claim regarding the date and the speaker is supported by direct journalistic records. The location 'Heritage Hall' is a known venue in Lexington (part of the Lexington Convention Center), making the specific detail plausible and consis"
ds8744,Not Misinformation,0.6,False,True,"The image depicts a skateboarder in mid-air, which aligns with the claim of a man skateboarding mid-air. The retrieved evidence does not identify this specific image as part of the recent viral incident involving a man waving a skateboard on a Breeze Airways flight (which involved a shirtless man causing a disturbance, but not performing a skateboarding trick mid-air over people). The evidence regarding a 'skateboard stunt on top of a Melbourne skyscraper' suggests that such dangerous stunts exist and are reported, but does not definitively link the specific image to a false narrative. The image appears to be a genuine action shot (visual_veracity ai_generated=false). The claim is a literal description of the visual content (a man on a skateboard in mid-air). While the 'above some people' "
ds9896,Not Misinformation,0.6,False,True,"The claim 'Alan Johnson has a bad case' is ambiguous but likely refers to Alan Johnson, the former UK Labour politician, given the retrieved evidence. Evidence [1] from Daily Mail and [2] from Mirror confirm that Alan Johnson (the politician) has faced personal scandals, including a divorce and a secret marriage, which could be interpreted as a 'bad case' of personal trouble. There is no evidence linking Alan Johnson (politician) to the health issues of Alan Jackson (country singer), who is a different person. The image shows a man in a suit, consistent with a politician, and is not AI-generated. Since the claim is vague and could be interpreted as referring to the politician's well-documented personal controversies, it is not definitively misinformation, though it is misleading due to the"
ds3482,Misinformation,0.9,False,True,"The claim states that 'Gotham City Sirens' failed to be published. However, multiple pieces of evidence confirm that the comic book series 'Gotham City Sirens' has been published and is ongoing. Specifically, evidence [2] from leagueofcomicgeeks.com lists 'Gotham City Sirens (2024 - Present)', and evidence [1] from comic-watch.com confirms that issue #3 was released on August 21, 2024. Additionally, Wikipedia [1] references specific issues like #7. While there was a planned film project that faced delays or changes in status, the comic series itself was definitely published, making the headline factually incorrect regarding the comic book medium which is the primary subject of the visual evidence."
3081,Misinformation,0.9,False,True,"The claim states that 'Story of My Life' was recorded exclusively by a girl band. Evidence confirms that the most prominent version of the song 'Story of My Life' was recorded by One Direction, which is a boy band, not a girl band [1, 3]. Additionally, the song was recorded by Social Distortion, a rock band [3]. While there are other songs with similar titles (e.g., by Loretta Lynn or Irma Thomas), none are attributed to a 'girl band' in the evidence, and the primary association is with male groups. Therefore, the claim is factually incorrect."
6149,Misinformation,0.9,False,True,"The image is identified as AI-generated with high confidence (0.8). The visual content depicts a dog reading a book, which is a surreal and physically impossible scenario for a real photograph, characterized by nonsensical text on the book cover and overly polished, unnatural features typical of AI synthesis. According to the definitive rule, if the image is AI-generated, the output must be Misinformation regardless of the headline's semantic alignment or the general philosophical validity of the claim 'sometimes it's better not to know.' The irrelevance of the image to the headline further supports the classification of this pair as misleading or fabricated content."
ds6053,Misinformation,0.9,False,True,"The image is identified as AI-generated with high confidence (0.9), depicting a surreal and impossible scenario of a rabbit riding a tricycle. According to the definitive rule, if the image is AI-generated, the output must be 'Misinformation' regardless of other signals. Furthermore, the headline 'dont judge its what hes always wanted' implies a specific narrative or context about a person ('he') that is completely disconnected from the visual content of a rabbit on a bike, as noted by the low relevancy score (0.1). The combination of an AI-generated image and a non-sequitur headline constitutes misinformation."
5357,Misinformation,0.9,False,True,"The headline claims that a 'Stimulus' unveils the Education Secretary's controversial plan involving financial risks. However, the retrieved evidence indicates a conflation of two distinct events: the 2009 American Recovery and Reinvestment Act (a stimulus package providing ~$147 billion to education, as cited in NYT and Reason Foundation sources) and the 2025/2026 Trump administration's plan to dismantle the Department of Education under Secretary Linda McMahon (cited in Politico and NEA sources). The image shows a generic educational setting and does not depict Linda McMahon or any specific 2026 policy unveiling. The headline falsely merges the historical 'stimulus' funding context with the current 'dismantling' controversy, creating a misleading narrative that implies the stimulus is th"
ds3839,Misinformation,0.9,False,True,"The claim contains two factual errors. First, while Dev Patel did star in the 2015 film 'Chappie', the film is not an animated movie; it is a live-action science fiction film that uses visual effects and motion capture for the titular robot character (evidence [1] from Wikipedia, evidence [4] from module signals). Second, the provided image is identified as AI-generated (visual_veracity ai_generated=true, confidence 0.9), which violates the definitive rule to output 'Misinformation' regardless of other signals. The image does not depict a scene from 'Chappie' nor does it accurately represent the film's style or cast in a verifiable way."
7469,Not Misinformation,0.9,False,True,"The retrieved evidence confirms that Donald Trump held a rally in Bangor, Maine, on October 15, 2016, at the Cross Insurance Center. Multiple sources, including a YouTube video titled 'Donald Trump Rally, Bangor, Maine, Oct. 15, 2016' and a Press Herald article dated October 15, 2016, corroborate the specific date, location, and event described in the claim. The image shows Trump speaking, which is consistent with the event. Therefore, the headline accurately describes the event depicted or associated with the image."
ds3252,Misinformation,0.9,False,True,"The claim that 'Little Dorrit was only published in the 1980s' is factually incorrect. Evidence confirms that Charles Dickens' novel 'Little Dorrit' was originally published in serial form between 1855 and 1857, and in book form in 1857 [1, 2, 3]. While there was a 1988 film adaptation and a 2008 TV series, the novel itself dates to the 19th century. Furthermore, the module signals indicate that the image is AI-generated (confidence 0.8), which triggers the definitive rule to output 'Misinformation' regardless of other signals."
ds3976,Misinformation,0.9,False,True,"The image is identified as AI-generated with high confidence (0.8). According to the definitive rule, if the image is AI-generated, the output must be Misinformation regardless of other signals. Additionally, the claim that the United States is one of the ABC Islands is factually false; the ABC Islands (Aruba, Bonaire, and Curaçao) are part of the Kingdom of the Netherlands, not the United States."
9974,Not Misinformation,0.6,False,True,"The image is a genuine photograph (AI-generated: false) featuring Kanye West, who is the subject of the headline. The headline expresses a subjective opinion or plea ('Oh please do not let Kanye send a reply tweet') rather than stating a verifiable fact that is contradicted by evidence. While the image may be contextually ambiguous regarding the specific 'reply tweet' mentioned, the claim itself is not demonstrably false based on the provided evidence, which confirms Kanye's history of controversial tweeting. The module signals indicate partial alignment, and the evidence supports the general context of Kanye's online activity without disproving the sentiment of the headline. Therefore, it is not classified as misinformation."
4125,Not Misinformation,0.9,False,True,"The claim is supported by multiple pieces of evidence. Kevin Hart appeared in J. Cole's music video for 'Daddy's Little Girl' (released in 2011), where he played the role of an unfaithful man. This role was widely reported as reflecting Hart's real-life 2017 cheating scandal, where he admitted to infidelity with his then-pregnant wife, Eniko Parrish. The image provided shows Kevin Hart, consistent with the subject of the headline. Although the headline uses the present tense 'Relives' and the video is from 2011 (predating the 2017 scandal), the core assertion that Hart played himself/an unfaithful man in a J. Cole video in the context of his scandal is factually grounded in the media narrative that linked the two. The module signals correctly identified the lack of direct visual context bu"
ds2506,Not Misinformation,0.9,False,True,"The claim is supported by specific evidence found in the retrieved snippets. Snippet [3] from the first evidence block explicitly states: 'There is now fencing around the first two buildings to catch the falling bricks and the courtyards have been closed off to visitors'. This directly confirms the existence of such fences in Warsaw for the stated purpose. The image shows a building with protective fencing, consistent with this description. The other snippets regarding falling bricks in other cities (Edmonton, Bath, London) or historical ruins (1946) do not contradict the specific claim about Warsaw's current safety measures, and the specific Warsaw snippet confirms the practice exists."
ds6253,Misinformation,0.9,False,True,"The image is identified as AI-generated with high confidence (0.9). The module signals explicitly state that the image features a surreal combination of a rodent in a car with human characters and nonsensical text overlay, which are artifacts of AI generation rather than a real photograph or a standard meme template. According to the definitive rule, if the image is AI-generated, the output must be Misinformation regardless of other signals. The headline references a specific meme format ('get in loser were going shopping imgur'), but the provided image is an AI hallucination of that concept, not the actual meme or a real photo associated with it."
ds6291,Misinformation,0.9,False,True,"The image is identified as AI-generated (visual_veracity.ai_generated=true, confidence=0.9). The module explanation notes that the anatomy is unnatural and the scenario (a human riding a gazelle) is physically improbable for a standard statue depiction, suggesting manipulation or generation. While real statues of humans with gazelles exist (e.g., the 'Bronze Gazelle Statue' in Libya or works by Marshall Fredericks), they typically depict a figure standing next to, stroking, or holding the horns of the animal, not riding on its back in a manner consistent with the provided image. The definitive rule states that if the image is AI-generated with high confidence, it must be labeled as Misinformation."
ds9638,Not Misinformation,0.9,False,True,"The claim states that two presenters appeared on YouTube to say a story was staged. Evidence confirms that Tania Reza and Enrique Tovar, hosts of 'A Toda Máquina', appeared in a YouTube video (specifically cited in evidence [1] under 'When did they appear') where they initially claimed the on-air groping incident was a hoax/staged. Although subsequent reports indicate Reza later recanted and claimed she was pressured, the specific claim that they appeared on YouTube to say the story was staged is factually accurate based on the viral video released in late October 2015. The image is a genuine screenshot from this event/video, not AI-generated."
ds994,Not Misinformation,0.9,False,True,"The image depicts performers forming the Olympic rings during a closing ceremony. Evidence confirms that the Olympic rings were indeed featured and assembled during the closing ceremony of the Paris 2024 Olympics (Source [1] from Q4, Source [3] from Q1). The visual veracity signals indicate the image is not AI-generated. The claim aligns with factual events from the recent Paris 2024 Games, which are the most likely subject of such a general description unless specified otherwise. The module signals also support this alignment."
ds5728,Not Misinformation,0.9,False,True,"The image is a real magazine cover featuring Jenny McCarthy, and the module signals confirm it is not AI-generated (ai_generated=false). The headline claims her 'debut' was in 1995. While evidence indicates her modeling career began in 1993 (Playmate of the Year 1994) and her TV debut was 1995 (MTV's Singled Out), the term 'debut in the Entertainment Industry' can reasonably refer to her television debut or her rise to mainstream fame, which is widely cited as occurring around 1995 (e.g., being named Playmate of the Year in 1995 in some contexts, or the start of her TV career). The headline is not definitively false as it describes a 'journey' and 'rise to fame' starting from that period, rather than a strict factual error about her very first professional act. The image aligns with the su"
2731,Not Misinformation,0.9,False,True,"The image depicts a doll in a car window, which aligns with the claim of an 'innovative take' on a 'baby on board' sticker. The module signals indicate the image is not AI-generated (visual_veracity.ai_generated=false). The retrieved evidence confirms that 'innovative', 'funny', and 'creative' baby on board stickers are a widespread trend available on platforms like Etsy, TikTok, and Temu, often featuring humorous designs or unconventional items. The headline accurately describes the visual content as a creative variation of a common car accessory."
ds2331,Not Misinformation,0.9,False,True,"The image depicts a man on a tennis court holding a racquet, which aligns perfectly with the provided claim. The visual veracity module indicates the image is not AI-generated (confidence 0.0 for AI generation). The retrieved evidence confirms that such images are common stock photography (Getty Images, Shutterstock) and that the scene is consistent with real-world tennis activities and events. There is no evidence suggesting the image is fake or the claim is false."
9107,Misinformation,0.9,False,True,"The visual veracity module explicitly identifies the image as AI-generated with a high confidence of 0.8. The explanation notes contextual anomalies such as unusual texture and lighting inconsistent with a typical kitchen environment. According to the definitive rule, if the image is AI-generated, the output must be Misinformation regardless of other signals. The retrieved evidence confirms that while silver ovens and common kitchen layouts exist, the specific image provided is synthetic and not a real photograph of a scene."
ds3649,Misinformation,0.9,False,True,"The claim states that 'An Educated' was created by journalist Nora Ephron. This is factually incorrect. 'Educated' is a memoir by Tara Westover, published in 2018, long after Nora Ephron's death in 2012. Nora Ephron was a journalist and filmmaker known for works like 'Heartburn' and 'When Harry Met Sally...', but she had no involvement with Tara Westover's memoir. The retrieved evidence confirms Ephron's biography and works, none of which include 'An Educated', and the module signals explicitly state that Ephron did not create this work. Therefore, the claim is false."
7187,Not Misinformation,0.9,False,True,"The claim states that Supreme Leader Ayatollah Ali Khamenei waved during a meeting in Tehran last September. Evidence confirms that Khamenei made a public appearance in Tehran on September 17, 2022, at a religious ceremony (Arbaeen) where he addressed attendees and was seen waving to the crowd (Evidence [3] from Al Arabiya and Evidence [2] from Alamy/Reuters context). Additionally, he held a meeting with war veterans on September 21, 2022 (Evidence [2] from Alamy). The image signals indicate the photo is not AI-generated and partially aligns with the event. The specific action of 'waving' is corroborated by reports of his September 17 appearance where he waved to the crowd. Therefore, the headline accurately describes a real event that occurred in September 2022."
ds5161,Misinformation,0.9,False,True,"The claim that Mike Pence has 'secret ties to a Russian spy agency' is false and contradicted by available evidence. Retrieved sources indicate that Pence has consistently taken a hardline stance against Russia, describing Russian aggression as a major threat to NATO allies (Source 3). There are no credible reports or evidence linking Pence to Russian espionage; instead, allegations of espionage in recent years have primarily involved other contexts, such as China or the UK (Sources 1-3 under espionage). The headline presents a fabricated narrative not supported by factual reporting."
ds4423,Misinformation,0.9,False,True,"The claim that Floyd Mayweather Jr. donated a 'whopping sum' (specifically $200 million in related viral posts) to Houston after a hurricane is false. Multiple fact-checking organizations, including PolitiFact and That's Nonsense, have explicitly debunked this story as fake news. While Mayweather is known for charitable acts, there is no evidence of such a massive donation to Houston for Hurricane Harvey relief. The image provided, showing Mayweather holding a bill, is generic and does not substantiate the specific, exaggerated claim in the headline."
8155,Misinformation,0.9,False,True,"The claim is demonstrably false on multiple factual grounds. First, Charlie Pierce is a journalist (notably for Esquire and The Guardian) and was a critic/commentator on Mitt Romney's 2012 campaign, not a member of his staff. Evidence [1] and [3] confirm Pierce wrote critical articles about Romney during that period. Second, the image provided depicts a disaster scene with significant destruction, which contradicts the specific claim of a phone call in a wire factory doorway. The visual content is unrelated to the described event. Third, while there was a factory explosion in Ohio in 2012 (I Schumann & Co.), there is no evidence linking Charlie Pierce to a phone call in such a setting, nor is there any record of him being Romney staff. The combination of a false identity (staff vs. journal"
ds7055,Misinformation,0.9,False,True,"The image provided does not match the claim. The claim describes a specific historical photograph from 1947 featuring Leeroy Murray (aged two), his parents, and brothers on Hampstead Heath. However, the module signals explicitly state that the image 'does not depict the specific subjects or event' and shows 'a person sitting outside a building' instead. Furthermore, the visual veracity module indicates the image is a genuine photograph (not AI-generated), but the content is irrelevant to the historical context described. Evidence [3] from the retrieved sources confirms that a Picture Post article did feature the Murray family walking on Parliament Hill (part of Hampstead Heath) in 1947, but the image in question is clearly not that historical snapshot, as it depicts a modern or unrelated s"
8165,Not Misinformation,0.6,False,True,"The claim involves a specific individual (Emily Cruse Elliott) performing at a specific event (Blue Ribbon Bacon Fest). The retrieved evidence confirms that the Blue Ribbon Bacon Festival is a real, recurring event in Des Moines, Iowa, and that the 2023 edition took place in May. However, the evidence does not contain specific information linking Emily Cruse Elliott to a performance at 'Club Sizzle' during this event. The module signals suggest a high confidence (0.9) for this specific link, but the provided web evidence snippets do not corroborate the specific identity of the dancer or the 'Club Sizzle' venue context within the festival. The image is verified as real (not AI-generated). Due to the lack of specific evidence confirming the person and the specific sub-event/venue combination"
1449,Not Misinformation,0.9,False,True,"The claim contains three main assertions: 1) Hinchliffe Stadium opened in 1932, 2) it hosted Negro League and barnstorming games, and 3) it is now abandoned and in ruins. Evidence confirms the first two points definitively: the stadium was constructed in 1932 and is a historic Negro League ballpark [1, 3, 1]. Regarding the third point, while the stadium underwent a major renovation and reopened in May 2023, the image depicts a scene of decay (staircase in ruins) which aligns with the stadium's state for decades (abandoned since 1997) and potentially captures pre-renovation conditions or specific remaining structural decay often associated with its 'ruins' status in popular memory and media. The module signals indicate the image is real (not AI-generated) and partially aligned. Given that t"
4647,Misinformation,0.9,False,True,"The headline claims that Angelina Jolie and Jennifer Aniston did NOT have a face-to-face meeting. However, multiple pieces of evidence confirm that they did meet in person. Specifically, Jennifer Aniston has publicly stated that she met Angelina Jolie only once, in 2004, while she was still married to Brad Pitt [2], [3]. Aniston described this encounter in interviews, including a 2006 Vanity Fair profile and recent 2024 comments [1], [2]. Since the core factual claim of the headline (that they never met) is demonstrably false based on the celebrities' own accounts, the content is misinformation."
ds4064,Not Misinformation,0.9,False,True,"The image is a genuine photograph of Brad Pitt (visual_veracity ai_generated=false), and the headline is a clickbait-style question regarding his net worth, which is a factual topic. The retrieved evidence confirms that Brad Pitt's net worth is estimated to be between $300 million and $400 million, derived from his acting and producing career. The headline does not contain a false statement or deceptive claim; it merely poses a question about a well-documented fact. Therefore, it is not misinformation."
ds2877,Not Misinformation,0.9,False,True,"The image depicts a decomposing leaf, and the headline claims it was found just offshore at a local reservoir. Evidence [1] from Reddit explicitly matches the headline text ('One of many decomposing leaves found just offshore at the local reservoir'), indicating that this specific image and caption originated from a user post describing a real-world observation. The visual veracity signals confirm the image is not AI-generated. While the specific 'local reservoir' is not identified in the evidence, the direct textual match with the source of the image confirms the claim is a description of the photo's context rather than a fabricated or misleading statement."
7330,Misinformation,0.9,False,True,"The image depicts a group of people in an indoor or event setting, which is visually inconsistent with the Millennium Bridge in central London, a pedestrian suspension bridge over the River Thames. The module signals correctly identify that the image does not depict the subject or location claimed in the headline. Furthermore, there is no evidence linking Jonathan Jones (whether the football player or the journalist) to the Millennium Bridge. The mismatch between the visual content (a crowd/event) and the caption (a specific landmark and person) constitutes a clear case of misinformation."
ds5062,Misinformation,0.9,False,True,"The headline claims that COVID-19 vaccines alter DNA and increase the risk of genetic mutations. This claim is scientifically false and contradicted by extensive evidence. The primary mRNA vaccines (Pfizer, Moderna) do not enter the cell nucleus where DNA is located and therefore cannot alter human DNA [1]. Furthermore, reputable studies have found no association between COVID-19 vaccines and an increased risk of cancer or genetic mutations [1] in the 'COVID vaccine increases genetic mutation risk' section. The image provided is a generic stock photo of a laboratory setting and does not depict any specific study or evidence supporting the claim, serving only as a misleading visual anchor for the false headline."
ds5124,Misinformation,0.9,False,True,"The claim that Joe Biden admitted to plotting election fraud with foreign powers is false. Multiple fact-checking sources confirm that Biden did not admit to election fraud; rather, he was discussing measures to combat voter fraud or was taken out of context in viral clips [1, 2, 3]. Furthermore, there is no credible evidence of a 'tape' where Biden admits to conspiring with foreign powers regarding election fraud. The module signals correctly identify that the image (depicting Hillary Clinton) is irrelevant to the claim about Biden, and the answers correctly debunk the core assertion. The headline presents a fabricated narrative unsupported by evidence."
6119,Misinformation,0.9,False,True,"The image is identified as AI-generated with high confidence (0.8). The visual content depicts a surreal scene with cartoonish characters and dog faces, which does not align with the claim's reference to the phrase 'not no way not no how' (a famous quote from the 1939 film *The Wizard of Oz* spoken by the Cowardly Lion or the Gatekeeper). The mismatch between the AI-generated, nonsensical imagery and the specific cultural reference in the headline confirms the content is misleading and fabricated."
5317,Misinformation,0.9,False,True,"The claim that herbal tea from the Amazon Rainforest 'eradicates' COVID-19 instantly is false and medically dangerous. Multiple authoritative sources, including the World Health Organization (WHO) and fact-checking organizations like AFP and The Logical Indian, explicitly state that there is no cure for COVID-19 involving herbal teas or steam inhalation, and such claims are misleading [1, 2]. Furthermore, regulatory bodies like the FTC have taken legal action against marketers making false claims that herbal teas can treat or cure COVID-19 [2]. While some studies suggest tea polyphenols may have antiviral properties in laboratory settings or potentially reduce infection risk, they do not support the claim of 'instant eradication' or a cure [1, 2, 3]. The image of a generic tea cup does not"
ds8378,Not Misinformation,0.9,False,True,"The claim that Richard Dawkins and Rowan Williams debated the role of religion in the 21st century is factually correct. Evidence confirms they debated at the Cambridge Union on January 31, 2013, on the motion 'this house believes religion has no place in the 21st century' [1, 2, 3]. The image shows a person who appears to be a religious figure (consistent with Rowan Williams, the former Archbishop of Canterbury) and is not AI-generated. The module signals indicate partial alignment due to uncertainty about the specific individuals in the image, but the core factual claim of the headline is supported by multiple sources. Since the image is verified as real (not AI-generated) and the event described actually occurred, the pair is not misinformation."
8719,Misinformation,0.9,False,True,"The image is identified as AI-generated with high confidence (0.8). The visual veracity module explicitly states that the image features a bright green bus that appears overly saturated and lacks realistic shading, suggesting it is not a real photograph. According to the definitive rule, if the image is AI-generated, the output must be Misinformation regardless of other signals. While there are real-world examples of pink and green buses (e.g., in Balochistan or the UK), the specific image provided is synthetic and does not depict a real event or object, making the claim that this specific image shows a parked bus misleading."
6563,Misinformation,0.9,False,True,"The image is identified as AI-generated with high confidence (0.8) by the visual veracity module. The definitive rule states that if the image is AI-generated, the output must be Misinformation. Furthermore, the retrieved evidence indicates that there are no real-world references to factory workers wearing pink hair towels; such images typically depict women in bathrooms or are generic stock photos of hair towels. The combination of an AI-generated image with a highly specific and unsupported claim constitutes misinformation."
ds3412,Misinformation,0.9,False,True,"The claim states that Castlevania came out in Japan in 1990. However, multiple authoritative sources confirm that the original Castlevania game (known as Akumajō Dracula in Japan) was first released in Japan on September 26, 1986, for the Family Computer Disk System. While a spin-off titled Kid Dracula was released in Japan in 1990, the primary title 'Castlevania' did not release in Japan in 1990. Therefore, the headline is factually incorrect regarding the release date of the main series entry."
966,Misinformation,0.9,False,True,"The claim that Marco Rubio grilled at the Iowa Pork Producers Pork Tent during the 2015 Iowa State Fair is false. Retrieved evidence confirms that while the Iowa Pork Producers Pork Tent was a significant venue for presidential candidates during the 2015 fair, the specific individuals documented grilling or serving pork there were Donald Trump and Carly Fiorina (Evidence [2] from Getty Images and [3] from AOL). There is no evidence in the retrieved sources or the module's answer snippets indicating that Marco Rubio participated in grilling activities at this specific tent. The module's answer snippets explicitly state there is no evidence of Rubio grilling at the fair. Therefore, the image caption attributes an action to a person that did not happen, constituting misinformation."
ds5156,Misinformation,0.9,False,True,"The claim that new research shows COVID-19 vaccines cause permanent memory loss is false. Extensive scientific evidence and major health organizations (such as the CDC and WHO) have found no link between COVID-19 vaccines and permanent memory loss. The retrieved evidence supports this by highlighting that common side effects are temporary (e.g., soreness, fatigue, fever) and that studies regarding other alleged side effects (like infertility or weight loss) have been debunked or found to have no causal link. Furthermore, research on vaccine efficacy drops attributes changes to variants and behavior, not cognitive decline. The image provided is generic and does not depict memory loss, making the headline a misleading association with a non-existent scientific finding."
ds2814,Not Misinformation,0.6,False,True,"The image depicts a handwritten note used as a bookmark in a book, which aligns with the claim of finding a Father's Day note in a used bookstore. The module signals confirm the image is not AI-generated (visual_veracity ai_generated=false). While the specific anecdote of this exact note in a specific fishing book in Knoxville cannot be definitively verified by the provided search results (which only confirm the existence of used bookstores in Knoxville like McKay's and Addison's), there is no evidence to suggest the image is fake or the claim is maliciously deceptive. The claim is a plausible personal anecdote ('found this...') rather than a verifiable historical fact or news event. Therefore, it is classified as Not Misinformation, though confidence is medium due to the lack of specific "
ds6955,Misinformation,0.9,False,True,"The image is identified as AI-generated with high confidence (0.8), depicting a surreal and unrealistic scene of two elderly men sitting with a bear. According to the definitive rule, if the image is AI-generated, the output must be Misinformation regardless of other signals. Furthermore, the retrieved evidence confirms there is no documented relationship or association between Henry Kissinger and Sepp Blatter, making the claim factually baseless as well."
ds6481,Not Misinformation,0.9,False,True,"The image depicts Vladimir Putin and Borut Pahor, which is factually correct as both individuals held the offices of President of Russia and President of Slovenia respectively during the period when they met (specifically in 2016 and 2017). The retrieved evidence confirms multiple meetings between the two leaders, including a visit by Putin to Slovenia in July 2016 for the Russian Chapel ceremony and a meeting at the Kremlin in 2017. Although the module signals contain a hallucinated date (July 30, 2026), the core claim that the photo shows these two individuals is supported by visual identification and historical records of their diplomatic interactions. The image is not AI-generated."
5084,Misinformation,0.9,False,True,"The claim that the Senate voted unanimously to ban all independent media critical of the government is factually false. There is no record of such a vote; the Senate has not passed legislation banning independent media. Furthermore, the image provided is identified as AI-generated (confidence 0.8), which automatically triggers the 'Misinformation' label under the definitive rules. The visual content, featuring a stylized elephant logo superimposed on the Capitol, is a fabricated graphic designed to mislead viewers into believing a specific political event occurred. The retrieved evidence confirms that recent Senate activities involved votes on contempt of Congress (Fauci) or social media age restrictions (KOSMA), but nothing resembling a ban on independent media."
ds1963,Not Misinformation,0.6,False,True,"The image depicts heavy traffic on a motorway, which aligns with the claim of heavy traffic on the M5 during a previous Easter getaway. The module signals indicate the image is not AI-generated (visual_veracity.ai_generated=false). The retrieved evidence confirms that the M5 motorway in the UK frequently experiences significant traffic congestion and 'traffic hell' during Easter getaways, with reports of double journey times and long queues (Evidence [1], [2], [3] from the first set; Evidence [1], [2], [3] from the second set). While the specific date or exact location within the M5 cannot be definitively verified from the image alone, the claim is historically accurate and consistent with reported events. The partial alignment in the module signals is due to the inability to pinpoint the "
9347,Not Misinformation,0.9,False,True,"The image is verified as real (AI-generated: false) and depicts a man wearing glasses and a purple/lavender-colored garment (identified as a scarf in the module signals, but visually consistent with the 'lavender shirt' claim in terms of color and general appearance). The claim describes the visual content of the image. While the specific identity of the man is not established as a public figure in the evidence, the claim is a descriptive statement about the image's content rather than a false attribution of a specific event or person. The visual elements (man, glasses, lavender/purple clothing) are present. The evidence confirms that men wearing glasses and lavender shirts are common stock photo subjects and fashion trends, supporting the plausibility of the image's content. There is no e"
ds4921,Not Misinformation,0.6,False,True,"The headline claims that Justin Bieber and Kourtney Kardashian 'still talk,' which is supported by multiple evidence snippets citing reports of private messages resurfacing and insiders describing their relationship as a 'flirty friendship' where they remain in contact [1, 2, 3]. The image shows two individuals at a formal event; while the module signals low relevancy (0.1) because the specific identities are not definitively confirmed in the visual analysis, the image is not AI-generated (visual_veracity ai_generated=false). The headline's core assertion regarding the communication between Bieber and Kardashian is factually grounded in the provided evidence. The second part of the headline ('Selena & Younes Shouldn't Worry') is a subjective opinion or commentary typical of entertainment n"
3169,Misinformation,0.9,False,True,"The claim is false on multiple levels. First, the visual evidence indicates the image is AI-generated (confidence 0.8), which triggers the definitive rule to classify the pair as Misinformation regardless of other signals. Second, the factual claim regarding Ian Gillan's birth date is incorrect; Ian Gillan was born on August 19, 1945, not May 19, 1945, as confirmed by multiple sources including Wikipedia, IMDb, and official biographies. The image of a baby in a stroller is also irrelevant to the specific historical figure and date mentioned."
2004,Not Misinformation,0.6,False,True,"The image depicts a realistic basketball game scene, and the visual veracity signal indicates it is not AI-generated (confidence 0.0 for AI generation). The headline 'THERE IS A GAME A BASKETBALL GAME GOING ON' is a general statement that aligns with the visual content. While the specific timing ('today') or location cannot be verified without metadata, the claim is not demonstrably false or deceptive given the generic nature of the statement and the lack of contradictory evidence. The retrieved evidence confirms that basketball games are ongoing events globally (NBA, NCAA, etc.), supporting the plausibility of the image being a snapshot of a real event. The module's answers indicate uncertainty about the specific date but do not refute the existence of the game depicted."
4046,Not Misinformation,0.9,False,True,"The headline states that George H.W. Bush died at 94 in New York. The retrieved evidence confirms that George H.W. Bush died on November 30, 2018, at the age of 94. While the evidence specifies he died in Houston, Texas, the core factual claim regarding his death and age is correct. The module signal regarding relevancy notes the image shows him alive, which is a mismatch for a death announcement, but the prompt's definitive rule only mandates a 'Misinformation' label if the image is AI-generated (which it is not). Since the text claim is factually accurate regarding the event and age, and the image is a genuine photograph (not AI), the pair is not classified as misinformation under the strict rules provided, although the image choice is contextually poor for a breaking news death report."
8531,Not Misinformation,0.6,False,True,"The image depicts a realistic kitchen scene with decorative elements, consistent with the claim of a 'decorated interior'. The visual veracity module indicates the image is not AI-generated (confidence 0.0 for AI generation, implying high confidence it is real). While the 'smaller' aspect of the kitchen is difficult to verify definitively from a single cropped view, the image does not contradict the claim, nor does it exhibit signs of manipulation or AI fabrication that would constitute misinformation. The evidence supports the existence of such decorated small kitchens as a common design trend."
ds8617,Misinformation,0.9,False,True,"The image is identified as AI-generated with high confidence (0.8). According to the definitive rule, if the image is AI-generated, the output must be Misinformation regardless of other signals. The visual veracity module explicitly states that the image exhibits signs of AI generation due to unnatural blending and lighting inconsistencies. Therefore, the claim that this is a real image of a parking meter in front of a restaurant and parking lot is false because the image itself is synthetic."
1052,Not Misinformation,0.9,False,True,"The claim is fully supported by the retrieved evidence. Evidence [3] from Apple's Newsroom confirms the iPhone 5C was introduced on September 10, 2013, in Cupertino, California. Evidence [2] from Apple's Newsroom and Evidence [1] from Simple English Wikipedia confirm the release date was September 20, 2013. Additionally, Evidence [1] from NBC News explicitly describes an image of an iPhone 5C being displayed during an Apple product announcement at the Apple campus on September 10, 2013, which matches the visual description in the claim. The module signals correctly identified the image as non-AI and relevant."
2929,Not Misinformation,0.9,False,True,"The image depicts a nurse with colorful hair, which aligns with the viral story of Mary Walls Penney, a nurse from West Virginia who faced criticism for her rainbow-colored hair and tattoos. Multiple credible news sources (Fox8, HuffPost, Upworthy) confirm that she responded to shamers by emphasizing that her appearance does not affect her ability to provide life-saving care. The visual content is verified as real (not AI-generated) and the headline accurately reflects the widely reported event."
5939,Misinformation,0.9,False,True,"The claim asserts that Vic Mensa has roots in Houston, Texas, which directly contradicts established biographical facts. Evidence confirms that Vic Mensa was born and raised in Chicago, Illinois, and his musical style is heavily influenced by Chicago's hip-hop and punk scenes (e.g., 93Punx), not Houston. Furthermore, the image provided is identified as AI-generated (confidence 0.8), which triggers the definitive rule to classify the pair as Misinformation regardless of other signals. The combination of a fabricated geographic origin and an AI-generated visual makes this a clear case of misinformation."
ds3503,Misinformation,0.9,False,True,"The claim that 'The Hunger Games are based on a play' is factually incorrect; the franchise originated as a series of novels by Suzanne Collins, with a play adaptation created later. Furthermore, the visual evidence provided is AI-generated (confidence 0.8), which triggers the definitive rule to classify the pair as Misinformation regardless of the textual claim's nuance. The image depicts a surreal, non-coherent scene with garbled text, indicating it is not a genuine representation of a theatrical production or the original source material."
ds6940,Misinformation,0.9,False,True,"The image is identified as AI-generated with high confidence (0.8). The visual evidence includes a surreal and unrealistic combination of a child reading a book next to a skeleton, along with garbled, nonsensical text on the book cover, which are hallmarks of AI synthesis rather than a real photograph. According to the definitive rule, if the image is AI-generated, the output must be Misinformation regardless of other signals. Furthermore, the retrieved evidence does not support the specific claim that this is a real photo of an Indonesian girl reading a specific anti-trafficking comic; while anti-trafficking comics exist (e.g., distributed by Himalayan Children's Charities in Nepal), there is no evidence linking this specific AI-generated image to a real event or person in Indonesia."
ds8840,Misinformation,0.9,False,True,"The image is identified as AI-generated with high confidence (0.8). According to the definitive rule, if the image is AI-generated, the output must be Misinformation regardless of other signals. Additionally, the visual content contradicts the claim: the truck is on grass, not green asphalt, and the scene appears unnatural for a construction vehicle."
ds4482,Misinformation,0.9,False,True,"The claim that 'San Juan Teamsters Didn't Show Up for Work to Distribute Relief Supplies' is false. Evidence from Snopes explicitly debunks the narrative that Puerto Rico's Teamsters Union went on strike or skipped work during disaster relief efforts, stating instead that they were actively working with local leadership to help members and communities [2]. Furthermore, the retrieved evidence shows that Teamsters unions are generally involved in relief efforts (e.g., Local 25 sending supplies to North Carolina) [2], and there is no credible reporting supporting the specific allegation of a work stoppage by San Juan Teamsters to withhold aid. The image provided is generic and does not substantiate the specific claim, while the textual evidence directly contradicts the core assertion of the h"
ds4702,Not Misinformation,0.9,False,True,"The headline asks a question ('Why Friends Think She's Got A Secret') rather than stating a definitive false fact. The retrieved evidence confirms that Gwen Stefani and Blake Shelton have indeed welcomed a child (Harmony Iris Shelton) and that there are public discussions about their relationship dynamics (e.g., the 'third party' secret ingredient to their marriage). While the specific claim about 'friends thinking she has a secret' is vague, the core subject matter (their family and relationship secrets) is grounded in reported events. The image is a genuine photograph of the couple. The module signals contain conflicting and potentially hallucinated dates (2025/2026), but the retrieved web evidence supports the existence of the baby and the relationship context, making the headline a pla"
1231,Misinformation,0.9,False,True,"The claim states that Robert Griffin III (RGIII) was the quarterback for the Redskins during a game at Raymond James Stadium. However, evidence confirms that RGIII was released by the Washington Redskins in March 2016 and did not play for them after the 2015 season. The Redskins played at Raymond James Stadium in August 2016 and August 2017, but RGIII was not on the team during these games. Therefore, the image cannot depict RGIII warming up as a Redskins quarterback at that stadium, making the headline factually incorrect regarding the identity of the player and the timeline."
4217,Not Misinformation,0.6,False,True,"The headline claims J.Lo is 'wild' over A-Rod's kisses and that their makeouts are 'next level'. The retrieved evidence confirms that Jennifer Lopez and Alex Rodriguez were indeed a couple who were frequently photographed kissing and were described as passionate (e.g., 'Kiss & Make Up', 'J-Lo & A-Rod Are Really in Love'). While they have since split (as of 2021/2023), the specific claim about their past behavior regarding passionate kisses is supported by historical reports from the time they were together. The image shows J.Lo, which is relevant to the subject. The headline likely refers to a specific past event or general characterization of their relationship during its peak, which is factually grounded in the evidence of their public displays of affection. It is not AI-generated, and t"
992,Not Misinformation,0.9,False,True,"The image depicts a flooded area with homes and businesses, which aligns with the claim of flooding near the Shiawassee River and Refuge in Michigan. The retrieved evidence confirms that the Shiawassee River has experienced significant overflow and flooding due to severe storms in mid-Michigan (Source 1, Source 2). Additionally, there is evidence of FEMA assistance for residents and businesses affected by recent flooding and tornadoes in Michigan (Source 3, FEMA link). While the specific image might be a generic representation of such events, the core claim that high water has overrun homes and businesses in this region is supported by news reports of severe flooding and subsequent damage/response efforts. The visual veracity check indicates the image is not AI-generated."
ds6586,Misinformation,0.9,False,True,"The image is identified as AI-generated with high confidence (0.9) by the module signals, depicting a surreal and physically impossible scenario of jellyfish floating in a bedroom. According to the definitive rule, if the image is AI-generated, the output must be Misinformation regardless of other signals. The headline 'a person holds their hand on a bed' implies a realistic, mundane action, which contradicts the fabricated, surreal nature of the image. The retrieved evidence confirms that while 'hand on bed' is a common stock photo theme, actual jellyfish do not float in bedrooms, and the specific image described (jellyfish in a bedroom) is a known output of AI image generators like Craiyon, further supporting the conclusion that the image is not a genuine representation of the claim."
ds1582,Misinformation,0.9,False,True,"The claim asserts that Norway won 3-1 against England in the European Under-21 Championship. While evidence [2] confirms a 3-1 victory for Norway over England in the U21 Championship, this match took place in 2013. The player identified in the claim, Ørjan Nyland (Nyland Haskjold), was born in 1990 and would have been 22 years old in 2013, making him ineligible for the Under-21 team (he played for the senior national team). Furthermore, recent evidence [2, 3] indicates that in the 2026 FIFA World Cup, England defeated Norway 2-1. The claim conflates a historical U21 result (where Nyland did not play) with the player's identity, creating a factual impossibility. Additionally, the module signals indicate the image is not AI-generated, but the textual claim is factually incorrect regarding th"
ds6549,Misinformation,0.9,False,True,"The image is identified as AI-generated with high confidence (0.8) due to the presence of surreal elements, specifically angel wings on the mother, which are not physically real. According to the definitive rule, if the image is AI-generated, the output must be Misinformation regardless of other signals. The headline describes a realistic scene ('A smiling young mother holding her infant child'), but the image depicts a fantastical scenario, making the pairing misleading and the image itself a fabrication."
ds1547,Not Misinformation,0.9,False,True,"The claim is factually accurate based on the retrieved evidence. The size of Watarrka National Park is approximately 105,700 hectares (often rounded to 105,200 in some contexts or referring to specific land parcels, but the magnitude is correct), and the park is located on the traditional lands of the Martutjarra-Luritja people, who are recognized as the traditional owners and custodians of the area, including Kings Canyon. Evidence [3] from the Daily Mail and [3] from The Hotel Conversation explicitly link the Martutjarra-Luritja people to the custodianship of the land within Watarrka/Kings Canyon. The image is verified as real (not AI-generated) and depicts a landscape consistent with the park."
ds9027,Misinformation,0.9,False,True,"The visual veracity module explicitly identifies the image as AI-generated with a high confidence of 0.8, citing unnatural textures and overly perfect crust characteristics. According to the definitive rule, if the image is AI-generated, the output must be Misinformation regardless of other signals. The retrieved evidence confirms that while Chicago deep dish pizza with sausage is a real and common dish (e.g., [1] from Once Upon a Chef), the specific image provided is not a photograph of a real pizza but a synthetic generation."
ds8208,Not Misinformation,0.6,False,True,"The claim that activists protested the Summer Olympics in Brazil citing corruption, mismanagement, and wealth domination is supported by evidence. Activists did protest the 2016 Rio Olympics, specifically highlighting broken promises regarding water pollution (mismanagement) and opposing the construction of an Olympic golf course, which was seen as a symbol of elite privilege and corruption (Occupy Golf movement) [1, 3]. Additionally, the broader context of Brazil's political turmoil and corruption scandals (e.g., Lava Jato) overshadowed the Games, fueling protests against the mismanagement of public funds [1, 2]. While the image itself is generic and not definitively linked to a specific protest date or location in the metadata, the core assertion of the headline is factually grounded in "
ds1877,Not Misinformation,0.9,False,True,"The claim states that Gordon Taylor settled into his role as chairman of the Professional Footballers Association (PFA) in November 1978 before moving to chief executive in 1981. Multiple retrieved evidence sources confirm these specific dates and roles. The Guardian explicitly states he 'became chairman in November 1978 and chief executive three years later' (Source 2). The Daily Mail confirms he 'initially became the chairman of the PFA back in November 1978' (Source 3). BBC and other sources confirm he headed the PFA as chief executive from 1981 (Source 1, Source 4). The image signals indicate the image is a genuine photograph (not AI-generated) and is partially aligned with the context, though it does not visually prove the specific date. However, since the textual claim is factually v"
ds1998,Not Misinformation,0.9,False,True,"The claim that increasing the pace of spending cuts is likely to spark more protests is strongly supported by the retrieved evidence. Multiple sources confirm that significant spending cuts (particularly those exceeding 5% of GDP) trigger widespread instability and large-scale protests, as seen in recent events in France where tens of thousands marched against budget cuts. The image depicts a protest with signs opposing cuts, which aligns with the factual context that austerity measures provoke public dissent. The visual veracity is confirmed as real (not AI-generated), and the content accurately reflects the causal link between spending cuts and protests established in the evidence."
578,Not Misinformation,0.6,False,True,"The image depicts a plausible scene of flood mitigation efforts (using pumps/sandbags) in a location identified as Clarksville, Missouri, which has a documented history of Mississippi River flooding (Evidence [3], [4]). The module signals indicate the image is not AI-generated (visual_veracity ai_generated=false). While the specific individual 'Bob Bailey' and his rental properties cannot be definitively verified from the provided snippets (Evidence [5] notes no specific info on Bob Bailey), the general context of residents fighting floods in Clarksville is supported by news reports (Evidence [6], [3]). The claim is not demonstrably false or deceptive based on the available evidence, as it describes a realistic scenario consistent with historical events in the location. The lack of specifi"
ds4435,Not Misinformation,0.6,False,True,"The claim that Trump is 'removing Marines from the Navy' is factually incoherent because the United States Marine Corps is a distinct branch of the U.S. Armed Forces, separate from the U.S. Navy, although it operates under the Department of the Navy. There is no evidence in the retrieved snippets or general knowledge that Trump has removed Marines from the Navy, as they were never 'in' the Navy in a way that allows for such removal. The snippets discuss unrelated topics such as DEI policies, military standards, and political primaries. The image shows Marines, which aligns partially with the subject matter but does not support the specific, nonsensical action described in the headline. Since the image is not AI-generated and the claim is based on a fundamental misunderstanding of military "
4186,Misinformation,0.9,False,True,"The headline claims that James Van Der Beek is alive and interacting with Katie Holmes to make 'Jamie' jealous. However, the retrieved evidence confirms that James Van Der Beek died on February 11, 2026, at the age of 48. It is impossible for a deceased person to reignite a friendship or engage in social dynamics. Additionally, the 'Jamie' in the headline is likely a confusion with Jamie Foxx (Katie Holmes' ex-boyfriend) or a fictional character, but the core premise involving James Van Der Beek is factually impossible due to his death. The image relevance is also low, showing a generic woman rather than the specific subjects in a relevant context."
ds5919,Misinformation,0.9,False,True,"The headline claims that Ares is the nephew of Zeus and Hera. However, established Greek mythology and the provided evidence confirm that Ares is the son of Zeus and Hera, not their nephew. Source [1] from Wikipedia explicitly states Ares is 'the son of Zeus and Hera,' and Source [2] confirms Zeus is the father of Ares. Therefore, the core factual claim in the headline is false."
ds379,Misinformation,0.9,False,True,"The claim states that 'Three people died' during the police raid in Saint-Denis. However, multiple verified sources confirm that exactly two suspects died during the raid (Abdelhamid Abaaoud and a woman who detonated an explosive device). While five police officers were injured and a police dog was killed, no police officers died. Therefore, the specific count of three deaths is factually incorrect."
ds3753,Misinformation,0.9,False,True,"The claim states that the Icelandic Coast Guard 'rarely performs a service,' which is factually incorrect. Evidence confirms that the Icelandic Coast Guard is a highly active agency responsible for search and rescue, maritime safety, national defense, and law enforcement. They maintain continuous listening watches, conduct regular patrols, and have recently increased operational tempo, including migrant rescues in the Mediterranean and surveillance in the Arctic. The image shows a vessel in turbulent waters, which is consistent with their active operational role, contradicting the notion of inactivity or rare service."
ds6032,Not Misinformation,0.9,False,True,"The image depicts a real ostrich interacting with a human, which aligns with the claim of 'interesting table manners' in a humorous or colloquial sense (feeding behavior). The visual veracity check confirms the image is not AI-generated. Evidence [2] from the retrieved snippets explicitly mentions a 'hilarious 3D cartoon short where a proud ostrich sits at the dining table like a human and tries to use proper table manners,' suggesting the headline likely refers to this specific viral content or a similar humorous context rather than a literal claim about animal etiquette. The image itself shows a real ostrich being fed, which is a common activity at sanctuaries (Evidence [2] under 'Interesting ostrich feeding videos'), supporting the 'interesting' aspect of the claim. There is no evidence"
3980,Misinformation,0.9,False,True,"The claim that 'Touch My Body is a law' is factually incorrect. 'Touch My Body' is a well-known song by Mariah Carey, released in 2008, not a piece of legislation. While laws exist regarding physical contact (such as assault or battery statutes), there is no specific law titled 'Touch My Body.' The image provided is a generic stock photo of a courtroom, which does not validate the specific and false claim in the headline. The module signals correctly identify that the image is not AI-generated but also note the lack of alignment with the specific subject. The retrieved evidence confirms that 'Touch My Body' refers to a song and that general laws on touching exist, but no specific law by that name exists."
ds2845,Not Misinformation,0.6,False,True,"The image depicts a gas pump, and the claim that such pumps exist in Arkansas is factually true (supported by evidence [2], [3] regarding gas prices and stations in Arkansas). The specific detail about a 'spider web' is a minor visual detail that is not contradicted by any evidence; in fact, the absence of news reports about a spider web (Evidence Q2[1], Q2[2]) suggests it is likely a mundane, non-viral occurrence rather than a fabricated event. The module signals indicate the image is not AI-generated (visual_veracity.ai_generated=false), which is the primary trigger for a 'Misinformation' label in this system. While the 'secluded' aspect is hard to verify from the image alone, the core subject (gas pump in Arkansas) is valid, and there is no evidence of malicious fabrication or AI genera"
1318,Not Misinformation,0.6,False,True,"The image is verified as a genuine photograph (AI-generated=false). The headline claims patrons are relaxing in theater seats or at a bar while waiting to play bocce. Evidence confirms that bocce is a popular game in bars (e.g., Tosso.com, Bar Bocce) and that venues like Pinstripes or similar social clubs often feature bocce courts alongside bar seating and lounge areas. While the specific 'theater seats' detail is not explicitly confirmed by the evidence snippets, the general scenario of patrons relaxing in a bar/lounge setting while waiting for or playing bocce is factually consistent with known venues. The image shows people at a bar, which aligns with the 'at a long bar' part of the claim. There is no evidence suggesting the image is fake or the claim is demonstrably false in a way tha"
ds2773,Not Misinformation,0.9,False,True,"The image depicts a Bible and a Book of Mormon in a hotel room drawer, which aligns with the claim. Evidence confirms that Marriott hotels, which have a significant presence in Detroit, traditionally place both the Bible and the Book of Mormon in guest rooms due to the Marriott family's affiliation with the Church of Jesus Christ of Latter-day Saints [2, 3]. While the image does not explicitly identify the specific hotel, the presence of these specific texts together is a well-documented standard practice in Marriott properties, making the claim plausible and consistent with known industry practices. The visual is verified as real (not AI-generated)."
ds8795,Not Misinformation,0.6,False,True,"The image is verified as real (AI-generated=false) and depicts two men in formal attire at night, which aligns with the claim's setting. While the specific details of 'wearing sunglasses' and 'crossing the street' are partially obscured or ambiguous in the visual evidence, the claim describes a plausible scenario supported by general knowledge (men do wear sunglasses at night for fashion, and men do cross streets at night). The module signals indicate partial alignment, suggesting the image is relevant but perhaps not a perfect match for every specific detail. However, since the image is authentic and the scenario is not demonstrably false or deceptive in a way that contradicts the visual reality (e.g., it's not a fake event), it is classified as Not Misinformation. The confidence is mediu"
6395,Misinformation,0.9,False,True,"The image is identified as AI-generated with high confidence (0.9) by the visual veracity module, which notes exaggerated facial features and unnatural proportions. According to the definitive rule, if the image is AI-generated, the output must be 'Misinformation' regardless of other signals. The headline 'dont worry beyonce nobody will ever know this was you' implies a deceptive or hidden identity, which is inconsistent with the reality that the image is a synthetic fabrication, not a real photo of Beyoncé in disguise."
ds5285,Misinformation,0.9,False,True,"The claim that Hillary Clinton is secretly planning to run for president in 2024 is false. Multiple evidence sources confirm that Hillary Clinton has publicly denied any intention to run in 2024. Specifically, she criticized President Joe Biden's 2024 reelection bid as a 'terrible mistake' and has focused on supporting other Democratic candidates rather than launching her own campaign. There are no reports of secret planning; instead, she has addressed rumors of a potential 2028 run, but explicitly ruled out 2024."
ds7674,Misinformation,0.9,False,True,"The image provided depicts a pile of debris or rocks, which is completely unrelated to the claim about visitor statistics in the Scottish Highlands. The module signals correctly identify that the image is not aligned with the claim (relevancy: false). While the image itself is not AI-generated, the pairing of this irrelevant visual with a specific statistical claim constitutes misinformation because the visual evidence does not support the text and appears to be a mismatched or deceptive association. The claim '80 of its visitors' is also grammatically ambiguous (likely meaning 80%), but the primary issue is the complete lack of visual relevance, making the image-headline pair misleading."
2728,Not Misinformation,0.9,False,True,"The claim accurately describes the case of Scott Daniel Warren, a US border activist who faced up to 20 years in prison for providing water, food, and lodging to migrants. Evidence confirms that a jury could not reach a verdict (hung jury), effectively refusing to convict him, which aligns with the headline's assertion that 'jurors wouldnt convict him'. The image, while not explicitly identified in the evidence snippets, is consistent with the context of the event described, and there is no indication of AI generation. The core factual elements of the claim are supported by multiple news sources."
ds8721,Not Misinformation,0.6,False,True,"The image depicts a bowl of white rice and broccoli. The headline claims the image shows 'white rice, beef and a vegetable dish'. While the image clearly contains white rice and a vegetable (broccoli), it does not visibly contain beef. The module signals correctly identify this discrepancy ('no visible beef dish'). However, the image is not AI-generated (visual_veracity ai_generated=false), and the content (rice and vegetables) is consistent with the general category of a meal that *could* include beef, or the beef might be obscured/absent in this specific shot. The claim is partially descriptive but not definitively false in a way that constitutes high-confidence misinformation (e.g., it's not a fake news event). The 'partial' alignment suggests the image is relevant but incomplete regard"
ds9200,Misinformation,0.9,False,True,"The image is identified as AI-generated with high confidence (0.9) by the visual veracity module, citing unnatural blending of the dog's shirt and distorted anatomy. According to the definitive rule, if the image is AI-generated, the output must be 'Misinformation' regardless of other signals. The retrieved evidence confirms that while plaid couches and black dogs exist as stock imagery, the specific combination in the image is synthetic and not a real photograph, making the claim misleading if presented as factual."
ds3723,Misinformation,0.9,False,True,"The claim is false on two counts: the premiere date and the nature of the image. First, 'The Originals' premiered on The CW on October 3, 2013, not in 2005 (Evidence: [2] Collider, [3] EW, [1] Wikipedia Season 1). Second, the image is identified as AI-generated with high confidence (0.8) due to surreal elements like a mirror reflecting a forest landscape in an indoor setting. Per the definitive rule, if the image is AI-generated, the output must be Misinformation regardless of other signals."
7601,Not Misinformation,0.9,False,True,"The claim accurately describes the events surrounding the Holey Artisan Bakery attack in Dhaka on July 1, 2016. Multiple evidence sources confirm that Bangladeshi security personnel were deployed to the scene and stood guard near the restaurant during and after the attack. Specifically, Evidence [3] from the 'Bangladesh security personnel response July 2016' search explicitly contains the caption: 'Bangladeshi security personnel stand guard near a restaurant that has reportedly been attacked by unidentified gunmen in Dhaka, Bangladesh on July 1, 2016.' This matches the claim's description of the subject, location, and date. The image is identified as real (not AI-generated) and depicts security personnel in a context consistent with the reported event."
9081,Not Misinformation,0.6,False,True,"The image depicts a realistic lunch box containing sandwiches and carrots, which aligns with the claim. While the claim mentions a muffin and salad which are not clearly visible in the image, the module signals indicate only 'partial' alignment rather than a contradiction. The image is verified as not AI-generated. The presence of some items not explicitly visible does not constitute misinformation, as the image likely represents a subset of the described meal or the other items are obscured. The evidence supports that such combinations are common in healthy lunch boxes."
ds2006,Not Misinformation,0.6,False,True,"The image is verified as not AI-generated (visual_veracity ai_generated=false). The claim describes a scene with people lined up near an airplane and individuals in military uniform. The retrieved evidence confirms that military personnel frequently use airports for travel and layovers (e.g., TikTok content regarding 'Army troops at ATL airport' and 'military accommodations at airports'), making the presence of people in uniform near an airplane a plausible and common occurrence. While the specific event in the image is not identified in the news snippets (which focus on crashes, drone incidents, or general deployments), there is no evidence contradicting the visual description. The 'partial' alignment in the module signals is due to the inability to verify the specific identity of the peo"
ds6266,Misinformation,0.9,False,True,"The image is identified as AI-generated with high confidence (0.9), depicting a physically impossible scenario of a turkey flying over a cityscape. According to the definitive rule, if the image is AI-generated, the output must be Misinformation regardless of other signals. The headline 'how no one has done this is beyond me' implies a real-world feat or event, which contradicts the fabricated nature of the image."
708,Not Misinformation,0.9,False,True,"The claim states that in 2011, Carmelo Anthony had to deny reports that his wife, La La Vazquez Anthony, was forcing him to seek a trade out of Denver. Evidence confirms that in April 2011, La La Vazquez explicitly denied making negative comments about the Denver Nuggets on a radio station, which TMZ reported as her denying she 'blasted' the team (Source 1). While the specific phrasing 'forcing him to seek a trade' is a sensationalized interpretation of her public statements regarding the team, the core event—a public denial by the couple regarding her negative influence or comments about Denver during the trade period—is supported by the evidence. The image is verified as real (not AI-generated). The trade rumors were real, and her denial of bashing Denver was a specific news event in 201"
ds354,Not Misinformation,0.9,False,True,"The claim states that Aon was unveiled as the sponsor of Manchester United in July 2010. Evidence confirms that while the sponsorship deal was signed in June 2009 and officially began on June 1, 2010, the new home kit featuring the Aon logo was revealed on July 14, 2010 [2]. This public unveiling of the sponsored kit aligns with the 'unveiled' aspect of the claim in July 2010. The image shows jerseys with the Aon logo, consistent with this period. Therefore, the claim is factually supported by the timeline of the kit reveal."
7119,Misinformation,0.9,False,True,"The headline claims Julian Assange is currently at the Ecuadorian embassy and calling for the threat of arrest to be lifted. This is factually incorrect. Evidence confirms that Assange was arrested at the Ecuadorian embassy in London on April 11, 2019, after Ecuador withdrew his asylum. He has since been imprisoned in the UK and, as of recent reports, has been released after pleading guilty to a single felony charge and returned to Australia. He is no longer at the embassy, nor is he currently facing the specific threat of arrest from the UK in the context implied by the headline (he is free). The image shows him holding a newspaper, which does not depict the embassy setting described. The claim misrepresents his location and legal status entirely."
6424,Misinformation,0.9,False,True,"The image is identified as AI-generated with high confidence (0.9). The visual content depicts a fantastical, humanoid-bird creature (a mythological harpy) interacting with a human, which is biologically impossible and clearly not a real-world event. While the term 'harpy' can refer to the real Harpy Eagle, the image does not depict a bird of prey but rather a mythical monster. Therefore, the headline 'harpy coming in for a landing' implies a real-world event involving a mythical creature, which is false. The AI generation confirms the image is fabricated, making the claim of a real event misinformation."
5060,Misinformation,0.9,False,True,"The headline claims that experts are warning against using smartphones due to harmful radiation linked to cancer. However, the retrieved evidence and module signals indicate that the scientific consensus does not support this claim. Major health organizations like the WHO, FDA, and CDC state that there is no definitive evidence linking smartphone radiation to cancer, and many experts argue that the risks are minimal or non-existent (non-ionizing radiation). While some studies suggest potential links to other issues (like male fertility) or specific contexts (blue light), the broad warning against smartphone use due to cancer risk is not supported by the majority of expert opinion or current scientific data. The image is a generic stock photo and does not depict any specific warning or expe"
3899,Misinformation,0.9,False,True,"The claim states that the Tenth Doctor is accompanied by Rose Tyler in 'The End of Time'. While Rose Tyler was indeed a companion of the Tenth Doctor during Series 1 and 2, she was not his companion during the 'The End of Time' specials (2009-2010). In 'The End of Time', the Tenth Doctor's primary companion was Donna Noble. Rose Tyler appears in a brief, non-companion capacity in the first part of the special (as a civilian in the parallel universe), but she does not accompany him on his travels in this story. The provided evidence confirms Rose was a companion of the Ninth and Tenth Doctors generally, but the specific claim of her accompanying him in 'The End of Time' is factually incorrect regarding the narrative role and timeline. The image signals are ambiguous and do not override the "
ds511,Misinformation,0.9,False,True,"The claim states that Whiskey Down boasts 'more than 100 brown spirits'. However, the retrieved evidence from the official MGM Grand website [1] and Eater [3] explicitly states that Whiskey Down features 'more than 50 different types' of whiskies. The number 100 is significantly higher than the verified count of 50+, making the specific quantitative claim in the headline false. Additionally, while the module signals suggest it is a gaming lounge, the evidence confirms it is a high-end gaming lounge with blackjack tables and video poker [3], so the 'gaming' aspect is accurate, but the spirit count is the primary misinformation."
3537,Misinformation,0.9,False,True,"The visual veracity module explicitly identifies the image as AI-generated with a confidence of 0.8. According to the definitive rule, if the image is AI-generated, the output must be 'Misinformation' regardless of other signals. Additionally, the claim itself is factually incorrect based on the evidence: action films are a broad genre, and martial arts films are a subgenre of action films, not the other way around (Evidence [1] from Wikipedia and Evidence [3] from Backstage confirm that action is the parent genre). However, the primary driver for the 'Misinformation' label is the AI-generated nature of the image."
ds9777,Not Misinformation,0.9,False,True,"The claim is factually accurate. Des Warren and Ricky Tomlinson were indeed imprisoned in 1973 (following 1972 union activities related to the Shrewsbury 24) and subsequently faced significant difficulties finding work in the building industry, effectively being blacklisted due to their convictions and union activism. The image shows two men who are consistent with historical photos of the individuals involved, and the visual veracity indicates it is not AI-generated. The retrieved evidence confirms their imprisonment and the resulting career impact (blacklisting/poverty)."
5524,Misinformation,0.9,False,True,"The claim that Jennifer Aniston sabotaged Brad Pitt's Hollywood comeback is false. Evidence indicates that their divorce in 2005 was attributed to differing life goals, demanding careers, and views on parenthood, not sabotage [2, 3]. Furthermore, Brad Pitt has remained active in Hollywood, with recent appearances such as the 'Babylon' premiere in 2023, and there are no credible reports linking Aniston to any sabotage of his career [2]. The narrative of sabotage is a persistent media myth that Aniston has explicitly denied [3]."
ds4669,Misinformation,0.9,False,True,"The headline claims that Bradley Cooper and Lady Gaga are in a 'rapturous remake' of 'A Star Is Born'. While the 2018 film starring Cooper and Gaga is indeed a remake, the provided image does not depict Bradley Cooper or Lady Gaga. The module signals explicitly state that the image 'does not depict Bradley Cooper or Lady Gaga' and that the characters shown appear to be from a different context. Using an image that does not show the subjects mentioned in the headline constitutes a mismatch and potential misinformation, as it misleads the viewer about the visual content associated with the claim. The visual veracity module indicates the image is not AI-generated, but the lack of alignment with the specific entities named in the headline (Cooper and Gaga) makes the pairing misleading."
2169,Not Misinformation,0.6,False,True,"The image displays a collection of personal items including shoes, a cap, an iPod, and a name tag, which aligns with the headline's description. The visual veracity module indicates the image is not AI-generated (confidence 0.0 for AI generation, implying high confidence it is real). The retrieved evidence confirms the existence and cultural context of these items (iPods, name tags, bag essentials), supporting the plausibility of the scene. While the headline is a fragment, the image content is consistent with the listed items, and there is no evidence of manipulation or fabrication."
889,Not Misinformation,0.6,False,True,"The claim states that migrants are seen on the shore in the eastern Aegean island of Rhodes, Greece. The retrieved evidence confirms that Rhodes is indeed facing a significant migrant crisis, with reports of undocumented migrants arriving by boat and settling in the area (Evidence [1] from rmx.news). The module signals indicate the image is not AI-generated (visual_veracity.ai_generated=false) and is partially aligned with the context. While the specific image cannot be geolocated to Rhodes with 100% certainty without metadata, the event described (migrants on the shore in Rhodes) is factually supported by news reports of ongoing arrivals and a crisis on the island. The confusion in the evidence snippets between 'Rhodes' (Greece) and 'Rhode Island' (USA) is noted, but the relevant Greek co"
ds4772,Misinformation,0.9,False,True,"The headline claims Ed Sheeran admitted he could 'bed hot women' because of Taylor Swift. The retrieved evidence and module signals indicate that while Ed Sheeran and Taylor Swift are close friends and collaborators, there is no record of Sheeran making such a statement. The only notable comment Sheeran made about Swift's age/maturity was describing her as a 'middle-aged woman trapped in a 20-something's body' (Evidence [2] from etonline.com), which is unrelated to the claim about dating 'hot women'. Furthermore, the module signals explicitly state that the image is not aligned with the headline (relevancy aligned: false) and that there is no direct commentary from Sheeran on dating 'hot women' (answers Q3). The claim appears to be a fabricated or heavily distorted interpretation of their "
ds372,Misinformation,0.9,False,True,"The claim asserts that the specific rusting emergency vehicle in the image was used in the 1970 protests at Jackson State College. While the 1970 Jackson State killings were a real historical event involving police and students, there is no evidence in the retrieved snippets or general historical records linking a specific 'rusting emergency vehicle' shown in a generic stock-style photo to that event. The visual evidence (a rusted vehicle in a natural setting) appears to be a generic image, likely a stock photo or unrelated artifact, rather than a documented piece of evidence from the 1970 incident. The module's answer snippet claiming the vehicle is 'associated' with the protests appears to be a hallucination or a misinterpretation of symbolic association rather than factual provenance. W"
6440,Misinformation,0.9,False,True,"The image is identified as AI-generated with high confidence (0.9). The module signals explicitly state that the visual veracity is 'ai_generated: true'. According to the definitive rule, if the image is AI-generated, the output must be 'Misinformation' regardless of other signals. The claim describes a surreal scenario ('stiltlegs adjusted') that is physically impossible and visually depicted as such in the AI-generated image, further confirming the misinformation nature of the content."
ds2864,Not Misinformation,0.6,False,True,"The image shows colored eggs, and the claim attributes the speckled appearance to dye leaking during peeling. While the provided evidence does not explicitly confirm that 'leaking during peeling' is the standard or only cause of such patterns, it does not refute it either. Evidence [2] under 'How to dye eggs with polka dots' describes a common method using stickers, but does not exclude other methods. The visual veracity signals indicate the image is real (not AI-generated). The claim describes a plausible physical phenomenon (dye transfer/leakage) that can result in speckled patterns, even if it is not the most common artistic technique (stickers). Since there is no evidence proving the image is fake or the claim is factually impossible, and the image is verified as real, it is classified"
ds9049,Not Misinformation,0.6,False,True,"The claim describes a living room with a fireplace, table, and chair. The module signals indicate the image is a genuine photograph (not AI-generated) and shows a living room with chairs and a table, but explicitly notes the absence of a visible fireplace. The retrieved evidence provides general information about living room designs with fireplaces but does not contain specific metadata or reverse-image search results that definitively link this specific image to a 'living room with a fireplace' context or prove it is a stock photo mislabeled as a specific real-world instance. Since the image is verified as real (not AI) and the claim is a descriptive caption that is partially accurate (missing one element), it does not meet the strict criteria for 'Misinformation' which requires definitiv"
1505,Not Misinformation,0.6,False,True,"The claim that business rates have added approximately £500m to retailers' costs over the past three years is consistent with evidence of significant, cumulative cost increases. Retrieved evidence indicates a £140m hike scheduled for April 2024 and a £242m increase also attributed to business rates from April (likely 2023 or 2024 depending on the specific budget cycle referenced in the sources). These specific annual or bi-annual hikes, combined with other ongoing rate adjustments and the general trend of rising business tax burdens on retailers (who pay 7.4% of business taxes), support the plausibility of a cumulative £500m impact over a three-year period. The image is a generic stock photo of a shopping mall, which is relevant but not specific; however, since the image is not AI-generate"
ds1418,Not Misinformation,0.6,False,True,"The claim describes a specific event ('Alternative Olympic Opening Ceremonies') featuring Brazilian music stars. The retrieved evidence confirms that 'Alternative Olympic Opening Ceremonies' are real events that have occurred (e.g., in Warsaw in 2008, as noted in the module signals, though not explicitly in the top 3 snippets, the concept is valid). The evidence also confirms the existence of Brazilian music events and performances. While the specific image cannot be definitively linked to a specific 'Alternative Olympic' event in the snippets, the visual content (a live music performance) is consistent with the claim of a music event. The module signals indicate the image is not AI-generated. The claim is plausible and not demonstrably false based on the evidence, which supports the exist"
690,Misinformation,0.9,False,True,"The claim states that Gus Malzahn was the Auburn coach on the sideline during the third quarter. Evidence confirms that Gus Malzahn was fired as Auburn's head coach after the 2020 season and has not coached for Auburn since [1], [2]. Furthermore, recent reports indicate he retired from coaching entirely in February 2026 [1], [2]. Therefore, it is factually impossible for him to be coaching Auburn in any recent context (such as 2023 or later). While the image might be a real photo from his tenure (2013-2020), the claim implies a current or recent status that is false, constituting misinformation regarding his role and timeline."
ds7963,Not Misinformation,0.9,False,True,"The claim states that 96 people died at the 1989 FA Cup semifinal at Hillsborough. Historical records and inquests confirm that 96 Liverpool fans died as a result of the Hillsborough disaster, which occurred during that specific match. Although the module signals indicate the image is not visually aligned with the event (showing a generic memorial rather than the stadium or crowd), the textual claim itself is factually accurate. The definitive rule for 'Misinformation' applies only if the image is AI-generated, which it is not. Therefore, despite the irrelevant image, the claim is not misinformation."
ds9935,Misinformation,0.9,False,True,"The headline claims David Cameron 'celebrates himself' while heading to the EU summit. However, the retrieved evidence indicates that David Cameron's final EU summit in Brussels (June 2016) occurred in a context of 'sadness and regret' following the Brexit vote, not celebration. Specifically, evidence [1] from Daily Mail notes he 'laughed and joked' but frames the event as a 'humiliation' and his last summit before stepping down. Evidence [2] from Al Arabiya and [3] from NPR describe the mood as one of 'sadness and regret' and highlight divisions, contradicting the notion of self-celebration. Furthermore, the module signals correctly identify that the image (a parliamentary setting) does not depict him heading to Brussels or celebrating. The claim misrepresents the emotional tone and conte"
4960,Not Misinformation,0.9,False,True,"The headline 'J-Rod! Jennifer Lopez and Alex Rodriguez on Love, Beauty, and Redemption' is a direct match for the title of a major cover story published in Vanity Fair in December 2017. Evidence [1] and [2] from the retrieved web results explicitly confirm that this specific article exists and features the couple discussing these exact themes. The image depicts the couple in a romantic setting, which aligns with the content of that specific interview/feature. Although the couple has since split (as noted in other evidence), the headline accurately describes the specific media event it references, making it a factual description of that past coverage rather than misinformation."
5286,Misinformation,0.9,False,True,"The claim that Biden accepted illegitimate votes in the 2020 election is false. Extensive investigations, recounts, and audits by state and federal authorities, as well as numerous court rulings, have found no evidence of widespread voter fraud that could have altered the election outcome. Fact-checking organizations like USA Today and Snopes have debunked such claims, and officials from both parties have affirmed the legitimacy of the results. The image of Biden speaking is unrelated to the specific false claim about vote legitimacy."
ds6300,Misinformation,0.9,False,True,"The image is identified as AI-generated (confidence 0.9) and depicts a surreal scene involving a cartoon character, which is a clear indicator of manipulation. Furthermore, the claim that Hillary Clinton broke ground at 'Goldman's Pharmacy' is factually false. Evidence shows that 'Goldman's Pharmacy' is a fictional location from the animated series 'Family Guy' (owned by Mort Goldman), not a real-world business. While Hillary Clinton has given speeches at Goldman Sachs (a financial firm), there is no record of her participating in a groundbreaking ceremony for a pharmacy, especially one with a fictional name. The combination of AI generation and a fabricated event based on a fictional entity confirms this is misinformation."
ds9486,Misinformation,0.9,False,True,"The image is identified as AI-generated with high confidence (0.8) due to unnatural anatomical structures, such as extra limbs and unnatural posing of the cats. According to the definitive rule, if the image is AI-generated, the output must be Misinformation regardless of other signals. The visual evidence of manipulation supports the conclusion that the image is not a genuine photograph of the claimed scene."
ds252,Not Misinformation,0.9,False,True,"The claim states that Dave Lee Travis was one of broadcasting's biggest stars in the 70s and 80s. This is directly supported by Evidence [1] from BBC News, which explicitly states: 'In the 70s and 80s, Dave Lee Travis was one of broadcasting's biggest stars.' Additional evidence from Wikipedia and IMDb confirms his prominence during this era, particularly his role on 'Top of the Pops' from 1973 to 1984. The image is verified as not AI-generated. Therefore, the claim is factually accurate."
7904,Misinformation,0.9,False,True,"The image is a clear misrepresentation of the claim. The claim specifies 'Boys from the Mandari tribe' in 'Terekeka' in 'September 2012'. However, the visual evidence shows three adult men, not boys. Furthermore, the Mandari tribe is primarily known as pastoralists (cattle herders), not fishermen, and the image does not depict the specific context of waiting for fishing boats in Terekeka. The retrieved evidence confirms that while Terekeka is a fishing community, the Mandari are associated with cattle herding across the Nile (Evidence [3] from Oxford), and the image does not match the demographic (boys vs. men) or the specific activity described. The module's relevancy signal correctly identifies the lack of alignment, and the visual discrepancy (adults vs. boys) combined with the ethnic/c"
ds4659,Not Misinformation,0.9,False,True,"The headline claims Kanye West auditioned for American Idol in San Francisco and brought Kim Kardashian. Evidence [1] from Acclaim Mag confirms that Kanye West did indeed audition for American Idol in San Francisco and that Kim Kardashian teased the event on social media, implying her presence or involvement. Evidence [2] and [3] from Us Weekly and Facebook confirm the existence and release of this specific audition footage. While the image itself is not explicitly verified as the specific moment of the audition in the provided text, the core factual claim of the headline (the event occurred) is supported by multiple credible sources. The module signal regarding visual veracity indicates the image is not AI-generated, and the relevance is partial but aligned with the historical event descr"
6609,Misinformation,0.9,False,True,"The image is identified as AI-generated with high confidence (0.9) by the visual veracity module, depicting a surreal and physically impossible scenario of a horse levitating on a rocking chair. According to the definitive rule, if the image is AI-generated, the output must be Misinformation regardless of other signals. The retrieved evidence supports that while staged photos of horses on furniture exist (e.g., Andalusian horses on armchairs), the specific surreal nature of this image (levitation, cloudscape) confirms it is not a real-world photograph but a synthetic creation."
5292,Misinformation,0.9,False,True,"The headline claims that a secret recording exposes Joe Biden promising to 'abolish the Second Amendment.' This is factually incorrect. Evidence indicates that while Biden supports stricter gun control measures (such as universal background checks and assault weapon bans), he has consistently stated that he respects the Second Amendment and does not seek to abolish it. For instance, his campaign website explicitly states the goal is to 'respect the Second Amendment' while addressing gun violence. The 'secret recording' referenced in the module signals appears to be a 2019 Spanish-language ad, which did not contain such a promise. Therefore, the headline misrepresents Biden's stated positions and the content of the recording, constituting misinformation."
5049,Not Misinformation,0.6,False,True,"The headline describes a subjective phenomenon (fan outrage over rankings) rather than a verifiable factual claim about a specific event. The retrieved evidence confirms that 'The Bachelorette' frequently faces controversies regarding producer manipulation and that various media outlets regularly publish season rankings which often spark debate among fans (e.g., the cancellation of a season, debates over specific leads like Jenn Tran). The image is identified as a generic stock-style photo (not AI-generated) and is only partially aligned with the specific topic, serving as a thematic illustration. Since the claim reflects a real, ongoing discourse within the fandom and media coverage, and the image is not deceptive AI content, it is classified as Not Misinformation, though the specific 'ou"
ds8246,Misinformation,0.9,False,True,"The image is explicitly identified by the module signals as irrelevant to the headline, depicting a different individual rather than Tony Abbott. The module states: 'The image does not depict Tony Abbott or any relevant event related to the headline. It shows a different individual, which does not connect to the subject matter of the headline.' This constitutes a mismatch between the visual content and the claim's subject. Furthermore, the retrieved evidence for the tax question primarily discusses US President Biden's budget, not Tony Abbott's, indicating a potential context error or misattribution in the claim's supporting data, but the primary reason for the 'Misinformation' label is the visual mismatch (wrong person shown). The rule states that if the image is not AI-generated but is i"
5575,Misinformation,0.9,False,True,"The claim that Bradley Cooper and Lady Gaga were spotted kissing on a romantic getaway to Italy is false. While the two stars were indeed in Italy for the Venice International Film Festival premiere of 'A Star Is Born' in 2018, there are no credible reports or evidence of them engaging in a romantic getaway or kissing in that context. Their relationship was professional and friendly, centered around their collaboration on the film. The image likely depicts a generic couple or a different context, and the headline misrepresents their public interactions. Evidence [2] from Alamy confirms their presence in Venice for the photocall, but does not support the 'romantic getaway' or 'kissing' narrative. Evidence [3] from Marie Claire discusses their on-stage kiss at the Oscars, which is distinct f"
561,Not Misinformation,0.9,False,True,"The claim states that Hurricane Matthew was photographed from the ISS on the afternoon of Oct 3, 2016. Evidence from NASA confirms that the ISS tracked Hurricane Matthew and captured images during this period. Specifically, NASA reports images taken on Oct 4, 2016, and mentions views captured on Oct 7. While the specific date in the claim (Oct 3) differs slightly from the explicitly dated Oct 4 photo, the storm was active and visible from the ISS on Oct 3 as it approached Haiti (landfall was Oct 4). The module signals confirm the image is not AI-generated and aligns with the event. The core assertion that such a photo exists and was taken around that time is supported by the evidence of ISS flyovers during the storm's passage through the Caribbean in early October 2016. The slight discrepa"
1970,Not Misinformation,0.6,False,True,"The image is identified as a standard bar graph from the 'Cancer Patient Experience Survey 2011/12', which is a real, verifiable government survey (confirmed by evidence items [2] and [3] in the second evidence block). The visual veracity check indicates the image is not AI-generated. While the specific data point regarding 'younger vs older patients' being informed about financial help is not explicitly detailed in the provided text snippets (which focus on overall care experience and inequalities), the image itself appears to be a legitimate chart from the cited survey rather than a fabricated or AI-generated image. The claim describes the content of the chart. Without evidence proving the chart is fake or the data is misrepresented in a way that constitutes misinformation (e.g., AI gene"
ds1060,Not Misinformation,0.6,False,True,"The image depicts a man holding a child at a candlelight vigil, which aligns with the claim that such an event occurred in New York. The retrieved evidence confirms that multiple candlelight vigils have taken place in New York City for various causes, including the death of Tibetan activist Lobga Rangzen [3], the case of Inisa BK [2], and for slain journalists [2]. While the specific identity of the people in the image cannot be verified without metadata, the general scenario described in the headline (a man holding his son at a vigil in NY) is factually consistent with the types of events that have occurred. The visual veracity signal indicates the image is not AI-generated. Therefore, the claim is not misinformation, though the specific context (whose son, which specific vigil) is ambigu"
ds3938,Misinformation,0.9,False,True,"The claim states that Northwestern University is a founding member of the Big Ten Conference starting in 1893. However, the retrieved evidence explicitly states that the Big Ten Conference was founded in 1896 as the Intercollegiate Conference of Faculty Representatives (Sources [1] and [3] from the 'When was the Big Ten Conference founded?' section). While Northwestern is indeed a charter member (Source [1] from the 'Is Northwestern University in the Big Ten?' section), the founding year is 1896, not 1893. Therefore, the specific date in the claim is factually incorrect."
6399,Misinformation,0.9,False,True,"The image is identified as AI-generated with high confidence (0.8), depicting an impossible scenario of police officers posing with fictional characters (Ninja Turtles). The retrieved evidence confirms that no such event involving Polish police and Ninja Turtles exists; instead, search results point to stock imagery of the characters and unrelated news stories about real turtles or costume events. The combination of AI generation and lack of factual basis classifies this as misinformation."
6807,Misinformation,0.9,False,True,"The image is identified as AI-generated with high confidence (0.9) by the visual veracity module. The image depicts a dragon cooking vegetables, which is a fantastical and surreal scenario that does not exist in reality. According to the definitive rule, if the image is AI-generated, the output must be Misinformation regardless of other signals. The claim describes a realistic scene ('large bowl with vegetables and broccoli'), which contradicts the AI-generated nature of the image."
ds9233,Not Misinformation,0.9,False,True,"The image depicts a scene of people waiting at a bus terminal, which aligns with the claim. The visual veracity module indicates the image is not AI-generated (confidence 0.2 for AI generation, implying high confidence it is real). The retrieved evidence confirms that bus terminals are common locations where people wait for buses, with stock photo descriptions and general knowledge supporting the existence of such scenes. There is no evidence suggesting the image is fake or the claim is false."
7506,Not Misinformation,0.6,False,True,"The image is a real photograph of Dedham Vale (visual veracity ai_generated=false), depicting the landscape associated with the claim. The claim references coach parties from Shenzhen visiting the area. While the specific detail about 'Shenzhen' coach parties is not explicitly confirmed by the provided search snippets (which focus on general tourism and John Constable's association with the area), the core subject matter (Dedham Vale tourism) is real. The image does not depict coach parties, so it is not a deceptive manipulation of the scene, but rather a generic representation of the location. The claim is likely based on specific news reports about Chinese tourism not fully captured in the truncated snippets, but there is no evidence of AI generation or visual deception. Therefore, it is"
251,Not Misinformation,0.9,False,True,"The claim is supported by multiple pieces of evidence. Evidence [2] from Getty Images explicitly states that Sameena Jabeen Ahmed received her Best British Newcomer award with presenters James Corden and Finola Dwyer at the BFI London Festival Awards. Additionally, Evidence [1] from BFI confirms she won the Best British Newcomer award at the 2014 BFI London Film Festival. The module signals correctly identified the visual content as non-AI and relevant, and the retrieved evidence corroborates the specific interaction between the two individuals mentioned in the claim."
ds1760,Misinformation,0.9,False,True,"The claim states that 'Last year' hundreds of thousands of people joined a 400 km human chain. The evidence indicates that the most prominent 400 km+ human chain event, the Baltic Way, occurred in 1989, not last year. While there was a massive human chain in India in 2020 (last year relative to a 2021/2022 context, or potentially 'last year' if the current date is 2021), that event was 18,000 km long and involved 50 million people, not 400 km and 'hundreds of thousands'. The image provided shows flags consistent with the Baltic Way (Estonian, Latvian, Lithuanian flags are often seen in such contexts, though specific flag identification in the low-res snippet is hard, the context of 'human chain' strongly points to the 1989 event). The claim conflates the scale and date of the 1989 Baltic W"
ds5403,Not Misinformation,0.6,False,True,"The image depicts a real protest scene with an 'IMPEACHMENT' banner, and the module signals confirm it is not AI-generated. The headline presents a speculative question ('Political Strategy or Strategic Distraction?') regarding the motives behind impeachment talk. The retrieved evidence confirms that impeachment is indeed a topic of political discussion (specifically regarding Donald Trump, with Democrats currently favoring investigations over immediate impeachment). The concept of 'manipulation of public discourse by political elites' is a recognized subject of political science and media analysis, supported by the evidence on discourse manipulation and elite influence. The headline does not assert a false fact but rather frames a current political debate and speculation, which is consist"
ds8604,Misinformation,0.9,False,True,"The image is identified as AI-generated with high confidence (0.8) due to unnatural anatomy, specifically extra limbs on the zebras. According to the definitive rule, if the image is AI-generated, the output must be Misinformation regardless of other signals. The headline claims zebras are socializing on rocks in an artificial lake, but the visual evidence is fabricated and does not depict a real event."
ds8578,Not Misinformation,0.6,False,True,"The image depicts a man leaning over the back of a truck, which aligns with the visual description in the claim. While the specific location (Walmart) is not definitively verifiable from the image alone, the retrieved evidence confirms that there are viral incidents involving men and trucks at Walmart locations, such as a man driving a truck through a Walmart door in Indianola, Mississippi [1]. The module signals indicate the image is not AI-generated (visual_veracity ai_generated=false), and the relevancy is marked as 'partial' because the specific background details are unclear. Since the image is real and depicts a scenario consistent with reported news events (truck incidents at Walmart), it is not classified as misinformation, although the specific context of the image cannot be fully"
6114,Misinformation,0.9,False,True,"The image is identified as AI-generated with high confidence (0.8). The visual content depicts a surreal and non-standard watch face featuring a person in a uniform, which does not resemble a Mickey Mouse watch. The claim specifically references a 'mail order mickey mouse watch from russia'. Since the image is AI-generated and does not depict the subject matter (Mickey Mouse), it is a fabricated visual associated with the claim, constituting misinformation."
8341,Not Misinformation,0.9,False,True,"The claim consists of two parts: 1) The Riverside Museum was the European Museum of the Year 2013, and 2) it has seen a drop in visitors. Evidence [1], [2], and [3] from the retrieved set confirm that the Riverside Museum in Glasgow was indeed awarded the European Museum of the Year Award in 2013. Regarding the second part, while specific 2023 statistics for the Riverside Museum are not explicitly detailed in the snippets, Evidence [2] from the Museums Association reports a general trend where visitor numbers are down 10% on average across museums compared to pre-pandemic levels. Given that the Riverside Museum is a major public attraction, it is highly probable it follows this broader industry trend. The image is identified as real (not AI-generated) and depicts a waterfront scene consist"
1152,Not Misinformation,0.9,False,True,"The image depicts Howard Stern and his wife Beth Ostrosky, which aligns with the claim that they were in attendance at an event. Retrieved evidence confirms that the couple has attended various public events together, including the 2017 North Shore Animal League America Gala [2] and a Hamptons Magazine cocktail reception [3]. The visual signals indicate the image is not AI-generated, and the presence of the couple at events is a factual occurrence supported by multiple sources."
ds5714,Misinformation,0.9,False,True,"The image is identified as AI-generated with high confidence (0.8). According to the definitive rule, if the image is AI-generated, the output must be 'Misinformation' regardless of other signals. Additionally, the claim that Babur was an 'Educator Paving the Way for Educational Excellence' is historically inaccurate; while Babur founded the Mughal Empire and wrote memoirs, there is no historical evidence of specific educational reforms or him acting as an educator. The retrieved evidence confirms that sources do not detail specific educational reforms attributed to him, focusing instead on military conquests and administrative foundations."
ds9888,Misinformation,0.9,False,True,"The claim states that Jerzy Janowicz took the first set on a tiebreak and that the crowd would be delighted. The retrieved evidence confirms that Jerzy Janowicz did win the first set against Andy Murray on a tiebreak (7-6) during the 2013 Wimbledon semifinals [4][2]. However, the claim that the 'vast majority' of people watching would be 'delighted' is factually incorrect and misleading in the context of the specific match identified (Wimbledon 2013 vs Murray). Andy Murray was the home favorite and eventual finalist, and the crowd at Wimbledon was overwhelmingly supportive of Murray. Janowicz's victory was considered a major upset, and the crowd's reaction was typically described as stunned or disappointed for Murray, not delighted for Janowicz. Furthermore, the module signals contain cont"
7531,Not Misinformation,0.9,False,True,"The image depicts a protest scene, and the retrieved evidence confirms that Occupy London protests did indeed take place at St Paul's Cathedral in London, including specific incidents where protesters chained themselves to the pulpit in October 2012. The visual content aligns with historical records of these events. The module signals indicate the image is not AI-generated and is partially aligned with the claim, which is consistent with the factual occurrence of the event described."
1795,Not Misinformation,0.9,False,True,"The claim states that Justin Fashanu is described as intelligent, witty, honest, and articulate in Nick Baker's book 'Forbidden Forward'. Evidence confirms that Nick Baker is the author of 'Forbidden Forward: The Justin Fashanu Story' [1, 2]. The book is described as a 'sensitive but brutally candid portrait' [1] and a 'meticulously researched' biography [2, 3] that portrays Fashanu as a complex figure who faced significant challenges. While the specific adjectives 'intelligent, witty, honest and articulate' are not explicitly quoted in the provided snippets, the book's description as a candid, nuanced, and sensitive portrayal of a 'brave pioneer' [2, 3] and Fashanu's own statement about wanting to be 'honest and truthful' [3] support the general characterization of his personality traits "
7759,Not Misinformation,0.6,False,True,"The image depicts a power station with cooling towers, which is consistent with the Severn Power Station (formerly Dong Energy) in Newport, South Wales, as confirmed by visual evidence and news archives [1]. The claim that the UK government has proposed gas as a bridging technology is supported by evidence stating that the UK government focused on 'gas' as a bridging fuel, although this stance has been criticized [2]. While the image does not explicitly label the station or the government proposal, the visual subject (Dong Energy's Newport plant) and the factual claim (gas as a bridge technology) are both grounded in reality. The image is not AI-generated. Therefore, the pair is not misinformation, though the specific alignment of the image to the 'government proposal' aspect is indirect."
5697,Misinformation,0.9,False,True,"The image is identified as AI-generated (confidence 0.8), which triggers the definitive rule to classify the pair as Misinformation. Furthermore, the claim that NASA has discovered a 'second moon' that is 'potentially habitable' is factually incorrect. While Earth does have temporary quasi-satellites (mini-moons) like 2024 PT5 or 2025 PN7, these are small asteroids, not habitable moons. NASA has not announced the discovery of a permanent, habitable second moon. The visual content depicts a surreal, impossible scenario (a large planet visible indoors), reinforcing the fabricated nature of the claim."
3769,Misinformation,0.9,False,True,"The claim 'Tangled is a shoelace' is factually incorrect. Evidence confirms that 'Tangled' is primarily known as a 2010 Disney animated film [1] or an adjective meaning twisted/complicated [1, 2]. Shoelaces are not called 'Tangled'; the ends are called 'aglets' [2, 3]. Furthermore, the module signals indicate the image is AI-generated (ai_generated=true, confidence=0.8). According to the definitive rule, if the image is AI-generated, the output must be Misinformation regardless of other signals."
4905,Not Misinformation,0.9,False,True,"The headline claims that reports of Lindsay Shookus being pregnant with Ben Affleck's baby are 'untrue' and that she is 'still NOT pregnant.' Evidence confirms that Lindsay Shookus and Ben Affleck ended their relationship in 2019 (Source 1, 2, 3 under relationship status). Furthermore, multiple sources explicitly state that there are no credible reports of them expecting a baby together and that they do not plan to expand their families (Source 1 under baby news). While there were rumors in 2018, the current status is that they are exes and not expecting a child, making the headline's assertion that the 'baby shocker' is untrue factually correct."
6026,Misinformation,0.9,False,True,"The image is identified as AI-generated with high confidence (0.8), which triggers the definitive rule to classify the pair as Misinformation regardless of other signals. The visual evidence shows unnatural artifacts, such as a red shape overlaying a head, indicating manipulation. Furthermore, the headline 'oh god jay no youre killing everybody' is sensational and lacks context, while the retrieved evidence confirms that no prominent figure named 'Jay' (such as Jay-Z or Jam Master Jay) has killed 'everybody'. The claim is factually baseless and visually fabricated."
5977,Misinformation,0.9,False,True,"The claim states that Konidela Production Company has emerged as a key player in the Chinese entertainment industry. However, all retrieved evidence and module signals confirm that Konidela Production Company is an Indian film production company based in Hyderabad, established by Ram Charan, focusing exclusively on Indian (Telugu/Hindi) cinema. There is no evidence of expansion into China or involvement in the Chinese entertainment industry. The claim is factually incorrect regarding the company's operations and geographic focus."
104,Not Misinformation,0.9,False,True,"The claim states that while there are hundreds of commercial airlines, not all have inflight connectivity. Evidence confirms there are over 5,000 airlines globally (Wikipedia), and recent benchmarks indicate that only about 70% of airlines offer onboard Wi-Fi, with significant gaps between legacy carriers and budget airlines (Moment Tech, Simple Flying). Therefore, the statement that not all airlines have internet access is factually correct. The image, showing model airplanes, is a generic representation of the industry and does not contradict the claim, nor is it AI-generated."
ds9954,Misinformation,0.9,False,True,"The claim asserts that Jinyun and Yahong are celebrating in Morecambe Bay. However, the retrieved evidence and internal module signals indicate that Jinyun and Yahong are associated with a tragic event where their husbands died as cocklepickers in Morecambe Bay (a reference to the 2004 Morecambe Bay cockling disaster). The image shows two women, but there is no evidence linking them to these specific individuals or a celebration. The names 'Jinyun' and 'Yahong' in the context of Morecambe Bay refer to victims of a disaster, making the claim of a 'celebration' factually incorrect and misleading. Furthermore, the module signals indicate low confidence in the visual veracity (though not definitively AI, the lack of specific identification and the tragic context make the positive claim false)."
ds9091,Not Misinformation,0.6,False,True,"The claim describes a specific artistic composition (colorful umbrella in a black and white city scene). The module signals indicate that the image does not match this description (relevancy aligned: false), but the visual veracity check confirms the image is not AI-generated (ai_generated: false). According to the definitive rule, the image is only classified as Misinformation if it is AI-generated. Since the image is real, the mismatch between the claim and the image content constitutes a labeling error or irrelevance, but not necessarily 'misinformation' in the context of AI-generated fake news. The retrieved evidence confirms that such images exist as stock photography, validating the plausibility of the claim as a description of a real-world object type, even if this specific image is"
ds1846,Misinformation,0.9,False,True,"The claim contains multiple factual errors regarding the timeline and actors involved. First, the image depicts a vehicle on fire, but the claim attributes this to 'rioting police' in October 2023. Evidence [1] from the retrieved snippets clarifies that in recent Quito protests (2023), it was *protesters* who set police cars on fire, not the police themselves. Second, the claim places former President Rafael Correa in a hospital in Quito in October 2023. However, Correa has been in exile in Belgium since 2019 and was not in Ecuador during the 2023 political crisis or riots. The incident where police held Correa captive occurred in 2010 (Evidence [1] from the 'Quito riots police involvement Correa' section), not 2023. The claim conflates the 2010 police uprising with 2023 events and misiden"
ds2126,Not Misinformation,0.6,False,True,"The image depicts two identical street signs ('EAST ST') placed one behind the other, which aligns with the specific news event in Swansea, Wales, where residents found two identical signs on Llangyfelach Street (Evidence [1]). While the headline claims they are 'pointing in the opposite directions,' the visual evidence and the specific news report indicate they were placed one behind the other (facing the same direction relative to the viewer, or stacked), rather than pointing in opposite directions along a street axis. However, the core subject matter (identical street signs causing confusion) is factual and grounded in real events. The discrepancy lies in the specific orientation description ('opposite directions') versus the actual placement ('one behind the other'). Since the image is"
ds8631,Misinformation,0.9,False,True,"The image is identified as AI-generated with high confidence (0.8). The module signals explicitly state that the image depicts bananas and apples, not oranges, and lacks the described potted plants and tree context. The headline claims the image shows 'Apples and oranges and a tree with branches in front of potted plants,' which directly contradicts the visual evidence (bananas instead of oranges) and the AI-generated nature of the image. According to the definitive rule, if the image is AI-generated, the output must be Misinformation."
ds6054,Not Misinformation,0.9,False,True,"The claim 'everyone knows dachshunds dont work over water' is interpreted as a colloquial or hyperbolic statement regarding the breed's poor swimming abilities and lack of utility in aquatic environments. The retrieved evidence confirms that dachshunds are generally poor swimmers due to their body structure (heavy chest, short legs) and were bred for hunting burrowing animals, not for water work. While the image depicts a fantastical or humorous scene (a person on a hoverboard/dog-like object over water), the underlying factual premise that dachshunds are not suited for water work is supported by the evidence. The image is not AI-generated (visual_veracity ai_generated=false), and the claim aligns with general knowledge about the breed's limitations in water, even if the phrasing 'everyone"
595,Not Misinformation,0.6,False,True,"The image depicts the Cleveland skyline, and Edgewater Park in Cleveland is a well-known location for viewing this skyline from the shores of Lake Erie. The module signals confirm the image is not AI-generated and is relevant to the claim. While the specific date of 2012 cannot be definitively verified from the provided snippets (which discuss general history and recent photos), there is no evidence contradicting the claim that such a photo exists from that year. The visual content aligns with the description of a Cleveland skyline view from Edgewater Park. Therefore, the claim is considered plausible and not misinformation."
ds4857,Misinformation,0.9,False,True,"The image provided is completely irrelevant to the headline. The module signals correctly identify that the image depicts a generic group of people at a dining table and is not aligned with the specific claim about Kourtney Kardashian, Younes Bendjima, or Scott Disick. The headline makes a specific narrative claim ('Teasing Scott About It') which is not supported by the visual content. Furthermore, while Kourtney has had pregnancy scares and relationship tensions with Scott, the specific scenario of 'teasing Scott' about a scare involving 'Younes' is not a verified event in the evidence (evidence suggests she wants Scott out of the family and is considering a baby with Younes, but no 'scare' involving Younes is confirmed). The primary reason for the 'Misinformation' label is the complete m"
8858,Misinformation,0.9,False,True,"The claim describes a man 'walking on his back' in the snow. The provided image shows a person skiing, which is a distinct activity from walking. Furthermore, the phrase 'walking on his back' is physically impossible for a human in a standard context (implying either a severe misinterpretation of 'view from behind' or a description of an AI-generated anomaly). The module signals explicitly state that the image is not aligned with the headline (relevancy aligned: false) and depicts a skier, not a walker. While the visual veracity module suggests the image is not AI-generated, the fundamental mismatch between the subject/action in the claim (walking) and the image (skiing) constitutes misinformation. The claim is factually inconsistent with the visual evidence provided."
ds4896,Misinformation,0.6,False,True,"The claim that Nicole Richie pleaded with Sofia Richie to end her romance with Scott Disick to protect his children from attachment is not supported by the evidence. While Nicole Richie has offered general advice to Sofia about privacy and the public eye, there is no record of her intervening in the specific romantic relationship with Scott Disick. Furthermore, the timeline contradicts the premise: Sofia Richie and Scott Disick ended their relationship in May 2020, and there are no reports of Nicole Richie pleading with Sofia to stop the relationship before the kids got attached. The image provided is a generic stock-style photo of two women and does not depict the specific event or individuals in a verifiable context. The headline appears to be a fabricated narrative or clickbait not grou"
8916,Not Misinformation,0.6,False,True,"The image depicts a white toilet in a bathroom with black tiled walls, which aligns with the general aesthetic described in the claim (white toilet, black elements). While the claim mentions a 'black mirror' and 'tiled floor', the module signals indicate the image does not clearly show a mirror or a tiled floor (likely showing walls instead). However, the retrieved evidence confirms that black-and-white bathroom designs featuring white toilets and black accents (like mirrors or tiles) are common and real design trends (Sources [1], [2], [3] from the first query). The image is verified as not AI-generated. The discrepancy lies in the specific details (mirror/floor vs walls), but the core subject (white toilet in a black/white themed bathroom) is plausible and not demonstrably false or decep"
ds562,Not Misinformation,0.9,False,True,"The claim that 30,000 people gather in Hawaii to celebrate SPAM is supported by multiple evidence sources. Specifically, a 2025 report from Courthouse News states that 'more than 30,000 visitors flocked' to the Waikiki Spam Jam [1] in the 'Hawaii SPAM festival attendance 30000' evidence block. Additionally, other sources cite attendance figures of around 35,000 [1] in the 'How many people attend SPAM event Hawaii' block, which aligns closely with the '30,000' figure in the claim (often rounded or reported as 'thousands'). The event is confirmed to be the Waikiki Spam Jam, a real annual celebration. The image is verified as not AI-generated. Therefore, the headline is factually accurate."
ds5647,Misinformation,0.9,False,True,"The claim that Pfizer CEO Albert Bourla admitted the COVID-19 vaccine causes permanent brain damage is false. Multiple fact-checks and credible sources confirm that Bourla has not made such an admission. While there have been controversies regarding Pfizer's statements on vaccine efficacy (such as the admission that trials did not test for transmission prevention) and some misleading statements flagged by watchdogs regarding pediatric vaccination, there is no evidence supporting the specific allegation of an admission regarding permanent brain damage. The visual content, while depicting a presentation, does not substantiate the specific false claim, and the narrative relies on debunked misinformation."
160,Misinformation,0.9,False,True,"The claim asserts that a specific cat named 'Dorothy' was shot in Newport. The retrieved evidence fails to identify any cat named Dorothy involved in such an incident. Evidence [1] under the query 'Pellet gun incidents Newport cat' identifies a specific victim from 2010 named 'Rouley', not Dorothy. Other evidence discusses unrelated topics (Wizard of Oz, general RSPCA statistics, or non-English media). The module signals also confirm that no sources mention a cat named Dorothy being shot. The image provided is a generic stock photo of a cat in a cone, which does not visually verify the specific identity or injuries of 'Dorothy'. Therefore, the claim is unsupported and likely fabricated or misattributed."
ds7704,Misinformation,0.9,False,True,"The claim states the image is an aerial view of the River Severn winding through Leighton in Shropshire. However, the module signals explicitly state that the image depicts a golf course and surrounding landscape, with no meaningful connection to the River Severn or the specific location described. The visual content (golf course) contradicts the textual claim (river). Although the River Severn does flow through Leighton, Shropshire (confirmed by evidence [1] and [2] in the retrieved section), the specific image provided does not match the description. The image is likely a stock photo of a golf course mislabeled or used to falsely represent the river scene. Therefore, the pairing is misleading/misinformation."
ds451,Not Misinformation,0.9,False,True,"The retrieved evidence confirms that Paul Wilson, a drink-driver, struck and killed Alwyn Pritchard, a PCSO, while driving at high speed (119mph) and subsequently fled the scene. Multiple sources, including BBC News and Wales Online, explicitly state that Wilson 'ran away from the scene' or 'fled the scene' after the collision. Therefore, the claim that Paul Wilson ran away from the scene after hitting Alwyn Pritchard is factually supported by the evidence."
ds4380,Misinformation,0.9,False,True,"The headline claims Nancy Pelosi is resigning due to 'new revelations.' While Nancy Pelosi did resign as Speaker of the House in January 2023, she did not resign from Congress, nor did she resign due to 'new revelations' of scandal or misconduct at that time. The specific claim of resignation due to 'new revelations' is a known hoax. PolitiFact explicitly fact-checked this specific headline from NRTOnline, labeling it false and noting it was flagged as potentially fabricated. The 'new revelations' likely refer to a conflation with other events (such as the resignation of Rep. Katie Hill, which Pelosi commented on, or stock trading disclosures), but the direct causal link and the implication of a scandal-driven resignation are false. The source NRTOnline is identified as a site spreading fa"
1204,Not Misinformation,0.9,False,True,"The claim describes a specific historical event: an ambush on a Jalisco state road where 15 police officers were killed by a gang. Retrieved evidence confirms that on April 6, 2015, a convoy of the Jalisco State Police was ambushed by the Jalisco New Generation Cartel (CJNG) in San Sebastián del Oeste, Jalisco, resulting in the deaths of 15 officers. The image shows police presence on a road, which is consistent with the context of such an event, even if it is a stock or archival image rather than a photo of the specific 2015 scene. The core factual assertion of the headline is supported by multiple credible sources."
ds5364,Not Misinformation,0.9,False,True,"The headline accurately reflects verified events. Don Lemon did make controversial remarks, specifically stating that white men are the biggest terror threat to the U.S. and that women over 50 are no longer in their 'prime' (regarding Nikki Haley). These comments triggered significant media backlash, internal discussions at CNN regarding his future, and a temporary absence from the air, as confirmed by multiple sources including Yahoo News, Newsweek, and Variety. The image is a genuine photograph of Don Lemon, and the claim of 'controversial remarks' and 'media backlash' is factually supported by the evidence."
ds8199,Not Misinformation,0.9,False,True,"The headline accurately reflects the official ruling regarding the death of Mikhail Lesin, a former aide to Vladimir Putin. Multiple credible news sources (CNN, BBC, Talking Points Memo) confirm that US authorities ruled his death in a Washington D.C. hotel an 'accident' in October 2016, following an autopsy that cited blunt force trauma and excessive alcohol consumption as contributing factors. The image relevance signal is low, but the factual claim in the headline is supported by evidence."
ds9128,Misinformation,0.9,False,True,"The image is identified as AI-generated with high confidence (0.8) by the visual veracity module. The definitive rule states that if the image is AI-generated, the output must be Misinformation regardless of other signals. The rationale provided by the module notes unusual context (solid blue background), overly uniform lighting, and anatomical inconsistencies, which are characteristic of AI generation rather than a real photograph of a cow next to a blue door."
ds8717,Not Misinformation,0.9,False,True,"The image depicts a standard bedroom scene with pillows and a blanket, which aligns with the claim. The module signals confirm the image is not AI-generated (ai_generated=false) and is relevant to the claim. The retrieved evidence supports the existence and commonality of such items (throw blankets, decorative pillows, bedding sets) in home decor contexts. There is no evidence of manipulation or false context."
ds1226,Misinformation,0.6,False,True,"The claim asserts that a specific individual, Matt Hampton, is carrying belongings from his flood-damaged web design office in Hoboken, NJ. While evidence confirms that Hoboken has experienced flooding (e.g., September 2025 water main breaks, October 2023 storm flooding) and that Matt Hampton is a web designer/technologist, there is no evidence linking him to a flood event in Hoboken. In fact, search results for 'Matt Hampton Webdesign office flood' yield no relevant news stories, and his professional profiles are associated with Maryland (Maryland Innovation Center) and other locations, not a specific Hoboken office. The image shows a generic scene of someone carrying items through water, which is likely a stock photo or unrelated image mislabeled to fit the headline. The lack of any corr"
ds4978,Not Misinformation,0.9,False,True,"The claim states that Nicole Kidman won for Outstanding Lead Actress in a Limited Series or Movie at the 69th Emmy Awards. According to the Television Academy records and general knowledge, Nicole Kidman won the Primetime Emmy Award for Outstanding Lead Actress in a Limited Series or Movie in 2017 for her role in 'Big Little Lies'. The 69th Primetime Emmy Awards were held in September 2017. Therefore, the factual claim is correct. The image shows a woman holding an award, which is consistent with the event described, and the module signals indicate the image is not AI-generated. The evidence confirms Kidman's Emmy wins and the timing of the 69th Emmys."
6327,Misinformation,0.9,False,True,"The image is identified as AI-generated with high confidence (0.9) due to visual artifacts such as a distorted, alien-like face and unnatural hand positioning. According to the definitive rule, if the image is AI-generated, the output must be 'Misinformation' regardless of other signals. The headline 'in a fish market long ago and far away' combined with an AI-generated image of a non-human entity creates a misleading or fabricated context, constituting misinformation."
ds1360,Not Misinformation,0.6,False,True,"The image depicts Bishop Franz-Peter Tebartz-van Elst, and the headline places him in Limburg an der Lahn in August 2013. Evidence confirms that in August 2013, the Bishop was indeed the head of the Diocese of Limburg and was embroiled in a major scandal regarding his residence renovations, which was widely reported in the media during that period (Evidence [3] from answers, Evidence [2] and [3] from retrieved). While the specific date of August 30, 2013, and the specific action of 'walking out' cannot be definitively verified against a specific event log in the provided snippets, the subject, location, and timeframe are factually consistent with the historical context of the 'Bishop of Bling' scandal. The image is not AI-generated (visual_veracity ai_generated=false), and the core entitie"
ds3180,Misinformation,0.9,False,True,"The claim states that Watertown, Massachusetts is in Vermont. This is factually incorrect. Multiple evidence sources confirm that Watertown, Massachusetts is located in Middlesex County, Massachusetts, and is part of the Greater Boston area [1], [3], [4]. It is bordered by Belmont, Waltham, Newton, and Cambridge, not Vermont. The module signals correctly identify the claim as false (relevancy aligned: false) and the image as real (ai_generated: false). Since the core factual assertion in the headline is demonstrably false based on geographic facts, it constitutes misinformation."
ds6722,Misinformation,0.9,False,True,"The image is identified as AI-generated (visual_veracity.ai_generated=true, confidence=0.8) due to surreal elements like a green laser effect and unnatural features. According to the definitive rule, if the image is AI-generated, the output must be Misinformation regardless of other signals. The headline implies a real-world event or stock photo context, but the image is synthetic."
ds4618,Not Misinformation,0.9,False,True,"The claim that Justin Bieber accidentally hit a photographer with a pick-up truck after a church service is factually correct and widely documented. Multiple credible news sources confirm that on July 27, 2017, Justin Bieber struck a 57-year-old paparazzo with his pickup truck while leaving a Hillsong Church service in Beverly Hills, California. The incident was reported as an accident, and the photographer sustained non-life-threatening injuries. The image provided appears to be a genuine photograph related to the event or the artist, and there is no evidence of AI generation. Therefore, the headline accurately reflects a real historical event."
ds2707,Not Misinformation,0.9,False,True,"The claim describes a scene using anthropomorphic language ('stealing a private moment', 'giggling') to interpret the visual arrangement of palm trees. The image is verified as a real photograph (AI-generated: false) showing natural palm trees. While trees do not literally giggle or have private moments, the headline functions as a creative, metaphorical caption for a visually interesting natural phenomenon (likely two trees leaning close together). It does not present itself as factual reporting of biological events but rather as a whimsical interpretation of the image. Therefore, it is not misinformation in the context of deceptive factual claims, but rather creative content."
ds4910,Not Misinformation,0.6,False,True,"The headline claims Gwen Stefani is still in love with Blake Shelton and has never tried to change him. Evidence [1] from Yahoo and [2] from Fox News confirm that Stefani is still 'in love' and enjoying the 'honeymoon phase' with Shelton, supporting the first part of the claim. Regarding the second part, while Evidence [2] from AOL mentions 'complete turmoil' and 'chaos' in the early days, it does not provide evidence that Stefani attempted to change Shelton's fundamental nature; rather, it describes relationship dynamics. The claim that she 'has never once' tried to change him is a strong absolute, but given the lack of evidence to the contrary and the strong evidence of their continued affection and stability (Evidence [1] Yahoo, [2] Fox News, [3] E! Online), the headline is broadly cons"
ds1096,Not Misinformation,0.6,False,True,"The claim states that lab technicians in Puerto Rico process Zika tests at the CDC's dengue branch in San Juan. Evidence confirms that the CDC Dengue Branch is indeed located in San Juan, Puerto Rico, and focuses on Aedes-transmitted viruses including Zika (Evidence 2-1, 2-3). Furthermore, specific evidence indicates that CDC entomologists and laboratory staff at the Dengue Branch in San Juan perform testing related to Zika, such as bioassay testing on mosquitoes collected in Puerto Rico (Evidence 3-1). While the image itself is a generic stock photo of a lab and does not visually prove the specific location or activity, the textual claim is factually grounded in the operations of the CDC Dengue Branch in San Juan regarding Zika-related vector and diagnostic work. The image serves as a pla"
ds803,Not Misinformation,0.9,False,True,"The claim that Johnny Maurice Avery is accused of shooting 81-year-old Mildred Martin is supported by the retrieved evidence. Specifically, evidence item [4] from the 'answers' section explicitly states: 'Yes, Johnny Maurice Avery was indicted for the murder of Mildred Martin, who was shot in the back and died on her front porch.' This aligns with the headline's assertion. Furthermore, evidence items [1] and [3] from the 'RETRIEVED EVIDENCE' section confirm that Mildred Martin, an 81-year-old woman, was shot and killed on her porch in northwest Atlanta in July 2015. The image is identified as a mugshot (visual_veracity ai_generated=false), which is consistent with the context of an accused individual. Therefore, the image and headline are aligned with factual reports of the indictment."
9249,Misinformation,0.9,False,True,"The image is identified as AI-generated with high confidence (0.9) due to surreal characteristics such as horns and distorted anatomy, which are not present in real elephants. According to the definitive rule, if the image is AI-generated, the output must be Misinformation regardless of other signals. The headline describes a realistic scenario (mother and baby elephant by a dry pool), but the visual content is fabricated, making the pair misleading."
ds4946,Misinformation,0.9,False,True,"The headline claims that specific celebrities (J.J. Watt, Tyler Perry, Jamie Foxx) gave 'big' donations to relief funds for 'Deadly Texas Floods'. While J.J. Watt is a known philanthropist in Texas, the specific claim of large donations from Tyler Perry and Jamie Foxx for recent deadly floods (referenced in evidence as July 2025 or October 2023 events) is unsupported by credible sources. Evidence [2] from PolitiFact explicitly debunks similar claims, stating that Facebook posts about multiple celebrities donating tens of millions for Texas flood relief were 'not based on any real announcements or reports' and were false. Evidence [3] further confirms that fake stories about celebrity help circulated widely. The module signals also note that sources do not contain specific information regar"
1436,Not Misinformation,0.9,False,True,"The retrieved evidence confirms that musician Buddy Guy attended the Kennedy Center Honors reception at the White House on December 2, 2012. Specifically, stock photo descriptions from Alamy and news reports from NBC Chicago explicitly state: 'Musician Buddy Guy attends the Kennedy Center Honors reception at the White House in Washington, DC, USA, on December 2, 2012.' The image shows a man in formal attire consistent with this event, and the module signals indicate the image is not AI-generated. Although the module's 'answers' section contains conflicting or irrelevant information regarding a 2022 event and a different dinner (MBS), the primary evidence directly supports the claim that Buddy Guy attended the specific event described in the headline."
ds1062,Not Misinformation,0.9,False,True,"The image and headline accurately describe a specific historical event: WMATA's SafeTrack Surge #4, which affected the Yellow Line in Washington D.C. in July 2016. Evidence [1] from the retrieved set explicitly confirms that 'Metro's fourth around-the-clock safety surge begins tomorrow, July 12' and resulted in a shutdown of the Blue and Yellow lines. Evidence [1] from the 'How to ride' query further corroborates the existence of a guide for this specific event. The module's visual veracity assessment correctly identifies the image as non-AI generated. Although the module's answer snippets contain some confusion regarding dates (mixing 2016 and 2023) and locations (Chicago vs. DC), the core claim that a guide exists for the Yellow Line during SafeTrack's fourth surge is factually supported"
ds1686,Misinformation,0.9,False,True,"The claim states that John McCririck was a reporter for Channel 4 Racing 'until last year'. However, evidence confirms that McCririck left Channel 4 in October 2012 [2], [3]. Furthermore, John McCririck passed away in July 2019 [1], [2]. Therefore, it is factually impossible for him to have worked for the broadcaster 'last year' (relative to any recent timeframe) or to have made statements about loyalty in that context. The claim is demonstrably false due to the timeline of his departure and death."
7439,Misinformation,0.9,False,True,"The claim states that President Obama held a campaign event in Roanoke 'earlier this month' (implying a recent event, likely October 2023 given the context of the retrieved evidence queries). However, Barack Obama is not currently running for office and has not held any presidential campaign events in 2023. The retrieved evidence confirms that Obama did speak in Roanoke, Virginia, but this occurred on July 13, 2012, during his re-election campaign (Source 2, Source 3). The image is likely a recycled photo from the 2012 event being falsely presented as a recent 2023 event. Since the temporal context ('earlier this month') is factually impossible for a current campaign event involving Obama, the headline is misleading and constitutes misinformation."
8870,Not Misinformation,0.6,False,True,"The image depicts a bathroom scene with a bathtub, which is consistent with the general context of a 'small bathroom'. While the module signals indicate that specific elements like 'bath towels' or 'towels hanging over it' are not clearly visible or are absent (relevancy aligned: false), the image is verified as real (ai_generated: false). The claim describes a common scenario in small bathrooms (storage of towels), and the image serves as a plausible, albeit generic, representation of such a space. There is no evidence of AI generation or malicious intent to deceive, and the visual content does not contradict the general setting described. The lack of specific towel details lowers the confidence but does not constitute misinformation given the real nature of the image and the plausibility"
ds8989,Not Misinformation,0.6,False,True,"The image is verified as not AI-generated (visual_veracity ai_generated=false). The claim describes two women sitting near a window next to a table covered in fruit. The retrieved evidence [3] from shedevrum.ai explicitly describes a scene with 'Two women are sitting by the window' and a 'small coffee table between them', which aligns with the core subjects of the claim. While the specific detail of the table being 'covered in fruit' is not explicitly confirmed by the text snippets (which mention napkins and water), the visual context of a table between seated women is supported. The 'partial' alignment in the module signals is due to the ambiguity of the fruit, but there is no evidence contradicting the presence of fruit, nor is there evidence of AI generation or malicious intent. Therefo"
7101,Not Misinformation,0.9,False,True,"The claim states that Rafael Nadal played Facundo Bagnis in the second round. Evidence confirms that Rafael Nadal did indeed play Facundo Bagnis in the second round of the 2016 French Open (Roland Garros) on May 26, 2016 [2], [3]. The module signals indicate the image is a genuine photograph (not AI-generated) and shows a tennis player in action, which aligns with the context of the claim. While the specific match details (opponent, round) cannot be visually verified from the image alone, the factual premise of the claim is supported by historical records, and there is no evidence of AI manipulation or deceptive intent."
ds7980,Misinformation,0.9,False,True,"The headline claims that Japan will host the 'next World Cup' in 2019. This is factually incorrect regarding the FIFA Men's World Cup, which is the default meaning of 'World Cup' in most contexts. Japan did not host the FIFA Men's World Cup in 2019; that tournament was held in Russia in 2018, and the 2022 tournament was in Qatar. While Japan did host the Rugby World Cup in 2019, the headline's phrasing implies the primary FIFA event, which is false. Furthermore, the module signals indicate low relevancy (0.1) because the image does not specifically depict Japanese fans or the 2019 event context, making the image-headline pair misleading. The evidence confirms Japan hosted the Rugby World Cup in 2019 [2] and France hosted the FIFA Women's World Cup [2], but no evidence supports Japan hostin"
ds9213,Misinformation,0.9,False,True,"The image is identified as AI-generated with high confidence (0.8) by the visual veracity module. The module notes that the airplane is at an unusual angle and the background lacks realistic depth and context, with oddly shaped terrain. According to the definitive rule, if the image is AI-generated, the output must be Misinformation regardless of other signals. While the headline describes a physically possible scenario (planes leaving contrails while accelerating), the image itself is not a genuine photograph of such an event but a synthetic creation, making the pairing misleading."
ds8942,Not Misinformation,0.9,False,True,"The image depicts a rustic, old-fashioned kitchen setup, which aligns with the claim. The visual veracity module indicates the image is not AI-generated (confidence 0.0 for AI generation, implying high confidence it is real). The retrieved evidence supports the existence and aesthetic of 'old-fashioned' or 'traditional' kitchens, describing them as welcoming, functional, and timeless (Sources 1, 2, 3 from the first query). While the specific claim that it is 'set up for guests' is an interpretation of the scene, the visual evidence of a clean, styled kitchen supports this plausible context. There is no evidence of manipulation or AI generation, and the description is consistent with the visual content and general knowledge about such kitchen styles."
2649,Not Misinformation,0.9,False,True,"The image depicts a plausible natural phenomenon where vegetation grows around or through abandoned machinery, a scenario commonly documented in photography and stock imagery (e.g., Shutterstock, Dreamstime) as 'nature reclaiming industry'. The visual veracity model indicates the image is not AI-generated (confidence 0.2 for AI, implying high confidence for real). The retrieved evidence supports the existence of abandoned farm equipment in wooded areas and the aesthetic of nature overgrowing such items. There is no evidence suggesting the specific image is fabricated or misleading; it aligns with common visual tropes of rural decay and reclamation."
ds8677,Misinformation,0.9,False,True,"The image is identified as AI-generated with high confidence (0.8) by the visual veracity module, citing unnatural arrangements and textures. According to the definitive rule, if the image is AI-generated, the output must be 'Misinformation' regardless of other signals. Additionally, the image content (orange slice and spinach) does not fully support the claim of 'various fruits on plate', further indicating a mismatch between the visual evidence and the headline."
2915,Not Misinformation,0.6,False,True,"The image depicts a restroom sign that appears to be a tactile map, consistent with accessibility initiatives like those by 'Even Grounds' which provide 3D-printed tactile maps for the blind [1, 2]. While such maps are not ubiquitous, they do exist and are designed specifically for this purpose. The visual evidence shows a raised, textured surface typical of tactile signage, supporting the claim that it is a map for the blind. The image is verified as not AI-generated. Therefore, the claim is plausible and supported by the existence of such accessibility features."
4752,Misinformation,0.9,False,True,"The image is identified as AI-generated with high confidence (0.8), exhibiting nonsensical text and blending errors. According to the definitive rule, if the image is AI-generated, the output must be Misinformation regardless of other signals. Furthermore, the claim that Robert Pattinson and Kristen Stewart are having a 'buzz cut pit' is unsupported by evidence; recent reports indicate Kristen Stewart has a punk pixie cut, not a buzz cut, and there is no record of Robert Pattinson having a buzz cut or engaging in such a contest. The image does not depict the celebrities mentioned."
ds8815,Misinformation,0.9,False,True,"The image is identified as AI-generated with high confidence (0.9). The visual content depicts a bear's head under a blanket, which is a surreal and impossible scenario for a real-life context, rather than the claimed 'white, beige and brown baby blanket under a beige/white comforter'. The module signals explicitly state that the image is unrelated to the headline subject. According to the definitive rule, if the image is AI-generated, the output must be Misinformation."
3855,Misinformation,0.9,False,True,"The claim that 'Maximum Overdrive' is a 1980 romance film is factually incorrect on multiple levels. Evidence confirms that 'Maximum Overdrive' is a 1986 science fiction action horror film directed by Stephen King, not a romance film from 1980 [1]. Furthermore, the visual veracity module indicates the image is AI-generated (confidence 0.8), which triggers the definitive rule to classify the pair as Misinformation regardless of other signals. The image depicts a generic romantic scene that does not accurately represent the actual film, compounding the misinformation."
2756,Misinformation,0.9,False,True,"The image is identified as AI-generated with high confidence (0.9) due to unnatural, distorted hand structures resembling claws, which violates the visual veracity requirement for factual reporting. Additionally, the claim that the 'Tree Man' (Abul Bajandar) is 'cured' is factually incorrect based on recent evidence; while he underwent surgeries in 2017, reports from 2023 and 2025 indicate his condition has returned with 'unbearable pain' and the warts have regrown, meaning he is not cured. The combination of an AI-generated image and a false medical status claim constitutes misinformation."
ds7291,Not Misinformation,0.6,False,True,"The image depicts Nicky Henderson with the horse Sprinter Sacre. The claim specifies the event as an open day at Seven Barrows in February 2013. Evidence confirms that Sprinter Sacre was trained by Nicky Henderson at Seven Barrows and was a prominent figure there during that period (Source 2, Q2). While the specific 'open day' event in February 2013 is not explicitly detailed in the snippets as a major publicized event with that exact date, the Lambourn Open Day is a recurring annual event hosted by Henderson (Source 1, Q1). The visual content aligns with the entities (Henderson, Sprinter Sacre) and location (Seven Barrows). The module signals indicate the image is not AI-generated. The primary uncertainty is the precise date/event alignment, but given Henderson's long-standing association"
ds7399,Misinformation,0.9,False,True,"The module signals explicitly state that the image is not aligned with the claim, noting that it 'does not depict Julia Stiles, Paul Greengrass, or Matt Damon' and shows 'no meaningful connection' to the event. While the factual components of the headline (that the film premiered in July 2007, was directed by Paul Greengrass, and starred Matt Damon and Julia Stiles) are verified by the evidence, the specific assertion that the provided image shows these individuals at that event is false. The image is a mismatched stock photo or unrelated image used to support a false caption. Therefore, the pairing constitutes misinformation."
9058,Misinformation,0.9,False,True,"The image is identified as AI-generated with high confidence (0.8). According to the definitive rule, if the image is AI-generated, the output must be 'Misinformation' regardless of other signals. Additionally, the image content does not match the claim of containing broccoli, further supporting the misalignment."
ds2311,Not Misinformation,0.9,False,True,"The image depicts a domestic cat sitting in a bowl, which aligns with the common internet meme and behavioral trait of domestic cats ('If it fits, I sits'). The headline uses the term 'big cat' likely in a colloquial or humorous sense referring to a large domestic cat, rather than the biological classification of 'big cats' (Panthera genus like lions and tigers). The visual evidence shows a real photograph (AI-generated=false), and the behavior is consistent with domestic feline habits. The retrieved evidence supports that domestic cats enjoy sitting in bowls and that the term 'big cat' in the headline is interpreted contextually as a large domestic cat, not a wild predator. Therefore, the claim is not misinformation."
ds3931,Misinformation,0.9,False,True,"The claim states that Toy Story 2 was produced by DreamWorks. However, all retrieved evidence and module signals confirm that Toy Story 2 was produced by Pixar Animation Studios and released by Walt Disney Pictures. DreamWorks Animation is a separate studio and did not produce this film. Therefore, the claim is factually incorrect."
ds2471,Not Misinformation,0.9,False,True,"The image depicts a woman sitting on a chair with an umbrella, which is a common and plausible real-world scenario. The visual veracity signal indicates the image is not AI-generated (confidence 0.2 for AI generation, implying high confidence for real). The retrieved evidence confirms that stock photos and illustrations of women with umbrellas are abundant and widely available, supporting the existence of such imagery as genuine photography or standard stock content. There is no evidence suggesting the image is fabricated or misleading in a way that constitutes misinformation."
9577,Not Misinformation,0.6,False,True,"The headline contains a likely transcription error or typo ('waiting' instead of 'witnessing' or 'witness'), but the core claim attributes a statement to Brian and Eileen Maguire. Evidence confirms that Brian and Eileen Maguire are real individuals, specifically the parents of Brian Óg Maguire, who died tragically in 2012. They have been vocal about their son's death and the circumstances surrounding it (e.g., safety measures). While the specific phrase 'excellent waiting to happen' is nonsensical and likely a garbled version of a quote like 'excellent witness' or a misinterpretation of their advocacy, the image depicts a serious emotional context consistent with their public persona as grieving parents. The module signals indicate the image is not AI-generated and is only partially aligne"
ds7360,Not Misinformation,0.9,False,True,"The claim that Bernie Sanders appealed to students on big issues at George Mason University is supported by multiple pieces of evidence. Retrieved evidence confirms that Bernie Sanders held a town hall meeting with students at George Mason University on October 28, 2015, as part of his presidential campaign [1, 2, 3]. During this event, he addressed significant political issues such as income inequality, universal healthcare, campaign finance reform, and climate change [1, 2]. The image shows Bernie Sanders speaking, which aligns with the context of him addressing an audience, and the visual veracity check indicates the image is not AI-generated. Therefore, the headline accurately reflects a historical event."
ds8806,Misinformation,0.9,False,True,"The image is identified as AI-generated with high confidence (0.9) due to anatomical impossibilities (human-like legs on elephants). According to the definitive rule, if the image is AI-generated, the output must be Misinformation regardless of other signals. Additionally, the visual content does not match the claim of elephants standing on a balcony; they appear to be on a road or path, and there is no evidence of elephants standing on balconies in a literal sense, only sightings from balconies at safari lodges."
ds9145,Misinformation,0.9,False,True,"The visual veracity module explicitly identifies the image as AI-generated with a high confidence of 0.8, noting stylized features and inconsistent lighting typical of synthetic media. According to the definitive rule, if an image is AI-generated, it must be classified as Misinformation regardless of other signals. The claim describes a specific physical scene ('A vase with purple iris's sitting next to a ceramic pitcher'), but since the image itself is not a real photograph of such a scene, the claim is misleading in the context of presenting it as factual evidence or a real-world depiction."
ds137,Not Misinformation,0.9,False,True,"The retrieved evidence confirms that police have arrested suspects in connection with building society raids. Specifically, evidence [2] from Chronicle Live explicitly states that two individuals were taken into custody and appeared in court over a Nationwide Building Society raid in Wallsend. Additionally, evidence [1] from BBC News details the robbery of a Chelsea Building Society by Michael Wheatley, noting that police were investigating the incident. The module signals correctly identify that the image shows police activity related to these events. Since the image is verified as real (not AI-generated) and the headline's claim of arrests connected to building society raids is supported by factual reports of such arrests, the content is not misinformation."
ds5761,Misinformation,0.9,False,True,"The image is identified as AI-generated with high confidence (0.8). According to the definitive rule, if the image is AI-generated, the output must be 'Misinformation' regardless of the factual accuracy of the headline text. While the headline correctly identifies the Burj Khalifa as Asia's tallest skyscraper, the visual component is synthetic and not a genuine photograph, rendering the presentation misleading."
ds2309,Not Misinformation,0.9,False,True,"The image depicts a realistic scene of a pizza being eaten, and the visual veracity module confirms it is not AI-generated (confidence 0.0 for AI generation). The claim that pizza is enjoyed in cafes is supported by evidence showing that various cafes, such as Urth Caffé and specific establishments in Maryland, serve pizza. The retrieved evidence confirms that pizza is a popular food item served in diverse dining settings, including cafes, making the headline consistent with the visual content and general reality."
7826,Misinformation,0.9,False,True,"The image depicts a damaged building with flags, which is visually inconsistent with the claim of a woman's house displaying a green flag and towel to celebrate a return from Mecca. The module signals explicitly state that the image does not align with the headline (relevancy aligned: false) and that there is no evidence of a woman returning from Mecca to Novosasitli (Novosasisli). The retrieved evidence discusses general Hajj incidents, historical migrations, and prayer times in Novosasitli, but contains no record of the specific event described. The claim appears to be a fabricated narrative unrelated to the visual content or verifiable facts."
ds8646,Misinformation,0.9,False,True,"The image is identified as AI-generated with high confidence (0.8) by the visual veracity module. According to the definitive rule, if the image is AI-generated, the output must be 'Misinformation' regardless of other signals. The image depicts two people holding Wii remotes and consoles, but the unnatural appearance and context confirm it is synthetic, not a real photograph of the event described."
ds5661,Misinformation,0.9,False,True,"The image is identified as AI-generated with high confidence (0.8), which triggers the definitive rule to classify the pair as Misinformation regardless of other signals. Additionally, the headline claims dogs can 'speak' three human words, which is scientifically inaccurate; while dogs can understand words and use communication buttons, they do not possess the vocal apparatus to 'speak' human words. The evidence confirms that dogs understand words and can be trained to use buttons, but this does not equate to speaking."
ds2066,Not Misinformation,0.9,False,True,"The image depicts a giraffe in a zoo exhibit, which is a common and factual scenario. The visual veracity module indicates the image is not AI-generated (confidence 0.0 for AI generation, implying high confidence it is real). The retrieved evidence confirms that giraffes are widely kept in zoo exhibits globally (e.g., Como Zoo, Saint Louis Zoo, London Zoo) and that stock photos of such scenes are abundant. The claim is consistent with reality and the provided evidence."
1750,Misinformation,0.9,False,True,"The claim asserts that Scarlett Johansson is pictured noting with panic a poster for a band called 'the Singles'. The retrieved evidence contains no information linking Scarlett Johansson to a band named 'the Singles' or any incident involving her reacting to such a poster. The evidence instead points to unrelated topics, such as her SNL skits, Marvel roles, and general gig advertisements for other bands (e.g., The Ting Tings, The Hives). Furthermore, the module signals indicate that the image is not aligned with the headline (relevancy aligned: false, confidence: 0.1), suggesting the image does not depict the scenario described. The combination of a completely unsupported narrative and a lack of visual alignment confirms the claim is misinformation."
ds5872,Misinformation,0.9,False,True,"The image is identified as AI-generated with high confidence (0.8). The visual evidence shows nonsensical text and inconsistent lighting, which are hallmarks of AI generation. According to the definitive rule, if the image is AI-generated, the output must be 'Misinformation' regardless of other signals. The headline claims the movie is currently enthralling audiences with stellar performances, but the retrieved evidence indicates that the most recent live-action series ended in 2019 and a new special is not scheduled until 2026. Therefore, the claim of current audience enthrallment is factually impossible for a non-existent/recent release, and the image itself is fabricated."
8442,Not Misinformation,0.9,False,True,"The headline describes a specific cricketing event: Ben Stokes being dismissed for 47 runs by Peter Siddle in the 2013-14 Ashes series. Evidence [3] from The Guardian explicitly confirms this event occurred on January 5, 2014, during the fifth Test, and includes the exact caption text found in the headline. While the module signals indicate low relevancy (likely because the image is a generic group shot rather than a specific action shot of the wicket), the factual claim in the headline is verified by the evidence. The image is not AI-generated. Therefore, the content is not misinformation, although the image selection may be poor or generic."
ds7662,Misinformation,0.9,False,True,"The image depicts a group of people hiking on a coastal path, which is visually inconsistent with the claim of a 'receding water line' at Lake Hodges. Lake Hodges is a reservoir located inland (north of San Diego), not a coastal area. The module signals correctly identify that the image is not aligned with the claim (relevancy: false). While the claim that Lake Hodges water levels have receded due to dam safety regulations is factually true (supported by evidence [2], [3], [4] in the retrieved set), the specific image provided does not show Lake Hodges or its water line. Using an unrelated image of hikers to illustrate a specific geographic and hydrological event constitutes visual misinformation/misleading context."
ds6690,Misinformation,0.9,False,True,"The image is identified as AI-generated with high confidence (0.9) by the visual veracity module. The presence of a fictional character (Spider-Man) in a realistic setting, combined with garbled text on the signs, confirms it is not a real photograph. According to the definitive rule, if the image is AI-generated, the output must be Misinformation regardless of other signals."
8225,Misinformation,0.9,False,True,"The image depicts Woody Harrelson, not Charles Kennedy. The module signals correctly identify that the image does not depict Charles Kennedy (relevancy aligned: false). The claim states the image is of Charles Kennedy on the campaign trail in 2005. Since the person in the image is clearly Woody Harrelson (a different public figure), the image is mislabeled and does not support the claim. Although the module signals indicate the image is not AI-generated, the fundamental mismatch between the subject in the image (Woody Harrelson) and the subject in the claim (Charles Kennedy) makes this a case of misinformation (misattribution). The evidence confirms Charles Kennedy was a Lib Dem leader in 2005 and had a son named Donald, but the visual evidence contradicts the identity of the person shown."
ds9362,Not Misinformation,0.6,False,True,"The image depicts a surfer on a white surfboard, which aligns with the claim. The module signals indicate the shorts are black and red, while the claim specifies red and black. In common language, 'red and black' and 'black and red' are often used interchangeably to describe a pattern containing both colors, unless a specific order is strictly defined (e.g., top-down). Given that the visual veracity is low (not AI-generated) and the core elements (surfer, white board, red/black shorts) are present, this is likely a minor descriptive variance rather than misinformation. The evidence supports the existence of such imagery and surfing contexts."
ds9100,Misinformation,0.9,False,True,"The image is identified as AI-generated with high confidence (0.8) by the visual veracity module. The module notes that the flowers appear 'overly perfect and stylized' and the shadows do not align naturally, which are strong indicators of synthetic imagery. According to the definitive rule, if the image is AI-generated, the output must be 'Misinformation' regardless of other signals. The headline claims it is a 'kitchen table', but the image depicts an outdoor picnic table, further compounding the inaccuracy, though the AI generation status is the primary driver for the misinformation label."
2273,Not Misinformation,0.9,False,True,"The image depicts a realistic bathroom scene with a white toilet, consistent with the claim of a 'simple and modern bathroom with a white toilet'. The visual veracity module confirms the image is not AI-generated (ai_generated=false). The retrieved evidence supports the description: white toilets are identified as the most popular and classic choice (Evidence [1] from Liquid Image), and simple/modern bathrooms are characterized by light colors, minimal decor, and clean lines (Evidence [1] from Adobe Stock, Evidence [3] from Dreamstime). The partial alignment noted in the module signals is due to limited visibility of the entire room, but the visible elements (white toilet, modern fixtures) do not contradict the claim. There is no evidence of fabrication or misleading context."
ds7198,Not Misinformation,0.9,False,True,"The image depicts Rory McIlroy holding a trophy, which aligns with his documented victories in the FedEx Cup and the Tour Championship (specifically in 2016, 2019, and 2022). The visual veracity signals indicate the image is not AI-generated. While the specific trophy in the image cannot be definitively identified as one or the other without metadata, the claim that he celebrates with these trophies is factually supported by multiple sources confirming his wins in both events. The partial relevancy is due to the inability to verify the specific trophy in the single frame, but the core assertion of the claim (that he has won and celebrated with these trophies) is true."
ds1099,Not Misinformation,0.9,False,True,"The image depicts rescue workers removing a body, which is consistent with the aftermath of the March 27, 2016, suicide bombing in Gulshan-e-Iqbal Park in Lahore. Evidence confirms that this attack resulted in over 70 deaths and nearly 300 injuries, necessitating the recovery of bodies by rescue workers. The visual content aligns with the headline's description of the event. The module signals correctly identify the image as real (not AI-generated) and relevant to the claim. While the specific date is not in the headline, the event described (Lahore park bombing) is a verified historical fact, and the image accurately represents the rescue operations following such an attack."
540,Misinformation,0.9,False,True,"The claim asserts that Serena Williams questioned a call while advancing to a Saturday final. Evidence indicates that Serena Williams' final professional match was at the 2022 US Open, where she lost in the third round (Evidence [3] from Q: What happened in Serena's last match?; Evidence [2] from Q: When is Serena Williams' final match?). While she did advance to the 2019 US Open final (Evidence [2] from Q: Serena Williams advance to Saturday's final?), there is no record of her questioning a call in that specific context in the provided evidence, and more importantly, the claim implies a recent or ongoing event which contradicts her retirement. Furthermore, the module signals note that sources do not indicate she questioned a call. The image likely depicts a generic moment of frustration "
3405,Misinformation,0.9,False,True,"The image is identified as AI-generated with high confidence (0.8). According to the definitive rule, if the image is AI-generated, the output must be 'Misinformation' regardless of the veracity of the headline text. While the headline claim regarding David Lloyd George's ranking in specific polls (e.g., Wales Online) may have some basis in public opinion surveys, the use of an AI-generated image to illustrate a factual claim constitutes misinformation in this context due to the synthetic nature of the visual evidence."
6581,Misinformation,0.9,False,True,"The image is identified as AI-generated with high confidence (0.8) by the visual veracity module. The image depicts a cat wearing glasses and a jacket, which is a surreal and anthropomorphic scenario not found in the retrieved evidence. The evidence snippets describe real cats (Persian, Siberian, ginger) sitting on window sills, but none depict a cat in human clothing or accessories like glasses. According to the definitive rule, if the image is AI-generated, the output must be Misinformation."
4642,Misinformation,0.9,False,True,"The headline claims that Cindy Crawford says her daughter Kaia Gerber 'Loves Kendall Jenner' and discusses her modeling future. However, the provided image does not depict Cindy Crawford or Kaia Gerber, as explicitly noted in the module signals (relevancy aligned: false). The image shows a generic model or a different individual, failing to visually support the specific subjects of the claim. Furthermore, while Cindy Crawford has interviewed Kaia about her confidence and career, there is no evidence in the retrieved snippets or general knowledge that Cindy Crawford made a specific public statement claiming Kaia 'loves' Kendall Jenner in the context of a 14-year-old's modeling future. The combination of a non-representative image and a likely fabricated or misattributed quote constitutes mi"
ds3953,Misinformation,0.9,False,True,"The image is identified as AI-generated with high confidence (0.8) due to nonsensical text and staged composition. According to the definitive rule, if the image is AI-generated, the output must be Misinformation regardless of other signals. The claim that the Ukrainian Soviet Socialist Republic 'always represented itself' is historically inaccurate, as the republic was a constituent part of the Soviet Union with limited sovereignty, but the primary driver for the 'Misinformation' label here is the synthetic nature of the visual evidence provided."
4893,Not Misinformation,0.6,False,True,"The headline describes a specific anecdote involving Mark Wahlberg and Mel Gibson. Evidence [3] from People.com explicitly contains the headline 'Mark Wahlberg Teased Mel Gibson About Weight, Offered To ...' in its list of related articles or snippets, confirming that this specific claim was reported in media coverage regarding their collaboration (likely on 'Flight Risk' or 'Father Stu'). While the image provided is not relevant to the claim (as noted by the module signals), the claim itself is grounded in reported news events. The module's 'answers' section also confirms the teasing occurred during 'Daddy's Home 2' or similar interactions, and the evidence supports the existence of reports about Wahlberg teasing Gibson. Therefore, the text claim is not misinformation, even if the image i"
ds8357,Misinformation,0.9,False,True,"The image depicts two men near a vending machine, which is completely unrelated to the claim about Christian Grey and Anastasia from the 'Fifty Shades' series. The module signals correctly identify that the image is not relevant (relevancy aligned: false). While the claim itself is factually consistent with the source material (Christian Grey is known for BDSM/non-vanilla tastes), the pairing of this specific, unrelated image with the headline constitutes misinformation because the visual evidence does not support or relate to the text. The image appears to be a real photo (ai_generated: false), but its irrelevance makes the pair misleading."
ds9069,Not Misinformation,0.6,False,True,"The image depicts a box of doughnuts, which is a common way to sell and transport doughnuts, whereas the headline specifies a 'rack with some doughnuts in a glass case'. While the image does not visually match the specific description of a glass display case (it shows a box), the visual veracity module indicates the image is real (AI-generated: false) and the content (doughnuts) is relevant. The discrepancy is likely due to the image being a generic stock photo of doughnuts rather than a specific depiction of the scene described, or the headline being a generalization. However, since the image is not AI-generated and depicts the correct subject matter (doughnuts), and the 'Misinformation' label is reserved for AI-generated images or clear factual contradictions, this is classified as Not M"
4230,Not Misinformation,0.6,False,True,"The headline claims Amber Heard is talking for the first time about her marriage to Johnny Depp. Evidence [1] from the retrieved snippets explicitly lists a video titled 'Amber Heard Talks for First Time About Marriage to Johnny Depp' dated Feb 17, 2014, confirming that such an event/interview did occur. While the image provided appears to be a generic or recent photo (possibly from 2023 based on other snippets) and does not visually depict the specific 2014 interview, the claim itself is factually grounded in historical reality. The image serves as a visual identifier for the subject (Amber Heard) rather than a deceptive fabrication of the event. Since the image is not AI-generated and the core claim references a real, documented event, it is not misinformation, though the temporal alignm"
ds7600,Not Misinformation,0.6,False,True,"The image is verified as real (AI-generated=false) and depicts a generic financial trading environment, which is consistent with the context of stock market reporting. The retrieved evidence confirms that Shanghai shares have recently seen increases, citing specific examples like WuXi AppTec's surge and a peak in share buyback plans, which supports the general claim of upward momentum. While the image does not explicitly show the Shanghai Stock Exchange or specific data confirming 'leading gains in Asia' for a specific date, it serves as a plausible, non-deceptive visual for a news story about market gains. There is no evidence of AI generation or malicious manipulation."
6611,Misinformation,0.9,False,True,"The image is identified as AI-generated with high confidence (0.9) by the visual veracity module. The module explicitly notes that the figures have 'shark-like heads,' creating a surreal and impossible scenario that defies normal expectations. According to the definitive rule, if the image is AI-generated, the output must be 'Misinformation' regardless of other signals. The headline claims a realistic scenario ('A couple of people...'), which contradicts the AI-generated, surreal nature of the image."
ds7016,Misinformation,0.9,False,True,"The headline claims Oscar Pistorius is 'awaiting trial' for premeditated murder. However, the retrieved evidence confirms that his trial concluded years ago. The trial began in March 2014 [1], and he was convicted of murder by an appeals court in December 2015 [3]. He was sentenced to six years in prison, which was later extended [1]. Therefore, he is not awaiting trial; he has already been tried, convicted, and sentenced. The claim is factually incorrect regarding the current status of the legal proceedings."
ds5610,Misinformation,0.9,False,True,"The image is identified as AI-generated with high confidence (0.8), which triggers the definitive rule to classify the pair as Misinformation. Furthermore, the claim that plants communicate 'telepathically' is scientifically inaccurate; while plants do communicate via chemical and electrical signals (as noted in the evidence regarding Saitama University studies and nanomechanical oscillations), this is not telepathy. The use of an AI-generated image to support a pseudoscientific headline constitutes misinformation."
5834,Misinformation,0.9,False,True,"The claim that cats designed the iPhone 4 is factually false; the iPhone 4 was designed by Apple Inc., led by Steve Jobs and Jony Ive. Furthermore, the module signals indicate that the image is AI-generated (ai_generated=true, confidence=0.8), depicting a surreal scenario of a cat with glasses. According to the definitive rule, if the image is AI-generated, the output must be Misinformation regardless of other signals. The combination of a fabricated narrative and an AI-generated image confirms this is misinformation."
8196,Not Misinformation,0.9,False,True,"The claim is factually accurate based on the retrieved evidence. Guy Scott, who is of Scottish descent, served as the interim (acting) president of Zambia following the death of incumbent President Michael Sata in October 2014. Evidence [2] from BBC and [3] from Pulse Ghana explicitly state that Guy Scott is of Scottish descent and became interim president after the incumbent's death. Evidence [3] from the New York Times confirms he assumed the interim presidency after Michael Sata's death. The image signals indicate the photo is not AI-generated and shows a man in a political context, consistent with Guy Scott. Therefore, the headline accurately reflects historical facts."
ds9433,Not Misinformation,0.6,False,True,"The image depicts a train, and the module signals indicate it is a genuine photograph (AI-generated=false). While the module claims the image is a passenger train and thus misaligned with the headline 'big long train that has some storage containers', the visual evidence of a train is present. The retrieved evidence confirms that long trains carrying storage containers (intermodal freight trains) are a real and common phenomenon (e.g., Wikipedia, FESCO, Indian Railways). The discrepancy lies in the specific visual content of the image versus the headline description. However, since the image is real and the subject matter (trains) is relevant, and the 'misinformation' label is reserved for AI-generated content or definitive falsehoods, this is classified as Not Misinformation, albeit with "
ds6106,Misinformation,0.9,False,True,"The image is identified as AI-generated (confidence 0.8) by the visual veracity module, depicting a surreal and unlikely scenario of a child holding a grenade. According to the definitive rule, if the image is AI-generated, the output must be 'Misinformation' regardless of other signals. The headline 'not a single grenade one yet' is ambiguous and does not align with the specific recent events cited in the evidence (such as the LA deputy deaths or Kyiv explosion), further supporting the classification of the pair as misleading or fabricated content."
1901,Not Misinformation,0.6,False,True,"The claim states that Venice's San Michele island cemetery will gain a pontoon for scattering ashes. Evidence confirms that Venice has revived a tradition of constructing a temporary floating bridge (pontoon) to San Michele island, specifically for All Souls' Day, to facilitate access for mourners (Evidence [4], [1]). While the primary purpose of the pontoon is access rather than specifically for scattering ashes (which is regulated in designated 'Gardens of Remembrance' on the island), the presence of the pontoon is a verified recent development. The headline conflates the access bridge with the ash scattering context, but since the bridge exists and is used by relatives visiting the cemetery, the core factual element (the pontoon's existence and purpose related to the cemetery) is suppor"
ds1009,Not Misinformation,0.9,False,True,"The image depicts Capt Yevgeny Yerofeyev and Sgt Alexander Alexandrov in a Ukrainian court, which aligns with historical records. Evidence confirms that these two Russian soldiers appeared in a Kiev court in late 2015 (specifically November 2015) and were tried until 2016. While the headline specifies 'January', this likely refers to the ongoing trial period or a specific hearing date within that timeframe, rather than a fabrication. The individuals are correctly identified, and the setting is accurate. The module signals correctly identify the image as real and the relevance as partial due to the specific date ambiguity, but the core claim of their presence in court is factually supported."
978,Not Misinformation,0.6,False,True,"The claim states that Frank Gehry-designed Power Play chairs are among the stylish touches in the Winter Garden. Evidence confirms that Frank Gehry did indeed design the Power Play chairs (specifically the Power Play Club Chair in 1990) for Knoll, characterized by their unique bentwood construction inspired by apple crates [1, 2]. The image shows chairs that visually align with the description of Gehry's Power Play chairs (curved, ribbon-like wooden slats). While the specific location 'Winter Garden' is ambiguous (could refer to the city in Florida or the Winter Garden in Sheffield, UK), the core factual assertion regarding the designer and the object is correct. The image is verified as real (not AI-generated). The 'partial' relevancy in the module signals stems from the lack of explicit "
9323,Misinformation,0.9,False,True,"The claim states the image shows a sink with a cabinet on legs. However, the module signals explicitly state that the image is 'aligned: false' and depicts a toilet and a storage unit, not a sink with a cabinet on legs. The visual veracity module confirms the image is real (not AI-generated), but the content does not match the claim. Since the image does not depict the subject matter described in the headline (a sink with a cabinet on legs), the pairing is misleading/misinformation. The evidence items provided in the retrieval section discuss the general concept of bathroom cabinets on legs but do not validate the specific image content, which contradicts the claim."
4284,Not Misinformation,0.6,False,True,"The image depicts Caitlyn Jenner, and the retrieved evidence confirms that she was indeed seen at Nobu Malibu with Sophia Hutchins (Evidence [1] from Daily Mail). While the headline claims a specific car ($200K purple Porsche), the evidence confirms Jenner drives a Porsche (Evidence [3] from answers module, though specific color/model in the image isn't explicitly detailed in text, the general association is plausible). The relationship description 'gal pal' is supported by their close friendship and professional partnership, despite rumors of romance which were denied (Evidence [3] from AOL, Evidence [3] from US Magazine). The core claim of them being together at Nobu is verified. The specific details about the car and ages are consistent with public knowledge (Jenner born 1949, Hutchins "
1972,Not Misinformation,0.6,False,True,"The claim that the new Chrysler 300C is 'softer looking' than the outgoing model is a subjective design assessment. The retrieved evidence indicates that the Chrysler 300C is generally characterized by 'bold styling,' 'muscular presence,' and 'luxury,' rather than a 'soft' look. However, the module signals indicate that the image provided is likely an older model (pre-2023/2025) and not the 'new' model referenced in the headline, creating a relevancy mismatch. Since the image does not depict the specific subject of the claim (the new model's design changes), and the claim itself is subjective rather than a verifiable factual error about the car's existence or basic specs, it is not definitively misinformation. The image is real (not AI-generated), and while it may be misleading due to irre"
ds3859,Misinformation,0.9,False,True,"The claim states that Korn's album 'See You on the Other Side' was released in 2002. However, multiple credible sources confirm that the album was actually released on December 6, 2005. The image depicts the correct album cover, but the date in the claim is factually incorrect, constituting misinformation."
8063,Misinformation,0.6,False,True,"The claim asserts that the image depicts Taiko drummers at the Deep River festival in Ontario, Canada. While there is a town named Deep River in Ontario that hosts events like 'Deep River Summerfest' and the 'Deep River Ancient Muster' (which involves fifers and drummers, but typically Western military-style drummers, not Japanese Taiko), the provided evidence does not support the presence of Taiko drummers at this specific Ontario event. The evidence for Taiko drummers in Canada points to a performance at the Dragon Boat Festival in Victoria, British Columbia [2]. Furthermore, the module signals indicate that the image is not AI-generated, but the specific contextual claim (Taiko at Deep River, ON) is unsupported and likely false, as Taiko groups are rare in small Ontario towns compared t"
9677,Misinformation,0.9,False,True,"The headline claims that Tillakaratne Dilshan and Kumar Sangakkara celebrated after making 'England famous in the field'. This phrasing is factually incorrect and misleading. First, Sri Lanka did not make England 'famous'; rather, Sri Lanka defeated England in a recent ODI series (as confirmed by evidence [1] and [2] from Google News and Sporty.lk). Second, the specific celebration image referenced in the module signals (and likely the image itself) corresponds to the 2015 World Cup match against Bangladesh, where Dilshan and Sangakkara scored centuries (evidence [3] from ABC News and [2] from Cricinfo). The headline incorrectly attributes this celebration to a match against England and uses nonsensical phrasing ('making England famous') that distorts the reality of the match result (a Sri"
7259,Not Misinformation,0.9,False,True,"The claim states that Bernie Sanders spoke in Des Moines, Iowa. The retrieved evidence confirms that Bernie Sanders has indeed spoken in Des Moines on multiple occasions, including a rally and a live broadcast during the Iowa Caucus period (Evidence [1] and [2]). While the claim specifies 'Thursday' without a date, the core assertion of him speaking in Des Moines is factually supported by the evidence. The image is identified as a genuine photograph (not AI-generated) depicting Sanders speaking, which aligns with the claim. Therefore, the content is not misinformation."
ds100,Not Misinformation,0.6,False,True,"The image depicts individuals in ice baths, which aligns with the claim of using them for recovery. The retrieved evidence confirms that 'Wembley Challenge' events (such as the Rugby League Challenge Cup finals and the Sidemen crossbar challenge) do take place at Wembley Stadium. While the image does not explicitly identify the subjects as specific participants of a recent Wembley event, the scenario is plausible and consistent with the general activities associated with such events (athletes/competitors recovering). There is no evidence that the image is AI-generated (visual_veracity ai_generated=false), nor is there evidence contradicting the general practice of ice baths for recovery after such challenges. The 'partial' alignment in the module signals is acceptable as the image illustra"
ds3706,Misinformation,0.9,False,True,"The claim that Robert Singer is 'incapable of writing' is factually false. Evidence confirms that Robert Singer is an established American television producer, director, and writer who has written for series such as 'Supernatural' (e.g., the episode 'O' Death') and created 'Reasonable Doubts' [1, 2]. The image provided is a generic stock photo of a person writing and does not depict Robert Singer, nor does it support the claim of his incompetence. The claim contradicts the professional record of the individual named."
1782,Misinformation,0.9,False,True,"The claim implies that North Korean workers are currently employed at the Shinwon clothes company in the Kaesong industrial park. However, evidence confirms that the Kaesong Industrial Complex (KIC) was shut down in February 2016 and has remained closed since then due to deteriorating inter-Korean relations. While Shinwon was a South-owned company that operated there previously, there are no North Korean workers currently active in the park. The image, while not AI-generated, is being used to support a claim about a current state of affairs that no longer exists, rendering the headline misleading and factually incorrect in the present tense."
4300,Not Misinformation,0.9,False,True,"The headline poses a subjective question regarding the public perception of Robert Pattinson and Kristen Stewart's careers post-Twilight. The retrieved evidence confirms that both actors are widely recognized and taken seriously in the industry, with Pattinson known for diverse roles in major and independent films (Evidence [1]) and Stewart having evolved her career significantly. The image is a genuine photograph of the two actors, not AI-generated. The headline functions as a discussion topic or opinion piece rather than a factual claim that is demonstrably false; in fact, the evidence supports the premise that they *are* taken seriously, making the 'curse' narrative a matter of public discourse rather than misinformation."
ds9598,Misinformation,0.9,False,True,"The image depicts a performance by the Red Army Choir (or a similar ensemble in red uniforms), which is visually unrelated to the U.S. Congress, a legislative body. The headline claims 'Critics say the annual Congress is a blessing,' but the retrieved evidence indicates that critics of the U.S. Congress in recent years (e.g., 2023) have described it as 'chaotic,' 'unproductive,' and marked by 'disillusionment' (Evidence [5] from ABC News and [3] from Independent). There is no evidence supporting the claim that critics view the annual U.S. Congress as a 'blessing'; in fact, the prevailing critical narrative is negative. The mismatch between the visual content (a choir performance) and the subject (U.S. legislative politics), combined with the factual inaccuracy of the claim regarding critic"
2237,Not Misinformation,0.9,False,True,"The image depicts a large bird flying over a forested area, which aligns with the claim. The visual veracity module indicates the image is not AI-generated (ai_generated=false). The retrieved evidence confirms that large birds, such as the Harpy eagle, inhabit tropical rainforests and can be seen flying over such areas [1]. Additionally, stock photography and general birding resources confirm that aerial photography of birds in forested regions is a common and realistic subject [3]. There is no evidence suggesting the image is fabricated or misleading."
8411,Not Misinformation,0.6,False,True,"The claim states that Mats Zuccarello scored for the New York Rangers, which is factually true based on historical records (e.g., his first NHL goal in 2011, goals in playoff series against Montreal). The retrieved evidence confirms Zuccarello played for the Rangers and scored goals for them [1, 2, 3]. While the specific detail 'make it 20' is ambiguous (likely a typo for a score like 2-0 or 1-0, or referring to a specific game context not fully verifiable from the snippets), the core assertion that Zuccarello scored for the Rangers is supported. The image is identified as real (not AI-generated), and the context aligns with Zuccarello's career. The 'answers' section contains some hallucinated or irrelevant data (e.g., Texas Rangers baseball score, Lukas Zuccarello), but the primary eviden"
ds9228,Not Misinformation,0.6,False,True,"The image depicts a boat on a canal, which aligns with the claim. The visual veracity module indicates the image is not AI-generated (confidence 0.0 for AI generation, implying high confidence it is real). The retrieved evidence confirms that large passenger boats (such as river express boats and tour boats) operate on canals, specifically citing incidents in Bangkok canals involving passenger vessels. While the specific identity of the boat in the image cannot be definitively confirmed as a 'large passenger boat' without metadata, the scene is plausible and consistent with real-world events described in the evidence (e.g., passenger boats in Bangkok canals). There is no evidence suggesting the image is fake or the claim is false. The confidence is medium because the visual evidence alone "
ds461,Not Misinformation,0.9,False,True,"The headline claims that Bill Cosby's lawyers are attempting to get the case thrown out. The retrieved evidence confirms this activity. Specifically, Evidence [3] from the first query explicitly states: 'Bill Cosby's lawyers push to get sexual assault case thrown out... because of what his lawyers say was a binding commitment by a previous district attorney not to prosecute him.' Additionally, Evidence [1] from the fourth query notes that 'a judge refused to dismiss the sex-assault case,' confirming that a motion to dismiss (throw out the case) was indeed attempted and litigated. The image shows Bill Cosby, which is relevant to the subject of the headline. The visual veracity is not AI-generated. Therefore, the headline accurately reflects reported legal actions taken by Cosby's defense te"
4368,Not Misinformation,0.6,False,True,"The headline claims that Jennifer Garner and Josh Duhamel are dating and that Ben Affleck feels threatened by these rumors. The retrieved evidence supports the existence of these specific rumors. Specifically, Evidence [2] from OK Magazine and Evidence [3] from WishesOcean confirm that rumors were swirling about Garner and Duhamel dating after connecting on the set of 'Love, Simon'. Furthermore, Evidence [2] from HollywoodLife explicitly states that 'Ben Affleck Feels Threatened By Jennifer Garner & Josh Duhamel... dating rumor' and mentions the speculation regarding his jealousy. While the image shows Ben Affleck and Jennifer Garner (not the couple mentioned in the headline), the image is a genuine photograph (AI-generated: false) and depicts relevant parties to the story (Garner and her "
6660,Misinformation,0.9,False,True,"The image is identified as AI-generated with high confidence (0.8) by the visual veracity module. The scene depicts a physically impossible scenario (skateboarding on a wall), which is a hallmark of AI synthesis. According to the definitive rule, if the image is AI-generated, the output must be Misinformation regardless of other signals. The claim describes a specific action (holding a paddle under a shelf) that does not align with the actual content of the image (a surreal skateboarding scene), further supporting the mislabeling."
ds831,Not Misinformation,0.9,False,True,"The claim states that actor Scott Baio spoke at the Monday evening session of the Republican National Convention. Evidence confirms that Scott Baio was indeed a speaker at the 2016 Republican National Convention in Cleveland. Specifically, Snopes [1] and NOLA.com [3] confirm his appearance at the 2016 RNC. The 2016 RNC took place in July, and Day 1 (Monday) featured the keynote speeches and other speakers. While the image module signals do not explicitly date the photo, the claim itself is factually grounded in the event of the 2016 RNC where Baio spoke. The image shows a man speaking at a podium, which is consistent with Baio's appearance at that event. There is no evidence suggesting the image is AI-generated (visual_veracity ai_generated=false). Therefore, the claim is supported by hist"
723,Misinformation,0.9,False,True,"The claim is factually impossible because Reggie Bush was not a member of the Miami Dolphins during the October 2023 season. Evidence shows that the Miami Dolphins played the Buffalo Bills on October 1, 2023, and Reggie Bush's last NFL game was in 2017 (with the New Orleans Saints). He was not on the Dolphins roster in 2023, nor did he play for the Dolphins in a game against the Bills in that timeframe. The image likely depicts a different player or an older event, but the specific claim that Dolphins RB Reggie Bush scored against the Bills in the relevant recent context (implied by the 2023 game search results) is false. Even if referring to his time with the Dolphins (2012-2013), he never played against the Bills while on the Dolphins roster (he played for Miami in 2012 and 2013; the Dol"
ds4173,Misinformation,0.9,False,True,"The headline claims a federal judge granted permission to subpoena Donald Trump. However, the retrieved evidence, specifically a PolitiFact fact-check (Source 1 in the last group), explicitly rates this specific headline as 'False'. The fact-check explains that while a federal judge made a ruling regarding document preservation, the subpoenas in question pertained to third parties, not Trump individually. Other evidence indicates that while the January 6 Committee voted to subpoena Trump, this was a congressional action, not a judicial grant of permission to subpoena him directly in the manner implied by the headline. Furthermore, other rulings mentioned involve quashing subpoenas or issuing subpoenas to third parties (like banks or the Federal Reserve) in cases involving Trump, but not gr"
ds9215,Misinformation,0.9,False,True,"The visual veracity module explicitly identifies the image as AI-generated with a high confidence of 0.8, noting unnatural textures and anatomical inconsistencies. According to the definitive rule, if an image is AI-generated, it must be classified as Misinformation regardless of other signals. The retrieved evidence confirms that while black and white horned cows exist (e.g., Holsteins, Highland cattle) and woodpiles are common outdoor features, there is no evidence linking this specific, likely synthetic, image to a real-world event or factual claim."
ds6725,Misinformation,0.9,False,True,"The image is identified as AI-generated with high confidence (0.8) by the visual veracity signal. The image depicts a surreal and physically impossible scenario where a coffee cup is levitating and interacting with water from a fire hydrant in a way that defies gravity and standard physics. While the claim that fire hydrants can be painted in patriotic colors is factually true (as supported by evidence regarding the 1976 Bicentennial and modern community projects), the specific image provided is not a photograph of a real event or object but a synthetic creation. According to the definitive rule, if the image is AI-generated, the output must be Misinformation."
1792,Not Misinformation,0.9,False,True,"The claim states that Ricky Muir, representing the Australian Motoring Enthusiast Party, was elected as a senator despite receiving a tiny number of first preference votes. Historical records confirm that Ricky Muir was indeed elected to the Australian Senate for Victoria in the 2013 federal election. He received only 0.51% of the primary (first preference) votes, which is considered a very small margin, yet he secured a seat due to the preferential voting system. The image shows a man identified in the context as Ricky Muir. The claim accurately reflects the historical event of his election. Although the claim uses the present tense 'is likely to be', in the context of verifying factual accuracy of the event described (his election on low votes), the core assertion is factually true. The "
2826,Not Misinformation,0.9,False,True,"The claim states that the mug changes color depending on how much coffee is in it. While the specific mechanism described ('depending on how much') is slightly imprecise (as these mugs typically change color based on temperature/heat rather than volume), the core assertion that the mug changes color is factually correct. The retrieved evidence confirms that color-changing mugs exist, are widely sold (Amazon, eBay, Personalization Mall), and function via heat-sensitive coatings (thermochromic materials) that reveal designs when hot liquid is added. The image shows a standard coffee mug, which is consistent with the product category. The visual veracity is not AI-generated. Therefore, the content is not misinformation, as the product described is real and the general behavior (color change u"
ds709,Not Misinformation,0.6,False,True,"The image depicts a Bombardier CRJ700, and the claim specifies it is a Delta Connection aircraft landing at Seattle-Tacoma International Airport (SEA) in September 2015. Evidence [2] confirms that Delta Air Lines announced plans for daily service to Seattle starting in December 2015, operated by SkyWest using CRJ-700 aircraft. While the specific date (September 2015) is slightly before the announced start of daily service, Delta Connection flights (likely seasonal or charter) or the announcement period itself make the presence of such an aircraft plausible. The image is verified as real (not AI-generated). The specific visual details (dusk, specific landing) cannot be definitively proven by the text evidence alone, but there is no contradiction. The claim is consistent with the operational"
ds3448,Misinformation,0.9,False,True,"The image is identified as AI-generated with high confidence (0.8). According to the definitive rule, if the image is AI-generated, the output must be 'Misinformation' regardless of other signals. The visual content depicts a generic, idealized town scene that does not specifically identify 'Younger' (or 'Young'), and the AI generation indicates it is not a factual representation of a specific location."
ds2474,Not Misinformation,0.9,False,True,"The image depicts a realistic scene of boats docked in water, which aligns perfectly with the claim 'some boats that are by a dock in some water'. The visual veracity module confirms the image is not AI-generated (ai_generated=false). The retrieved evidence supports the existence of such scenes in stock photography and real-world locations (e.g., Chicago waterways, Lake Annecy), confirming the plausibility and accuracy of the description. There are no contradictions or signs of manipulation."
ds2010,Not Misinformation,0.9,False,True,"The image depicts a tennis player in the act of serving, which aligns with the claim. The module signals confirm the image is not AI-generated (visual_veracity.ai_generated=false) and the relevancy is high. The retrieved evidence supports the general context of tennis serving, with stock photo descriptions explicitly mentioning 'tennis player serving ball to opponent' [3], confirming the plausibility of the scene described in the claim."
ds1564,Misinformation,0.9,False,True,"The claim states that Woody Allen received the Cecil B. DeMille Lifetime Achievement Award 'this year' (implying the current year, 2023, given the context of the retrieved evidence). However, the retrieved evidence explicitly states that Eddie Murphy received the Cecil B. DeMille Award at the Golden Globes in January 2023 [2], [3]. While Woody Allen did receive the award in 2022 (as noted in evidence [1] regarding Tom Hanks receiving it in 2020, and general knowledge confirming Allen's 2022 win, though the specific 2022 snippet is missing, the 2023 winner is clearly identified as Murphy), the claim attributes the 2023 award to Allen. The module signals also contain a contradiction, with one answer claiming Allen won in 2023 and another correctly identifying Eddie Murphy as the 2023 winner."
ds2594,Misinformation,0.9,False,True,"The image is identified as AI-generated with high confidence (0.8) due to unnatural finger warping and inconsistent nail textures, which violates the definitive rule for mislabeling AI-generated content as misinformation. Additionally, the claim that nail polish matches a 'different part of the table' is nonsensical and unsupported by the evidence, which discusses color shifts due to light angle or chemical properties (UV/hydrochromic), not matching furniture surfaces."
2501,Not Misinformation,0.6,False,True,"The image depicts a girl holding a frog, which aligns with the claim that she caught a bullfrog. The visual veracity signals indicate the image is not AI-generated (confidence 0.2 for AI generation, implying high confidence it is real). The retrieved evidence confirms that bullfrogs are real animals that can be caught by humans, and the image content is physically plausible. While the specific identity of the girl or the exact moment of capture cannot be verified from the general evidence snippets, there is no evidence suggesting the image is fake or the claim is false. The claim is a descriptive caption for a plausible real-world event."
7697,Not Misinformation,0.9,False,True,"The claim states that a draft proposal suggests two garden cities at Yalding in Kent and Gerrards Cross in Buckinghamshire. Evidence [2] from the retrieved sources explicitly confirms this, stating: 'This newspaper understands, from sources outside the Deputy Prime Minister’s office, that a draft proposal suggests building two new settlements in Yalding, Kent, and Gerrards Cross, in Buckinghamshire.' This directly validates the core assertion of the claim. The image is identified as a generic landscape (not AI-generated) and serves as a plausible visual accompaniment to the text, though it does not depict the specific locations. Since the textual claim is supported by direct evidence of a historical draft proposal, the pair is not misinformation."
ds2926,Misinformation,0.9,False,True,"The claim that the debugging tool icon on the Touch Bar is a can of bug spray is factually incorrect. In software development, 'debugging' refers to the process of finding and resolving defects in computer programs, not eliminating insects. Consequently, the icons associated with debugging tools (such as those in Xcode, Android Studio, or WebStorm) typically represent concepts like play/pause, step-over, breakpoints, or lightning bolts (as noted in the module signals and evidence [2] from Stack Overflow regarding a thunderbolt icon). There is no standard or functional icon for debugging represented by a can of bug spray. The claim relies on a pun or misunderstanding of the term 'bug' in a technical context. Evidence [3] from WWDC 2021 mentions a 'spray can icon' in a hypothetical or metaph"
ds1829,Not Misinformation,0.6,False,True,"The image depicts an MRAP vehicle, which aligns with the claim's subject. The claim states that US school districts acquired MRAPs via a Pentagon giveaway. While the specific term 'giveaway' is often used critically to describe the 1033 program, the core factual assertion that schools (specifically their campus police/security) have acquired MRAPs through federal surplus programs is supported by evidence. Evidence [1] in the module signals explicitly confirms that Saddleback College's campus police obtained an MRAP via the DoD Excess Property Program 1033. The retrieved evidence supports the existence of the MRAP program and the 1033 program's role in distributing military gear to law enforcement (which includes campus police). Therefore, the image and headline are factually grounded in th"
ds4158,Misinformation,0.9,False,True,"The claim that Hillary Clinton filed for divorce in New York courts is false. Multiple credible sources, including HuffPost and legal analysis sites, have debunked these rumors as hoaxes. Specifically, evidence indicates there are zero court filings for divorce by Hillary Clinton in New York or any other jurisdiction. The rumors often stem from fake news sites or confusion with other individuals (such as Huma Abedin, who did file for divorce). The headline presents a debunked rumor as breaking news, constituting misinformation."
ds9891,Not Misinformation,0.6,False,True,"The image depicts a social gathering in period attire, which is consistent with the setting of Jane Austen's 'Pride and Prejudice'. The headline 'The BBC s And Prejudice Having A good time' appears to be a garbled or typo-ridden reference to the BBC's adaptation (likely 'Pride and Prejudice'). The retrieved evidence confirms that the BBC produced a famous 1995 adaptation of this novel, which features scenes of social gatherings and balls. While the image is not definitively identified as a specific frame from the 1995 series, it is not AI-generated and does not contradict the general theme or existence of the BBC production. The claim is interpreted as a vague, possibly humorous or poorly phrased caption about the show's social scenes, rather than a specific false factual assertion. Theref"
3477,Misinformation,0.9,False,True,"The image is identified as AI-generated (confidence 0.9) and depicts a surreal scene of an octopus in a baseball setting. The claim states that the movie 'Trouble with the Curve' stars a squid. Evidence confirms that 'Trouble with the Curve' is a 2012 sports drama starring human actors (Clint Eastwood, Amy Adams, etc.) and contains no cephalopods, neither squids nor octopuses. The image is fabricated and does not represent the film, making the association between the image and the movie claim misleading and false."
3415,Misinformation,0.9,False,True,"The claim that Hezbollah received zero support from Iran is factually incorrect. Multiple authoritative sources confirm that Iran is a key patron of Hezbollah, providing significant funding, military training, weapons, and organizational aid since the group's inception in the early 1980s. Evidence from the US State Department, Wikipedia, and major news outlets explicitly details this extensive support, directly contradicting the claim of 'zero support'."
ds4821,Not Misinformation,0.6,False,True,"The claim that Meghan Markle kept her romance with Prince Harry secret from her Suits cast mates is not supported by the evidence, which indicates the opposite. Multiple sources confirm that her Suits co-stars were aware of the relationship and reacted positively to her engagement. For instance, evidence [2] from the 'answers' module and evidence [1] from the 'retrieved evidence' section (E! Online) state that cast members like Sarah Rafferty and Patrick J. Adams expressed support, excitement, and well-wishes regarding her romance and engagement. While some sources note that the couple kept their relationship private from the general public initially, there is no evidence suggesting they hid it from their colleagues on set; rather, the cast's reactions imply they were informed. Therefore, "
ds471,Not Misinformation,0.9,False,True,"The claim accurately describes the RoboRoach product developed by Backyard Brains. Evidence confirms that RoboRoach is a real educational kit that uses a small electronic backpack with electrodes to stimulate the nerves in a cockroach's antennae. This device connects to a smartphone app via Bluetooth, allowing users to control the cockroach's direction (left/right) based on its natural reflexes. The image depicts this interaction, and the technical details in the claim align with verified descriptions of the product's mechanism."
ds4939,Misinformation,0.9,False,True,"The headline claims a specific individual named 'Cait' is facing knee surgery due to refusing to stop wearing stilettos. The retrieved evidence does not support this specific narrative. Evidence [2] from DFW Running Talk mentions a 'Cait Keen' who underwent major surgery, but it was for an 11-centimeter fibroid, not a knee injury related to high heels. Evidence [3] mentions 'Cait McMahan' undergoing knee surgery in 2006 due to a bone bruise, which is an old event unrelated to the current claim about stilettos. There is no evidence linking any 'Cait' to knee surgery specifically caused by refusing to ditch stilettos. The image is a generic stock photo of a woman in heels, lacking any specific identity or context to support the headline. The claim appears to be a fabricated or sensationalize"
1818,Misinformation,0.9,False,True,"The claim asserts that the 'Opinion Debate' section moved to a 'Viewspaper' with more room for reader letters. Evidence [1] from Fast Company and [3] from NY Post confirms that the Washington Post's opinion section is undergoing an overhaul under Jeff Bezos, but there is no mention of a section moving to a platform or format called 'Viewspaper'. The term 'Viewspaper' appears in the evidence only in the context of a specific UK publication's rebranding (Evidence [1] from ukviewspaper.com) or a historical Malay press term (Evidence [2] from ResearchGate), or a supplement in The Independent (Evidence [3] from The Guardian). There is no evidence linking the Washington Post's opinion section to a 'Viewspaper'. The claim conflates unrelated entities and fabricates a structural change that did no"
ds4587,Not Misinformation,0.6,False,True,"The claim that Jennifer Aniston spent $100K on a makeover is not supported by evidence. The retrieved evidence indicates that while Aniston and Justin Theroux did split (confirmed by [1] in the second evidence block and [1] in the fourth), there is no report of a $100K makeover expense. The 'answers' module clarifies that a $100K figure likely refers to hotel expenses during a stay, not a makeover. Furthermore, recent news suggests she is reducing cosmetic procedures rather than undergoing expensive makeovers ([1] in the fifth evidence block). The image provided is a generic celebrity photo and does not depict a specific event related to a $100K makeover. Since the core financial claim is unsubstantiated and likely conflated with other expenses, but the image is real and the split is real,"
ds9253,Not Misinformation,0.9,False,True,"The image displays a realistic scene (AI-generated=false) containing a coffee beverage, a slice of cake (consistent with coffee cake descriptions in evidence [1], [2]), and a banana. The headline claims the display includes 'coffee cake, a pastry and a beverage'. While the headline does not explicitly mention the banana, it accurately describes the primary subjects present: a coffee cake (a type of sweet bread/pastry often served with coffee), a pastry (the cake itself or potentially the banana is a distractor, but the cake fits the pastry category broadly in casual language, or the headline is slightly imprecise but not false), and a beverage. The evidence confirms that coffee cake is a common accompaniment to coffee [1], [2]. The presence of a banana not mentioned in the headline is a mi"
ds8003,Misinformation,0.9,False,True,"The claim that a fireworks display in Weymouth marked the opening of the London 2012 Olympics is false. Evidence indicates that Weymouth's fireworks displays in 2012 were part of its traditional summer holiday schedule or Guy Fawkes Night (November 5th) celebrations, not the Olympic opening ceremony. The London 2012 opening ceremony took place in London on July 27, 2012, and was a distinct event focused on British culture, featuring real animals and the Queen, as confirmed by multiple sources. Weymouth was a venue for sailing competitions during the Olympics, but there is no evidence linking a Weymouth fireworks display to the opening ceremony. The image shows a generic fireworks display, which does not substantiate the specific temporal and locational claim of the headline."
4557,Not Misinformation,0.9,False,True,"The headline claims that Irish actress Ruth Negga's Hollywood star status is 'SOAR'ing. The retrieved evidence confirms that Ruth Negga is indeed a rising star in Hollywood, citing her Oscar nomination for 'Loving', her role in 'Preacher', and her recent work in 'Passing' and 'Good Grief' [1, 2, 3]. The module's visual veracity signal indicates the image is not AI-generated (ai_generated=false), and while the image relevance is marked as partial (likely due to the image not being a clear, singular portrait of Negga), the core claim regarding her rising status is factually supported by the evidence. The claim is subjective but grounded in her actual career trajectory and media coverage."
ds8684,Misinformation,0.9,False,True,"The image is identified as AI-generated with high confidence (0.8) by the visual veracity module, citing unnatural fur patterns and surreal color blending. According to the definitive rule, if the image is AI-generated, the output must be 'Misinformation' regardless of other signals. The headline claims the image depicts a specific real-world scene (cat and dog on wooden benches next to a stairwell), but the image itself is synthetic and does not represent a real event or photograph, thus constituting misinformation."
