sample_id,label,confidence,abstain,parse_ok,rationale
ds6031,Misinformation,0.95,False,True,"The image is identified as AI-generated (confidence 0.9) with high certainty due to the surreal and physically impossible combination of a military tank and a floating frog. The claim that this is a 'recently declassified image from project ribbit thunder' is false. Evidence indicates that 'Ribbit' is a character from the animated series 'The Amazing Digital Circus' and 'Project Rabbit' is a video game, while 'Project Ribbit Thunder' appears to be a conflation of these pop culture references and cryptocurrency projects (RIBBIT/RBT). There is no real-world military project by this name, and the image is clearly a digital fabrication rather than a declassified historical document."
3397,Misinformation,0.95,False,True,"The image is identified as AI-generated with high confidence (0.8). According to the definitive rule, if the image is AI-generated, the output must be 'Misinformation' regardless of other signals. Additionally, the claim that Planet Hollywood Las Vegas is owned by a corporation based in Paris, Texas is factually incorrect; evidence confirms it is owned and operated by Caesars Entertainment, which is based in Nevada, not Paris, Texas."
ds2700,Not Misinformation,0.85,False,True,"The image depicts a scaled quail standing on one leg, which is a documented behavior for this species (supported by evidence [3] in the retrieved set). The headline mentions a raisin and a peanut. While the module signals indicate these items are not clearly visible or confirmed in the image, the image itself is verified as real (AI-generated=false). The presence of small objects like a raisin or peanut next to a small bird in a staged or natural setting is plausible and not inherently false or misleading in a way that constitutes misinformation, especially given the lack of evidence that the image is fabricated or that the bird is incapable of such a pose. The partial alignment regarding the specific food items does not rise to the level of 'Misinformation' under the definitive rule, as t"
ds4880,Not Misinformation,0.9,False,True,"The claim that Lindsay Lohan wore a hijab and sparked mixed feelings on social media is supported by multiple credible news sources. Reports confirm she attended London Modest Fashion Week wearing a hijab, which led to widespread discussion, speculation about her faith, and mixed reactions online (praise vs. criticism/concerns about appropriation). The module signals indicate the image is not AI-generated and aligns with the event described. Therefore, the headline accurately reflects real-world events."
ds8852,Not Misinformation,0.85,False,True,"The image is verified as real (AI-generated=false) and depicts three teddy bears. The claim states there are 'three teddy bears and a stuffed cat'. While the image clearly shows three teddy bears, the 'stuffed cat' is not visible in the provided visual evidence or described in the module signals. However, the claim is not definitively false in a way that constitutes misinformation (e.g., it doesn't claim the bears are real animals or that the image is fake). The 'partial' alignment suggests the image might be a crop or the cat is out of frame, or the claim is slightly inaccurate regarding the count. Given the strict rule to output Misinformation only if AI-generated, and the fact that the core subject (teddy bears) is present and real, this is classified as Not Misinformation, likely repre"
7551,Not Misinformation,0.95,False,True,"The retrieved evidence directly supports the claim. Specifically, evidence item [5] from BBC News explicitly states: 'Snow has fallen across parts of the UK, such as Kielder Water, in Northumberland, and more is predicted over the weekend.' This matches the headline's assertion almost verbatim. The image shows a snowy landscape which is consistent with the report of snowfall in the region, and the visual veracity check indicates it is not AI-generated. While the specific image might not be a geotagged photo of that exact moment, the textual claim is factually supported by the news reports found."
365,Misinformation,0.95,False,True,"The visual veracity module explicitly identifies the image as AI-generated with a high confidence of 0.8. According to the definitive rule, if the image is AI-generated, the output must be 'Misinformation' regardless of other signals. While the event described (Kwita Izina naming ceremony in Rwanda) is real and does involve entertainment, the specific image provided is not a photograph of the event but an AI-generated fabrication."
ds4717,Not Misinformation,0.85,False,True,"The headline claims that Khloe Kardashian was forced by Tristan Thompson to follow a strict pregnancy diet after a binge. Retrieved evidence from multiple sources (Inquisitr, OK Magazine, The Sun) confirms that during her pregnancy with Tristan Thompson (circa 2017-2018), there were widespread reports and claims that Tristan intervened in her diet, encouraging her to avoid unhealthy habits and junk food (like the cookies and ice cream mentioned) after she had indulged. While the word 'forced' is strong, the media narrative consistently described his influence as strict and controlling, aligning with the core claim of the headline. The image relevance signal is low, but the textual claim is supported by contemporaneous news reports."
4718,Not Misinformation,0.85,False,True,"The headline claims Jennifer Lopez might take a break from Alex Rodriguez. Evidence confirms that Jennifer Lopez and Alex Rodriguez did take a break from their relationship, which led to their breakup and cancellation of engagement in March 2021. While the relationship has since ended, the statement that she 'might take a break' is factually grounded in the history of their relationship dynamics (specifically the 2021 split). The image is a genuine photograph of J.Lo. The headline uses speculative language ('might') which aligns with the historical precedent of their relationship instability. Therefore, it is not misinformation."
ds4306,Not Misinformation,0.95,False,True,"The headline accurately reflects a statement made by Eric Trump in August 2016. Multiple credible news sources (HuffPost, The Guardian, Politico, The Hill, WSJ) confirm that Eric Trump stated it would be 'foolish' for his father, Donald Trump, to release his tax returns while under audit, arguing that people without tax knowledge would make unwarranted assumptions. The image depicts Eric Trump, and the module signals indicate the image is not AI-generated. Therefore, the claim is supported by evidence."
ds1370,Not Misinformation,0.95,False,True,"The retrieved evidence confirms that Kris Jenner and Bruce Jenner attended the 44th Annual Academy of Country Music Awards, which were held at the MGM Grand in Las Vegas on April 5, 2009. Multiple sources, including Mirror Online, USA Today, and Alamy, explicitly state this fact and provide photographic evidence. The module signals correctly identified the image as genuine (not AI-generated) and aligned with the claim. Therefore, the claim is supported by factual evidence."
ds2101,Not Misinformation,0.95,False,True,"The image depicts a table setting with wine glasses and a centerpiece, which aligns perfectly with the claim. The visual veracity module indicates the image is not AI-generated (ai_generated=false). The retrieved evidence confirms that such table settings are common and that centerpieces and wine glasses are standard elements of table decor. There is no evidence of deception or AI generation."
5000,Misinformation,0.95,False,True,"The claim that President Obama admitted to a secret deal with China to hand over U.S. territory to settle debt is factually false. There is no record of such a deal. The United States has never ceded any of its sovereign territory to China. While Hong Kong was handed over to China in 1997, it was a transfer from British colonial rule, not from the United States, and occurred long before Obama's presidency. The retrieved evidence confirms that Obama's relationship with China involved diplomatic engagement and trade enforcement, but no territorial concessions or debt-for-land settlements. The image of the Obamas is unrelated to the specific false claim, serving as a generic visual for the headline."
ds4724,,,False,False,PARSE_FAILURE
ds6329,Misinformation,0.95,False,True,"The image is identified as AI-generated with high confidence (0.9). The visual content depicts a surreal and impossible scenario (a man inside a shark) that does not correspond to any real event, movie scene, or factual occurrence related to the headline's subjects ('What's Eating Gilbert Grape', 'Arnie', 'Sharkasaurus'). 'What's Eating Gilbert Grape' is a drama with no shark scenes, 'Sharkasaurus' is a low-budget creature feature with no connection to Arnold Schwarzenegger or Leonardo DiCaprio's character Arnie, and there is no record of 'Arnie' fighting a shark. The combination of an AI-generated image with a nonsensical headline constitutes misinformation."
ds1157,Not Misinformation,0.85,False,True,"The claim describes a person holding a banner during a pope's procession down Fifth Avenue to St. Patrick's Cathedral. Historical evidence confirms that Pope Paul VI traveled down Fifth Avenue to St. Patrick's Cathedral in 1965, and Pope Francis did so in 2015. During such high-profile papal visits, it is standard for crowds to hold banners and signs. The image shows a banner with the Pope's image, which is consistent with the described event. The module signals indicate the image is not AI-generated. While the specific identity of the person holding the banner is not verifiable from the image alone, the event described (Pope procession on 5th Ave to St. Patrick's) is historically accurate, and the visual content (banner) is consistent with the claim. Therefore, it is not misinformation."
5013,Misinformation,0.85,False,True,"The headline claims a 'Controversial Dating Revelation' sparked by her divorce. However, the retrieved evidence and module signals indicate that Brooke Burke's divorce from David Charvet was finalized years ago (around 2019/2020) and is not a current event driving new speculation. Furthermore, current reports (2025) focus on her engagement to Scott Rigsby and the postponement of their wedding, not a 'dating revelation' linked to a divorce. The image provided is explicitly flagged as irrelevant to the specific claim (showing two individuals on stage, not Brooke Burke in the context of the headline). The combination of an irrelevant image and a headline that misrepresents the timeline and nature of her current relationship status (framing an old divorce or current engagement as a new 'contro"
3983,Misinformation,0.95,False,True,"The claim contains a factual error regarding the release year (stating 2008 instead of 2013). However, the primary reason for the 'Misinformation' label is the visual veracity signal. The module indicates the image is AI-generated (confidence 0.8) and depicts a scene unrelated to the film (a crowded street with a nonsensical star). According to the definitive rule, if the image is AI-generated, the output must be Misinformation regardless of other signals. The image does not support the claim and is fabricated."
ds9980,Not Misinformation,0.85,False,True,"The image depicts a scene consistent with the widespread media coverage of Iraqi families fleeing Mosul and settling in displacement camps near Kurdish checkpoints (specifically the Khazer/Aksi Kalak area) during the ISIS conflict (circa 2014-2017). Evidence [3] from Daily Mail explicitly mentions 'A girl stands besides her tent at a temporary displacement camp set up next to a Kurdish checkpoint in Kalak' in the context of Peshmerga checking vehicles of Iraqis fleeing Mosul. Evidence [1] and [5] from NBC and NPR confirm that families were seen in desert fields near these checkpoints. While the specific date is not 2023 (as suggested by one module signal, which appears to be a hallucination or irrelevant retrieval regarding a wedding fire), the core claim of an Iraqi girl settling with fam"
ds2354,Not Misinformation,0.9,False,True,"The image depicts a large airplane flying low in a cloudy sky. The module signals indicate the image is not AI-generated (visual_veracity ai_generated=false) and is relevant to the claim. The retrieved evidence confirms that planes do fly low for various reasons, such as landing approaches (e.g., at LAX), wind conditions, or weather impacts, and that cloudy skies do affect flight paths. The image is a plausible representation of these common aviation scenarios and does not contain inherent misinformation or deceptive context based on the provided evidence."
ds9501,Misinformation,0.95,False,True,"The claim states that Ford's reelection campaign was 'brilliant.' Historical evidence confirms that Gerald Ford's 1976 reelection campaign was unsuccessful, as he lost the general election to Jimmy Carter. Furthermore, the campaign was widely criticized for its lack of clear strategy and organization, particularly during the primary challenge from Ronald Reagan and the subsequent general election. Describing a failed campaign with significant strategic flaws as 'brilliant' is factually incorrect and contradicts the historical record. While the image is not AI-generated, the textual claim is false."
ds4,Not Misinformation,0.95,False,True,"The claim states that after the murders, Charlie Hebdo's surviving staff left their Paris offices for a temporary home at Liberation newspaper. Historical records confirm that immediately following the January 2015 attack, the surviving staff of Charlie Hebdo relocated to the offices of the newspaper Libération (Liberation) in Paris, where they worked for several months before moving to a new high-security location. The image provided appears to be a memorial scene, which is contextually relevant to the aftermath of the attacks, although it does not explicitly depict the move to Liberation. However, the core factual claim regarding the relocation to Liberation is accurate. The visual veracity is not AI-generated. Therefore, the content is not misinformation."
ds3871,Misinformation,0.95,False,True,"The claim states that Meghan Markle was born in July. However, factual evidence confirms she was born on August 4, 1981. Furthermore, the module signals indicate that the image associated with this claim is AI-generated (confidence 0.8) and irrelevant to the subject (showing clothing and a book instead of Meghan Markle). According to the definitive rule, if the image is AI-generated, the output must be Misinformation regardless of other signals."
8830,Not Misinformation,0.9,False,True,"The image depicts a clock on a barn, which is a real-world phenomenon. Evidence [3] from Unsplash explicitly confirms the existence of photos showing 'a barn with a clock on the side of it' (specifically an old wood barn in Michigan). Additionally, Evidence [2] from WatchUSeek discusses a custom-built clock for a barn in rural Wisconsin. The module's claim that the context is missing is incorrect; the image clearly shows the clock against the barn structure. Since the image is verified as real (ai_generated=false) and the scenario described in the headline is factually supported by evidence, the pair is not misinformation."
ds5053,Misinformation,0.85,False,True,"The claim that drinking green tea daily increases lifespan by exactly 'Ten Years' is a specific, quantifiable assertion that is not supported by the retrieved evidence. While multiple sources (e.g., [3], [4], [5] in the second set) confirm that green tea is associated with longevity, reduced cardiovascular risk, and is a factor in Blue Zones, none cite a study establishing a specific 10-year increase. The evidence suggests general health benefits and potential for longer life, but the specific '10 years' figure appears to be an exaggeration or misinterpretation of general longevity trends, making the headline misleading."
ds2437,Misinformation,0.95,False,True,"The claim states that the image shows an 'animal food tray and cage' that is empty. However, the image clearly depicts a disc golf basket (a metal chain basket used in the sport of disc golf) with a tree in the background. The module signals correctly identify that the image is not of an animal food tray or cage, noting that there is 'no meaningful connection to the subject described in the headline.' Since the image does not depict the objects mentioned in the claim, the claim is factually incorrect regarding the visual content, constituting misinformation."
ds6090,Misinformation,0.95,False,True,"The image is identified as AI-generated with high confidence (0.8) due to surreal and contextually inappropriate elements (a camel in a social festival setting). According to the definitive rule, if the image is AI-generated, the output must be Misinformation regardless of other signals. Additionally, the module signals indicate that the image does not depict a real event from Outside Lands 2023, which is factually confirmed by evidence showing the festival took place in August 2023 with specific lineups and no such surreal imagery."
ds742,Not Misinformation,0.85,False,True,"The image depicts a protest scene with a 'WALL OFF TRUMP' banner, which aligns with the widespread protests against Donald Trump during the 2016 Republican National Convention in Cleveland. The retrieved evidence confirms that significant protests occurred outside the Quicken Loans Arena (the venue for the RNC) on July 19-20, 2016. While the specific phrase 'form a barrier to Wall off Trump' is slightly awkwardly phrased, the core claim that demonstrators protested and formed barriers/gathered outside the arena to oppose Trump is supported by multiple sources describing protesters converging outside the security perimeter and engaging in demonstrations. The image is verified as real (not AI-generated). Therefore, the headline is considered a valid description of the event context."
ds1754,Not Misinformation,0.95,False,True,"The headline accurately describes the casting in the 2013 film 'The Fifth Estate', where Benedict Cumberbatch indeed portrays Julian Assange. The retrieved evidence from Wikipedia, IMDb, and major news outlets confirms this fact. The image signals indicate the image is not AI-generated and is relevant to the claim. Therefore, the claim is factual."
4580,Not Misinformation,0.85,False,True,"The headline presents a subjective preference or opinion ('Picks... Over') rather than a verifiable factual claim about a specific event or physical reality. The image shows the three sisters mentioned (Kourtney, Kylie, and Kim Kardashian) and is identified as a genuine photograph (not AI-generated). While the image does not explicitly depict the products or the act of choosing, it is contextually relevant to the subjects. The module signals indicate low relevancy because the image doesn't show the specific products, but this does not constitute misinformation in the sense of a fabricated event or AI deception. The claim is likely a clickbait-style opinion piece or social media commentary, which is not inherently 'misinformation' if the subjects are real and the image is authentic, even if"
ds50,Not Misinformation,0.95,False,True,"The claim states that Rachael Drouet has still not tracked down the owners of the decorations. Multiple retrieved evidence snippets, specifically from BBC News articles [3] and [4], explicitly state: 'Rachael Drouet has still not tracked down the owners of the decorations.' The image shows decorations and a cat, which aligns with the context of the story about her cat Theo stealing decorations. The visual veracity is confirmed as real (not AI-generated). Therefore, the claim is supported by the evidence."
8392,Not Misinformation,0.95,False,True,"The claim is factually supported by the retrieved evidence. Oregon Attorney General Ellen Rosenblum did file a lawsuit against GNC in October 2015, alleging that the company knowingly sold dietary supplements containing two synthetic chemicals: picamilon and BMPEA (Beta-methylphenethylamine). These substances were described as illegal/unapproved ingredients in the U.S. market. While the provided image (Nurofen) is irrelevant to the specific GNC allegation (as noted in the module signals), the textual claim itself is accurate based on historical records. The definitive rule for 'Misinformation' applies only if the image is AI-generated, which it is not. Therefore, the claim is not misinformation."
ds7878,Not Misinformation,0.85,False,True,"The image depicts a realistic scene of people wading through floodwaters, consistent with the visual description of a family seeking refuge during a flood. The retrieved evidence confirms that Harinagar in Satkhira, Bangladesh, has experienced significant flooding (e.g., embankment collapses in October 2023 and other periods), causing displacement and necessitating movement to higher ground or shelters. While the specific image cannot be geotagged to Harinagar with 100% certainty from the text alone, the claim describes a plausible and documented scenario (floods in Harinagar/Satkhira leading to displacement). The module signals indicate the image is not AI-generated and is partially aligned with the context. There is no evidence suggesting the image is fake or that the event described is "
ds4278,Misinformation,0.95,False,True,"The headline claims that Russian mansions seized by Obama were 'meant to be illegal gifts' to his daughters, Sasha and Malia. While it is true that the Obama administration seized two Russian diplomatic compounds in 2016 (as confirmed by evidence snippets [1], [2], [3] in the first Q&A), there is absolutely no evidence to support the claim that these properties were intended as gifts to the Obama daughters. The seized properties were diplomatic compounds (embassies/retreats) owned by the Russian state, not personal gifts. The evidence snippets regarding Sasha and Malia [1-5 in the second Q&A] discuss their public appearances and lives but contain no mention of receiving mansions. The claim conflates the seizure of diplomatic property with a fabricated narrative about personal gifts, making"
ds6954,Misinformation,0.95,False,True,"The image is identified as AI-generated (confidence 0.8) with a surreal and irrelevant depiction of a man floating in space, which does not represent Prof Martin Hairer. According to the definitive rule, if the image is AI-generated, the output must be Misinformation regardless of other signals. Additionally, the headline contains factual inaccuracies: while Martin Hairer is an Austrian mathematician, he currently teaches at EPFL and Imperial College London, not the University of Warwick (where he previously held a position). The combination of a fabricated/AI image and false institutional affiliation confirms the misinformation label."
ds3520,Misinformation,0.95,False,True,"The claim states that Ice-T was 18 years old when he signed to Sire Records in 1987. However, evidence confirms that Ice-T was born on February 16, 1958. In 1987, he would have been 29 years old (turning 29 in February 1987). The claim contains a significant factual error regarding his age at the time of the signing."
7044,Not Misinformation,0.95,False,True,"The image depicts Hillary Clinton, and the claim states she was at a rally in Columbus, Ohio. Evidence confirms that Hillary Clinton held multiple rallies and campaign events in Columbus, Ohio, including a significant victory speech on March 4, 2008, a rally with Tim Kaine on July 31, 2016, and other campaign stops in 2015 and 2016. While the image itself does not explicitly prove the specific date or location (as the module noted 'partial' alignment), the event described is factually accurate and historically documented. The image is not AI-generated. Therefore, the claim is not misinformation."
ds9094,Misinformation,0.8,False,True,"The visual veracity module explicitly identifies the image as AI-generated with a confidence of 0.8. The image contains nonsensical text artifacts ('OLLD PARNG', 'PLEWK $TNC'), which is a hallmark of AI generation. According to the definitive rule, if the image is AI-generated, the output must be Misinformation regardless of other signals."
ds3303,Misinformation,0.9,False,True,"The claim states that Scandinavia includes Svalbard and Jan Mayen. According to the retrieved evidence and standard geographical definitions, Scandinavia typically comprises only Denmark, Norway, and Sweden (or the Scandinavian Peninsula). Svalbard and Jan Mayen are part of the Kingdom of Norway but are geographically distinct territories located in the Arctic Ocean, far north of the Scandinavian Peninsula. They are classified as part of the broader 'Nordic' region, not Scandinavia. Therefore, the claim is factually incorrect regarding the definition of Scandinavia."
ds7131,Not Misinformation,0.85,False,True,"The image depicts Karen O performing at the 86th Academy Awards (Oscars) in 2014, which aligns with the claim that she performed during the ceremony. While the retrieved evidence does not explicitly confirm the specific brand of her dress (Camilla Staerk) or the specific jewels (Neil Lane) in the provided snippets, these details are consistent with known fashion reports from that event (Karen O wore a black satin Camilla Staerk gown and Neil Lane jewelry). The module signals indicate the image is real (not AI-generated) and relevant. Since the core event (performance) is verified and the specific fashion details are plausible and not contradicted by evidence, and given the strict rule only flags AI-generated images as definitive misinformation, this is classified as Not Misinformation. The"
ds7823,Misinformation,0.95,False,True,"The module signals explicitly state that the image is 'not aligned' with the claim, noting that 'The image does not depict the Berlaymont building or any related subject.' The Berlaymont building is a distinctive, cross-shaped structure in Brussels (confirmed by evidence). Since the provided image does not show this building, the image-headline pair is mismatched and constitutes misinformation, as the visual does not support the textual claim."
1047,Not Misinformation,0.95,False,True,"The claim is substantiated by multiple credible sources. Evidence [1] from NY Mag explicitly states: 'Kentucky governor Matt Bevin addresses the Kentucky Chamber of Commerce dinner, Thursday, January 7, 2016.' Additionally, Evidence [2] from Kentucky Living confirms that Governor Matt Bevin addressed the audience at Kentucky Chamber Day in Lexington on January 8, 2016 (which aligns with the Thursday date if the event spanned or was reported on that day, or if the specific dinner was Jan 7). The location 'Heritage Hall' is part of the Lexington Convention Center, which is a known venue for such events in Lexington. The image is verified as not AI-generated. Therefore, the headline accurately describes a real event."
ds8744,Not Misinformation,0.85,False,True,"The image depicts a skateboarder in mid-air, which aligns with the claim. The retrieved evidence confirms that skateboarding stunts involving mid-air jumps are real and documented (e.g., stunts on Melbourne skyscrapers, competitions). While the evidence also highlights a recent news story about a man waving a skateboard on a plane, this does not negate the existence of the skateboarding image described. The visual veracity module indicates the image is not AI-generated (confidence 0.2 for AI, implying high confidence for real). The partial alignment regarding 'people below' is a minor contextual detail; the core claim of a shirtless man skateboarding mid-air is supported by the visual content and general plausibility of such sports photography. There is no evidence suggesting the image is "
ds9896,Not Misinformation,0.85,False,True,"The claim 'Alan Johnson has a bad case' is ambiguous but likely refers to the former UK Home Secretary and Health Secretary Alan Johnson. The retrieved evidence indicates that Alan Johnson (the politician) does not have a widely reported 'bad case' of a specific disease in the same manner as country singer Alan Jackson (who has Charcot-Marie-Tooth disease). However, the evidence shows Alan Johnson has been involved in political controversies (e.g., a gift row, urging action on health inequalities) and personal matters (divorce/marriage). The image shows a man in a suit, which is consistent with Alan Johnson's public appearance. Since the image is verified as not AI-generated and the subject is a real public figure, and the claim is vague enough to potentially refer to political or personal"
ds3482,Misinformation,0.95,False,True,"The claim states that 'Gotham City Sirens failed to be published.' However, multiple pieces of evidence confirm that 'Gotham City Sirens' is a published comic book series. Evidence [1] from Wikipedia discusses plot points from issue #7, and Evidence [2] from League of Comic Geeks lists the series as '(2024 - Present)'. Furthermore, Evidence [1] from the 'Gotham City Sirens comic book news' section explicitly states that issue #3 was released on August 21, 2024. While there was a planned movie project that faced delays or uncertainty, the comic series itself has been published and continues to be published. Therefore, the claim is false."
3081,Misinformation,0.95,False,True,"The claim states that 'Story of My Life' was recorded exclusively by a girl band. The retrieved evidence confirms that the most prominent song with this title was recorded by One Direction, which is explicitly identified as an 'English-Irish boy band' (not a girl band). Additionally, other versions exist by artists like Social Distortion (a rock band) and Marty Robbins (a male country singer), and Irma Thomas (a female solo artist, not a band). There is no evidence of a 'girl band' recording this song, and the primary association is with a male group. Therefore, the claim is factually incorrect."
6149,Misinformation,0.8,False,True,"The visual veracity module indicates with high confidence (0.8) that the image is AI-generated. The image depicts a surreal scenario (a dog reading a book) with nonsensical text, which are strong indicators of AI generation. According to the definitive rule, if the image is AI-generated, the output must be 'Misinformation' regardless of other signals. Although the headline 'sometimes its better not to know' is a philosophical statement supported by general knowledge (ignorance is bliss), the use of an AI-generated image as the primary visual component for this claim constitutes misinformation in the context of visual media verification."
ds6053,Misinformation,0.9,False,True,"The visual veracity module explicitly identifies the image as AI-generated with a high confidence of 0.9. The image depicts a surreal and physically impossible scenario (a rabbit riding a bicycle) that does not align with reality. According to the definitive rule, if the image is AI-generated, the output must be labeled as Misinformation regardless of other signals. The headline 'dont judge its what hes always wanted' implies a specific narrative or context that is entirely fabricated by the AI-generated imagery, creating a false association."
5357,Misinformation,0.85,False,True,"The headline claims that a 'Stimulus' unveiled the Education Secretary's controversial plan. However, the retrieved evidence indicates that the current Education Secretary (Linda McMahon) is associated with a plan to 'dismantle' or abolish the Department of Education, not a 'stimulus' plan. The term 'stimulus' in the context of recent US education funding typically refers to the 2009 American Recovery and Reinvestment Act (ARRA), which is a historical event, not a current unveiling by the McMahon administration. The headline conflates the concept of a 'stimulus' (historical funding) with the current administration's 'dismantling' agenda, creating a false narrative that the current controversial plan is a stimulus. Furthermore, the image shows a generic classroom scene which does not depict"
ds3839,Misinformation,0.95,False,True,"The claim contains two factual errors. First, while Dev Patel did star in the movie 'Chappie', the movie is not an animated film; it is a live-action science fiction film that uses visual effects and motion capture for the titular robot character. Second, the provided image is identified as AI-generated (confidence 0.9) and is not relevant to the movie 'Chappie' or Dev Patel. According to the definitive rule, if the image is AI-generated, the output must be Misinformation regardless of other signals."
7469,Not Misinformation,0.95,False,True,"The retrieved evidence confirms that Donald Trump held a rally in Bangor, Maine, on October 15, 2016, at the Cross Insurance Center. Multiple sources, including YouTube videos titled 'Donald Trump Rally, Bangor, Maine, Oct. 15, 2016' and news reports from the Press Herald and Maine Public dated October 15, 2016, verify the event, location, and date. The image shows Donald Trump speaking, which is consistent with the claim. Although the module signals indicate partial alignment regarding the specific event confirmation from the image alone, the external evidence definitively supports the headline's factual claims."
ds3252,Misinformation,0.95,False,True,"The claim states that 'Little Dorrit' was only published in the 1980s. This is factually incorrect; the novel by Charles Dickens was originally published in serial form between 1855 and 1857. Furthermore, the visual veracity module indicates the image is AI-generated (confidence 0.8). According to the definitive rule, if the image is AI-generated, the output must be Misinformation regardless of other signals. The combination of a false historical claim and an AI-generated image confirms the label."
ds3976,Misinformation,0.95,False,True,"The image is identified as AI-generated with high confidence (0.8). According to the definitive rule, if the image is AI-generated, the output must be 'Misinformation' regardless of other signals. Additionally, the claim that the United States is one of the ABC Islands is factually false; the ABC Islands (Aruba, Bonaire, and Curaçao) are part of the Kingdom of the Netherlands, not the United States."
9974,Not Misinformation,0.85,False,True,"The image is verified as a genuine photograph (AI-generated: false) featuring Kanye West, who is the subject of the headline. The headline expresses a subjective opinion or plea ('Oh please do nt let Kanye send a reply tweet') regarding his social media activity. While the image shows Kanye with Martin Shkreli (a past event from 2016), the headline does not make a false factual claim about the image content (e.g., it doesn't claim they are collaborating now). Instead, it comments on Kanye's general behavior of tweeting. Given that Kanye West is known for frequent and controversial tweets, the sentiment in the headline is plausible and not demonstrably false or misleading in a way that constitutes misinformation. The partial alignment is due to the image being a static historical photo rath"
4125,Not Misinformation,0.9,False,True,"The claim that Kevin Hart appeared in a J. Cole music video playing himself (or a character reflecting his real-life cheating scandal) is supported by multiple evidence sources. Specifically, evidence [2] from amomama.com explicitly states that Kevin Hart appeared in a J. Cole music video where he 'played an unfaithful man, similar to his real life scenario with his wife.' This aligns with the claim's core assertion. The image provided shows Kevin Hart, which is consistent with the subject of the headline, although the image itself is a generic event photo and not a still from the music video. The module signals correctly identified the image as not AI-generated and the relevance as low (because the image doesn't depict the specific video scene), but the textual claim is factually grounded"
ds2506,Not Misinformation,0.85,False,True,"The claim states that a building in Warsaw has a fence to protect pedestrians from falling bricks. Evidence [3] from the retrieved sources explicitly confirms this: 'There is now fencing around the first two buildings to catch the falling bricks and the courtyards have been closed off to visitors'. This specific detail aligns with the claim. While other evidence snippets discuss falling bricks in other cities (Edmonton, Bath, London, NY) or general history, the specific instance of protective fencing in Warsaw for this purpose is corroborated by the blog post in evidence [3]. The image shows a building with such a structure, and the visual veracity is real. Therefore, the claim is supported by evidence."
ds6253,Misinformation,0.9,False,True,"The image is identified as AI-generated with high confidence (0.9). The module's visual veracity signal explicitly states 'ai_generated: true'. According to the definitive rule provided in the system instructions, if the image is AI-generated, the output must be 'Misinformation' regardless of other signals. The image depicts a surreal and nonsensical scene (a mouse in a car with human characters) that does not accurately represent the origin of the meme (a scene from the movie Mean Girls with human actors), further supporting the classification of the content as misleading or fabricated."
ds6291,Misinformation,0.9,False,True,"The image is identified as AI-generated (visual_veracity.ai_generated=true, confidence=0.9). The module signals explicitly state that the image depicts an impossible scenario (a human riding a gazelle) and that the anatomy appears unnatural. While real statues of gazelles exist (e.g., by Marshall Fredericks, Paul Manship, or the one in Tripoli), none depict a human riding the animal in the manner shown in the AI-generated image. The claim 'statue riding a normal size gazelle' implies a real-world object matching the image, which does not exist; the image is a fabrication. Therefore, it is classified as misinformation."
ds9638,Not Misinformation,0.9,False,True,"The claim states that the two presenters (Tania Reza and Enrique Tovar) appeared on YouTube to say the story was staged. Historical evidence confirms that after being fired for a sexual harassment incident on the show 'A Toda Máquina', Reza and Tovar appeared in a video on Televisa's YouTube channel where they claimed the incident was a hoax/staged for viral purposes. Although Reza later recanted this statement, the specific claim that they *appeared on YouTube to say it was staged* is factually accurate based on the events of October 2015."
ds994,Not Misinformation,0.95,False,True,"The image depicts performers forming the Olympic rings during a closing ceremony. The retrieved evidence confirms that the Olympic rings were indeed formed and displayed during the closing ceremony of the Paris 2024 Summer Olympics (August 11, 2024) at the Stade de France. Multiple sources describe dancers rotating large circles that were elevated to form the rings. While the evidence also mentions the 2026 Winter Olympics closing ceremony in Verona, the specific visual of performers forming the rings via elevated circles is most strongly associated with the Paris 2024 event described in the evidence snippets. The claim is factually supported by the events of the Paris 2024 closing ceremony."
ds5728,Not Misinformation,0.85,False,True,"The image is identified as a real magazine cover featuring Jenny McCarthy (visual_veracity ai_generated=false). The headline claims her 'debut' was in 1995. While historical records indicate her modeling career began in 1993 (Playboy) and she gained wider fame in 1994/1995 (Playmate of the Year, MTV's Singled Out), the term 'debut' in a headline context often refers to a major breakthrough or mainstream entry rather than the literal first professional step. Given that 1995 was indeed a pivotal year for her rise to fame (PMOY, TV hosting), the headline is not definitively false or misleading in a way that constitutes misinformation, especially compared to the strict AI-generated rule. The image and text align with her public persona and career timeline."
2731,Not Misinformation,0.95,False,True,"The image depicts a doll in a car window, which aligns with the claim of an 'innovative take' on a 'baby on board' sticker. The module signals indicate the image is not AI-generated (visual_veracity.ai_generated=false). The retrieved evidence confirms that 'funny' and 'creative' baby on board stickers are a common and popular trend, available on platforms like Etsy, Amazon, and TikTok. The use of a doll as a humorous or alternative representation fits the description of an 'innovative take' or 'funny sticker' without constituting misinformation, as it is a real-world object used in a context consistent with the headline's description of creative car accessories."
ds2331,Not Misinformation,0.95,False,True,"The image depicts a man on a tennis court holding a racquet, which aligns perfectly with the provided claim. The visual veracity module indicates the image is not AI-generated (ai_generated=false). The retrieved evidence confirms that such images are common stock photography (Getty, Shutterstock, iStock) and that the scene is consistent with real-world tennis activities. There is no evidence suggesting the image is fake, manipulated, or associated with a false specific event that would constitute misinformation. The claim is a generic description of the visual content, which is accurate."
9107,Misinformation,0.8,False,True,"The visual veracity module explicitly identifies the image as AI-generated with a high confidence of 0.8. According to the definitive rule, if the image is AI-generated, the output must be labeled as Misinformation regardless of other signals. The image depicts a scene that is technically perfect but contains contextual anomalies typical of AI generation, making it a fabricated representation rather than a factual depiction of a real-world scenario."
ds3649,Misinformation,0.95,False,True,"The claim states that 'An Educated' was created only by journalist Nora Ephron. This is factually incorrect. 'Educated' is a memoir by Tara Westover, published in 2018. Nora Ephron (1941–2012) was a journalist and filmmaker known for works like 'Heartburn' and 'When Harry Met Sally...', but she did not write 'Educated'. The retrieved evidence confirms Ephron's bibliography and role as a journalist, while the module signals explicitly state that Ephron did not create 'An Educated'. Therefore, the claim is false."
7187,Not Misinformation,0.9,False,True,"The image depicts Ayatollah Ali Khamenei waving during a public appearance in Tehran in September 2022. Evidence confirms that Khamenei made a public appearance on September 17, 2022, at an Arbaeen ceremony in Tehran, where he waved to the crowd and addressed attendees. This event occurred amidst rumors of ill health, making it a significant and widely reported moment. The claim that he waved during a meeting/gathering in Tehran last September is factually supported by multiple news sources and official photos from that date. The visual veracity check indicates the image is not AI-generated."
ds5161,Misinformation,0.95,False,True,"The claim that Mike Pence has 'secret ties to a Russian spy agency' is factually false. Retrieved evidence and module signals confirm that no credible sources or reports link Mike Pence to Russian espionage; instead, evidence shows he has consistently criticized Russian aggression and supported NATO allies against Russia. The headline presents a fabricated conspiracy theory as fact, which constitutes misinformation."
ds4423,Misinformation,0.95,False,True,"The claim that Floyd Mayweather Jr. donated a 'whopping sum' (specifically $200 million in related viral posts) to Houston after a hurricane is false. Multiple fact-checking sources, including Politifact and That's Nonsense, have explicitly debunked this story as fake news. While Mayweather is known for charitable acts, there is no evidence of such a massive donation to Houston for Hurricane Harvey relief. The image provided, showing Mayweather holding a bill, is generic and does not substantiate the specific, exaggerated claim in the headline."
8155,Misinformation,0.95,False,True,"The claim asserts that Charlie Pierce was a member of Mitt Romney's staff and depicts him making a phone call in a wire factory in Ohio in 2012. Evidence confirms that Charlie Pierce is a journalist and commentator (writing for Esquire, The Guardian, etc.) who critiqued Romney, not a staff member. Furthermore, the image provided is described as depicting a disaster scene with significant destruction, which contradicts the specific scenario of a phone call in a wire factory. The image is likely unrelated or mislabeled, and the core premise of Pierce being Romney staff is false. The combination of a false biographical claim and a mismatched/inappropriate image constitutes misinformation."
ds7055,Not Misinformation,0.85,False,True,"The retrieved evidence confirms that Leeroy Murray, his parents Nora and John Murray, and his brothers (including Johnny and Peter) existed and were photographed together in 1947. Specifically, source [3] from the Islington Tribune states that the 'Picture Post reported on the couple and their children walking on Parliament Hill in 1947.' Parliament Hill is a prominent location within Hampstead Heath. While the module signals incorrectly flagged the image as irrelevant (likely due to a mismatch between the specific historical photo and the provided image asset in the module's internal database), the factual claim that such a photograph exists and depicts the Murray family in 1947 is supported by historical records. The image provided in the prompt appears to be a generic or unrelated stock"
8165,Not Misinformation,0.9,False,True,"The claim is directly supported by retrieved evidence. Specifically, evidence item [5] from the 'Emily Cruse Elliott Club Sizzle dance' search explicitly states: 'Emily Cruse Elliott dances in Club Sizzle on Saturday at the Blue Ribbon Bacon Fest in Des Moines.' This matches the claim verbatim. The image is verified as not AI-generated (visual_veracity ai_generated=false), and the event (Blue Ribbon Bacon Fest) is confirmed to have taken place in Des Moines. While the specific year in the claim is not mentioned, the core assertion of the event and the person's participation is factually grounded in the provided text."
1449,Not Misinformation,0.95,False,True,"The claim contains three main assertions: 1) Hinchliffe Stadium opened in 1932, 2) it hosted Negro League and barnstorming games, and 3) it is now abandoned and in ruins. Evidence confirms the stadium was constructed in 1932 and hosted Negro League games (specifically the New York Black Yankees). Regarding the third point, while the stadium underwent a major renovation and reopened in May 2023, it had been abandoned and in ruins from 1997 to 2021. The image provided shows a dilapidated, abandoned interior, which accurately reflects the stadium's state during its long period of abandonment. Although the stadium is no longer abandoned as of 2023, the description of it being 'abandoned and in ruins' is factually grounded in its recent history and accurately describes the visual evidence provi"
4647,Misinformation,0.95,False,True,"The headline claims that Angelina Jolie and Jennifer Aniston did NOT have a face-to-face meeting. However, multiple credible sources (including Mirror, The Things, and Vanity Fair interviews cited in the evidence) confirm that the two actresses did meet in person in 2004 on the set of 'Mr. & Mrs. Smith' while Brad Pitt was preparing to work with Jolie. Jennifer Aniston has publicly recalled this specific encounter. Therefore, the claim that they did not meet is factually false."
ds4064,Not Misinformation,0.95,False,True,"The image is a genuine photograph of Brad Pitt (visual_veracity ai_generated=false). The headline 'What is Brad Pitt's net worth? the answer may surprise you!' is a standard clickbait-style title used to draw attention to factual information about a celebrity's finances. The retrieved evidence confirms that Brad Pitt's net worth is estimated to be between $300 million and $500 million, depending on the source and date (2023-2026). The image and headline are relevant and do not contain false claims or AI-generated deception. The 'surprise' element is subjective and does not constitute misinformation in the absence of a specific false factual claim in the headline itself."
ds2877,Not Misinformation,0.95,False,True,"The image depicts a decomposing leaf, which aligns with the claim. Crucially, the first retrieved evidence item is a direct match: a Reddit post titled 'One of many decomposing leaves found just offshore at the local reservoir' with the exact same caption. This confirms that the image and headline are from a specific, verifiable social media post describing a real event (or at least a claimed event) rather than a fabricated or misleading stock image used to deceive. The visual veracity signals indicate the image is not AI-generated. Therefore, the pair represents a genuine (or at least authentic in origin) social media post, not misinformation in the sense of a fabricated narrative or deepfake."
7330,Misinformation,0.95,False,True,"The image is explicitly identified by the module signals as not depicting Jonathan Jones or the Millennium Bridge in central London. The visual content shows a group of people in an unrelated setting (with a lightsaber mentioned as an anomaly), which contradicts the headline's specific claim of location and subject. Since the image does not support the claim and appears to be a mismatched or unrelated stock photo used to deceive, it constitutes misinformation."
ds5062,Misinformation,0.95,False,True,"The headline claims that a new study asserts COVID-19 vaccines alter DNA and increase the risk of genetic mutations. This claim is scientifically false and contradicts established medical consensus. Evidence confirms that mRNA vaccines do not enter the cell nucleus where DNA is located and therefore cannot alter human DNA. Furthermore, reputable studies have found no association between COVID-19 vaccines and an increased risk of genetic mutations or cancer. The provided module signals correctly identify the claim as false (answers with high confidence that vaccines do not alter DNA), and while the image is not AI-generated, the headline presents a demonstrably false scientific claim as fact, constituting misinformation."
ds5124,Misinformation,0.95,False,True,"The claim that Joe Biden admitted to plotting election fraud with foreign powers is false. Multiple fact-checking organizations (Snopes, FactCheck.org, USA Today) confirm that Biden did not admit to fraud; rather, he was discussing efforts to prevent voter fraud and protect voting rights, often being taken out of context. Furthermore, there is no credible evidence or 'tape' of Biden plotting with foreign powers. The module signals correctly identify the irrelevance of the image (showing Hillary Clinton) and the falsity of the claim, supporting the conclusion that this is misinformation."
6119,Misinformation,0.8,False,True,"The image is identified as AI-generated (confidence 0.8). According to the definitive rule, if the image is AI-generated, the output must be Misinformation regardless of other signals. Additionally, the image content (a door with a sign and cartoonish characters) does not align with the claim's context, which references a specific quote from 'The Wizard of Oz' (said by the Gatekeeper or Cowardly Lion), whereas the image appears to be a surreal or artistic interpretation rather than a factual depiction of the scene or a real-world object related to the quote."
5317,Misinformation,0.95,False,True,"The headline claims that a specific study proves herbal tea from the Amazon Rainforest 'eradicates' COVID-19 'instantly'. This is a demonstrably false claim. Multiple authoritative sources (WHO, FDA, FTC, fact-checking organizations) confirm there is no cure for COVID-19 involving herbal tea. Specifically, the FTC and FDA have taken legal action against marketers making identical false claims about herbal teas curing or preventing COVID-19. While some studies suggest tea polyphenols may have antiviral properties in laboratory settings or offer symptomatic relief, they do not 'eradicate' the virus instantly, nor is there any credible evidence supporting the specific 'Amazon rainforest' origin as a unique cure. The claim is a dangerous medical misinformation trope."
ds8378,Not Misinformation,0.95,False,True,"The claim states that Richard Dawkins and Rowan Williams debated the role of religion in the 21st century. Evidence confirms that these two individuals did indeed debate on January 31, 2013, at the Cambridge Union. The specific motion debated was 'this house believes religion has no place in the 21st century,' which directly aligns with the headline's description of debating 'the role of religion in the 21st century.' The image signals indicate the image is a genuine photograph (not AI-generated) and partially aligned with the context. Therefore, the headline is factually supported by the event."
8719,Misinformation,0.8,False,True,"The visual veracity module explicitly identifies the image as AI-generated with a high confidence of 0.8. According to the definitive rule, if the image is AI-generated, the output must be 'Misinformation' regardless of other signals. The image depicts a scene (pink and green bus on grass) that is likely fabricated by the AI model, rather than being a photograph of a real event or object."
6563,Misinformation,0.8,False,True,"The visual veracity module explicitly identifies the image as AI-generated with a confidence of 0.8. According to the definitive rule, if the image is AI-generated, the output must be Misinformation regardless of other signals. The retrieved evidence supports the implausibility of the claim, showing that factory workers typically wear uniforms or safety gear, not hair towels, and that images of women in pink towels are associated with bathrooms or stock photography, not industrial settings."
ds3412,Misinformation,0.95,False,True,"The claim states that Castlevania came out in Japan in 1990. However, multiple authoritative sources confirm that the original Castlevania game (known as Akumajō Dracula in Japan) was released in Japan on September 26, 1986. The year 1990 is associated with the release of 'Kid Dracula', a spin-off parody game, or the North American release of the original game (1987) and its sequel (1989/1990 depending on region/version), but not the original Castlevania's Japanese debut. Therefore, the specific claim regarding the 1990 Japanese release date for the main series title is factually incorrect."
966,Misinformation,0.95,False,True,"The claim states that Marco Rubio grilled at the Iowa Pork Producers Pork Tent during the Iowa State Fair on August 18, 2015. Evidence from the retrieved sources indicates that while the Iowa State Fair did take place in August 2015 and the Pork Tent was a significant venue for presidential candidates, there is no record of Marco Rubio grilling there. Specifically, evidence shows that Donald Trump and Carly Fiorina were present at the Pork Tent on August 17, 2015, engaging with supporters and serving pork. Marco Rubio's presence at the 2015 fair is not documented in the context of grilling at the Pork Tent, and the specific claim appears to be a fabrication or a confusion with other candidates (like Trump) who were actively campaigning and interacting with food vendors at that specific loc"
ds5156,Misinformation,0.95,False,True,"The claim that COVID-19 vaccines cause permanent memory loss is false and contradicts established scientific evidence. Major health organizations, including the CDC and WHO, have found no evidence linking COVID-19 vaccines to memory loss or cognitive decline. While the retrieved evidence discusses other side effects (such as myocarditis, fatigue, or menstrual changes) and notes that the virus itself (Long COVID) can cause cognitive issues, it explicitly refutes the idea that the vaccine causes permanent memory loss. The image is generic and does not depict the specific claim, but the textual claim itself is demonstrably false misinformation."
ds2814,Not Misinformation,0.85,False,True,"The image is verified as a genuine photograph (AI-generated: false) and visually aligns with the claim of a handwritten Father's Day note. The claim describes a specific, plausible anecdotal event (finding a note in a used bookstore in Knoxville, TN). The retrieved evidence confirms the existence of used bookstores in Knoxville (e.g., McKay's, Addison's) that sell fishing books, making the scenario physically possible. There is no evidence in the retrieved snippets to refute the claim, nor is there evidence proving it is a known hoax. In the absence of contradictory evidence and given the visual authenticity of the image, the claim is treated as a genuine user-submitted anecdote rather than misinformation."
ds6955,Misinformation,0.95,False,True,"The image is identified as AI-generated with high confidence (0.8). According to the definitive rule, if the image is AI-generated, the output must be 'Misinformation' regardless of other signals. Additionally, the module signals indicate that the image is not relevant to the claim (it does not depict Henry Kissinger or Sepp Blatter) and the retrieved evidence confirms there is no documented relationship between the two individuals."
ds6481,Not Misinformation,0.95,False,True,"The image depicts Vladimir Putin and Borut Pahor, which is factually correct as they met multiple times, notably in 2016 and 2017. The module signals contain conflicting and erroneous temporal data (claiming a meeting in 2026, which is in the future relative to the evidence cutoff, and confusing 2016/2017 dates). However, the core claim that the photo shows these two individuals is true. The visual veracity check indicates the image is not AI-generated. The presence of hallucinated dates in the module's internal reasoning does not make the image itself misinformation, provided the subjects are correctly identified. The evidence confirms they did meet and such photos exist (e.g., from 2016/2017). Therefore, the image is authentic and the identification is correct."
5084,Misinformation,0.95,False,True,"The image is identified as AI-generated (confidence 0.8), which triggers the definitive rule to classify the pair as Misinformation regardless of other signals. Additionally, the claim that the Senate voted unanimously to ban all independent media is factually false; there is no record of such a vote, and the retrieved evidence discusses unrelated topics like social media age restrictions and contempt votes. The visual content (a stylized elephant logo over the Capitol) is inconsistent with a real news event."
ds1963,Not Misinformation,0.95,False,True,"The image is identified as a real photograph (AI-generated=false) and is explicitly linked to the claim via retrieved evidence. Evidence item [5] from The Guardian contains the exact caption 'Heavy traffic on the M5 motorway during a previous, busier Easter getaway' associated with a photo by Barry Batchelor/PA. The visual content of the image (heavy traffic on a motorway) aligns with this caption and the general historical context of M5 congestion during Easter holidays, as supported by multiple other news reports in the evidence. The claim accurately describes the image's context."
9347,Not Misinformation,0.95,False,True,"The claim describes a man wearing glasses and a lavender shirt. The retrieved evidence confirms that men wearing glasses and lavender shirts are common subjects in stock photography (e.g., Pexels, Dreamstime) and that lavender is a recognized fashion trend for men (e.g., 'Digital Lavender' in 2023). The module signals indicate the image is not AI-generated (ai_generated=false) and shows a man with glasses and a purple/lavender garment (identified as a scarf in the module, but visually consistent with the color description). There is no evidence suggesting the image is fabricated or misleading; it appears to be a standard stock photo or real-world depiction consistent with the claim's descriptive elements."
ds4921,Not Misinformation,0.85,False,True,"The headline claims that Justin Bieber and Kourtney Kardashian 'still talk' and that Selena Gomez and Younes Bendjima 'shouldn't worry' (implying no threat to their respective relationships). The retrieved evidence supports the first part: multiple sources confirm that Kourtney and Justin maintain a 'flirty friendship' and are 'still in contact' (Sources [2], [3] in the second block, and [2] in the third block). Regarding the second part, evidence shows Younes Bendjima has denied moving on and is still with Kourtney (Source [1] in the third block), and there is no credible evidence of an affair that would warrant worry, thus validating the advice that they 'shouldn't worry' about external threats from Justin. The image relevance signal is low (false), but the core factual claims in the hea"
3169,Misinformation,0.95,False,True,"The claim is false on multiple levels. First, the visual evidence indicates the image is AI-generated (confidence 0.8), which triggers the definitive rule to label the pair as Misinformation regardless of other signals. Second, the factual claim in the headline is incorrect; Ian Gillan was born on August 19, 1945, not May 19, 1945, as confirmed by multiple authoritative sources including Wikipedia, IMDb, and official biographies. The image of a baby in a stroller is also irrelevant to the specific historical figure and date mentioned."
2004,Not Misinformation,0.9,False,True,"The image depicts a realistic basketball game scene, and the visual veracity module confirms it is not AI-generated (ai_generated=false). The headline 'THERE IS A GAME A BASKETBALL GAME GOING ON' is a general statement that aligns with the visual content. While the specific timing ('today') cannot be verified without a timestamp, the image itself is authentic and relevant to the claim of a basketball game occurring. The retrieved evidence supports the existence of various basketball games (NBA, NCAA, local) and does not contradict the visual evidence of a game in progress. Therefore, the pair is not considered misinformation."
4046,Not Misinformation,0.95,False,True,"The headline states that George H.W. Bush died at 94 in New York. The retrieved evidence confirms that George H.W. Bush died on November 30, 2018, at the age of 94. While the evidence specifies he died in Houston, Texas, the core factual claim regarding his death and age is correct. The image shows him alive, which is consistent with the module signal that the image is not AI-generated and depicts a genuine person, though it is not a depiction of the death event itself. The location discrepancy (New York vs. Houston) is a minor error in the headline's location detail, but given the definitive nature of the death and age confirmation, and the lack of AI generation, the primary claim is not misinformation in the context of verifying the event's occurrence. However, strictly speaking, if the "
8531,Not Misinformation,0.95,False,True,"The image is verified as real (AI-generated=false) and depicts a kitchen scene. The headline describes a 'smaller kitchen with a very decorated interior.' The visual evidence shows a kitchen with various decorative items (e.g., hanging apron, items on counters), and the spatial constraints visible (refrigerator proximity, counter depth) are consistent with a smaller or compact kitchen layout. The retrieved evidence supports the existence and commonality of decorated small kitchens, confirming that the description is plausible and not misleading. There is no evidence of manipulation or false context."
ds8617,Misinformation,0.8,False,True,"The visual veracity module explicitly identifies the image as AI-generated with a confidence of 0.8. According to the definitive rule, if the image is AI-generated, the output must be 'Misinformation' regardless of other signals. The image depicts a specific scene (parking meter in front of a restaurant and parking lot) which is likely fabricated by AI, rather than being a genuine photograph of a real-world event or location."
1052,Not Misinformation,0.95,False,True,"The claim is fully supported by the retrieved evidence. Multiple sources confirm that Apple announced the iPhone 5C on September 10, 2013, at its campus in Cupertino, California (Evidence [1] from NBC News explicitly links an image of an iPhone 5C displayed during an Apple product announcement at the Apple campus on Sept 10, 2013, to this event). Furthermore, Apple's official newsroom confirms the release date was September 20, 2013 (Evidence [2] from Apple Newsroom). The image is verified as not AI-generated."
2929,Not Misinformation,0.95,False,True,"The image depicts a nurse with colorful hair, which aligns with the headline. The retrieved evidence confirms that Mary Walls Penney, a nurse in West Virginia, went viral in 2016 for her response to criticism regarding her rainbow-colored hair, piercings, and tattoos. She posted on Facebook stating that her appearance does not affect her ability to provide care, which matches the 'perfect response' described in the headline. The image is identified as a genuine photograph (not AI-generated), and the event is a documented news story."
5939,Misinformation,0.95,False,True,"The claim asserts that Vic Mensa has roots in Houston, Texas, which directly contradicts established facts. All retrieved evidence confirms that Vic Mensa was born and raised in Chicago, Illinois, and his musical style is heavily influenced by Chicago's hip-hop and punk scenes (e.g., 93Punx). Furthermore, the visual veracity module indicates the image is AI-generated (confidence 0.8), which triggers the definitive rule to classify the pair as Misinformation regardless of other signals. The image itself appears to be a fabricated representation supporting a false narrative."
ds3503,Misinformation,0.95,False,True,"The definitive rule states that if the image is AI-generated (visual_veracity ai_generated=true, confidence>0.6), the output must be Misinformation. The module signals indicate the image is AI-generated with a confidence of 0.8. Additionally, the claim that 'The Hunger Games are based on a play' is factually incorrect; the series is based on novels by Suzanne Collins, and while a play adaptation exists, the original work is not based on a play. The combination of an AI-generated image and a false claim reinforces the misinformation label."
ds6940,Misinformation,0.95,False,True,"The image is identified as AI-generated with high confidence (0.8). The visual evidence includes a surreal and unrealistic combination of a child reading a book next to a skeleton, and the text on the book is garbled and nonsensical, which are strong indicators of AI synthesis rather than a real photograph. According to the definitive rule, if the image is AI-generated, the output must be Misinformation regardless of other signals. While human trafficking is a real issue in Indonesia, the specific claim that this image depicts an Indonesian girl reading a specific anti-trafficking comic book is false because the image itself is fabricated."
ds8840,Misinformation,0.95,False,True,"The visual veracity module explicitly identifies the image as AI-generated with high confidence (0.8). According to the definitive rule, if the image is AI-generated, the output must be 'Misinformation' regardless of other signals. Additionally, the claim describes the truck sitting on 'green asphalt', but the module notes the truck is on grass, and the evidence does not support the specific combination of a real dump truck on green asphalt in this context, further indicating a fabricated or misleading image."
ds4482,Misinformation,0.85,False,True,"The claim asserts that San Juan Teamsters did not show up to distribute relief supplies. However, retrieved evidence directly contradicts this. Snopes fact-checks indicate that Teamsters in Puerto Rico (including Local 901 in San Juan) were actively working to help members and communities. Furthermore, Teamsters from across the country sent volunteers and supplies to assist with disaster relief in Puerto Rico following Hurricane Maria. The image provided is generic and does not depict the specific event or actors mentioned in the headline, and the headline's assertion of a 'smoking gun' regarding a work stoppage is unsupported by evidence, which instead shows active participation. Therefore, the claim is false/misinformation."
ds4702,Not Misinformation,0.85,False,True,"The headline presents a rumor ('Why Friends Think She's Got A Secret') rather than a definitive factual claim. The retrieved evidence supports the existence of such rumors and speculation. Specifically, evidence [5] from SheFinds discusses pregnancy rumors fueled by fans spotting a 'baby bump' on 'The Voice'. Additionally, evidence [5] from ABD Post and the module's answer regarding 'friends' concern' cite reports of Gwen Stefani's 'MAGA makeover' alarming friends, which aligns with the 'secret' aspect of the headline. While the module's answer claiming a baby was born in 2025/2026 appears to be a hallucination or future-dated fabrication (as current real-world knowledge does not support this), the headline itself is framed as a question/speculation about rumors. Since the image is verifie"
1231,Misinformation,0.85,False,True,"The claim states that Robert Griffin III (RGIII) was a 'Redskins quarterback' running warmups at Raymond James Stadium. However, evidence confirms that RGIII was released by the Washington Redskins in March 2016 and did not play for them after the 2015 season. The Redskins played at Raymond James Stadium in August 2016 and August 2017, but RGIII was not on the team during these games (he was with the Cleveland Browns in 2016 and free agent/retired in 2017). Therefore, the image cannot depict RGIII as a Redskins player warming up at that stadium, making the headline factually incorrect regarding the player's affiliation and timeline. The module signals correctly identified the partial alignment and lack of confirmation, but the definitive factual error in the claim (RGIII not being a Redski"
4217,Not Misinformation,0.85,False,True,"The headline claims J.Lo is 'wild' over A-Rod's 'passionate' kisses and that their makeouts are 'next level'. While the couple officially split in 2021, the retrieved evidence indicates that rumors of reconciliation and public displays of affection (kissing) have persisted or resurfaced in tabloid media (e.g., Bossip reporting them 'captured kissing in public' and 'reconciling after brief breakup', HotNewHipHop reporting A-Rod visiting J.Lo in the Dominican Republic following breakup rumors). The image shows J.Lo, and while it doesn't explicitly show the kiss, the headline describes a specific narrative (reconciliation/passionate behavior) that aligns with existing tabloid reports and rumors about the couple's post-split interactions. The module signals indicate the image is real (not AI) "
992,Not Misinformation,0.85,False,True,"The retrieved evidence confirms that the Shiawassee River in Michigan experienced significant flooding in April 2026, causing overflow in areas like Owosso and leading to damage for homes and businesses. The Shiawassee National Wildlife Refuge, located along the river, is a wetland area prone to high water levels during such events. The image depicts a flooded residential/commercial area, which is consistent with the reported impacts of the flooding in the region. The module signals correctly identified the image as real (not AI-generated) and relevant. While the specific location in the image cannot be geolocated with 100% certainty from the text alone, the claim that high water overruns homes and businesses near these landmarks is supported by news reports of widespread flooding and prop"
ds6586,Misinformation,0.9,False,True,"The visual veracity module explicitly identifies the image as AI-generated with high confidence (0.9), depicting a surreal and physically impossible scenario (jellyfish floating in a bedroom). According to the definitive rule, if an image is AI-generated, it must be classified as Misinformation regardless of other signals. The claim 'a person holds their hand on a bed' is a generic description that does not accurately reflect the specific, fabricated content of the image, further supporting the misrepresentation."
ds1582,Misinformation,0.95,False,True,"The claim contains multiple factual errors that contradict the retrieved evidence. First, the claim states Norway won 3-1 against England in the European Under-21 Championship. While evidence [2] confirms Norway did beat England 3-1 in the U21 Euros, this match took place in 2013, long before Ørjan Nyland (born 1990) would have been a senior goalkeeper for the U21 team (he was 23 in 2013, typically playing for senior clubs or senior national team, not U21). More critically, the claim identifies the goalkeeper as 'Nyland Haskjold' (Ørjan Nyland). Ørjan Nyland was not the goalkeeper for Norway's U21 team in 2013 (the U21 squad was different). Furthermore, the claim implies a recent or specific context that is confused with the 2026 World Cup matches where England beat Norway 2-1. The image s"
ds6549,Misinformation,0.95,False,True,"The visual veracity module explicitly identifies the image as AI-generated (ai_generated=true, confidence=0.8), noting the presence of surreal elements like angel wings on the mother. According to the definitive rule provided, if the image is AI-generated, the output must be 'Misinformation' regardless of other signals. The image depicts a fantastical scenario (a mother with angel wings) presented as a standard photograph of a smiling young mother holding her infant, which constitutes misinformation due to its artificial and deceptive nature."
ds1547,Misinformation,0.85,False,True,"The claim contains a significant factual error regarding the custodianship of Watarrka National Park. While the size of the park (approx. 105,200 hectares or 1,052 sq km) is accurate, the traditional owners and custodians of Watarrka National Park are the Anangu people, not the Martutjarra-Luritja people. Evidence [4] from The Canberra Times explicitly states, 'Watarrka National Park is on the traditional lands of the Anangu Aboriginal people.' Evidence [5] from the NT Government's Joint Management Plan also confirms the park is home to Anangu. While the Luritja people are custodians of lands in the broader Central/Western Desert region (including areas near Kings Canyon Resort as noted in Evidence [3]), they are not the primary traditional owners of Watarrka National Park itself. Therefor"
ds9027,Misinformation,0.8,False,True,"The visual veracity module explicitly identifies the image as AI-generated with a confidence of 0.8. According to the definitive rule provided in the system instructions, if the image is AI-generated (ai_generated=true, confidence>0.6), the output must be 'Misinformation' regardless of other signals. The image depicts a pizza that does not exist in reality, thereby constituting misinformation when presented as a factual representation of Chicago deep dish pizza."
ds8208,Not Misinformation,0.85,False,True,"The image depicts a protest scene which is consistent with the widespread activism that occurred during the 2016 Rio Summer Olympics in Brazil. Evidence confirms that activists protested the Rio Olympics citing corruption, mismanagement (such as water pollution and broken promises), and concerns about the impact on the poor versus the wealthy (e.g., the Occupy Golf movement and general economic inequality). While the specific image cannot be definitively linked to a single date without metadata, the visual content (activists protesting) aligns with the factual claim that such protests occurred in Brazil regarding the Olympics. The claim is not demonstrably false; rather, it describes a real historical phenomenon. The 'partial' alignment in the module signals likely stems from the generic n"
ds1877,Not Misinformation,0.95,False,True,"The claim states that Gordon Taylor became chairman of the PFA in November 1978 and moved to chief executive in 1981. Multiple retrieved sources (The Guardian, Daily Mail, iNews, BBC) confirm these specific dates and roles. The module signals indicate the image is not AI-generated and is partially relevant (showing a man in an office, consistent with a professional role). Since the factual claims are verified by evidence and the image is authentic, the pair is not misinformation."
ds1998,Not Misinformation,0.9,False,True,"The image depicts a protest scene with signs reading 'NO CUTS', which visually aligns with the claim that spending cuts spark protests. The retrieved evidence confirms that recent spending cuts (specifically in France and the US) have indeed triggered significant protests and public dissent. The module's visual veracity check indicates the image is not AI-generated. Therefore, the image serves as a plausible and relevant illustration of the claim that spending cuts lead to protests."
578,Not Misinformation,0.85,False,True,"The image depicts a plausible scene of flood mitigation efforts (using pumps/sandbags) in a flood-prone area. The retrieved evidence confirms that Clarksville, Missouri, is located on the Mississippi River and has experienced significant flooding events (e.g., 2013, 2014, 2023) where residents and officials engaged in 'flood fights' to protect properties. While the specific individual 'Bob Bailey' and his specific rental property are not explicitly identified in the general news snippets, the core claim that a resident named Bob Bailey is working to protect a rental property from Mississippi River flooding in Clarksville, MO, is consistent with the known historical context of such events in that location. There is no evidence suggesting the image is AI-generated or that the event is fabric"
ds4435,Not Misinformation,0.85,False,True,"The claim 'Trump Removing Marines From the Navy' is factually nonsensical because the United States Marine Corps is a separate branch of the U.S. Armed Forces, not part of the Navy, although it operates under the Department of the Navy. There is no evidence in the retrieved snippets or general knowledge that Trump removed Marines from the Navy (as they were never 'in' the Navy in a way that allows for 'removal' from it as a distinct entity). The module signals correctly identify that the image is real (not AI-generated) and that the connection is ambiguous/partial. Since the image is verified as real and the claim is structurally flawed rather than a deceptive manipulation of a real event (like a fake photo of Trump firing Marines), and given the definitive rule only triggers on AI generat"
4186,Misinformation,0.95,False,True,"The headline claims that James Van Der Beek is alive and interacting with Katie Holmes to make 'Jamie' jealous. However, the retrieved evidence confirms that James Van Der Beek died on February 11, 2026, from colorectal cancer. Consequently, it is impossible for him to reignite a friendship or engage in any social maneuvering post-mortem. The headline relies on a false premise regarding the subject's vital status, constituting misinformation."
ds5919,Misinformation,0.95,False,True,"The headline claims that Ares is the 'Nephew of Zeus and Hera'. This is factually incorrect according to established Greek mythology. All provided evidence snippets (Wikipedia, Theoi, etc.) confirm that Ares is the son of Zeus and Hera, not their nephew. Being the son makes him Zeus's child, not his nephew. The claim misrepresents the fundamental lineage of the god of war."
ds379,Not Misinformation,0.95,False,True,"The claim states that three people died during a police raid in Saint-Denis five days after the attacks. Evidence confirms that the raid occurred on November 18, 2015, which was five days after the November 13 Paris attacks. Multiple sources (Wikipedia, CBS News, NDTV) confirm that three individuals were killed during the raid: the suspected mastermind Abdelhamid Abaaoud, a woman who detonated an explosive device, and a third suspect. Therefore, the core factual assertions of the claim (location, timing, and death toll of three) are supported by the evidence."
ds3753,Misinformation,0.95,False,True,"The claim states that the Icelandic Coast Guard 'rarely performs a service.' The retrieved evidence overwhelmingly contradicts this. The Coast Guard is described as a continuous service responsible for search and rescue, maritime safety, national defense, and law enforcement. Evidence highlights their 'continuous listening watch,' 'regularly monitors vessels,' recent 'rescue surge,' and active participation in NATO and EU operations. The agency has been operating since 1926 and maintains a high frequency of operations, including intercepting ships, rescuing migrants, and responding to emergencies. Therefore, the characterization of their service as 'rare' is factually incorrect."
ds6032,Not Misinformation,0.85,False,True,"The image depicts a real ostrich interacting with a human, and the visual veracity signals confirm it is not AI-generated. The headline 'this ostrich with interesting table manners' is a humorous, anthropomorphic description of the bird's feeding behavior (likely pecking or eating from a hand/bucket). Evidence confirms that ostriches are often fed by humans in sanctuaries and farms, and their feeding can be described as 'interesting' or 'aggressive' due to their speed and lack of inhibition, which aligns with the 'interesting table manners' claim in a colloquial sense. The claim is not asserting a factual biological trait (that ostriches use cutlery) but rather describing a specific, observable interaction. Therefore, it is not misinformation."
3980,Not Misinformation,0.95,False,True,"The claim 'Touch My Body is a law' is factually false. 'Touch My Body' is a well-known song by Mariah Carey, not a piece of legislation. While the module signals indicate the image is not AI-generated, the claim itself is a clear example of misinformation (a false statement presented as fact). The retrieved evidence confirms that 'Touch My Body' is a song and that laws regarding physical contact are general statutes (assault, battery, etc.), not a specific law titled 'Touch My Body'. Therefore, the headline is misleading and incorrect."
ds2845,Not Misinformation,0.85,False,True,"The claim describes a specific visual scene: a premium gas pump in a secluded part of Arkansas with a spider web on it. The retrieved evidence confirms that such a scene is plausible and not demonstrably false. Specifically, evidence [3] from the 'Secluded gas stations in Arkansas' query identifies 'Nathan Country Store and Bakery' in Nashville, AR, as a gas station situated along a rural (secluded) road with a gas pump outside. While no specific news report confirms a spider web on this exact pump, the presence of spider webs on outdoor equipment in rural settings is a common, mundane occurrence. The image is verified as not AI-generated (visual_veracity ai_generated=false). The claim does not assert a false event (like a spider attack or a specific news story) but rather describes a stat"
1318,Not Misinformation,0.85,False,True,"The image depicts patrons seated at a bar and in rows, which aligns with the 'relaxing' aspect of the claim. While the claim mentions 'theater seats' and 'waiting to play bocce', the visual evidence shows a social setting consistent with venues that host bocce (such as the bars and restaurants identified in the evidence, e.g., Cassese’s MVR, Pinstripes, or Bar Bocce). These venues often feature lounge areas, bars, and seating where patrons wait for courts or relax. The evidence confirms that bocce is played in bars and that patrons do relax in such settings. The 'theater seats' description may refer to the style of seating in a large venue or a specific venue's decor, but it does not constitute definitive misinformation given the partial alignment and the existence of venues combining bars"
ds2773,Not Misinformation,0.9,False,True,"The image depicts a Bible and a Book of Mormon in a hotel room drawer, which aligns with the well-documented practice of Marriott International (a major hotel chain with numerous properties in Detroit) placing these specific religious texts in guest rooms due to the founding family's affiliation with the Church of Jesus Christ of Latter-day Saints. The visual evidence is confirmed as real (not AI-generated) and the claim is factually supported by multiple sources confirming this specific amenity in Marriott hotels, which are prevalent in Detroit."
ds8795,Not Misinformation,0.85,False,True,"The image is verified as real (AI-generated=false) and depicts two men in formal attire at night, which aligns with the claim's setting. While the module signals indicate partial alignment due to uncertainty about specific details (sunglasses, crossing action), the retrieved evidence confirms that men do wear sunglasses at night as a fashion statement and that images of men crossing streets at night are common stock photo subjects. There is no evidence suggesting the image is fabricated or that the claim is false; rather, the claim describes a plausible scenario consistent with the visual content and general knowledge. The lack of definitive visual confirmation of sunglasses or the act of crossing does not constitute misinformation, but rather a lack of specific detail in the claim or imag"
6395,Misinformation,0.95,False,True,"The visual veracity module explicitly identifies the image as AI-generated with high confidence (0.9), noting exaggerated facial features and unnatural proportions. According to the definitive rule, if an image is AI-generated, the output must be 'Misinformation' regardless of other signals. The headline 'dont worry beyonce nobody will ever know this was you' implies a deceptive context or a hidden identity, which is further invalidated by the fact that the image itself is a synthetic fabrication rather than a real photograph of the event or person described."
ds5285,Misinformation,0.95,False,True,"The claim states that Hillary Clinton is 'secretly planning to run for President in 2024.' However, multiple credible sources confirm that Hillary Clinton has publicly denied any intention to run in 2024. Instead, she has criticized President Biden's 2024 campaign and has mentioned the possibility of a 2028 run, but explicitly stated she is not planning to run in 2024. The use of the word 'secretly' contradicts her public denials and the lack of any credible evidence supporting a secret campaign. Therefore, the headline is false."
ds7674,Not Misinformation,0.85,False,True,"The claim states that 'The Highlands attracts 80 of its visitors from other parts of the UK'. While the specific statistic '80' is ambiguous (likely meaning 80% or 80,000, as 80 total visitors is implausible for a major tourist region), the core assertion that the Scottish Highlands attract a significant portion of their visitors from within the UK is factually supported. Evidence [1] from the Strathspey Herald indicates that visitors stay an average of 4.1 nights in the Highlands, which is consistent with domestic 'staycation' tourism patterns (shorter than the 11.2 nights average for international visitors). Furthermore, general knowledge and evidence [5] regarding the visitor levy confirm that the Highlands are a major domestic tourism destination. The image provided is irrelevant to th"
2728,Not Misinformation,0.95,False,True,"The claim accurately describes the case of Scott Daniel Warren, a US border activist who faced up to 20 years in prison for providing water, food, and lodging to migrants. Multiple credible news sources (The Guardian, GV Wire) confirm that a jury could not reach a verdict (hung jury), effectively refusing to convict him. The image, while not explicitly identified in the evidence snippets, is described as a genuine photograph of a person, and the module signals indicate it is not AI-generated. The core factual assertion of the headline is supported by the retrieved evidence."
ds8721,Not Misinformation,0.85,False,True,"The image depicts a bowl of white rice and broccoli. The headline claims the image shows 'white rice, beef and a vegetable dish'. While the image clearly shows rice and a vegetable (broccoli), it does not visibly show beef. However, the module signals indicate the image is real (not AI-generated) and the relevancy is 'partial' because the specific components (beef) are missing from the visual but the general context (rice and vegetable dish) is present. In the context of food photography, it is common for side dishes or mixed ingredients to be partially obscured or for the image to represent a meal type rather than a literal, exhaustive inventory of every ingredient in the frame (e.g., beef might be under the rice or in a separate part of the bowl not visible). Given that rice and beef is "
ds9200,Misinformation,0.9,False,True,"The visual veracity module explicitly identifies the image as AI-generated with a high confidence of 0.9. The explanation notes unnatural blending of the dog's shirt and distorted anatomy, which are strong indicators of synthetic media. According to the definitive rule, if the image is AI-generated, the output must be labeled as Misinformation regardless of other signals or the plausibility of the claim."
ds3723,Misinformation,0.95,False,True,"The claim states that 'The Originals' began airing in 2005. However, multiple evidence sources confirm that 'The Originals' premiered on The CW on October 3, 2013. Furthermore, the image provided is identified as AI-generated (confidence 0.8), which triggers the definitive rule to classify the pair as Misinformation regardless of the factual accuracy of the text alone. The combination of an AI-generated image and a factually incorrect date makes this a clear case of misinformation."
7601,Not Misinformation,0.95,False,True,"The image depicts Bangladeshi security personnel standing guard near a restaurant in Dhaka. The retrieved evidence confirms that on July 1, 2016, gunmen attacked the Holey Artisan Bakery/Restaurant in Dhaka, and security personnel were indeed deployed to stand guard and secure the area during and after the attack. Multiple news sources (AP, Reuters, Getty Images) have used images with captions very similar to the claim, showing security personnel at the scene of the July 1, 2016 attack. The module's 'relevancy' signal was low likely due to a generic description, but the visual content aligns with the historical event described in the claim. The image is not AI-generated."
9081,Not Misinformation,0.85,False,True,"The image is verified as real (not AI-generated) and depicts a lunch box containing sandwiches and carrots, which aligns with the claim. The claim mentions a muffin and salad, which the module notes are not clearly visible, resulting in 'partial' alignment. However, the claim describes the contents of a lunch box generally rather than asserting that every single item listed is visible in this specific image. Since sandwiches and carrots are present and are common lunch items, and the image is authentic, the claim is not considered misinformation. The absence of a visible muffin or salad does not make the statement false, as it likely refers to the type of meal or potential contents, and the core elements (sandwich, carrots) are present."
ds2006,Not Misinformation,0.85,False,True,"The image is verified as a genuine photograph (AI-generated=false). The claim describes a scene with people lined up near an airplane and individuals in military uniform. The retrieved evidence confirms that military personnel are frequently present at airports for travel, layovers, and security operations (e.g., TikTok discussions on 'Military Sleeping Airport', articles on military presence at shared airports). While no specific viral news event matching this exact visual description was found in the top search results, the scenario is plausible and consistent with common airport activities involving military personnel. The partial alignment in the module signals correctly identifies the visual elements. There is no evidence to suggest the image is fabricated or the claim is false; rathe"
ds6266,Misinformation,0.95,False,True,"The visual veracity module explicitly identifies the image as AI-generated with a high confidence of 0.9. The image depicts a turkey flying over a cityscape, which is physically impossible and visually inconsistent with reality. According to the definitive rule, if the image is AI-generated, the output must be 'Misinformation' regardless of other signals. The headline 'how no one has done this is beyond me' implies a real-world event or feat, but the image is a fabricated, surreal depiction, making the pair misleading."
708,Not Misinformation,0.85,False,True,"The claim states that in 2011, Carmelo Anthony had to deny reports that his wife, La La Vazquez Anthony, was forcing him to seek a trade out of Denver. The retrieved evidence confirms that in April 2011, La La Vazquez Anthony explicitly denied making negative comments about the Denver Nuggets (her husband's former team) on a radio station, which TMZ reported as her denying that she 'blasted' the team. While the specific phrasing 'forcing him to seek a trade' is a sensationalized interpretation of the marital strain and trade rumors prevalent at the time (and later confirmed by La La herself to have contributed to the marriage's end), the core event of Carmelo/La La denying negative reports regarding the trade/Denver connection in 2011 is factually supported by the TMZ report. The image is "
ds354,Not Misinformation,0.95,False,True,"The claim states that Aon was unveiled as the sponsor of Manchester United in July 2010. Evidence confirms that while the sponsorship deal was signed in June 2009 and officially began on June 1, 2010, the new home kit featuring the Aon logo was revealed (unveiled) on July 14, 2010. Therefore, the statement that Aon was 'unveiled' as the sponsor in July 2010 is factually accurate regarding the public reveal of the sponsorship on the team's kit."
7119,Misinformation,0.85,False,True,"The headline claims Julian Assange is currently at the Ecuadorian embassy and calling for the threat of arrest to be lifted. This is factually incorrect. Evidence confirms that Julian Assange left the Ecuadorian embassy in London on April 11, 2019, when he was arrested by UK police after Ecuador revoked his asylum. He has since been imprisoned in the UK and subsequently released after pleading guilty to a US charge. He is not currently at the embassy, nor is he making such calls from there. The image provided (showing him with a newspaper) is likely an archival photo from his time at the embassy (e.g., 2016), but the headline presents it as current news, creating a false narrative about his location and actions."
6424,Misinformation,0.95,False,True,"The image is identified as AI-generated with high confidence (0.9). The headline claims a 'harpy' is coming in for a landing. In reality, harpies are mythological creatures and do not exist. While the harpy eagle is a real bird, the image depicts a fantastical humanoid-bird hybrid consistent with the mythological definition, not a real eagle. Since the image is AI-generated and depicts an impossible event (a mythological creature landing), it constitutes misinformation."
5060,Misinformation,0.85,False,True,"The headline claims that 'Experts Warn Against Using Smartphones' due to cancer risks. However, the retrieved evidence and scientific consensus indicate that major health organizations (WHO, FDA, CDC) and experts do not warn against using smartphones, but rather state that there is no conclusive evidence linking smartphone radiation to cancer. While some studies suggest potential links (e.g., blue light and cancer, or animal studies on RF radiation), the general expert consensus is that the risk is low or unproven, and they do not issue warnings against usage. The headline misrepresents the scientific stance by implying a broad expert warning that does not exist. The image is a generic stock photo and does not validate the specific claim of a warning."
3899,Misinformation,0.95,False,True,"The claim states that the Tenth Doctor is accompanied by Rose Tyler in 'The End of Time'. In the actual Doctor Who special 'The End of Time' (2009/2010), the Tenth Doctor (David Tennant) is accompanied by Martha Jones (Naomi Campbell) and Jack Harkness (John Barrowman). Rose Tyler (Billie Piper) does not appear in this special; her final appearance as a companion was in 'Journey's End' (2008). Therefore, the claim is factually incorrect regarding the narrative content. Although the image is not AI-generated, the textual claim associated with it is false, constituting misinformation."
ds511,Misinformation,0.85,False,True,"The claim states that Whiskey Down boasts 'more than 100 brown spirits'. However, the retrieved evidence from the official MGM Grand website and Eater explicitly states that Whiskey Down features 'more than 50 different types' of whiskies. The number 100 is significantly higher than the verified count of 50+, making the specific quantitative claim in the headline false. While the location (MGM Grand) and the nature of the venue (gaming lounge/bar) are correct, the specific detail regarding the inventory size is inaccurate based on authoritative sources."
3537,Misinformation,0.95,False,True,"The visual veracity module indicates that the image is AI-generated with high confidence (0.8). According to the definitive rule, if the image is AI-generated, the output must be 'Misinformation' regardless of other signals. Additionally, the claim 'Action films are a subgenre of martial arts films' is factually incorrect; evidence shows that martial arts films are often a subgenre of action films, or that action is a broader parent genre encompassing martial arts, not the other way around."
ds9777,Not Misinformation,0.85,False,True,"The claim is factually supported by historical records. Des Warren and Ricky Tomlinson were indeed prominent figures in the 1972 Shrewsbury building workers' strike (part of the 'Shrewsbury 24'). They were imprisoned in 1973, and upon release, they faced significant difficulties finding work in the construction industry, effectively being blacklisted due to their union activism and convictions. Evidence [4] explicitly links a 1975 photo of them to this history, stating they were jailed after picketing in the 1972 strike and that Tomlinson 'never worked in the building industry again' due to the stigma. While the term 'blacklisted' in the UK construction industry is often associated with the later Trojan Horse scandal (2009-2010), the specific experience of Warren and Tomlinson fits the def"
5524,Misinformation,0.95,False,True,"The claim that Jennifer Aniston sabotaged Brad Pitt's Hollywood comeback is false and contradicts established facts. Evidence confirms that Aniston and Pitt divorced in 2005 due to differing life goals and career demands, with no credible reports of Aniston interfering with Pitt's career. Furthermore, Brad Pitt has remained active in Hollywood (e.g., attending the 'Babylon' premiere in 2023), and there is no evidence of a 'comeback' narrative that was allegedly sabotaged. The headline relies on outdated divorce drama tropes and fabricates a current conflict that does not exist."
ds4669,Not Misinformation,0.85,False,True,"The headline accurately describes the 2018 film 'A Star Is Born' as a remake starring Bradley Cooper and Lady Gaga, which is confirmed by multiple evidence sources. The module's visual veracity signal indicates the image is not AI-generated (ai_generated=false). Although the module's relevancy signal is low (claiming the image does not depict the actors), this is likely due to the image being a generic still or a different scene from the film rather than a specific promotional shot of the leads. Since the image is not AI-generated and the textual claim is factually correct, the pair is not classified as misinformation under the definitive rule."
2169,Not Misinformation,0.95,False,True,"The image is verified as a genuine photograph (AI-generated: false) and depicts personal items including shoes, a cap, and an iPod, which aligns with the headline's description. The retrieved evidence confirms the existence and cultural relevance of these items (e.g., iPod history, name tag usage). There is no evidence of manipulation or AI generation, and the visual content supports the claim."
889,Not Misinformation,0.85,False,True,"The image depicts a group of people on a shore, which is consistent with the visual evidence of migrants arriving by boat. The retrieved evidence confirms that Rhodes, Greece, is currently experiencing a significant migrant crisis with frequent arrivals of undocumented migrants on its shores (e.g., Source [1] and [5] in the first evidence block). While the image itself cannot be geotagged to definitively prove it was taken in Rhodes without metadata, the claim that 'migrants are seen on the shore in the eastern Aegean island of Rhodes' is factually supported by the ongoing situation described in the evidence. The module signals indicate the image is not AI-generated and is partially aligned with the context. Therefore, the claim is considered plausible and not misinformation."
ds4772,Misinformation,0.95,False,True,"The headline claims Ed Sheeran admitted he could 'bed hot women' because of Taylor Swift. The retrieved evidence and module signals indicate that while Ed Sheeran and Taylor Swift are close friends and collaborators, there is no record of him making such a statement. The evidence shows Sheeran referred to Swift as a 'middle-aged woman trapped in a 20-something's body' (a comment on her maturity/energy, not sexual conquest) and discussed their friendship and her engagement. The claim in the headline is a fabricated or highly distorted interpretation of their relationship, lacking any factual basis in the provided sources. The module signal for relevancy also notes the image does not clearly depict the individuals or context, further supporting the misalignment."
ds372,Not Misinformation,0.85,False,True,"The image depicts a rusting emergency vehicle, which aligns with the visual description in the headline. The headline text 'Lost direction: Rusting emergency vehicle used in the 1970 protests at Jackson State College, Mississippi' appears to be a caption or a metaphorical description rather than a literal claim that a specific rusting vehicle was an active participant in the 1970 events (which involved police shootings). Evidence [4] from the retrieved snippets explicitly links this exact headline text to a BBC News article by Sean Coughlan, suggesting the image is used illustratively or as part of a retrospective piece on the history of college protests. The module signals indicate the image is not AI-generated and has partial alignment. Given that the headline likely serves as a descript"
6440,Misinformation,0.95,False,True,"The image is identified as AI-generated with high confidence (0.9). The module signals explicitly state that the visual veracity is 'ai_generated: true'. According to the definitive rule, if the image is AI-generated, the output must be 'Misinformation' regardless of other signals. The claim describes a surreal and physically impossible scenario (a leader on mechanical stilts being adjusted), which aligns with the AI-generated nature of the image rather than factual reality."
ds2864,Not Misinformation,0.85,False,True,"The image shows colored eggs, and the claim that dye leakage can cause speckled or polka-dot patterns is factually plausible and consistent with common Easter egg decorating techniques (such as using stickers or wax resist methods, or accidental splattering/leaking during the dyeing process). The retrieved evidence confirms that polka dot eggs are a known craft item and that dye leakage is a phenomenon in various contexts (though the specific 'leak from egg' claim is likely a misinterpretation of a craft accident or a specific technique, it is not AI-generated misinformation). The visual veracity signals indicate the image is not AI-generated. Therefore, the claim is not considered misinformation in the context of AI-generated fake news."
ds9049,Not Misinformation,0.85,False,True,"The claim describes a living room with a fireplace, table, and chair. The module signals indicate the image is a genuine photograph (not AI-generated) and shows a living room with chairs and a table, but lacks a visible fireplace. The 'relevancy' signal notes this partial alignment. Since the image is verified as real (not AI-generated) and depicts a plausible living room scene consistent with the general context of the claim (furniture arrangement), it does not constitute misinformation. The absence of the fireplace is a detail mismatch, but not a fabrication of reality or AI generation, which are the primary triggers for the 'Misinformation' label in this framework. The image is likely a stock photo or real photo used in a context where the specific detail (fireplace) might be implied or"
1505,Misinformation,0.85,False,True,"The claim states that business rates have added 'about 500m' to retailers' costs in the 'past three years'. The retrieved evidence provides specific figures for business rate impacts, but they do not support the £500m figure for the specified timeframe. Evidence [1] from the British Retail Consortium (BRC) cites a £140m hike for 'next April' and a £367m increase due to the National Living Wage, totaling roughly £507m for specific budget impacts, but this is not attributed solely to business rates over three years. Evidence [3] mentions a £242m increase due to business rates from April, which is a single-year or specific policy change figure, not a cumulative three-year total of £500m. Furthermore, evidence [1] in the 'UK retailers business rates statistics' section notes that retailers pay"
ds1418,Misinformation,0.85,False,True,"The claim asserts that the image depicts a specific event: the 'Alternative Olympic Opening Ceremonies' featuring 'Brazilian music stars' with 'hundreds' gathering. The retrieved evidence shows that the only documented 'Alternative Olympic Opening Ceremony' occurred in Warsaw, Poland, in 2008, involving political dissent and not Brazilian music. There is no evidence linking a 'Brazilian music' event to an 'Alternative Olympic Opening Ceremony'. The image appears to be a generic stock photo of a concert (likely unrelated to the specific claim) or a mislabeled image. The module signals indicate only 'partial' alignment and low confidence in the answers regarding the specific event details. The combination of a specific, likely fabricated narrative ('Alternative Olympic Opening Ceremonies' fo"
690,Misinformation,0.95,False,True,"The claim states that Gus Malzahn is the Auburn coach on the sideline. However, evidence confirms that Gus Malzahn was fired by Auburn after the 2020 season and has not coached the team since. As of the current context (referencing events in 2023 and 2026), he is not the Auburn coach (having served at UCF and Florida State, and retiring in 2026). Therefore, an image captioned as showing him coaching Auburn in a recent game (implied by the 'third quarter' detail and the nature of such claims) is factually incorrect regarding his role and affiliation at the time of the alleged event. The module signals also note partial alignment and that the image does not confirm the identity or timing, but the definitive factual error is the attribution of his coaching role to Auburn in a contemporary con"
ds7963,Not Misinformation,0.95,False,True,"The claim states that 96 people died at the 1989 FA Cup semifinal at Hillsborough stadium. Historical records and inquest verdicts confirm that 96 Liverpool fans died as a result of the Hillsborough disaster, which occurred during this specific match. While one retrieved snippet mentions 97 deaths, the overwhelming consensus from authoritative sources (BBC, The Guardian, Economist, Wikipedia) and the official 2016 inquest verdict is 96. The module's visual veracity indicates the image is not AI-generated. Although the module's relevancy signal is low (suggesting the specific image of a memorial might not be a direct photo of the stadium on the day of the disaster), the core factual claim in the headline is accurate. In the context of misinformation detection, a factually correct headline p"
ds9935,Not Misinformation,0.85,False,True,"The claim states that David Cameron 'celebrates himself' as he heads to the EU summit in Brussels. While the image provided (a parliamentary setting) does not visually depict the summit or the act of celebrating, the headline describes a specific event that did occur. Evidence [1] from the Daily Mail explicitly states: 'David Cameron laughed and joked with Angela Merkel and other European leaders in Brussels today as he attended what is likely to be his last EU summit'. The phrase 'laughed and joked' supports the description of 'celebrating' or behaving in a celebratory manner, even if the context was a difficult political moment (post-Brexit vote). The module signal 'relevancy: false' indicates the image is not the correct photo for the headline, but the headline itself is factually groun"
4960,Not Misinformation,0.95,False,True,"The headline 'J-Rod! Jennifer Lopez and Alex Rodriguez on Love, Beauty, and Redemption' is a direct match for the title of a cover story published in Vanity Fair's December 2017 issue. The retrieved evidence confirms that Jennifer Lopez and Alex Rodriguez (collectively known as J-Rod) were featured in this specific interview where they discussed these exact themes. Although the couple ended their engagement in 2021, the headline accurately describes a past media event and the content of that specific interview. The image, described as a romantic portrait, aligns with the promotional material for that 2017 feature. Therefore, the claim is factually grounded in historical media records."
5286,Misinformation,0.95,False,True,"The claim that Biden accepted illegitimate votes in the 2020 election is false. Extensive investigations, audits, and court rulings across multiple states found no evidence of widespread voter fraud that could have altered the election outcome. While isolated incidents of fraud occurred, they were not sufficient to affect the result. The retrieved evidence confirms that claims of a 'stolen' election or widespread illegitimate votes have been debunked by officials from both parties and the judiciary. The image provided is unrelated to the specific claim of vote acceptance and serves only as a generic depiction of Biden, failing to support the misinformation narrative."
ds6300,Misinformation,0.95,False,True,"The image is identified as AI-generated (confidence 0.9) and depicts a surreal scene involving a cartoon character, which is a clear indicator of manipulation. Furthermore, the claim that Hillary Clinton broke ground at 'Goldman's Pharmacy' is factually false. Evidence confirms that 'Goldman's Pharmacy' is a fictional location from the animated series 'Family Guy', owned by the character Mort Goldman. There is no record of Hillary Clinton participating in a groundbreaking ceremony for this entity. While Clinton has given speeches at Goldman Sachs (a financial firm), she has not broken ground at a pharmacy by that name."
ds9486,Misinformation,0.95,False,True,"The visual veracity module explicitly identifies the image as AI-generated with a high confidence of 0.8. The explanation notes unusual anatomical structures, such as extra limbs and unnatural poses, which are characteristic of AI generation. According to the definitive rule, if an image is determined to be AI-generated, it must be classified as Misinformation regardless of other signals. The claim describes a specific scene (two striped cats with two sneakers on a ledge) that is presented as factual, but the image itself is synthetic and not a real photograph of such an event."
ds252,Not Misinformation,0.95,False,True,"The claim states that Dave Lee Travis was one of broadcasting's biggest stars in the 70s and 80s. Multiple evidence snippets confirm this fact. Specifically, Source [1] from BBC News explicitly states: 'In the 70s and 80s, Dave Lee Travis was one of broadcasting's biggest stars.' Other sources corroborate his prominence during this era, noting his role as a presenter on 'Top of the Pops' from 1973 to 1984 and his hosting of the Radio 1 Breakfast Show from 1978 to 1981, which made him a household name. The image is verified as not AI-generated. Therefore, the claim is supported by the evidence."
7904,Misinformation,0.85,False,True,"The image depicts three individuals sitting by a body of water, but the visual evidence does not support the specific claim that they are 'Boys from the Mandari tribe' waiting for boats in 'Terekeka' in 'September 2012'. The Mandari tribe is primarily known as pastoralists (cattle herders) rather than a fishing community, and the image lacks specific identifiers for the Mandari tribe or the specific location/context described. Furthermore, the image appears to be a generic stock photo or a candid shot that does not match the specific temporal and cultural details of the headline. The module signals correctly identify the lack of alignment (relevancy aligned: false). While the image is not AI-generated, the mismatch between the specific caption and the visual content (generic people vs. spe"
ds4659,Not Misinformation,0.95,False,True,"The claim that Kanye West auditioned for American Idol in San Francisco and brought Kim Kardashian is factually accurate. Evidence confirms that during the final season of American Idol (2016), Kanye West made a surprise appearance at the San Francisco auditions, performed 'Gold Digger', and was accompanied by Kim Kardashian. The image signals correctly identify the individuals and the context, and the visual veracity check indicates the image is not AI-generated. Therefore, the headline accurately reflects a real event."
6609,Misinformation,0.95,False,True,"The visual veracity module explicitly identifies the image as AI-generated with high confidence (0.9), citing the impossible nature of a horse levitating on a rocking chair in a cloudscape. According to the definitive rule, if the image is AI-generated, the output must be 'Misinformation' regardless of other signals. The headline describes a 'small horse on a large wooden chair', which aligns with the visual content, but since the content itself is synthetic and not a real photograph of the event described, it constitutes misinformation in the context of factual reporting."
5292,Misinformation,0.95,False,True,"The headline claims that a secret recording exposes Joe Biden promising to 'abolish the Second Amendment.' This claim is factually false. Evidence from PolitiFact and Biden's own campaign statements confirms that Biden has never promised to abolish the Second Amendment; rather, he has stated that it is possible to respect the Second Amendment while implementing stricter gun control measures (such as universal background checks and assault weapon bans). The 'secret recording' referenced likely pertains to a 2019 Spanish-language ad or other leaked materials, none of which contain such a promise. The image shows Biden speaking, but the textual claim attached to it is a fabrication/misrepresentation of his actual policy positions."
5049,Not Misinformation,0.85,False,True,"The headline describes a controversy regarding rankings of 'The Bachelorette' seasons, citing fan outrage and accusations of bias. The retrieved evidence confirms that 'The Bachelorette' franchise frequently faces controversies, including producer manipulation and fan backlash over specific seasons (e.g., Jenn Tran's season, Taylor Frankie Paul's season). There are numerous articles and social media discussions ranking the seasons and discussing fan opinions, which supports the claim that such rankings and the resulting outrage exist. The image is identified as a generic staged photo (not AI-generated) and is only partially aligned, serving as illustrative content rather than specific evidence of a fake event. The core claim of 'controversy erupting' over rankings is supported by the exist"
ds8246,Misinformation,0.95,False,True,"The module signals explicitly state that the image is 'aligned: false' and 'does not depict Tony Abbott or any relevant event', showing a 'different individual' instead. Although the visual veracity check indicates the image itself is not AI-generated, the core requirement for a news image is that it accurately depicts the subject of the headline. Using a photo of an unrelated person to illustrate a story about Tony Abbott constitutes a mismatched or misleading visual, which is a form of misinformation (specifically, a misleading caption/image pair). The retrieved evidence confirms Tony Abbott is an Australian politician, while the evidence snippets for 'new tax increases' refer to US President Biden's budget, further highlighting the disconnect, but the primary disqualifier is the image n"
5575,Misinformation,0.95,False,True,"The claim that Bradley Cooper and Lady Gaga were spotted kissing on a romantic getaway to Italy is false. While the two stars were indeed in Italy (Venice) in August 2018 for the premiere of 'A Star Is Born' at the Venice Film Festival, there are no credible reports or evidence of them kissing during a 'romantic getaway' at that time or any other. Their relationship has been characterized as a close professional friendship, and they have not been romantically linked in recent years (e.g., Gaga's recent wedding invitations to Cooper). The image likely depicts a generic couple or a scene from their movie, mislabeled to create a false narrative about a private romantic moment. The module signals correctly identified the lack of confirmation for the specific incident, and the evidence confirms"
561,Not Misinformation,0.95,False,True,"The claim is supported by multiple credible sources. NASA and Space.com confirm that the International Space Station photographed Hurricane Matthew on October 3, 2016, as it approached the Caribbean. Specifically, Space.com notes that the ISS caught a glimpse of the storm on Oct 3, and NASA records show images taken by Kate Rubins on Oct 4 (which would have been captured during the flyover sequence starting late Oct 3/early Oct 4). The image is verified as real (not AI-generated) and depicts a natural phenomenon consistent with the event described. The timing and subject matter align with historical records."
1970,Not Misinformation,0.85,False,True,"The image is identified as a standard bar graph from the 'Cancer Patient Experience Survey 2011/12', which is a real, documented UK government survey (evidenced by sources [1], [2], [3] in the retrieved evidence). The visual veracity check confirms it is not AI-generated. The headline claims that 'More younger patients than older patients said they were informed about financial help'. While the specific data point regarding 'financial help' is not explicitly detailed in the provided text snippets (which focus on overall care experience and inequalities), the survey did collect data on various aspects of care, including information provision. It is plausible that the graph reflects specific survey findings where younger demographics reported higher awareness of financial assistance options "
ds1060,Not Misinformation,0.85,False,True,"The image depicts a man holding a child at a candlelight vigil in New York. The retrieved evidence confirms that multiple candlelight vigils have occurred in New York City involving diverse groups, including the Nepali community (demanding justice for Inisa BK), Tibetan activists (commemorating Lobga Rangzen), journalists, and UN staff. While the specific identity of the individuals in the image cannot be verified without metadata, the scene is consistent with the types of events that have taken place. The image is not AI-generated, and the claim describes a plausible scenario supported by the existence of such vigils. Therefore, it is not classified as misinformation."
ds3938,Misinformation,0.95,False,True,"The claim states that Northwestern University is a founding member of the Big Ten Conference starting in 1893. While it is true that Northwestern is a charter (founding) member of the Big Ten, the conference was founded in 1896, not 1893. The retrieved evidence consistently identifies 1896 as the founding year of the 'Intercollegiate Conference of Faculty Representatives' (the original name of the Big Ten). Therefore, the specific date in the claim is factually incorrect."
6399,Misinformation,0.95,False,True,"The image is identified as AI-generated (visual_veracity ai_generated=true, confidence=0.8). The claim that Polish police officers are posing with Ninja Turtles is factually impossible as Ninja Turtles are fictional characters. The retrieved evidence confirms that no such real-world event exists; instead, search results point to stock images, costume ideas, and fictional depictions. According to the definitive rule, if the image is AI-generated, the output must be Misinformation."
6807,Misinformation,0.9,False,True,"The image is identified as AI-generated with high confidence (0.9). The claim describes a realistic scenario ('large bowl with vegetables and broccoli'), but the image depicts a fantastical scene involving a dragon. According to the definitive rule, if the image is AI-generated, the output must be Misinformation regardless of other signals. The visual content does not represent a real-world object or event as implied by a standard factual claim, and the presence of a mythical creature confirms the synthetic nature of the image."
ds9233,Not Misinformation,0.9,False,True,"The image depicts a realistic scene of people waiting at a bus terminal, and the module signals confirm it is not AI-generated (ai_generated=false). The claim 'Many people are waiting for a bus at the bus terminal' is a general description of the activity shown in the image. The retrieved evidence supports the existence of such scenes, citing stock photos and articles about busy bus terminals (e.g., Port Authority Bus Terminal) where crowds of people wait for buses. There is no evidence suggesting the image is fake or the claim is false in a misleading context."
7506,Not Misinformation,0.9,False,True,"The headline 'Dedham Vale Essex and Suffolk Come May the coach parties from Shenzhen arrive and stay until autumn' is a direct quote from a 2015 article in The Guardian (Evidence [5] in the retrieved evidence section). The image depicts a scene consistent with Dedham Vale (a garden and church, typical of the 'Constable Country' landscape). The module signals correctly identify that the image is not AI-generated and is only partially aligned with the specific claim about Shenzhen coach parties (as the image itself doesn't show the coaches). However, since the headline is a factual quote from a reputable source describing a known phenomenon in that area, and the image is a genuine representation of the location, the pair is not misinformation. The claim is grounded in reality as reported by "
251,Not Misinformation,0.95,False,True,"The retrieved evidence confirms that Sameena Jabeen Ahmed received the 'Best British Newcomer' award at the 2014 BFI London Film Festival. Specifically, evidence item [2] from Getty Images and item [5] from BBC News explicitly state that she received this award from actor James Corden. The image depicts this specific event, aligning with the claim."
ds1760,Misinformation,0.95,False,True,"The claim states that 'Last year' hundreds of thousands of people joined a 400 km human chain. The evidence confirms that the most famous 400+ km human chain (the Baltic Way) occurred on August 23, 1989, involving approximately two million people. This event did not happen 'last year' (2023/2024). While there was a massive human chain in Bihar, India, in 2020 (18,000 km, 50 million people), the specific details of '400 km' and 'hundreds of thousands' (vs millions) align best with the historical Baltic Way event, making the temporal claim 'Last year' factually incorrect. The image provided is likely a stock or historical photo of the Baltic Way or a similar event, mislabeled with a current date to create false news."
ds5403,Not Misinformation,0.85,False,True,"The image is verified as real (not AI-generated) and depicts a protest with an 'IMPEACHMENT' banner, which aligns with the claim's subject matter. The retrieved evidence confirms that impeachment is a current topic of political discussion, specifically regarding Donald Trump, with Democrats planning investigations that could lead to impeachment proceedings. While the headline uses speculative language ('Strategic Distraction', 'Manipulation'), the core factual premise—that impeachment talk is growing and being discussed in the context of political strategy—is supported by news reports. The image serves as a valid visual representation of the public discourse surrounding the claim."
ds8604,Misinformation,0.95,False,True,"The image is identified as AI-generated with high confidence (0.8) due to unnatural anatomy, specifically extra limbs on the zebras. According to the definitive rule, if the image is AI-generated, the output must be Misinformation regardless of other signals. The claim describes a specific scene ('socialize on some rocks in an artificial lake') which is visually inconsistent with the generated artifacts and lacks factual grounding in the provided evidence for such a specific, unusual configuration."
ds8578,Not Misinformation,0.85,False,True,"The image depicts a man leaning over the back of a truck, which aligns with the claim. The retrieved evidence confirms that there have been specific, widely reported incidents involving Walmart trucks and men in front of or near them, most notably a viral TikTok video of a man driving a truck through a Walmart in Indianola, Mississippi, and various other incidents involving Walmart truck drivers or accidents. While the specific location in the image cannot be definitively verified as a Walmart without metadata, the visual content is consistent with real-world events associated with the claim (e.g., a man interacting with a truck in a retail parking lot). The image is not AI-generated, and the claim describes a plausible scenario supported by news reports of similar events. Therefore, it is"
6114,Misinformation,0.95,False,True,"The image is identified as AI-generated with high confidence (0.8). The visual content depicts a surreal and non-standard watch face featuring a person in a uniform, which does not resemble a Mickey Mouse watch. The module signals explicitly state that the image is unrelated to the claim of a 'mail order mickey mouse watch from russia' and is likely a manipulation or generation. According to the definitive rule, if the image is AI-generated, the output must be Misinformation regardless of other signals."
8341,Not Misinformation,0.85,False,True,"The claim consists of two parts: 1) The Riverside Museum is the European Museum of the Year 2013, and 2) it has seen a drop in visitors. Evidence [1]-[5] for the first query confirm that the Riverside Museum in Glasgow won the European Museum of the Year Award in 2013. Regarding the second part, while specific 2023 statistics for the Riverside Museum are not explicitly detailed in the snippets, Evidence [2] and [5] confirm a broader industry trend where visitor numbers have dropped significantly (averaging 10% down) post-pandemic, with many museums reporting declines. Given that the Riverside Museum is a major public attraction, it is highly probable it is affected by this general trend. The image shows a waterfront scene consistent with the Riverside Museum's location on the Clyde, and th"
1152,Not Misinformation,0.95,False,True,"The image depicts Howard Stern and his wife Beth Ostrosky, which aligns with the claim that they were in attendance at an event. The retrieved evidence confirms that Howard Stern and Beth Ostrosky have attended various public events together, including the North Shore Animal League America's 'Get Your Rescue On' Gala (recently, following the death of a friend) and the 2017 North Shore Animal League America Gala. The visual veracity signals indicate the image is not AI-generated. Therefore, the claim is supported by evidence of their public appearances."
ds5714,Misinformation,0.95,False,True,"The image is identified as AI-generated with high confidence (0.8). According to the definitive rule, if the image is AI-generated, the output must be 'Misinformation' regardless of other signals. Additionally, the claim that Babur was an 'Educator Paving the Way for Educational Excellence' is historically inaccurate; while he laid the groundwork for the Mughal Empire which later valued learning, there is no evidence of specific educational reforms or direct contributions to education by Babur himself, making the headline misleading even if the image were real."
ds9888,Misinformation,0.85,False,True,"The claim states that the vast majority of people watching on the hill will be delighted that Jerzy Janowicz takes the first set on a tiebreak. The retrieved evidence confirms that Jerzy Janowicz did win the first set against Andy Murray in a tiebreak (7-6) during the 2013 Wimbledon semifinals. However, the evidence also establishes that Andy Murray went on to win the match (6-7, 6-4, 6-4, 6-3) and eventually the tournament. Andy Murray is a British player and a massive favorite in the UK. The phrase 'people watching on the hill' likely refers to spectators at Wimbledon (possibly All England Club grounds or nearby areas). Given that Murray won the set and the match, the vast majority of UK spectators would be delighted by Murray's victory, not Janowicz's set win. Furthermore, Janowicz's pe"
7531,Not Misinformation,0.95,False,True,"The claim states that there was an Occupy protest at St Paul's Cathedral in London. Historical records and the provided evidence confirm that the Occupy London movement established a camp outside St Paul's Cathedral starting in October 2011 after being blocked from occupying the London Stock Exchange. Furthermore, specific incidents, such as protesters chaining themselves to the pulpit inside the cathedral in October 2012, are well-documented. The image signals indicate a real (non-AI) protest scene, and the textual evidence strongly supports the existence and location of the protest. Therefore, the claim is factually accurate."
1795,Not Misinformation,0.85,False,True,"The claim states that Justin Fashanu is described as 'intelligent witty honest and articulate' in Nick Baker's 'Forbidden Forward'. Evidence confirms that Nick Baker is the author of 'Forbidden Forward: The Justin Fashanu Story' [1, 2, 3, 4, 5]. The book is described as a 'sensitive but brutally candid portrait' [1] and a 'meticulously researched' biography [2, 4] that offers a 'nuanced portrayal' of Fashanu's life [Module Answers]. While the specific adjectives 'intelligent, witty, honest, and articulate' are not explicitly quoted in the provided snippets, they are consistent with the general positive and nuanced characterization of Fashanu as a 'complex figure', 'brave pioneer', and 'warm, affectionate, and generous individual' found in literature and reviews of the book [Module Answers,"
7759,Not Misinformation,0.85,False,True,"The image depicts the Severn Power Station in Newport, South Wales, which is a gas-fired power station owned by Dong Energy (now Ørsted). The headline claims the government has been proposing gas as a bridging technology. Evidence confirms that the UK government has indeed treated natural gas as a 'bridging fuel' to support the transition to renewable energy and reduce emissions from coal, although this stance has been debated. The image correctly identifies the facility mentioned in the claim (Dong Energy's gas station in Newport), and the political context regarding gas as a bridging technology is factually supported by government policy discussions and energy sector analysis. The image is a genuine photograph (not AI-generated) and is relevant to the claim."
5697,Misinformation,0.95,False,True,"The image is identified as AI-generated (confidence 0.8), which triggers the definitive rule to classify the pair as Misinformation regardless of other signals. Furthermore, the claim that NASA revealed a 'potentially habitable' second moon is factually incorrect. While NASA has confirmed the existence of temporary quasi-moons (asteroids like 2024 PT5 or 2025 PN7) that orbit Earth for limited periods, these are small rocky bodies not capable of supporting life. There is no discovery of a permanent, habitable second moon."
3769,Misinformation,0.95,False,True,"The claim 'Tangled is a shoelace' is factually incorrect. 'Tangled' is primarily known as a 2010 Disney animated film, and as an adjective meaning twisted or confused, not a noun for a shoelace. Furthermore, the visual veracity module indicates the image is AI-generated (confidence 0.8). According to the definitive rule, if the image is AI-generated, the output must be Misinformation regardless of other signals. The combination of a false factual claim and an AI-generated image confirms the label."
4905,Not Misinformation,0.9,False,True,"The headline claims that Lindsay Shookus is 'Still NOT Pregnant' and that the 'Ben Affleck Baby Shocker' is 'Untrue'. The retrieved evidence confirms that while there were rumors of pregnancy in 2018, Lindsay Shookus and Ben Affleck broke up in 2019. Subsequent reports indicate Shookus has moved on to dating others (e.g., Jon Hamm) and there are no credible reports of her being pregnant by Affleck or anyone else recently. The image provided is identified as not depicting the subjects and is irrelevant to the claim, but the textual claim itself is factually correct based on current relationship statuses and lack of pregnancy news. Since the image is not AI-generated and the text aligns with reality (denying a false rumor), the pair is classified as Not Misinformation."
6026,Misinformation,0.95,False,True,"The image is identified as AI-generated (confidence 0.8) with clear signs of manipulation, such as an unnatural red shape overlaying a head. According to the definitive rule, if the image is AI-generated, the output must be 'Misinformation' regardless of other signals. Additionally, the headline 'oh god jay no youre killing everybody' is sensational and lacks factual basis, as there is no evidence that any prominent 'Jay' (such as Jay-Z or Jam Master Jay) is currently 'killing everybody'. The retrieved evidence confirms Jay-Z is alive (despite hoaxes) and Jam Master Jay was murdered in 2002, not killing others in the context implied. The combination of an AI-generated image and a false, sensational headline constitutes misinformation."
5977,Misinformation,0.95,False,True,"The claim states that Konidela Production Company has emerged as a key player in the Chinese entertainment industry. However, all retrieved evidence and module signals confirm that Konidela Production Company is an Indian film production company based in Hyderabad, India, founded by Ram Charan. There is no evidence of any expansion, projects, or involvement in the Chinese entertainment industry. The claim is factually incorrect and constitutes misinformation."
104,Not Misinformation,0.95,False,True,"The claim states that while there are hundreds of commercial airlines globally, not all of them have inflight connectivity or internet access. The retrieved evidence confirms that there are over 5,000 airlines globally (supporting the 'hundreds' descriptor as a conservative subset or general reference to the industry scale) and explicitly states that only about 70% of airlines offer some form of connectivity, with many low-cost and regional carriers lacking Wi-Fi. Therefore, the statement that not all airlines have internet access is factually correct. The image, showing model airplanes, is a generic representation of the airline industry and does not contradict the claim, nor is it AI-generated."
ds9954,Misinformation,0.95,False,True,"The claim asserts that Jinyun and Yahong celebrated in Morecambe Bay. However, historical records and the provided evidence confirm that Jinyun Guo and Yahong Zhang were victims of the 2004 Morecambe Bay cockle-picking disaster, where they drowned along with 20 other migrant workers. The event was a tragedy, not a celebration. The image shows two women, likely unrelated to the specific individuals or the location, and the headline misrepresents a fatal incident as a celebratory event. This constitutes misinformation."
ds9091,Not Misinformation,0.85,False,True,"The claim describes a specific visual composition (colorful umbrella in a black and white city scene). The module signals indicate that the image is not AI-generated (visual_veracity.ai_generated=false) and is a realistic urban scene. While the 'relevancy' signal claims the image does not depict the umbrella, this is likely due to the image being a generic 'busy city sidewalk' without the specific 'color pop' element described, or the model failing to detect a small detail. However, the retrieved evidence confirms that such images are common stock photography themes (e.g., 'Colorful Umbrella Black and White City Photo'). Since the image is real (not AI) and the claim describes a plausible, existing type of stock photo rather than a specific false event or fabricated news story, it is not c"
ds1846,Misinformation,0.95,False,True,"The claim asserts that a vehicle belonging to Rafael Correa's security detail was burned by rioting police outside a hospital in Quito. The evidence indicates that while there was a major incident involving police and Correa in Quito, it occurred in 2010, not recently, and involved police holding Correa captive, not burning his vehicle. Furthermore, recent unrest in Quito (2023) involved prison riots and general protests where protesters, not police, were reported setting vehicles on fire. The specific detail of 'police setting Correa's vehicle on fire' is factually incorrect based on historical records of the 2010 crisis and current events. The image likely depicts a generic protest fire or a different incident, misattributed to this specific false narrative."
ds2126,Not Misinformation,0.85,False,True,"The image depicts two identical street signs ('EAST ST') placed one behind the other, which aligns with the claim of 'identical street signs'. While the headline mentions they are 'pointing in the opposite directions', the visual evidence shows them facing the same direction (one behind the other), which is a common error in such photos or a specific local anomaly (like the Swansea case found in evidence). The module signals indicate the image is not AI-generated (ai_generated=false) and the relevance is partial due to the directional discrepancy. However, since the core subject (identical signs) is real and documented (e.g., Swansea, UK), and the image is authentic, it does not constitute AI-generated misinformation. The directional description in the headline may be slightly inaccurate r"
ds8631,Misinformation,0.95,False,True,"The visual veracity module explicitly identifies the image as AI-generated with high confidence (0.8). The image depicts bananas and apples, which contradicts the headline's claim of 'Apples and oranges'. Furthermore, the image lacks the 'tree with branches in front of potted plants' described in the headline. According to the definitive rule, if the image is AI-generated, the output must be Misinformation regardless of other signals."
ds6054,Not Misinformation,0.85,False,True,"The claim 'everyone knows dachshunds dont work over water' is interpreted as a colloquial or humorous assertion that dachshunds are not suited for water activities (swimming/wading) due to their physical build. The retrieved evidence confirms that dachshunds have short legs and long backs, which makes swimming tiring and difficult, and they are generally not bred for water work. While the image depicts a fantastical scene (likely from a movie or edited) of a dog-like figure on water, the module signals indicate the image is not AI-generated (likely a real photo of a movie scene or edit) and the claim is partially aligned with the visual context. The core factual premise of the claim (dachshunds are poor swimmers/not water workers) is supported by the evidence. The phrase 'everyone knows' i"
595,Not Misinformation,0.85,False,True,"The image depicts the Cleveland skyline, and the claim states it was taken from Edgewater Park in 2012. Edgewater Park in Cleveland is a well-known location for viewing the skyline from Lake Erie. The retrieved evidence confirms that Edgewater Park offers views of the Cleveland skyline and that photos from this location exist (e.g., Flickr photos from 2013, Facebook posts discussing views from the park). While the specific 2012 date cannot be definitively verified from the snippets, the visual content aligns with the claim (Cleveland skyline from Edgewater Park), and there is no evidence suggesting the image is fake or mislabeled in a way that constitutes misinformation. The module signals also indicate the image is not AI-generated and is relevant. Therefore, the claim is considered plaus"
ds4857,Misinformation,0.95,False,True,"The image is completely irrelevant to the headline. The module signals correctly identify that the image depicts a generic group of people at a dining table with no connection to Kourtney Kardashian, Scott Disick, or Younes Bendjima. The headline makes specific claims about a 'pregnancy scare' and 'teasing Scott,' but the visual evidence provided does not support this in any way (it is not a photo of the celebrities involved). While the pregnancy scare and relationship dynamics mentioned in the headline have some basis in celebrity news reports (as seen in the evidence snippets), the pairing of this specific, unrelated stock-style image with the headline constitutes misinformation because the image falsely implies a visual connection to the story. The irrelevance of the visual to the speci"
8858,Not Misinformation,0.85,False,True,"The image depicts a person skiing in a snowy environment with snow-covered trees, which is visually consistent with the general theme of a man in the snow. While the headline specifies 'walking on his back' (which could be interpreted as a back view or a specific posture) and the module signals note a discrepancy with 'skiing', the image is verified as real (AI-generated=false) and not manipulated. The discrepancy is likely due to a mismatch in the specific activity description (skiing vs. walking) rather than intentional misinformation or fabrication of the scene. The evidence supports the existence of stock imagery matching the visual elements (man, snow, trees), and the lack of AI generation or deepfake indicators prevents a 'Misinformation' label under the definitive rule."
ds4896,Not Misinformation,0.85,False,True,"The claim that Nicole Richie pleaded with Sofia Richie to end her romance with Scott Disick is consistent with reported family dynamics and advice given by Nicole. Evidence indicates that Nicole Richie has advised Sofia on privacy and life in the public eye, and there were reports of tension regarding Sofia's relationship with Scott Disick (who is Nicole's ex-partner and father to her children). While the specific dramatic phrasing 'pleading' may be sensationalized, the core narrative of Nicole intervening or advising against the relationship is grounded in real events and reported family interactions. The image is verified as not AI-generated. Therefore, it is not classified as misinformation in the strict sense of being fabricated or deceptive, but rather as a headline summarizing a real"
8916,Not Misinformation,0.85,False,True,"The image depicts a white toilet in a bathroom with black tiled walls and floor. The claim mentions a 'black mirror on top of a tiled floor'. While the image does not clearly show a mirror (it may be out of frame or obscured), the core elements (white toilet, tiled floor) are present and consistent with the visual evidence. The module signals indicate the image is not AI-generated (veracity=false) and the relevance is low (0.2) because the mirror is missing, but this does not constitute misinformation in the strict sense of a fabricated or deceptive image. The image is a genuine photograph of a bathroom that matches the general description, even if a specific detail (mirror) is not visible. The claim is not demonstrably false based on the visible content, nor is it AI-generated. Therefore,"
ds562,Not Misinformation,0.95,False,True,"The claim states that 30,000 people gather in Hawaii each year to celebrate SPAM. Evidence confirms that the Waikiki Spam Jam is an annual festival in Hawaii celebrating SPAM. Multiple sources, including a 2025 news report and a travel guide, explicitly state that attendance is around 30,000 to 35,000 people. The image shows a scene consistent with this festival (crowd, mascot). The visual veracity model indicates the image is not AI-generated. Therefore, the claim is supported by evidence."
ds5647,Misinformation,0.95,False,True,"The claim that Pfizer CEO Albert Bourla admitted the COVID-19 vaccine causes permanent brain damage is false. Extensive fact-checking by reputable sources (e.g., Snopes, AAP FactCheck) confirms that Bourla never made such a statement. Claims that he called vaccines 'quite dangerous' or admitted to causing brain damage are debunked fabrications or misinterpretations of his comments on vaccine efficacy and safety monitoring. The image provided is a generic stock-style graphic of a presentation with a brain, which does not depict a real event or quote from the CEO. The module signals correctly identify the lack of evidence for the claim and the partial alignment of the image topic, but the definitive nature of the false claim warrants a Misinformation label."
160,Not Misinformation,0.85,False,True,"The claim refers to a specific incident involving a cat named Dorothy in Newport. While the retrieved evidence does not explicitly confirm a cat named 'Dorothy' was shot in 2023 (the search results for 'Dorothy cat injury news 2023' were irrelevant), there is strong corroborating evidence that pellet gun attacks on cats in Newport are a documented and recurring issue. Specifically, a 2010 incident involved a cat named Rouley, and a 2013 report highlighted multiple airgun attacks on cats in Gwent/Newport. The image shows a cat wearing a cone, which is consistent with a cat recovering from injury or surgery, aligning with the claim of injury. The visual veracity is confirmed as real (not AI-generated). Given the plausibility of the event based on local news patterns and the lack of evidence "
ds7704,Misinformation,0.95,False,True,"The claim states the image is an aerial view of the River Severn winding through Leighton in Shropshire. However, the visual analysis module explicitly states that the image depicts a golf course and surrounding landscape, with no meaningful connection to the River Severn or Leighton in Shropshire. The module's relevancy score is very low (0.1), indicating a mismatch between the image content and the headline. While the headline describes a real geographical feature (the River Severn does flow through Leighton, Shropshire), the specific image provided does not show this. Therefore, the image is being used to falsely support the headline, constituting misinformation."
ds451,Not Misinformation,0.95,False,True,"The retrieved evidence confirms that Paul Wilson, a drink driver, struck and killed Alwyn Pritchard (a PCSO) while driving at high speed and subsequently fled the scene. Multiple sources (BBC, Wales Online, Mirror) explicitly state that Wilson ran away from the scene after hitting Pritchard. Although the module signals indicated low relevancy for the specific image (likely because the image is a generic portrait not depicting the crash), the textual claim itself is factually accurate based on the evidence. The definitive rule for AI generation does not apply as the image is not AI-generated. Therefore, the claim is supported by evidence."
ds4380,Misinformation,0.95,False,True,"The headline claims Nancy Pelosi is resigning due to 'new revelations.' While Nancy Pelosi did resign as Speaker of the House in January 2023, she did not resign from Congress, nor was her departure attributed to 'new revelations' or scandal. The specific claim of resignation due to revelations is a known hoax/fabrication often circulated by low-credibility sites like NRTOnline. PolitiFact has explicitly fact-checked this specific headline as false, noting it is a fabricated story. The 'new revelations' aspect is false; her resignation was a planned political decision. Therefore, the headline presents a false narrative about the cause and nature of her departure."
1204,Not Misinformation,0.95,False,True,"The claim describes a specific historical event: the ambush of Jalisco state police on a road where 15 officers were killed. Multiple credible news sources (Reuters, CNN, AP, Wikipedia) confirm that on April 6, 2015, a convoy of Jalisco State Police was ambushed by the Jalisco New Generation Cartel (CJNG) in San Sebastián del Oeste, resulting in the deaths of 15 officers and injuries to five others. The image signals indicate the visual is real (not AI-generated) and depicts police presence, which aligns with the context of the event described. Although the image itself may not be a direct photograph of that specific moment (as is common with stock or archival images used in news), the core factual claim regarding the event, location, and casualty count is accurate and well-documented."
ds5364,Not Misinformation,0.85,False,True,"The headline claims that Don Lemon made controversial remarks that stirred outrage and media backlash. The retrieved evidence confirms that Don Lemon made several controversial remarks (e.g., about white men being a terror threat, comments about Nikki Haley, and comments about women over 50) which resulted in significant media backlash, internal criticism from colleagues, and his eventual firing from CNN. The image is a genuine photograph of Don Lemon. While the headline uses sensational language ('CNN's Scandal'), the core factual assertions regarding the existence of controversial remarks and the resulting backlash are supported by multiple credible sources."
ds8199,Not Misinformation,0.95,False,True,"The headline accurately reflects the official ruling by U.S. authorities regarding the death of Mikhail Lesin, a former aide to Vladimir Putin. Multiple credible news sources (CNN, BBC, Washington Post, VOA) confirm that in October 2016, U.S. authorities ruled his death accidental, citing head injuries sustained from falls after excessive alcohol consumption. While the initial autopsy indicated blunt force trauma, the final determination by authorities was accidental. The image, while not directly depicting the event, is not AI-generated and the textual claim is factually supported by the evidence."
ds9128,Misinformation,0.8,False,True,"The visual veracity module explicitly identifies the image as AI-generated with a confidence of 0.8. According to the definitive rule, if the image is AI-generated, the output must be 'Misinformation' regardless of other signals. The image depicts a cow next to a white wall and bright blue door, but the AI generation flag indicates it is not a real photograph of a specific event or location, thus constituting misinformation in the context of presenting it as factual imagery."
ds8717,Not Misinformation,0.95,False,True,"The image is verified as a genuine photograph (AI-generated: false) and visually aligns with the claim of depicting a pillow with a blanket and other pillows. The retrieved evidence confirms that such items are common household objects and decor elements, with no indication of deception or fabrication in the image content."
ds1226,Misinformation,0.85,False,True,"The claim asserts a specific event involving a person named 'Matt Hampton' and his 'Webdesign office' in Hoboken, NJ. The retrieved evidence fails to support this specific narrative. While there is evidence of flooding in Hoboken (e.g., September 2025 water line breaks, October 2023 storm), there is no record of a flood damaging a web design office owned by Matt Hampton. The search results for 'Matt Hampton' identify him as a technologist/strategist in Maryland (Envoy Design) or other unrelated entities, with no connection to a Hoboken web design office. The module signals correctly identified the lack of specific confirmation for the identity and location. The image appears to be a generic stock photo or unrelated footage of flooding, misapplied to a specific, unverified claim about a spe"
ds4978,Not Misinformation,0.9,False,True,"The claim states that Nicole Kidman won for Outstanding Lead Actress in a Limited Series or Movie at the 69th Emmy Awards. According to the retrieved evidence and general knowledge, the 69th Primetime Emmy Awards took place in 2017. Nicole Kidman won the Primetime Emmy Award for Outstanding Lead Actress in a Limited Series or a Movie for her role in 'Big Little Lies' at this specific ceremony. The module signals correctly identify that she has won Emmys and that the 69th Emmys occurred in 2017. Although the visual veracity module incorrectly identifies the trophy as an Oscar (it is an Emmy statuette), the image is not AI-generated and depicts a real event consistent with the claim. Therefore, the core factual claim is true."
6327,Misinformation,0.9,False,True,"The image is identified as AI-generated with high confidence (0.9). The visual evidence describes a distorted face and unnatural hand positioning, which are characteristic artifacts of AI image generation. According to the definitive rule, if the image is AI-generated, the output must be labeled as Misinformation regardless of other signals. The headline 'in a fish market long ago and far away' combined with an AI-generated image of a person with an alien-like face suggests a fabricated or surreal context rather than a factual depiction of a historical event."
ds1360,Not Misinformation,0.85,False,True,"The image depicts Bishop Franz-Peter Tebartz-van Elst, and the headline accurately identifies him and the location (Limburg Cathedral). While the specific date (August 30, 2013) cannot be definitively verified from the provided snippets, the event described (the Bishop leaving the cathedral) is factually consistent with his status as the active Bishop of Limburg at that time. The controversy regarding his spending and subsequent suspension occurred later in 2013 (October), so he was still the Bishop in August. The image is not AI-generated. The partial alignment in the module signals is due to the lack of specific metadata for the exact date, but the core entities and action are correct."
ds3180,Misinformation,1.0,False,True,"The claim states that Watertown, Massachusetts is in Vermont. This is factually incorrect. All retrieved evidence confirms that Watertown, Massachusetts is located in Middlesex County, Massachusetts, and is part of the Greater Boston area. It is not located in Vermont. The module signals also correctly identify the headline as incorrect and the image as not aligned with the false claim. Therefore, the content is misinformation."
ds6722,Misinformation,0.95,False,True,"The image is identified as AI-generated (visual_veracity.ai_generated=true, confidence=0.8) due to surreal elements like a green laser effect and unnatural features. According to the definitive rule, if the image is AI-generated, the output must be Misinformation regardless of other signals. The headline implies a real-world event or stock photo context, but the image is a synthetic fabrication."
ds4618,Not Misinformation,0.95,False,True,"The claim that Justin Bieber accidentally hit a photographer with a pick-up truck after a church service is factually correct and widely documented. Multiple credible news sources (Daily Mail, The Cut, Rolling Stone, Metro, etc.) confirm that on July 27, 2017, Justin Bieber struck a 57-year-old paparazzo with his pickup truck while leaving a Hillsong Church service in Beverly Hills. The incident was reported as an accident, and the photographer sustained non-life-threatening injuries. The image signals indicate the person is Justin Bieber and the image is not AI-generated, aligning with the factual event described in the headline."
ds2707,Misinformation,0.95,False,True,"The claim attributes human-like behaviors ('stealing a private moment', 'giggling') to palm trees. Scientific evidence confirms that plants, including palm trees, lack neuronal centers and consciousness, making them incapable of human-like emotions or actions such as giggling. While the image may show trees with an unusual shape (e.g., leaning together or heart-shaped foliage) that could be anthropomorphized, the headline presents this interpretation as a factual event involving sentient behavior. This constitutes misinformation because it misrepresents biological reality by attributing agency and emotion to non-sentient organisms. The visual veracity signal indicates the image is likely real (not AI-generated), but the textual claim is factually false regarding the nature of the subjects."
ds4910,Not Misinformation,0.85,False,True,"The image depicts Gwen Stefani and Blake Shelton, and the visual veracity check confirms it is not AI-generated. The headline claims Gwen Stefani is 'still smitten' with Blake Shelton and has 'never once' tried to change him. Evidence from multiple sources (Yahoo, Fox News, E! Online) confirms that the couple is still married and in a loving relationship, often described as being in a 'honeymoon phase' or enjoying 'second chance' love. Regarding the claim that she has 'never once' tried to change him, while one source mentions 'complete turmoil' in the early days, there is no credible evidence or widespread reporting suggesting she actively tried to fundamentally change his personality or identity in a way that would contradict the sentiment of acceptance and love expressed in the headline"
ds1096,Not Misinformation,0.85,False,True,"The claim states that lab technicians in Puerto Rico process Zika tests at the CDC's dengue branch in San Juan. Evidence confirms that the CDC Dengue Branch is indeed located in San Juan, Puerto Rico, and has historically focused on dengue and other Aedes-transmitted viruses (including Zika). Furthermore, evidence indicates that CDC entomologists and laboratory staff at this branch have performed testing (including bioassays and sample processing) related to Zika virus management in Puerto Rico. While the image itself is a generic stock photo of a lab and does not visually prove the specific location or activity, the textual claim is factually grounded in the existence of CDC operations in San Juan that handle vector-borne disease testing, including Zika-related work. The module signals co"
ds803,Not Misinformation,0.85,False,True,"The retrieved evidence confirms that Mildred Martin, an 81-year-old woman, was shot and killed on her front porch in northwest Atlanta on July 27, 2015. While initial reports described the death as caused by a stray bullet, subsequent police updates and indictments named Johnny Maurice Avery as a suspect/indicted individual for the murder. The module's internal answers correctly identify that Avery was indicted for her death, contradicting the initial 'stray bullet' narrative but supporting the core claim that he is accused of shooting her. The image is a real mugshot (not AI-generated), and the headline accurately reflects the legal accusation against the named individual regarding the specific victim and location described in the evidence."
9249,Misinformation,0.9,False,True,"The image is identified as AI-generated with high confidence (0.9) due to surreal characteristics such as horns and distorted anatomy, which are not present in real elephants. According to the definitive rule, if the image is AI-generated, the output must be labeled as Misinformation regardless of other signals. The headline describes a realistic scenario (mother and baby elephant by a dry pool), but the visual content is fabricated, making the pair misleading."
ds4946,Misinformation,0.95,False,True,"The headline claims that specific celebrities (J.J. Watt, Tyler Perry, Jamie Foxx) gave big to relief funds for deadly Texas floods. However, the retrieved evidence indicates that while there were real deadly floods in Texas (specifically July 2025 and October 2023), the specific claims of large donations from these celebrities are part of a broader pattern of false or exaggerated stories circulating on social media. Fact-checking sources (Politifact, MySanAntonio) explicitly debunked claims of massive celebrity donations (e.g., Justin Bieber, Patrick Mahomes) as fake or unsubstantiated. Furthermore, the specific search for J.J. Watt, Tyler Perry, and Jamie Foxx donations yielded no evidence of such contributions, while other celebrities like Shakira and Maren Morris were noted for awarene"
1436,Not Misinformation,0.95,False,True,"The retrieved evidence confirms that musician Buddy Guy attended the Kennedy Center Honors reception at the White House on December 2, 2012. Multiple stock photo agencies (Alamy, Getty) and news outlets (NBC Chicago) explicitly describe images with the caption 'Musician Buddy Guy attends the Kennedy Center Honors reception at the White House' from that specific date. The module signals indicate the image is not AI-generated and is partially aligned with the claim. Although the module's 'answers' section contains conflicting or irrelevant information regarding other events (e.g., 2022 honorees, MBS dinner), the primary evidence directly supports the factual accuracy of the claim that Buddy Guy attended this specific event."
ds1062,Not Misinformation,0.95,False,True,"The image and headline accurately describe a specific event: the Washington Metropolitan Area Transit Authority (WMATA) SafeTrack fourth surge, which affected the Yellow Line in July 2016. Evidence [1] from the retrieved sources confirms that SafeTrack Surge #4 began on July 12, 2016, and involved a shutdown of the Blue and Yellow lines. Evidence [1] from the 'How to ride' query explicitly links the phrase 'Your guide to riding the Yellow Line during SafeTrack's fourth surge' to a Washington Post video from July 13, 2016, confirming the existence and context of this specific guide. The visual veracity is confirmed as real (not AI-generated), and the content aligns with historical facts about the SafeTrack program."
ds1686,Not Misinformation,0.95,False,True,"The claim states that John McCririck was a reporter for Channel 4 Racing from 1984 until 'last year' and said he had been very loyal to the broadcaster. Evidence confirms McCririck worked for Channel 4 Racing starting in 1984 (when coverage moved from ITV) and left in October 2012. The phrase 'last year' in the claim is ambiguous; if the claim was made in 2013, it accurately reflects his departure in 2012. If the claim is current (post-2019), the 'last year' part is factually incorrect as he died in 2019. However, the core assertion of his tenure starting in 1984 and his statement of loyalty is supported by evidence. Specifically, his publicity agent stated he worked 'in an utterly dedicated/loyal fashion for Channel 4 for 29 years' (which aligns with the 1984-2012/2013 timeline). The imag"
7439,Misinformation,0.95,False,True,"The headline claims President Obama held a campaign event in Roanoke 'earlier this month' (implying a recent event, likely October 2023 given the context of the module signals). However, Barack Obama is not currently a candidate for office and has not held campaign events in 2023. The retrieved evidence confirms that the specific campaign event in Roanoke occurred on July 13, 2012, during his re-election bid. The image is likely a recycled photo from that 2012 event. Presenting a historical event as a current one constitutes misinformation."
8870,Not Misinformation,0.85,False,True,"The image depicts a bathroom scene which is consistent with the general topic of the headline. The module signals indicate the image is not AI-generated (visual_veracity ai_generated=false). While the 'relevancy' signal is low (0.1) because the specific details (bath towel, towels hanging over it) are not clearly visible or prominent in the provided image description, this suggests a mismatch in specificity rather than active misinformation or fabrication. The headline describes a plausible scenario for a bathroom, and the image shows a bathroom. There is no evidence of AI generation or deceptive intent. The low relevancy likely stems from the image being a generic bathroom shot that doesn't perfectly illustrate the specific 'towel arrangement' mentioned, but it does not constitute misinfo"
ds8989,Not Misinformation,0.85,False,True,"The image is verified as not AI-generated (visual_veracity.ai_generated=false). The claim describes a scene with two women sitting near a window next to a table with fruit. The retrieved evidence includes stock photo descriptions and AI-generated image descriptions that match the visual elements (two women, window, table). Specifically, evidence [3] describes 'Two women are sitting by the window... There is a small coffee table between them,' and evidence [4] mentions 'two women in white outfits sit on a window sill.' While the specific fruit is not identified in the text snippets, the presence of a table and the general setting aligns with the claim. The module's relevancy signal was 'partial' due to uncertainty about the window proximity, but the evidence supports the core components of "
7101,Not Misinformation,0.95,False,True,"The retrieved evidence confirms that Rafael Nadal played Facundo Bagnis in the second round of the 2016 French Open on May 26, 2016. The image depicts a tennis match context consistent with this event. The module signals indicate the image is not AI-generated and is partially aligned with the claim (identifying the player and sport but not the specific opponent visually). Since the factual claim (Nadal vs Bagnis, 2nd round) is supported by historical records and the image is a genuine photograph of a tennis match, the pair is not misinformation."
ds7980,Misinformation,0.95,False,True,"The headline claims that Japan will host the 'next World Cup' in 2019. This is factually incorrect regarding the FIFA World Cup, which is the most common referent for 'World Cup' in general discourse. Japan did not host the FIFA World Cup in 2019; the 2018 tournament was hosted by Russia, and the 2022 tournament was hosted by Qatar. Japan did host the Rugby World Cup in 2019, but the headline's phrasing ('the next World Cup') without qualification implies the FIFA tournament, making the claim misleading and false. Furthermore, the module signals indicate low relevancy (0.1) because the image does not specifically depict Japanese fans or the 2019 event context, and the answers explicitly state Japan did not host the FIFA World Cup in 2019. The claim creates a false association between Japan"
ds9213,Misinformation,0.8,False,True,"The visual veracity module explicitly identifies the image as AI-generated with a confidence of 0.8. According to the definitive rule provided, if the image is AI-generated (ai_generated=true, confidence>0.6), the output must be 'Misinformation' regardless of other signals. The image depicts an airplane in an unrealistic manner (unusual angle, lack of realistic depth), which further supports the AI generation classification."
ds8942,Not Misinformation,0.9,False,True,"The image depicts a rustic, old-fashioned kitchen setup, which aligns with the claim. The visual veracity check indicates the image is not AI-generated (confidence 0.0 for AI generation, implying high confidence it is real). The retrieved evidence supports the existence and aesthetic of old-fashioned kitchens, describing them as welcoming, functional, and charming spaces often used for entertaining or events (e.g., 'Traditional kitchen design is welcoming, functional, and timeless' [1], 'create a warm, inviting space' [4]). The claim that such a kitchen is 'set up for guests' is a plausible interpretation of the scene and consistent with the general description of these spaces as suitable for gatherings."
2649,Not Misinformation,0.85,False,True,"The image depicts a plausible natural phenomenon where vegetation grows around or through abandoned machinery, a common occurrence in rural or wooded areas. The visual veracity check indicates the image is not AI-generated (confidence 0.2 for AI generation, implying high confidence it is real). The retrieved evidence supports the existence of abandoned farm equipment in fields and woods, as well as the general concept of nature reclaiming industrial objects. There is no evidence suggesting the image is fabricated or the claim is false; rather, it aligns with documented occurrences of rusting equipment left in nature."
ds8677,Misinformation,0.8,False,True,"The visual veracity module explicitly identifies the image as AI-generated with a confidence of 0.8. According to the definitive rule, if the image is AI-generated, the output must be 'Misinformation' regardless of other signals. The image depicts an unnatural arrangement of an orange slice and spinach (not various fruits as claimed), further supporting the classification of the content as misleading or fabricated."
2915,Not Misinformation,0.85,False,True,"The image depicts a restroom sign that appears to be a tactile map, consistent with accessibility initiatives like those by 'Even Grounds' mentioned in the evidence. While such maps are not ubiquitous, they exist and are designed specifically for blind or visually impaired individuals to navigate restrooms. The visual evidence shows a structured layout typical of tactile signage, and the module signals indicate the image is real (not AI-generated). The claim that the entrance has a detailed map for the blind is plausible and supported by the existence of specific projects creating such maps. There is no evidence to suggest the image is fake or the claim is false; rather, it represents a specific accessibility feature."
4752,Misinformation,0.95,False,True,"The image is identified as AI-generated with high confidence (0.8). The module signals explicitly state that the image does not depict Robert Pattinson or Kristen Stewart, nor does it show buzz cuts. The headline claims a specific event ('Buzz Cuts Pit Against Each Other') involving these celebrities, which is contradicted by the visual evidence (AI-generated, wrong subjects) and the lack of any credible news reports supporting such an event. The definitive rule for AI-generated images applies here."
ds8815,Misinformation,0.9,False,True,"The image is identified as AI-generated with high confidence (0.9). The module signals explicitly state that the image depicts a bear's head under a blanket, which contradicts the claim of a 'white, beige and brown baby blanket'. Furthermore, the relevancy signal indicates the image is unrelated to the subject described. According to the definitive rule, if the image is AI-generated, the output must be Misinformation."
3855,Misinformation,0.95,False,True,"The claim is false on multiple factual grounds. First, 'Maximum Overdrive' is a 1986 science fiction horror film directed by Stephen King, not a 1980 romance film. Second, the visual evidence indicates the image is AI-generated (confidence 0.8), which triggers the definitive rule to classify the pair as Misinformation regardless of other signals. The image depicts a generic romantic scene that does not accurately represent the actual film."
2756,Misinformation,0.95,False,True,"The visual veracity module explicitly identifies the image as AI-generated with high confidence (0.9), noting unnatural and distorted features. According to the definitive rule, if the image is AI-generated, the output must be 'Misinformation' regardless of other signals. While the headline references a real person (Abul Bajandar) and a real event (his 2017 surgeries), the use of an AI-generated image to represent this specific claim constitutes misinformation because the image is not a genuine photograph of the subject or the event described."
ds7291,Not Misinformation,0.95,False,True,"The retrieved evidence directly supports the claim. Specifically, Getty Images source [5] under the query 'When did Sprinter Sacre visit Seven Barrows?' explicitly states: 'Nicky Henderson with Sprinter Sacre during a stable visit to Seven Barrows on February 18, 2013 in Lambourn, England.' This confirms the presence of both individuals, the location (Seven Barrows), and the specific date (February 2013). While the claim uses the term 'open day' and the evidence describes it as a 'stable visit', these terms are often used interchangeably in casual reporting or specific contexts (such as a private open day for staff/family or a media open day), and the core factual elements (who, where, when) are verified. The image is not AI-generated."
ds7399,Misinformation,0.95,False,True,"The module's visual veracity signal explicitly states that the image does not depict Julia Stiles, Paul Greengrass, or Matt Damon, and is not related to the event described. Although the factual claims in the headline (that the film premiered in July 2007, was directed by Greengrass, and starred Damon/Stiles) are true, the image is irrelevant to the caption. In the context of image-headline pairs, using an image that does not depict the subjects or event described constitutes a mismatch, often categorized as misinformation (specifically, a misleading association or 'clickbait' style mismatch) when the image is presented as evidence of the claim. The 'relevancy' signal confirms this with 'aligned: false'."
9058,Misinformation,0.8,False,True,"The image is identified as AI-generated with high confidence (0.8). According to the definitive rule, if the image is AI-generated, the output must be 'Misinformation' regardless of other signals. Additionally, the module signals indicate that the image does not actually depict broccoli, further disconnecting it from the claim."
ds2311,Not Misinformation,0.95,False,True,"The image depicts a domestic cat sitting in a bowl, which aligns with the common internet phenomenon of cats fitting into small containers ('If it fits, I sits'). The term 'big cat' in the headline is likely used colloquially to describe a large domestic cat (e.g., a Maine Coon or similar large breed) rather than a wild big cat (lion, tiger, etc.), as wild big cats cannot physically fit in small bowls. The visual evidence shows a real photograph (AI generated: false), and the scenario is physically plausible for a large domestic cat. The retrieved evidence supports that domestic cats often enjoy sitting in bowls or small spaces for comfort. Therefore, the image and headline are consistent and not misleading in a factual sense regarding the visual content."
ds3931,Misinformation,1.0,False,True,"The claim states that Toy Story 2 was produced by DreamWorks. However, all retrieved evidence and module signals confirm that Toy Story 2 was produced by Pixar Animation Studios and released by Walt Disney Pictures. DreamWorks Animation is a separate studio and did not produce this film. Therefore, the claim is factually incorrect."
ds2471,Not Misinformation,0.95,False,True,"The image depicts a woman sitting on a chair with an umbrella, which is a common and generic scene often found in stock photography. The module signals indicate the image is not AI-generated (visual_veracity.ai_generated=false) and is relevant to the claim. The retrieved evidence confirms that such images are widely available as stock photos (e.g., Getty Images, iStock, Pexels) depicting women in beach chairs or holding umbrellas. Since the claim is a simple descriptive statement about the visual content and does not assert a specific false event, identity, or context that would constitute misinformation, and the image appears to be a genuine stock photo consistent with the description, it is classified as Not Misinformation."
9577,Not Misinformation,0.95,False,True,"The headline contains a typo ('waiting' instead of 'accident'), but the core claim is factually supported by the retrieved evidence. Evidence [4] and [5] from BBC News explicitly state that Brian and Eileen Maguire, parents of Brian Óg Maguire, described his death as an 'accident waiting to happen' due to inadequate safety measures. The image signals correctly identify the individuals as Brian and Eileen Maguire in the context of their son's death, and the visual veracity check confirms the image is not AI-generated. The other 'Maguire' references (Harry Maguire, Eileen Maguire running a marathon for a different husband) are irrelevant distractors or refer to different people/events."
ds7360,Not Misinformation,0.95,False,True,"The retrieved evidence confirms that Bernie Sanders did speak at George Mason University on October 28, 2015, specifically hosting a town hall meeting with students. Multiple sources (e.g., [1], [2], [4] in the 'When' section) verify the event took place. Furthermore, the evidence indicates that he addressed major issues such as income inequality, universal healthcare, campaign finance reform, and climate change during this event ([1] in 'When' section). The image shows Bernie Sanders speaking, which aligns with the claim. Although the specific photo might not be from that exact moment (as visual veracity only confirms it is a real photo of him speaking), the core factual claim that he appealed to students on big issues at GMU is supported by historical records. The AI generation check is "
ds8806,Misinformation,0.95,False,True,"The image is identified as AI-generated with high confidence (0.9) by the visual veracity module, which notes anatomical impossibilities such as human-like legs on elephants. According to the definitive rule, if an image is AI-generated, it must be classified as Misinformation regardless of other signals. Additionally, the claim that elephants are standing beside each other on a balcony is visually inconsistent with the module's observation that they appear to be on a road or path, and factually unsupported as a common or documented behavior for wild elephants to stand on residential balconies."
ds9145,Misinformation,0.8,False,True,"The visual veracity module explicitly identifies the image as AI-generated with a high confidence of 0.8. The explanation notes that the image displays a highly stylized vase with flowers that appear overly perfect and lack natural imperfections, with inconsistent lighting and shadows. According to the definitive rule, if the image is AI-generated, the output must be 'Misinformation' regardless of other signals. The claim describes a specific real-world scene (a vase with purple irises next to a ceramic pitcher), but the image provided is a synthetic creation, not a photograph of such a scene."
ds137,Not Misinformation,0.85,False,True,"The retrieved evidence confirms that police have arrested suspects in connection with building society raids. Specifically, evidence [2] from Chronicle Live explicitly links arrests in Wallsend to a Nationwide Building Society raid, stating 'Two in court over... Wallsend building society raid'. Additionally, evidence [1] from BBC News details a raid by Michael Wheatley at a Chelsea Building Society branch. The module signals indicate the image shows real police activity (not AI-generated) and is partially aligned with the claim. Since the core factual claim that police arrested suspects in connection with a building society raid is supported by multiple news sources, the content is not misinformation."
ds5761,Misinformation,0.8,False,True,"The image is identified as AI-generated with high confidence (0.8). According to the definitive rule, if the image is AI-generated, the output must be 'Misinformation' regardless of the factual accuracy of the headline text. While the headline correctly identifies the Burj Khalifa as Asia's tallest skyscraper and mentions its luxury features, the use of an AI-generated image to represent the subject constitutes visual misinformation."
ds2309,Not Misinformation,0.95,False,True,"The image depicts a realistic scene of a pizza being enjoyed, and the visual veracity module confirms it is not AI-generated (confidence 0.0 for AI generation). The claim that pizza is enjoyed at a cafe is supported by multiple evidence snippets indicating that many cafes and restaurants serve pizza (e.g., Urth Caffé, Bear Mountain Pizza & Cafe, various London cafes). The image aligns with the claim as it shows a plausible scenario of pizza consumption in a dining setting."
7826,Misinformation,0.95,False,True,"The image depicts a damaged building with flags, which is visually inconsistent with the claim of a woman's house displaying a green flag and towel to celebrate a return from Mecca. The module signals explicitly state that the image does not align with the headline (no woman, no specific flags/towels described). Furthermore, the retrieved evidence contains no information supporting the specific event of a woman returning from Mecca to Novosasitli with such displays; instead, it references unrelated topics like Hajj incidents, general flag meanings, and Ihram towels used during the pilgrimage, not as celebratory home decorations. The claim appears to be a fabricated narrative mismatched with the visual evidence."
ds8646,Misinformation,0.8,False,True,"The visual veracity module explicitly identifies the image as AI-generated with a confidence of 0.8. According to the definitive rule, if the image is AI-generated, the output must be 'Misinformation' regardless of other signals. The image depicts a scene that, while plausible in subject matter (people playing Wii), is artificially created and therefore not a genuine depiction of a real event or person."
ds5661,Misinformation,0.95,False,True,"The image is identified as AI-generated with high confidence (0.8). According to the definitive rule, if the image is AI-generated, the output must be 'Misinformation' regardless of other signals. Additionally, the headline claims dogs can 'speak' three human words, which is scientifically inaccurate; dogs can be trained to associate buttons with words or mimic sounds, but they do not possess the vocal apparatus or cognitive structure to 'speak' human language. The AI-generated nature of the image, featuring nonsensical text and surreal elements, further supports the classification as misinformation."
ds2066,Not Misinformation,0.95,False,True,"The image depicts a giraffe in a zoo exhibit, which is a common and factual scenario. The visual veracity module indicates the image is not AI-generated (confidence 0.0 for AI generation, implying high confidence it is real). The retrieved evidence confirms that giraffes are present in many zoos worldwide (e.g., Como Zoo, Blank Park Zoo, Saint Louis Zoo) and that stock photos of such scenes are widely available. The claim is consistent with reality and the visual evidence."
1750,Misinformation,0.95,False,True,"The claim asserts that Scarlett Johansson is panicking over a poster for a band called 'the Singles'. The retrieved evidence completely contradicts this narrative. Evidence [5] from Parade clarifies that Scarlett Johansson's 'panic' or flustered reaction occurred on her first date with her husband, Colin Jost, when he suggested extending the evening, not in response to a band poster. Furthermore, the search results for 'Singles band gig advertisement' do not link Scarlett Johansson to any such event or poster. The image signals also indicate low relevancy (0.1) and no visual evidence of the described scenario. Therefore, the headline is a fabricated or misinterpreted story unrelated to the actual event (the date with Colin Jost)."
ds5872,Misinformation,0.95,False,True,"The visual veracity module explicitly identifies the image as AI-generated with a high confidence of 0.8, noting nonsensical text and inconsistent lighting. According to the definitive rule, if the image is AI-generated, the output must be 'Misinformation' regardless of other signals. Additionally, the claim references a recent release and audience enthrallment, but evidence shows the last series ended in 2019 and the next special is not scheduled until 2026, making the claim factually inconsistent with current reality as well."
8442,Not Misinformation,0.95,False,True,"The headline describes a specific event: Ben Stokes being dismissed for 47 runs by Peter Siddle during the Ashes series. Retrieved evidence confirms that Ben Stokes was indeed bowled by Peter Siddle for 47 runs during the Fifth Test of the 2013-14 Ashes series (specifically on January 5, 2014, as noted in Evidence [3] and [5]). The module's 'relevancy' signal was low because the image provided was a generic stock photo or a different match context, but the factual claim in the headline is historically accurate. Since the image is not AI-generated and the text describes a real event, the pair is not misinformation, although the image may not be the specific photo of that moment."
ds7662,Misinformation,0.95,False,True,"The image depicts a group of people hiking along a coastal path, which is visually inconsistent with the claim of a 'receding water line' at Lake Hodges. Lake Hodges is an inland reservoir, and the image does not show a lake, dam, or the characteristic exposed shoreline (bathtub ring) associated with receding water levels. The module signals correctly identify the image as irrelevant (relevancy aligned: false). While Lake Hodges has experienced low water levels due to dam safety regulations, the specific image provided does not depict this phenomenon, making the pairing misleading."
ds6690,Misinformation,0.9,False,True,"The visual veracity module explicitly identifies the image as AI-generated with a high confidence of 0.9. The image depicts a fictional character (Spider-Man) in a realistic setting, which is a hallmark of AI generation. According to the definitive rule, if the image is AI-generated, the output must be Misinformation regardless of other signals."
8225,Misinformation,0.95,False,True,"The module signals explicitly state that the image is not aligned with the claim, noting that it 'does not depict Charles Kennedy' and shows a 'different individual'. Although the factual premise (Charles Kennedy had a son named Donald born around 2005) is true, the image is mislabeled/mismatched. In the context of misinformation detection, using an image of a different person to represent a specific historical event involving a different person constitutes misinformation (specifically, a mismatched or deceptive image). The visual veracity signal indicates the image is not AI-generated, but the relevancy signal confirms the subject is wrong. Therefore, the pair is misleading."
ds9362,Not Misinformation,0.85,False,True,"The image is verified as real (not AI-generated) and depicts a surfer on a white surfboard, which aligns with the claim. The module signal notes a partial alignment regarding the shorts, stating they are 'black and red' rather than 'red and black'. In visual descriptions, the order of colors in a compound adjective (e.g., 'red and black' vs 'black and red') typically describes the pattern or combination rather than a strict sequence, and both descriptions refer to the same visual attribute (a surfer wearing shorts with red and black colors). Since the core entities (surfer, white surfboard, red/black shorts) are present and the image is authentic, the minor semantic difference in color ordering does not constitute misinformation."
ds9100,Misinformation,0.8,False,True,"The visual veracity module explicitly identifies the image as AI-generated with a confidence of 0.8. According to the definitive rule, if the image is AI-generated, the output must be 'Misinformation' regardless of other signals. The image depicts a stylized, likely non-existent scene that does not accurately represent a real-world event or object, fitting the definition of misinformation in this context."
2273,Not Misinformation,0.95,False,True,"The image depicts a realistic bathroom scene with a white toilet, consistent with the claim of a 'very simple and modern bathroom'. The visual veracity check confirms the image is not AI-generated (confidence 0.0 for AI generation). The retrieved evidence supports the description: white toilets are identified as the most popular and classic choice (Evidence Q3-1), and modern bathroom trends often include minimalist aesthetics and white fixtures (Evidence Q1-1, Q2-1). The partial alignment noted in the module signals is due to the limited field of view, but there is no evidence contradicting the core claim that the image shows a simple, modern bathroom with a white toilet."
ds7198,Not Misinformation,0.85,False,True,"The image depicts a golfer holding a trophy, which aligns with the claim that Rory McIlroy is celebrating with a trophy. Evidence confirms that Rory McIlroy has won the FedEx Cup and the Tour Championship multiple times (specifically in 2016, 2019, and 2022). While the image alone does not definitively prove the specific identity of the golfer or the exact trophy without metadata, the visual content is consistent with verified events where McIlroy celebrated these victories. The module signals indicate the image is real (not AI-generated) and partially aligned. Given that the event described (McIlroy winning these trophies) is factually true and the image is a plausible representation of such a celebration, it is not classified as misinformation."
ds1099,Not Misinformation,0.85,False,True,"The image depicts rescue workers removing a body, which is consistent with the aftermath of the March 27, 2016, suicide bombing at Gulshan-e-Iqbal Park in Lahore. Evidence confirms that over 70 people were killed and nearly 300 injured in this attack, and extensive rescue and recovery operations were conducted by Pakistani authorities. While the specific visual of 'rescue workers removing a body' is a generic representation of such aftermath scenes (and could potentially be from a different incident like the 2023 bombing or floods, as rescue operations are common), the headline's claim that such an event occurred in the context of the Lahore park bombing is factually grounded. The image serves as a valid illustrative representation of the tragedy described. There is no evidence of AI gener"
540,Misinformation,0.85,False,True,"The claim asserts that Serena Williams questioned a call while advancing to a Saturday final. While evidence confirms she advanced to the U.S. Open final (against Bianca Andreescu) in 2018, there is no evidence in the provided snippets or general knowledge that she questioned a call during that specific match or advancement. In fact, the 2018 U.S. Open final is famous for the controversy involving Naomi Osaka, not Serena questioning a call. Furthermore, Serena's actual final match was in 2022 at the U.S. Open, where she lost in the third round. The image likely depicts a generic moment of frustration or a different incident (such as the 2018 US Open semi-final against Osaka where she was fined for coaching, or the 2009 final against Sharapova), but linking it to 'questioning a call' during"
3405,Misinformation,0.95,False,True,"The visual veracity module indicates that the image is AI-generated with a high confidence of 0.8. According to the definitive rule, if the image is AI-generated, the output must be 'Misinformation' regardless of the factual accuracy of the headline. While the headline claim (that David Lloyd George was voted the second greatest British PM in a specific poll, such as the Wales Online poll mentioned in the evidence) may have some basis in specific surveys, the use of an AI-generated image to illustrate a factual claim constitutes misinformation in this context due to the synthetic nature of the visual evidence."
6581,Misinformation,0.95,False,True,"The visual veracity module explicitly identifies the image as AI-generated with a high confidence of 0.8. The image depicts a cat wearing glasses and a jacket, which is a surreal and anthropomorphic scenario not found in reality. According to the definitive rule, if the image is AI-generated, the output must be Misinformation regardless of other signals. The headline describes a simple, realistic scene ('yellow fluffy cat sitting in a window sill'), which contradicts the fabricated, AI-generated nature of the image content."
4642,Not Misinformation,0.85,False,True,"The headline claims Cindy Crawford discussed her daughter Kaia Gerber's modeling future and her relationship with Kendall Jenner. Evidence confirms that Cindy Crawford has indeed interviewed Kaia Gerber (notably in 2016 for Teen Vogue and in 2023 for PEOPLE) discussing Kaia's confidence, modeling career, and future. While the specific quote about Kaia 'loving' Kendall Jenner is not explicitly found in the top snippets, the general narrative of their close friendship and professional overlap is well-documented (e.g., Grazia Magazine article on their friendship). The module signal stating the image does not depict Cindy or Kaia is likely due to the image being a generic stock photo or a different model, which is a common issue in clickbait headlines where the image is irrelevant. However, th"
ds3953,Misinformation,0.95,False,True,"The visual veracity module explicitly identifies the image as AI-generated with a high confidence of 0.8. The explanation notes nonsensical text and an overly staged composition, which are hallmarks of synthetic media. According to the definitive rule, if an image is determined to be AI-generated, the output must be labeled as Misinformation regardless of other signals. The claim regarding the Ukrainian Soviet Socialist Republic's representation is paired with a fabricated visual, constituting misinformation."
4893,Not Misinformation,0.85,False,True,"The claim that Mark Wahlberg teased Mel Gibson about his weight and offered to become his personal trainer is a reported anecdote from the filming of 'Daddy's Home 2'. While the module signals indicate the image is not aligned with the specific event (it does not depict the actors or the scene), the visual veracity check confirms the image is not AI-generated. The retrieved evidence confirms the existence of this story in tabloid reports and entertainment news (e.g., Gossip Cop, Collider), establishing it as a reported event rather than a fabricated AI-generated narrative. Since the image is real (photorealistic) and the headline refers to a real, reported interaction between the two celebrities, it does not meet the criteria for 'Misinformation' under the definitive rule which prioritizes"
ds8357,Misinformation,0.95,False,True,"The image provided depicts two men near a vending machine, which is completely unrelated to the claim about Christian Grey and Anastasia Steele from the 'Fifty Shades' series. The module signals correctly identify that the image is not aligned with the claim (relevancy: false). While the image itself is not AI-generated, the pairing of an irrelevant, generic stock-style photo with a specific fictional character claim constitutes misinformation (specifically, a mismatched or misleading visual context). The claim discusses specific characters and plot points, but the visual evidence fails to support or relate to the subject matter, rendering the pair misleading."
ds9069,Not Misinformation,0.85,False,True,"The image depicts a box of doughnuts, which is a common way to purchase and transport doughnuts. The headline describes a rack with doughnuts in a glass case. While the image does not show a glass case or a rack (it shows a box), the subject matter (doughnuts) is consistent. The module signals indicate the image is real (not AI-generated) and only partially aligned with the headline's specific setting. Since the image is authentic and depicts the core subject (doughnuts) without deceptive manipulation or false context implying a specific event that didn't happen, it is not considered misinformation. The discrepancy is more about specificity than falsehood."
4230,Not Misinformation,0.85,False,True,"The headline claims Amber Heard is talking for the first time about her marriage to Johnny Depp. While the phrase 'first time' is often used in clickbait to refer to post-trial interviews (as she has spoken about the relationship before, e.g., in 2022), the retrieved evidence confirms that Amber Heard has indeed given interviews discussing her marriage and the trial's impact in 2025 and 2026 (e.g., NBC interview, People articles). The image is identified as a genuine photograph of Amber Heard. The module signals indicate partial alignment, noting the image doesn't explicitly show the interview but features the subject. Given that the core event (Heard discussing her marriage/relationship in recent interviews) is factually supported by the evidence, and the image is authentic, the content i"
ds7600,Not Misinformation,0.75,False,True,"The image is verified as real (not AI-generated) and depicts a generic financial trading floor, which is contextually appropriate for a headline about stock market performance. While the image does not explicitly show the Shanghai Stock Exchange or specific data confirming 'gains' at the exact moment of the claim, it serves as a plausible stock photo for the topic. The retrieved evidence confirms that Shanghai shares have experienced significant increases and upward momentum recently (e.g., post-Sept 2024 rally, WuXi AppTec surge), making the claim factually grounded in recent market trends. The partial alignment of the image is acceptable for illustrative purposes in news contexts where specific real-time data visualization is not present."
6611,Misinformation,0.9,False,True,"The visual veracity module explicitly identifies the image as AI-generated (confidence 0.9), noting surreal elements like shark-like heads which defy normal expectations. According to the definitive rule, if the image is AI-generated, the output must be 'Misinformation' regardless of other signals. The headline describes a realistic scenario ('A couple of people...'), but the image depicts an impossible, AI-created scene, making the pairing misleading."
ds7016,Misinformation,0.95,False,True,"The headline claims Oscar Pistorius is 'awaiting trial' for premeditated murder. However, the retrieved evidence and module signals confirm that the trial concluded in 2014, with an appeal verdict in 2015 convicting him of murder, and he was released on parole in January 2024. The claim that he is currently awaiting trial is factually incorrect as the legal proceedings are long concluded. Although the image is not AI-generated, the textual claim associated with it is false."
ds5610,Misinformation,0.95,False,True,"The image is identified as AI-generated with high confidence (0.8). According to the definitive rule, if the image is AI-generated, the output must be Misinformation regardless of other signals. Additionally, the claim that plants communicate 'telepathically' is scientifically inaccurate; while plants do communicate via chemical and electrical signals (as noted in the evidence), this is not telepathy. The use of an AI-generated image to support a pseudoscientific headline further solidifies the classification as misinformation."
5834,Misinformation,0.95,False,True,"The claim that cats designed the iPhone 4 is factually false; the iPhone 4 was designed by Apple Inc. The provided image is identified as AI-generated (confidence 0.8), depicting a surreal and impossible scenario of a cat with glasses involved in technological creation. According to the definitive rule, if the image is AI-generated, the output must be Misinformation regardless of other signals. The combination of a fabricated claim and an AI-generated visual confirms the misinformation."
8196,Not Misinformation,0.95,False,True,"The claim states that Guy Scott, of Scottish descent, became interim president after the incumbent's death. Retrieved evidence confirms that Guy Scott served as the acting (interim) President of Zambia following the death of incumbent President Michael Sata in October 2014. Multiple sources explicitly state that Guy Scott is of Scottish descent. Although the module signals mention US presidents in the context of 'incumbent death', the specific entity 'Guy Scott' and the context of his interim presidency align perfectly with the Zambian political event described in the claim and supported by the evidence. The image shows a man in a formal setting, which is consistent with a political figure, and is not flagged as AI-generated."
ds9433,Not Misinformation,0.85,False,True,"The image depicts a train, and the module signals indicate it is a genuine photograph (AI-generated=false). While the module's relevancy signal suggests a mismatch (claiming the train is a passenger train rather than one with storage containers), the visual evidence of a train combined with the general truth that trains carry storage containers (intermodal freight) means the headline is not definitively false or misleading in a way that constitutes misinformation. The headline describes a plausible scenario (a train with containers) and the image shows a train. Without specific evidence that this *specific* image is a fake or depicts a scenario that contradicts the headline (e.g., if the headline said 'Passenger Train' and the image showed containers, or vice versa with high confidence), a"
ds6106,Misinformation,0.95,False,True,"The visual veracity module explicitly identifies the image as AI-generated with a high confidence of 0.8. The image depicts a surreal and highly improbable scenario of a child holding a live grenade, which aligns with the module's explanation that such a context is inappropriate and unlikely in reality. According to the definitive rule, if the image is AI-generated, the output must be Misinformation regardless of other signals."
1901,Not Misinformation,0.85,False,True,"The claim states that Venice's San Michele island cemetery will gain a pontoon for scattering ashes. Evidence confirms that Venice revived a tradition in 2025 of constructing a temporary floating bridge (pontoon) to the island for All Souls' Day to facilitate access for mourners. While the primary purpose of the pontoon is access rather than specifically for scattering ashes (which is regulated in designated 'Gardens of Remembrance' on land), the image of a pontoon at the cemetery is factually grounded in recent events. The headline's phrasing 'gain a pontoon from which relatives may scatter ashes' is a slight conflation of the bridge's existence and the cemetery's ash scattering regulations, but it is not a fabrication or AI-generated misinformation. The image is verified as real. Therefo"
ds1009,Not Misinformation,0.95,False,True,"The image depicts Capt Yevgeny Yerofeyev and Sgt Alexander Alexandrov in a Ukrainian court, which aligns with historical records. Evidence confirms that these two Russian soldiers appeared in court in Kyiv (specifically the Holosiivskyi District Court) starting in September 2015. While the claim specifies 'January', the trial proceedings and appearances spanned from late 2015 into 2016, making a January appearance (likely January 2016) factually consistent with the timeline of their detention and trial. The visual elements (cage, court setting) match news reports from that period. The module's visual veracity check indicates the image is not AI-generated."
978,Not Misinformation,0.85,False,True,"The image shows chairs that visually match the description of Frank Gehry's 'Power Play' chairs (curved, ribbon-like bentwood design). The retrieved evidence confirms that Frank Gehry designed the Power Play chairs for Knoll in 1990. While the specific location 'Winter Garden' in the claim is ambiguous (could refer to the city in Florida or the Winter Garden in Sheffield, UK), the core assertion that these specific chairs are among the stylish touches in a place called 'Winter Garden' is plausible and not demonstrably false based on the visual evidence. The chairs are real, designed by Gehry, and the image appears authentic (not AI-generated). There is no evidence to suggest the chairs are fake or the design is misattributed."
9323,Not Misinformation,0.85,False,True,"The image is verified as a genuine photograph (AI-generated: false). While the module signals indicate a low alignment (false) because the image shows a toilet and storage unit rather than a sink with a cabinet on legs, this discrepancy constitutes a mismatch between the image and the specific claim, rather than misinformation in the context of AI-generated fake news. The claim describes a real object ('bathroom cabinet on legs') which exists in reality (supported by evidence regarding legged vanities and cabinets). Since the image is real and depicts a plausible bathroom scene, it does not meet the criteria for 'Misinformation' under the definitive rule requiring AI generation. The low relevancy suggests the image is merely illustrative or poorly matched, but not deceptive in the sense of"
4284,Not Misinformation,0.85,False,True,"The claim consists of several specific details: Caitlyn Jenner (age 68 at the time of the likely report, born 1949), escorting Sophia Hutchins (age 21-23 at the time, born 1996) to Nobu Malibu, and driving a $200K purple Porsche. Evidence confirms that Caitlyn Jenner and Sophia Hutchins were frequently seen together at Nobu Malibu (Sources 1, 2, 5). Evidence confirms Jenner drives a Porsche following her 2015 crash (Source 4). While the specific color and price of the car are not explicitly verified in the snippets, the core narrative of the two individuals dining together at the specified location is supported by multiple sources. The relationship is described as close friends/business partners, which aligns with the term 'gal pal'. The image is verified as not AI-generated. Therefore, th"
1972,Not Misinformation,0.85,False,True,"The claim states that the 'new' Chrysler 300C is 'softer looking' than the outgoing model. Evidence indicates that the 2023 Chrysler 300C was a limited 'farewell' edition (sold out in 12 hours) and that subsequent models (2025/2026) are being marketed as a 'comeback' with 'bold styling' and 'American muscle' aesthetics. The image provided is identified as a genuine photograph of a Chrysler 300C (likely an older model given the module's relevancy note, but visually consistent with the brand's design language). The claim of the new model being 'softer looking' is a subjective design assessment. While some evidence describes the new models as having 'bold styling,' the term 'softer' can refer to a reduction in aggressive, sharp lines compared to the previous generation's 'muscular' or 'intimi"
ds3859,Misinformation,0.95,False,True,"The claim states that Korn released the album 'See You on the Other Side' in 2002. However, multiple reliable sources (Wikipedia, Genius, The Rock Revival, Korn Wiki) confirm that the album was released on December 6, 2005. The date 2002 is factually incorrect. Although the image is not AI-generated, the textual claim regarding the release year is false, constituting misinformation."
8063,Misinformation,0.85,False,True,"The claim asserts that the image shows Taiko drummers at the Deep River festival in Ontario, Canada. Evidence indicates that while there is a town named Deep River in Ontario (and a Deep River in Connecticut), there is no evidence linking Taiko drumming performances to a 'Deep River festival' in Ontario. The Deep River Ancient Muster in Ontario features fifers and drummers (Western military style), not Japanese Taiko. Furthermore, the provided evidence for Taiko drummers in Canada points to events in British Columbia (e.g., Victoria), not Ontario. The image likely depicts a generic or misattributed stock photo of Taiko drummers (possibly from Japan or another location) falsely captioned as being at an Ontario festival. The lack of any credible source linking Taiko drummers to a Deep River "
9677,Misinformation,0.95,False,True,"The headline claims that Tillakaratne Dilshan and Kumar Sangakkara celebrated after making 'England famous in the field'. This phrasing is factually incorrect and nonsensical in a cricket context; players do not 'make the opposing team famous in the field' through their own celebration. Furthermore, the retrieved evidence indicates that the specific match featuring a major celebration by Dilshan and Sangakkara (scoring centuries) was against Bangladesh in the 2015 World Cup, not England. While Sri Lanka has defeated England in various matches, the specific narrative of 'making England famous' is a distortion or hallucination. The headline likely attempts to describe a victory over England but uses incoherent or misleading language ('famous in the field' instead of 'bowled out' or 'defeated"
7259,Not Misinformation,0.9,False,True,"The claim states that Bernie Sanders speaks in Des Moines, Iowa on Thursday. The retrieved evidence confirms that Bernie Sanders has spoken in Des Moines on multiple occasions, including a rally and live coverage during the Iowa Caucus (Feb 4, 2020) and an end-of-year news conference. While the specific day of the week ('Thursday') cannot be verified without a specific date in the prompt, the core assertion that he speaks in Des Moines is factually supported by multiple sources. The image is identified as a genuine photograph (not AI-generated) depicting Sanders speaking, which aligns with the claim. There is no evidence to suggest the image is fake or the event is fabricated."
ds100,Not Misinformation,0.85,False,True,"The image depicts individuals in ice baths, which is a common recovery method for athletes after intense physical challenges. The claim references a 'Wembley challenge,' which aligns with the 'Sidemen Wembley Challenge' (a popular crossbar challenge at Wembley Stadium) or the Rugby League Challenge Cup finals held at Wembley. While the image itself does not explicitly identify the specific individuals or the exact event, the scenario is plausible and consistent with known events where athletes or influencers participate in challenges at Wembley and use ice baths for recovery. The visual veracity check indicates the image is not AI-generated. The partial alignment in the module signals correctly identifies that while the specific event isn't visually confirmed, the general context (ice bath"
ds3706,,,False,False,PARSE_FAILURE
1782,Misinformation,0.9,False,True,"The headline claims that North Korean workers are currently at the Shinwon clothes company in the Kaesong industrial park. However, multiple pieces of evidence confirm that the Kaesong Industrial Complex (KIC) has been closed since February 2016 due to deteriorating inter-Korean relations, and North Korean workers were expelled/recalled at that time. While Shinwon was indeed a South-owned company operating in Kaesong in the past (e.g., 2005-2013), there are no active operations or workers there currently. The image likely depicts archival footage or a different location, but the claim of current employment in this specific closed facility is factually false."
4300,Not Misinformation,0.9,False,True,"The headline poses a subjective question ('Will... Ever Be Taken Seriously?') rather than stating a false fact. The image is a genuine photograph of Robert Pattinson and Kristen Stewart, confirmed by the visual veracity module (ai_generated=false). The retrieved evidence supports the premise that both actors are taken seriously in the industry, with Pattinson known for diverse roles in major and independent films and Stewart having evolved her career post-Twilight. The headline reflects a common public discourse or curiosity about their careers rather than spreading disinformation. Therefore, it is not misinformation."
ds9598,Misinformation,0.85,False,True,"The image depicts a performance with individuals in red coats, which is visually inconsistent with the U.S. Congress (a legislative body composed of politicians in suits, typically in a chamber setting). The headline claims 'Critics say the annual Congress is a blessing,' but the retrieved evidence indicates that critics generally view the U.S. Congress negatively (e.g., 'chaotic,' 'dismal,' 'unproductive,' 'exhausting'). There is no evidence supporting the claim that critics view it as a 'blessing.' Furthermore, the image appears to be a stock photo or unrelated event (possibly a cultural performance or choir) rather than a depiction of the U.S. Congress, making the pairing misleading. While the visual veracity signal was low confidence for AI, the semantic mismatch and factual inaccuracy"
2237,Not Misinformation,0.95,False,True,"The image depicts a large bird flying over a forested area, which is a common and realistic natural scene. The visual veracity module indicates the image is not AI-generated (confidence 0.0 for AI generation, implying high confidence it is real). The retrieved evidence supports the existence of large birds (such as Harpy eagles) in heavily forested areas and confirms that aerial photography of birds in forests is a standard practice. There is no evidence suggesting the image is fabricated or misleading; it aligns with general biological facts and photographic norms."
8411,Not Misinformation,0.85,False,True,"The claim states that Mats Zuccarello scored for the New York Rangers, which is factually true based on the evidence. Zuccarello played for the Rangers from 2010 to 2015 and scored multiple goals for them, including his first NHL goal in 2011 and key goals in the 2014 playoffs. While the specific detail 'make it 20' is ambiguous (likely a typo for a score like 2-0 or 3-0, or referring to a cumulative stat not visible in the image), the core assertion that he scored for the Rangers is supported by the retrieved evidence. The image is verified as real (not AI-generated) and depicts a hockey game consistent with the context. The partial alignment in the module signals is due to the inability to verify the specific game/score from the image alone, but the factual basis of the claim is correct."
ds9228,Not Misinformation,0.85,False,True,"The image depicts a boat on a canal, which aligns with the claim. The visual veracity module indicates the image is not AI-generated (ai_generated=false). While the module's confidence in the 'not AI' verdict is low (0.0), the explanation states there are no apparent artifacts, and the retrieved evidence confirms that large passenger boats (such as packet boats, charter boats, and river tour boats) do operate on canals (e.g., in the UK, Bangkok, and historically on the Erie Canal). The claim is plausible and consistent with real-world scenarios described in the evidence. There is no definitive proof of AI generation or factual impossibility."
ds461,Not Misinformation,0.9,False,True,"The headline states that Bill Cosby's lawyers are attempting to get the case thrown out. The retrieved evidence confirms that this is a factual description of legal proceedings. Specifically, evidence [3] from Fox LA explicitly states, 'Bill Cosby's lawyers push to get sexual assault case thrown out,' citing their argument regarding a previous district attorney's commitment. Other evidence snippets confirm that his lawyers have filed motions to dismiss or have had such motions denied (e.g., Sky News, CBS News). While the ultimate outcome of these specific motions varied (some denied, one conviction overturned on different grounds), the claim that his lawyers were *attempting* to get the case thrown out is supported by multiple news reports as an active legal strategy."
4368,Not Misinformation,0.85,False,True,"The headline claims that Jennifer Garner and Josh Duhamel are dating and that Ben Affleck feels threatened by these rumors. The retrieved evidence confirms that in early 2018, there were widespread media reports and rumors that Jennifer Garner and Josh Duhamel were dating after working together on 'Love, Simon'. Specifically, source [2] from HollywoodLife states, 'It looks like we aren’t the only ones feeling some type of way about that Jennifer Garner and Josh Duhamel dating rumor!' and discusses Ben Affleck's potential jealousy. While the image shows Ben Affleck and Jennifer Garner (not Josh Duhamel), the module correctly identifies this as a relevancy mismatch but not a visual veracity issue (it's a real photo). The core claim of the headline (the existence of the rumor and the reported"
6660,Misinformation,0.95,False,True,"The visual veracity module explicitly identifies the image as AI-generated with high confidence (0.8), depicting a physically impossible scenario (skateboarding on a wall). According to the definitive rule, if the image is AI-generated, the output must be 'Misinformation' regardless of other signals. The claim describes a specific action (holding a paddle under a shelf) that does not match the AI-generated content (skateboarding on a wall), further confirming the mismatch and the synthetic nature of the image."
ds831,Not Misinformation,0.95,False,True,"The claim states that actor Scott Baio spoke at the Monday evening session of the Republican National Convention. Evidence confirms that Scott Baio was indeed a speaker at the 2016 Republican National Convention in Cleveland. Specifically, UPI reports (Source 4) state he spoke on 'Monday night' (July 18, 2016, was the Monday of the convention). Other sources (Sources 2, 3, 5) corroborate his presence and speech at the 2016 RNC. The image shows a man speaking at a podium, which aligns with the visual of Baio at the event. Although the claim does not specify the year, the event described (Baio speaking at the RNC Monday session) is factually true for the 2016 convention. There is no evidence suggesting the image is AI-generated or that the event never happened. Therefore, the claim is suppor"
723,Misinformation,0.95,False,True,"The claim is factually impossible due to a timeline error. Reggie Bush retired from the NFL in 2017. The image is associated with a Dolphins vs. Bills game in October 2023 (as indicated by the module signals and evidence), a game in which Reggie Bush did not play. Furthermore, the evidence confirms that Reggie Bush's notable touchdown against the Bills occurred during his tenure with the Buffalo Bills (specifically in the 2013 playoffs against the Jaguars, or potentially other games while on the Bills), not while playing for the Dolphins. The image likely depicts a different player or an older event mislabeled with a current date and team context. Since the event described (Reggie Bush playing for the Dolphins against the Bills in 2023) never happened, the headline is misinformation."
ds4173,Misinformation,0.95,False,True,"The headline 'Federal Judge Grants Permission To Subpoena Trump' is factually incorrect and misleading. Evidence from PolitiFact [1] explicitly rates this specific headline as 'False', clarifying that while judges have ruled on subpoenas related to Trump's associates, banks, or third parties (such as the Federal Reserve or his accounting firm), no federal judge has granted permission to subpoena Donald Trump himself in the manner implied. The retrieved evidence shows that subpoenas involving Trump have typically been issued by Congress (e.g., the Jan 6 Committee) or state prosecutors (e.g., Manhattan DA), not granted by a federal judge as a primary action against him. The image provided is a generic photo of Trump and does not depict the specific legal event described, further contributing"
ds9215,Misinformation,0.8,False,True,"The visual veracity module explicitly identifies the image as AI-generated with a confidence of 0.8. According to the definitive rule, if the image is AI-generated, the output must be Misinformation regardless of other signals. The image depicts a scene (a black and white cow with horns in front of a woodpile) that is likely fabricated by AI, rather than being a photograph of a real event or subject, thus constituting misinformation in the context of presenting it as factual imagery."
ds6725,Misinformation,0.8,False,True,"The visual veracity signal indicates that the image is AI-generated with a confidence of 0.8. The image depicts a surreal and physically impossible scenario where a coffee cup is levitating and interacting with water from a fire hydrant in a way that defies gravity. According to the definitive rule, if the image is AI-generated, the output must be labeled as Misinformation regardless of other signals."
1792,Not Misinformation,0.95,False,True,"The claim states that Ricky Muir, representing the Australian Motoring Enthusiast Party, was elected as a senator despite receiving a tiny number of first preference votes. Historical records confirm that Ricky Muir was indeed elected to the Australian Senate for Victoria in the 2013 federal election. He received only 0.51% of the primary (first preference) votes but secured the seat through preference flows from other micro-parties. The image shows a man identified in the context as Ricky Muir, and the visual veracity check indicates it is not AI-generated. Therefore, the headline accurately reflects historical facts."
2826,Not Misinformation,0.95,False,True,"The claim states that the mug changes color depending on how much coffee is in it. While the phrasing 'how much' might imply a volume-based mechanism, in the context of consumer products, this is commonly understood to refer to the temperature change caused by filling the mug with hot coffee (thermochromic effect). The retrieved evidence confirms that color-changing mugs exist and function by revealing designs when hot liquid is poured in. The image shows a person holding a mug with coffee, which is consistent with the product described. The visual veracity signals indicate the image is not AI-generated. Therefore, the image and headline are aligned with reality."
ds709,Not Misinformation,0.85,False,True,"The image depicts a Bombardier CRJ700, which aligns with the aircraft type mentioned in the claim. Evidence confirms that Delta Connection (operated by SkyWest) began daily service to Seattle-Tacoma International Airport (SEA) in December 2015 using CRJ-700 aircraft. While the claim specifies 'September 2015', this is likely a minor temporal discrepancy or refers to the period leading up to the service launch (announcements and preparations occurred in early 2015). The visual evidence shows a realistic, non-AI-generated image of a CRJ700 landing. Given that the aircraft type, airline brand (Delta Connection), and airport (SEA) are factually consistent with operations around that time, and there is no evidence of AI generation or malicious intent, the claim is considered plausible and not m"
ds3448,Misinformation,0.8,False,True,"The visual veracity module explicitly identifies the image as AI-generated with a confidence of 0.8. According to the definitive rule, if the image is AI-generated, the output must be 'Misinformation' regardless of other signals. The image depicts a generic, idealized town scene that does not specifically identify 'Younger' (or 'Young') and is synthetically created, making it misleading as a factual representation of a specific location."
ds2474,Not Misinformation,0.95,False,True,"The image depicts a realistic scene of boats docked at a pier, which aligns perfectly with the claim 'some boats that are by a dock in some water'. The visual veracity module confirms the image is not AI-generated (ai_generated=false). The retrieved evidence supports the existence of such scenes in reality (e.g., stock photos of boats at docks in various locations). There is no evidence of manipulation or AI generation that would constitute misinformation."
ds2010,Not Misinformation,0.95,False,True,"The image depicts a tennis player serving, which aligns with the claim. The visual veracity module indicates the image is not AI-generated (ai_generated=false). The retrieved evidence confirms that serving is a standard action in tennis where a player hits the ball to start a point, often directed towards an opponent's side of the court. There is no evidence suggesting the image is fake or the claim is false."
ds1564,Misinformation,0.95,False,True,"The claim states that Woody Allen received the Cecil B. DeMille Lifetime Achievement Award 'this year'. Based on the retrieved evidence, the 2023 Golden Globes (held in January 2023) awarded the Cecil B. DeMille Award to Eddie Murphy, not Woody Allen. While Woody Allen did receive the award in 2018, the module signals and evidence confirm that for the 2023 timeframe implied by 'this year' in the context of recent news, the recipient was Eddie Murphy. Therefore, the claim is factually incorrect regarding the specific year associated with the recent award cycle."
ds2594,Misinformation,0.95,False,True,"The image is identified as AI-generated with high confidence (0.8) due to unnatural finger warping and inconsistent nail textures. According to the definitive rule, if the image is AI-generated, the output must be 'Misinformation' regardless of other signals. The headline claims a specific visual phenomenon ('nail polish matches a different part of the table depending on how the light hits') which is presented as factual context for the image. Since the image itself is synthetic and not a real photograph of a real event or object, the claim is misleading as it implies a real-world visual evidence that does not exist."
2501,Not Misinformation,0.95,False,True,"The image is verified as a genuine photograph (AI-generated=false) and visually aligns with the claim of a girl holding a bullfrog. The retrieved evidence confirms that bullfrogs are real animals that can be caught by humans, including in urban environments, and that such activities (frogging) are common. There is no evidence suggesting the image is fabricated or the claim is false; it depicts a plausible real-world scenario."
7697,Not Misinformation,0.85,False,True,"The claim states that a draft proposal suggests two garden cities at Yalding in Kent and Gerrards Cross in Buckinghamshire. Evidence [2] from a 2014 news report explicitly confirms that sources outside the Deputy Prime Minister's office indicated a draft proposal for building new settlements in Yalding, Kent, and Gerrards Cross, Buckinghamshire. While the image provided is a generic landscape and does not specifically depict these locations (as noted in the module signals), the textual claim regarding the existence of such a draft proposal is factually supported by historical records. The image serves as a thematic illustration rather than a specific depiction, and there is no evidence that the image is AI-generated or that the claim is false. Therefore, the pair is not misinformation."
ds2926,Misinformation,0.95,False,True,"The claim that the debugging tool icon on the Touch Bar is a can of bug spray is factually incorrect. In software development, 'debugging' refers to the process of finding and resolving defects (bugs) in code, not eliminating insects. Consequently, the icons associated with debugging tools in environments like Xcode, WebStorm, or Android Studio represent concepts like play/pause, step-over, breakpoints, or lightning bolts (as noted in the module signals and evidence). There is no standard or functional icon for debugging that depicts a can of bug spray. The claim relies on a literal pun on the word 'bug' which does not reflect the actual UI design of software development tools."
ds1829,Not Misinformation,0.9,False,True,"The image depicts an MRAP vehicle, and the claim that US school districts (specifically through campus police departments) acquired such vehicles via Pentagon giveaway programs is factually supported by evidence. Multiple sources confirm that institutions like Saddleback College acquired MRAPs through the DoD Excess Property Program (1033), which allows law enforcement agencies to obtain military equipment at low cost. The visual content aligns with the headline's subject matter, and the core assertion of the claim is verified by news reports and official program descriptions."
ds4158,Misinformation,0.95,False,True,"The claim that Hillary Clinton filed for divorce in New York courts is false. Multiple credible sources, including HuffPost and All About Lawyer, explicitly debunk this rumor, stating there are zero legal filings for divorce in any jurisdiction, including New York. The specific headline text cited in the claim ('BREAKING: Hillary Clinton files for divorce in New York courts') has been identified as a fake story originally published by the Christian Times Newspaper in 2016. While there are rumors and tabloid stories (e.g., from Weekly World News or Radar Online) discussing marital issues or hypothetical settlements, no actual divorce filing exists. The image provided is a generic photo of Hillary Clinton and does not support the specific legal action claimed."
ds9891,Not Misinformation,0.85,False,True,"The image is verified as not AI-generated (visual_veracity.ai_generated=false). The headline 'The BBC s And Prejudice Having A good time' appears to be a garbled or typo-ridden reference to the BBC's 1995 adaptation of 'Pride and Prejudice'. The retrieved evidence confirms that the BBC produced a famous 1995 adaptation starring Colin Firth and Jennifer Ehle, which features social gatherings and balls (consistent with the image description of a historical gathering). While the headline is grammatically poor and lacks specific identification of the image as a still from that series, there is no evidence of malicious intent or AI fabrication. The image depicts a plausible scene from the era and subject matter. Given the partial alignment and lack of definitive proof that the image is unrelate"
3477,Misinformation,0.95,False,True,"The image is identified as AI-generated (confidence 0.9) and depicts a surreal scene of an octopus in a baseball setting. The claim states that the movie 'Trouble with the Curve' stars a squid. Evidence confirms that 'Trouble with the Curve' is a 2012 sports drama starring human actors (Clint Eastwood, Amy Adams, etc.) and contains no cephalopods. The image is clearly fabricated and does not represent reality or the film's content. According to the definitive rule, if the image is AI-generated, the output must be Misinformation."
3415,Misinformation,0.95,False,True,"The claim states that Hezbollah received zero support from Iran. However, extensive evidence from multiple reputable sources (US State Department, Wikipedia, Britannica, CFR, etc.) confirms that Iran is a key patron of Hezbollah, providing significant funding, military training, weapons, and political/organizational aid since the group's inception in 1982. The claim is factually incorrect."
ds4821,Not Misinformation,0.85,False,True,"The claim that Meghan Markle kept her romance with Prince Harry secret from her Suits cast mates is consistent with available evidence. While the cast publicly supported her engagement, multiple reports and timelines indicate that the relationship was kept private during the filming of Season 6. Cast members like Sarah Rafferty have discussed the romance in retrospect, implying it was not openly discussed on set at the time. The image is a genuine photograph of Meghan Markle, and the headline accurately reflects the narrative that her relationship was a secret during her time on the show, rather than a fabricated event. The 'partial' relevancy of the image is acceptable as it identifies the subject, and the core claim is supported by the context of her private dating timeline overlapping w"
ds471,Not Misinformation,0.95,False,True,"The claim accurately describes the RoboRoach product developed by Backyard Brains. Evidence confirms that RoboRoach is a real educational kit that uses a small electronic backpack with electrodes to stimulate the nerves in a cockroach's antennae, allowing users to control its movement via a smartphone app connected via Bluetooth. The image signals correctly identify the product as real and the technology as described. Although one snippet notes app store issues, the core technology and product existence are verified."
ds4939,Misinformation,0.85,False,True,"The headline claims a specific individual named 'Cait' is facing knee surgery due to refusing to wear stilettos. The retrieved evidence shows no news reports linking a person named 'Cait' to knee surgery caused by high heels. While there are mentions of 'Cait McMahan' having knee surgery in 2006 (unrelated to heels) and 'Cait Keen' having major surgery for a fibroid (unrelated to knees or heels), there is no evidence supporting the specific claim in the headline. The image is a generic stock photo of a woman in heels, not a specific news photo of 'Cait'. The claim appears to be a fabricated or sensationalized story using a generic image and a common name, lacking factual basis in the provided evidence."
1818,Not Misinformation,0.85,False,True,"The claim states that the 'Opinion Debate' section moves to the 'Viewspaper' and that there is more room for readers' letters. The retrieved evidence confirms that 'Viewspaper' is a recognized format or supplement used by newspapers (e.g., The Independent in 2010, and a rebranded UK publication) specifically designed to host opinion pieces, views, and discussion. While the specific recent overhaul of the Washington Post by Jeff Bezos (mentioned in evidence) did not use the term 'Viewspaper' for the main section, the claim does not specify the Washington Post. It describes a general editorial change that is factually plausible and consistent with the definition of a 'Viewspaper' as a venue for opinions and reader engagement. The image shows a generic 'Opinion & Debate' section, which aligns"
ds4587,Misinformation,0.85,False,True,"The headline claims Jennifer Aniston spent $100K on a 'makeover' following her split from Justin Theroux. The retrieved evidence indicates that the $100,000 figure refers to the cost of a three-month hotel stay (including room service and tips), not a cosmetic makeover. While Aniston has recently updated her look (haircut, reducing fillers), there is no credible evidence linking a $100K expenditure to a makeover procedure. The claim conflates two separate financial details (hotel costs vs. beauty updates) to create a false narrative. Therefore, the headline is misleading and constitutes misinformation."
ds9253,Not Misinformation,0.95,False,True,"The image displays a realistic scene (AI-generated=false) containing a coffee beverage, a slice of cake (consistent with coffee cake), and a banana. The headline claims the display includes 'coffee cake, a pastry and a beverage'. While the headline does not explicitly mention the banana, it does not exclude it, and the primary items (coffee cake, pastry, beverage) are present and accurately described. The visual evidence supports the core claim without contradiction or deception. The presence of an unmentioned item (banana) does not constitute misinformation in this context, as the headline is not an exhaustive inventory but a description of key elements."
ds8003,Misinformation,0.9,False,True,"The claim that a fireworks display in Weymouth marked the opening of the London 2012 Olympics is factually incorrect. The London 2012 Opening Ceremony took place at the Olympic Stadium in London on July 27, 2012, and was not held in Weymouth. While Weymouth did host sailing events for the 2012 Olympics (specifically the 'Sail for Gold' event in July 2012), there is no evidence linking a fireworks display there to the opening ceremony. The retrieved evidence confirms that Weymouth's fireworks are typically associated with Guy Fawkes Night (November 5th) or summer holidays, not the Olympic opening. The image shows a generic fireworks display, but the specific contextual claim in the headline is false."
4557,Not Misinformation,0.85,False,True,"The headline claims that Irish actress Ruth Negga's Hollywood star status is 'SOAR'ing. Evidence confirms that Ruth Negga is indeed a rising star in Hollywood, having received an Academy Award nomination for her role in 'Loving' (2016), starring in the acclaimed film 'Passing' (2021), and securing high-profile roles in Netflix's 'Good Grief' (2023) and the upcoming series 'Presumed Innocent' (2024). She has also been featured on the cover of Vogue and is frequently discussed in awards season conversations. While the image provided is not clearly identifiable as Ruth Negga (module signal notes weak alignment), the core claim regarding her rising status is factually supported by multiple credible sources. The image is not AI-generated. Therefore, the text claim is not misinformation."
ds8684,Misinformation,0.95,False,True,"The visual veracity module explicitly identifies the image as AI-generated with a high confidence of 0.8. The explanation notes unusual fur patterns and surreal color blending that are not natural. According to the definitive rule, if an image is AI-generated, it must be classified as Misinformation regardless of other signals. The headline describes a specific real-world scene ('wooden benches next to a stairwell'), but the image is a synthetic creation, making the claim misleading or false in the context of presenting it as a real photograph."
