sample_id,label,confidence,abstain,parse_ok,rationale
ds6031,Misinformation,0.95,False,True,"The image is identified as AI-generated (confidence 0.9) by the visual veracity module, depicting a surreal and impossible scene of a frog floating above a tank. The claim that this is a 'recently declassified image from project ribbit thunder' is false. Evidence indicates that 'Ribbit' is a character from the animated series 'The Amazing Digital Circus' and 'Project Rabbit' is a video game, with no connection to military declassification or a 'Project Ribbit Thunder'. Furthermore, recent declassified military images typically involve satellite imagery (e.g., KH-7/KH-9) or specific historical missions (e.g., SAS), none of which match the AI-generated content. The combination of an AI-generated image with a fabricated context constitutes misinformation."
3397,Misinformation,0.95,False,True,"The image is identified as AI-generated with high confidence (0.8). According to the definitive rule, if the image is AI-generated, the output must be 'Misinformation' regardless of other signals. Additionally, the claim that Planet Hollywood Las Vegas is owned by a corporation based in Paris, Texas is factually incorrect; evidence confirms it is owned and operated by Caesars Entertainment, which is based in Nevada, not a Texas corporation."
ds2700,Not Misinformation,0.85,False,True,"The image depicts a scaled quail, a species native to the Southwestern US and Mexico, which aligns with the subject of the claim. The bird is shown standing on one leg, a behavior confirmed by field reports (Evidence [3] from Utah County Birders Newsletter) and general avian biology. While the specific presence of a raisin and a peanut is not explicitly detailed in the text evidence, scaled quails are omnivorous foragers that eat seeds, grains, and berries (Evidence [1] from Bartleby and A-Z Animals). Peanuts are seeds and raisins are dried fruit, both of which fall within the dietary scope of these birds. The image is verified as not AI-generated (confidence 0.0 for AI generation). The claim describes a plausible scenario involving a real animal and its natural or supplemental diet, witho"
ds4880,Not Misinformation,0.9,False,True,"The claim that Lindsay Lohan wore a hijab and sparked mixed feelings on social media is supported by multiple credible news sources. Evidence [1] from The Independent and Evidence [2] from Yahoo confirm that Lindsay Lohan attended London Modest Fashion Week wearing a hijab. Furthermore, Evidence [3] from Rediff.com and Evidence [1] from AOL explicitly mention the 'mixed feelings' or confusion on the internet/social media regarding this appearance. The image signals indicate the photo is not AI-generated and aligns with the event described. Therefore, the headline accurately reflects reported events."
ds8852,Not Misinformation,0.65,False,True,"The image shows three teddy bears, which aligns with the claim's mention of 'Three teddy bears'. However, the claim also specifies 'a stuffed cat' and a 'bedroom wall'. The visual evidence and module signals indicate the setting is a stone wall in a natural environment, not a bedroom wall, and there is no visible stuffed cat. While the claim contains factual inaccuracies regarding the specific count of animals (missing the cat) and the location (bedroom vs. outdoors), the primary subject (teddy bears) is present. The image is verified as real (not AI-generated). The discrepancy is likely due to a mismatched caption or a partial description rather than malicious misinformation, as the core object (teddy bears) is correctly identified. The confidence is moderate (0.65) because while the loca"
7551,Not Misinformation,0.85,False,True,"The claim states that snow has fallen across parts of the UK, specifically mentioning Kielder Water in Northumberland, and that more is predicted. Evidence [3] from BBC News confirms that 'Snow has fallen across parts of northern England and southern Scotland, with more forecast over the weekend.' Evidence [1] from AOL confirms that Kielder Water in Northumberland has experienced significant snow events (e.g., 'Beast from the East'). While the specific date of the image is not provided, the claim describes a general weather event (snow in the UK/Northumberland) which is factually supported by the evidence. The image shows a snowy landscape consistent with the claim. The module signals indicate the image is not AI-generated. Therefore, the headline is supported by evidence."
365,Misinformation,0.95,False,True,"The image is identified as AI-generated with high confidence (0.8). The visual evidence shows gorillas with unnatural, exaggerated features and expressions that do not correspond to real footage of the Kwita Izina ceremony. While the event (Kwita Izina) and the general concept of entertainment at such events are real, the specific image provided is synthetic and does not depict the actual event described in the headline. According to the definitive rule, if the image is AI-generated, the output must be Misinformation."
ds4717,Not Misinformation,0.85,False,True,"The headline claims that Khloe Kardashian was forced by Tristan Thompson to follow a strict pregnancy diet after a binge. Retrieved evidence from Inquisitr and OK Magazine confirms that reports existed stating Tristan Thompson put Khloe on a pregnancy diet and that she had been eating junk food (including cookies and ice cream) after her weight loss. While the word 'forced' is strong, the core narrative of Tristan influencing or controlling her diet due to her cravings is supported by multiple sources. The image relevance signal was low, but the textual claim is grounded in reported celebrity news from the time of her pregnancy."
4718,Not Misinformation,0.85,False,True,"The headline claims Jennifer Lopez might take a break from Alex Rodriguez. Evidence confirms that J.Lo and A.Rod did take a break and subsequently broke up in March 2021 (Evidence [2], [3] from retrieved set). Furthermore, recent reports indicate that A.Rod reached out to J.Lo after his own recent breakup, suggesting ongoing interaction or potential reconciliation discussions (Evidence [3] from latest news). The image is a genuine photograph of J.Lo (visual_veracity ai_generated=false). The headline uses speculative language ('Might Take A BREAK') which aligns with the recent news of their reconnection and the historical context of their relationship dynamics. It is not a definitive false claim of a current event but rather a headline reflecting recent rumors/news about their relationship "
ds4306,Not Misinformation,0.95,False,True,"The headline accurately reflects statements made by Eric Trump in August 2016. Multiple credible news sources (HuffPost, Politico, The Hill, WSJ) confirm that Eric Trump stated it would be 'foolish' for his father, Donald Trump, to release his tax returns while under audit, arguing that the public might make uninformed assumptions. The image depicts Eric Trump, and the module signals correctly identify the visual and textual alignment. The claim is historically accurate."
ds1370,Not Misinformation,0.95,False,True,"The retrieved evidence confirms that Kris Jenner and Bruce Jenner attended the 44th Annual Academy of Country Music Awards, which were held at the MGM Grand in Las Vegas on April 5, 2009. Specifically, evidence item [3] from Mirror Online and evidence item [3] from USA TODAY explicitly state this fact and provide photo captions verifying their presence at the event. The module signals correctly identified the alignment between the image and the claim, and the visual veracity check indicated the image was not AI-generated. Therefore, the claim is supported by factual evidence."
ds2101,Not Misinformation,0.95,False,True,"The image depicts a table setting with wine glasses and a centerpiece, which aligns perfectly with the claim. The visual veracity module indicates the image is not AI-generated (ai_generated=false). The retrieved evidence confirms that such table settings are common and well-documented in home decor and dining contexts (e.g., Pinterest, MyDomaine, BHG). There is no evidence of deception or fabrication."
5000,Misinformation,0.95,False,True,"The claim that President Obama made a secret deal to hand over U.S. territory to China to settle debt is factually false. Evidence shows that the only significant territory transferred to China in recent history was Hong Kong, which was handed over by the United Kingdom in 1997, long before Obama's presidency [Evidence 2-1, 2-2]. There is no record of any U.S. territory being ceded to China during the Obama administration, nor any 'secret deal' regarding debt settlement involving territorial handover [Evidence 1-3, 3-1]. The image of the Obamas is unrelated to such a non-existent event, and the headline relies on a fabricated narrative. The module's visual veracity signal was low confidence (0.0), but the factual impossibility of the claim renders it misinformation regardless of the image'"
ds4724,Misinformation,0.85,False,True,"The headline claims that George and Amal Clooney are sleeping in separate bedrooms, implying a marital rift or separation. However, multiple credible sources explicitly refute this specific claim. Evidence [2] from menzfirst.com directly addresses the rumor, stating it is 'not accurate' that they sleep in separate rooms due to snoring, noting they have adapted to each other's quirks over nearly 8 years. Furthermore, Evidence [3] from NDTV describes the couple as 'happily married for over a decade' and a source of 'relationship goals,' contradicting the negative implication of the headline. While there are general rumors about marital strain (Evidence [2] from realitytea.com), the specific factual claim about sleeping arrangements is debunked by direct reports. The image shows them together"
ds6329,Misinformation,0.95,False,True,"The image is identified as AI-generated with high confidence (0.9), depicting an impossible and surreal scenario of a man inside a shark. The headline references 'What's Eating Gilbert Grape' and 'Sharkasaurus', neither of which involve a real-life event or scene matching the image. 'What's Eating Gilbert Grape' is a drama with no shark scenes, and 'Sharkasaurus' is a separate 2014 creature feature. The combination of an AI-generated visual with a misleading headline that implies a connection to these specific titles constitutes misinformation."
ds1157,Not Misinformation,0.85,False,True,"The claim describes a person holding a banner during a pope's procession down Fifth Avenue to St. Patrick's Cathedral. Historical evidence confirms that Pope Paul VI traveled down Fifth Avenue to St. Patrick's Cathedral in 1965, and Pope Francis did the same in 2015. During such high-profile papal visits, it is standard for crowds to hold banners and signs. The retrieved evidence supports the occurrence of the procession on Fifth Avenue to the Cathedral for both Popes Paul VI and Francis. While the specific image cannot be definitively dated to a specific year without metadata, the event described is historically accurate and plausible. The module signals indicate the image is not AI-generated. Therefore, the image is consistent with the claim."
5013,Misinformation,0.85,False,True,"The headline claims a 'Controversial Dating Revelation' regarding Brooke Burke's divorce that sparks speculation. However, the retrieved evidence indicates that Brooke Burke is currently engaged to Scott Rigsby and has recently discussed wedding plans (which were delayed), rather than revealing new dating news amidst a divorce. Furthermore, the image provided is identified as irrelevant to the specific claim, showing two individuals on a stage that do not depict Brooke Burke or the alleged event. The combination of a misleading headline (implying a scandalous dating revelation during divorce) and an irrelevant image constitutes misinformation."
3983,Misinformation,0.95,False,True,"The claim contains a factual error regarding the release year of the film 'A Good Day to Die Hard'. While it is true that John Moore directed the film, the movie was released in 2013, not 2008, as confirmed by multiple evidence sources [1, 3]. Furthermore, the module signals indicate that the associated image is AI-generated (ai_generated=true, confidence=0.8) and irrelevant to the claim. According to the definitive rule, if the image is AI-generated, the output must be Misinformation regardless of other signals. The combination of a false date in the claim and an AI-generated image solidifies the verdict."
ds9980,Not Misinformation,0.85,False,True,"The image depicts a scene consistent with the widespread media coverage of Iraqi families fleeing Mosul and settling in displacement camps near Kurdish checkpoints (specifically the Khazer/Aksi Kalak area) during the conflict with ISIS (circa 2014-2017). Evidence [3] from the Daily Mail explicitly mentions a 'girl stands besides her tent at a temporary displacement camp set up next to a Kurdish checkpoint in Kalak' in the context of Peshmerga checking vehicles of Iraqis fleeing Mosul. Evidence [1] from NBC News and [2] from the Financial Times corroborate the presence of fleeing Iraqi families, including children, at these specific checkpoints. The visual elements (girl, field/tent setting, checkpoint context) align with these verified historical events. The module's visual veracity signal"
ds2354,Not Misinformation,0.85,False,True,"The image depicts a large airplane flying low in a cloudy sky, which is a plausible and common aviation scenario. The module signals indicate the image is not AI-generated (visual_veracity ai_generated=false) and is relevant to the claim. The retrieved evidence supports the factual basis of the claim: planes do fly low due to various reasons such as landing approaches, weather conditions (clouds affecting flight paths), and heat (as noted in evidence [2] under 'What causes planes to fly low?'). While the specific instance in the image is not identified as a specific news event, the claim describes a general phenomenon ('A big plane flying low on a cloudy sky') that is factually consistent with aviation practices and weather impacts described in the evidence. There is no evidence suggesting"
ds9501,Misinformation,0.95,False,True,"The claim states that Ford's reelection campaign was 'brilliant.' However, historical evidence confirms that Gerald Ford's 1976 reelection campaign was unsuccessful, as he lost the general election to Jimmy Carter. Describing a failed campaign as 'brilliant' is factually incorrect and misleading, especially given the context of the Watergate scandal and the primary challenge from Ronald Reagan which hampered his efforts. The module signals correctly identify the campaign as unsuccessful (conf: 1.0), directly contradicting the positive valuation in the claim."
ds4,Not Misinformation,0.9,False,True,"The claim that Charlie Hebdo's surviving staff left their Paris offices for a temporary home at Liberation newspaper is factually correct. Multiple credible sources confirm that after the January 2015 attacks, Charlie Hebdo staff occupied an improvised space within the Liberation newspaper's newsroom for over six months before moving to new high-security offices in September 2015. While the provided image appears to be a generic memorial scene and does not visually depict the specific event of the move, the textual claim itself is supported by evidence. The image is verified as not AI-generated. Therefore, the headline content is accurate, even if the image is only tangentially related."
ds3871,Misinformation,0.95,False,True,"The claim that Meghan Markle was born in July is factually incorrect; she was born on August 4, 1981, as confirmed by multiple evidence sources [1], [2], [3]. Furthermore, the image provided is identified as AI-generated (confidence 0.8) and depicts nonsensical objects unrelated to the subject, failing to provide any visual verification for the claim. According to the definitive rule, an AI-generated image results in a 'Misinformation' label regardless of other signals."
8830,Not Misinformation,0.85,False,True,"The image depicts a clock, and the retrieved evidence confirms that clocks on barns are a real phenomenon, with specific examples found on Unsplash (e.g., a barn with a clock on the side in Michigan) and discussions in watch forums about custom barn clocks. Although the module signals indicate low relevancy because the specific 'barn' context might not be visually dominant or clear in the provided image snippet, the claim itself describes a plausible and existing scenario. The image is not AI-generated, and there is no evidence suggesting the image is fake or misleading in a way that contradicts the existence of such objects. The low relevancy score likely stems from the image being a close-up of the clock rather than a wide shot of the barn, but this does not make the claim misinformation"
ds5053,Misinformation,0.85,False,True,"The claim that drinking green tea daily increases lifespan by exactly 'Ten Years' is a specific, quantifiable assertion that is not supported by the retrieved evidence. While multiple sources (NPR, Harvard Health, Healthline, Benzinger on Health) confirm that green tea is associated with reduced risk of cardiovascular disease and potential longevity benefits, none cite a study establishing a ten-year increase in lifespan. The evidence refers to general associations or reduced mortality risks, not a specific decade-long extension. The headline uses a sensationalized, unsupported statistic, constituting misinformation."
ds2437,Misinformation,0.95,False,True,"The claim states that the image shows an 'animal food tray and cage' that is empty. However, the image clearly depicts a disc golf basket (a metal chain basket used in the sport of disc golf) situated outdoors near a tree. The module signals correctly identify that the image is not relevant to the claim, noting that it shows a disc golf basket, not an animal food tray or cage. Since the subject matter of the image (disc golf equipment) is fundamentally different from the subject matter of the claim (animal husbandry items), the claim is a false description of the visual content, constituting misinformation."
ds6090,Misinformation,0.95,False,True,"The image is identified as AI-generated (confidence 0.8) by the visual veracity module, which triggers the definitive rule to classify the pair as Misinformation. Additionally, the image depicts a surreal and contextually inappropriate element (a camel in a social festival setting) that does not align with the actual events of the Outside Lands festival, which is a music and arts festival held in Golden Gate Park. The retrieved evidence confirms that Outside Lands 2023 was a real event featuring major musical acts, but there is no record of camels being part of the festival experience, further indicating the image is fabricated and misleading."
ds742,Misinformation,0.75,False,True,"The claim asserts that demonstrators formed a barrier to block Trump outside Quicken Loans Arena. While evidence confirms that protests occurred in Cleveland during the Republican National Convention (RNC) at Quicken Loans Arena in July 2016, and that demonstrators protested against Trump, there is no evidence that they successfully 'blocked' or formed a barrier to Trump. In fact, the RNC proceeded as scheduled, and Trump was not present at the arena during the protest dates (he was not the nominee until later, but the RNC was held there). The protest routes were designated and monitored, and while arrests occurred (e.g., for flag burning), the event was not blocked. The image shows a protest with a 'WALL OFF TRUMP' banner, which is a slogan, but the claim of physically blocking Trump is f"
ds1754,Not Misinformation,0.95,False,True,"The headline accurately describes the casting in the 2013 film 'The Fifth Estate'. Multiple credible sources, including Wikipedia, IMDb, and Rotten Tomatoes, confirm that Benedict Cumberbatch played the role of Julian Assange in this biographical thriller. The image signals indicate the visual is not AI-generated and aligns with the subject matter. Therefore, the claim is factually correct."
4580,Misinformation,0.75,False,True,"The headline presents a specific, sensational claim about Kourtney Kardashian's personal preference in beauty products ('picks Kylie Jenner's Lip Kit Over Kim Kardashian's Contour Sticks') that is not supported by the provided evidence. The evidence confirms the existence of the products (Kylie's lip kits and Kim's contour sticks) but explicitly states there is 'no clear evidence' that Kourtney has made such a preference or comparison. Furthermore, the module signals indicate the image is not aligned with the headline (it does not show the products or the specific context), and the relevance is low. While the image itself is not AI-generated, the combination of an unsupported, specific claim with a non-representative image constitutes misinformation in the context of social media verificat"
ds50,Not Misinformation,0.95,False,True,"The claim states that Rachael Drouet has still not tracked down the owners of the decorations. Evidence [3] from BBC News explicitly states: 'Rachael Drouet has still not tracked down the owners of the decorations.' This directly corroborates the headline. The image shows decorations and a cat, which is consistent with the context of the story about a cat stealing decorations, although the image itself does not prove the specific outcome of the search. The visual veracity is genuine (not AI-generated). Therefore, the headline is supported by the evidence."
8392,Misinformation,0.95,False,True,"The claim states that Oregon Attorney General Ellen Rosenblum alleges GNC knowingly sold supplements containing two synthetic chemicals. The retrieved evidence confirms that in October 2015, AG Rosenblum did indeed file a lawsuit against GNC alleging the sale of supplements containing illegal synthetic ingredients, specifically picamilon and BMPEA (Evidence [2], [3] from Q1; Evidence [1], [2] from Q2). The evidence also notes that the lawsuit cited internal emails suggesting the company was aware of the ingredients, supporting the 'knowingly' aspect of the claim. However, the provided image is of 'Nurofen Express,' a pain relief medication, which is completely unrelated to GNC or dietary supplements. The module signals correctly identify this as 'aligned: false' with low confidence (0.1) b"
ds7878,Not Misinformation,0.65,False,True,"The image depicts a realistic scene of people wading through floodwaters, consistent with the visual description of a family seeking refuge during a flood. The retrieved evidence confirms that Satkhira, Bangladesh, including areas like Harinagar (or similar upazilas in the district), has experienced significant flooding, embankment collapses, and displacement of families in recent years (e.g., October 2023, 2024). While the specific image cannot be geotagged to 'Harinagar' with certainty from the text alone, the claim describes a plausible and documented scenario of flood impact in that region. The module signals indicate the image is not AI-generated and is partially aligned with the context. There is no evidence suggesting the image is fake or the claim is false; rather, the claim aligns"
ds4278,Misinformation,0.95,False,True,"The headline claims that Russian mansions seized by the Obama administration were 'meant to be illegal gifts' to his daughters, Sasha and Malia. While it is true that the Obama administration seized two Russian diplomatic compounds in 2016 (as confirmed by evidence [1], [2], [3] in the first Q&A block), there is absolutely no evidence to support the claim that these properties were intended as gifts to the Obama daughters. The seized properties were diplomatic compounds used by Russian diplomats, not personal gifts. The claim fabricates a motive and relationship between the seized assets and the First Daughters that does not exist. The image provided (a person) is irrelevant to the factual claim about the mansions, further indicating a mismatched or misleading context. The core assertion o"
ds6954,Misinformation,0.95,False,True,"The image is identified as AI-generated (confidence 0.8) with a surreal and irrelevant depiction of a man floating in space, which does not represent Prof. Martin Hairer. Furthermore, the claim contains factual inaccuracies regarding his employment; evidence confirms he is a Professor at EPFL and Imperial College London, not the University of Warwick. The combination of an AI-generated, irrelevant image and false institutional affiliation constitutes misinformation."
ds3520,Misinformation,0.95,False,True,"The claim states that Ice-T was 18 years old when he signed to Sire Records in 1987. However, multiple evidence sources confirm that Ice-T was born on February 16, 1958. In 1987, he would have been 29 years old (turning 29 in February 1987). The claim contains a significant factual error regarding his age at the time of the signing. While the part about signing to Sire Records in 1987 is correct, the age discrepancy makes the overall claim false."
7044,Not Misinformation,0.85,False,True,"The image depicts Hillary Clinton, and the claim states she was at a rally in Columbus, Ohio. Evidence confirms that Hillary Clinton held multiple rallies and speaking events in Columbus, Ohio, during her presidential campaigns (e.g., March 4, 2008, and June 21, 2016). While the image itself does not explicitly prove the specific date or location without metadata, the claim is factually consistent with historical records of her activities. The image is verified as not AI-generated. The partial relevancy noted in the module signals is due to the lack of specific contextual markers in the image (like a banner), but the core assertion (Clinton in Columbus) is supported by evidence."
ds9094,Misinformation,0.9,False,True,"The image is identified as AI-generated with high confidence (0.8) due to nonsensical text artifacts ('OLLD PARNG', 'PLEWK $TNC') on the sign, which is a hallmark of generative AI models. According to the definitive rule, if the image is AI-generated, the output must be 'Misinformation' regardless of other signals. The headline claims the image shows 'Two old street parking meters surrounded by weeds,' but the image does not clearly depict two meters (it shows a sign and potentially one meter-like object) and the text evidence confirms the visual content is synthetic and not a real photograph of the described scene."
ds3303,Misinformation,0.85,False,True,"The claim states that Scandinavia includes Svalbard and Jan Mayen. According to standard geographical and cultural definitions, Scandinavia comprises Denmark, Norway, and Sweden (and sometimes the Scandinavian Peninsula including parts of Finland). Svalbard and Jan Mayen are territories of the Kingdom of Norway but are geographically distinct and are classified as part of the broader 'Nordic' region, not Scandinavia. Evidence [1] from the answers module explicitly states Svalbard is 'not considered part of geographical Norway or the Scandinavian region.' Evidence [2] confirms Svalbard is part of the Nordic region. Therefore, the claim is factually incorrect regarding the definition of Scandinavia."
ds7131,Not Misinformation,0.65,False,True,"The image depicts Karen O performing at the 86th Academy Awards (Oscars), which aligns with the claim that she performed at the ceremony. While the specific details regarding her attire (black satin Camilla Staerk dress) and jewelry (Neil Lane) are not explicitly confirmed by the provided search snippets, there is no evidence contradicting these specific fashion claims. The search results for 'Karen O dress' were dominated by unrelated 'Karen' entities (e.g., Karen Pence), but fashion reports from the 2014 Oscars do exist in broader knowledge bases confirming she wore a Camilla Staerk gown. Since the core event (performance) is verified, the image is relevant, and the specific fashion details are plausible and uncontradicted by the evidence, the claim is not misinformation. The confidence "
ds7823,Misinformation,0.85,False,True,"The provided module signals explicitly state that the image is 'aligned: false' with a confidence of 0.0, explaining that 'The image does not depict the Berlaymont building or any related subject.' The claim asserts that the image shows the Berlaymont building, which houses the European Commission. Since the evidence confirms the image does not show the subject of the claim, the pairing is misleading and constitutes misinformation. The retrieved evidence confirms the factual details about the Berlaymont building (location in Brussels, headquarters of the EC), but the core issue is the mismatch between the image and the caption."
1047,Not Misinformation,0.95,False,True,"The retrieved evidence confirms that Kentucky Governor Matt Bevin addressed the Kentucky Chamber of Commerce dinner on Thursday, January 7, 2016. Specifically, evidence [1] from NY Mag explicitly states: 'Kentucky governor Matt Bevin addresses the Kentucky Chamber of Commerce dinner, Thursday, January 7, 2016.' Additionally, evidence [2] from Kentucky Living mentions 'Governor Matt Bevin addresses audience at Kentucky Chamber Day in Lexington' on Jan 8, 2016, which aligns with the event timing (Chamber Day often spans multiple days or the dinner is part of the event). The location 'Heritage Hall' is a known venue within the Lexington Convention Center, which hosts such events. The image is verified as not AI-generated. Therefore, the headline accurately reflects the event described in the "
ds8744,Not Misinformation,0.75,False,True,"The image depicts a shirtless skateboarder in mid-air, which aligns with the claim. The retrieved evidence confirms that such stunts occur, specifically referencing a dangerous stunt performed on a Melbourne skyscraper where people were below, and general stock imagery of skateboarders. While the 'answers' module mentions a recent news story about a man waving a skateboard on a plane, this is a different context (an unruly passenger incident) and does not negate the visual fact of a skateboarder performing a mid-air trick. The image is identified as real (not AI-generated) and plausible. The claim describes the visual content accurately."
ds9896,Not Misinformation,0.85,False,True,"The claim 'Alan Johnson has a bad case' is ambiguous but likely refers to the UK politician Alan Johnson, who is a public figure. The retrieved evidence confirms that Alan Johnson (the politician) has been involved in various controversies, including a marriage breakdown ('returns home hoping to save marriage') and a gift row, but there is no evidence of a specific 'bad case' in the sense of a severe, singular health crisis or legal conviction that would typically be described this way in a misleading headline. The image shows a man in a suit, which is consistent with a politician. The module signals note that the image is not AI-generated. The confusion in the module's 'answers' section between Alan Johnson (politician) and Alan Jackson (singer) is a known entity resolution error. However"
ds3482,Misinformation,0.9,False,True,"The claim states that 'Gotham City Sirens' failed to be published. However, multiple pieces of evidence confirm that the 'Gotham City Sirens' comic book series has been published and is ongoing. Specifically, evidence [2] from leagueofcomicgeeks.com lists 'Gotham City Sirens (2024 - Present)', and evidence [1] from comic-watch.com confirms that issue #3 was released on August 21, 2024. Additionally, evidence [1] from Wikipedia references specific issues like #7, proving publication history. While there was a film project that was cancelled, the comic series itself was published, making the blanket statement that it 'failed to be published' false."
3081,Misinformation,0.95,False,True,"The claim states that 'Story of My Life' was recorded exclusively by a girl band. The retrieved evidence confirms that the most prominent song with this title was recorded by One Direction, which is explicitly identified as an 'English-Irish boy band' (Evidence [1], [3] from Q2 and Q3). Additionally, the song was recorded by Social Distortion, a rock band (Evidence [3] from Q2), and Irma Thomas, a solo female artist (Evidence [1] from Q1). None of the primary recordings are by a 'girl band'. The image shows a single girl, which does not support the claim of a 'girl band' recording the song. Therefore, the claim is factually incorrect regarding the artist's gender composition and exclusivity."
6149,Misinformation,0.85,False,True,"The image is identified as AI-generated with high confidence (0.8). The visual content depicts a dog reading a book, which is a surreal and physically impossible scenario for a real dog, and the text on the book appears to be nonsensical filler typical of AI image generation. According to the definitive rule, if the image is AI-generated, the output must be 'Misinformation' regardless of the textual alignment or the philosophical validity of the headline. The headline 'sometimes its better not to know' is a general philosophical statement, but the pairing with an AI-generated image of a dog reading creates a misleading context, implying a factual or illustrative connection that does not exist."
ds6053,Misinformation,0.95,False,True,"The image is identified as AI-generated with high confidence (0.9) by the visual veracity module, depicting a surreal and impossible scenario of a rabbit riding a tricycle. According to the definitive rule, if the image is AI-generated, the output must be 'Misinformation' regardless of other signals. Furthermore, the module signals indicate that the image is not aligned with the headline (relevancy aligned: false, confidence: 0.1), meaning the visual content does not support or relate to the claim 'dont judge its what hes always wanted'. The combination of an AI-generated image and a lack of contextual relevance confirms the misinformation status."
5357,Misinformation,0.85,False,True,"The headline claims that a 'Stimulus' unveils the Education Secretary's controversial plan involving financial risks. However, the retrieved evidence indicates a mismatch in both subject and timeline. The 'Stimulus' plan with $147 billion in funding and associated criticism regarding its inability to fix the system refers to the 2009 American Recovery and Reinvestment Act (Evidence [2] from Reason Foundation, [1] from NYT). The 'Controversial Plan' to dismantle the Department of Education and the role of Education Secretary Linda McMahon are current events from 2026 (Evidence [2] from NEA, [1] from Politico). The image shows a generic educational setting and does not depict Linda McMahon or the specific 2026 policy rollout. By conflating a 2009 stimulus package with a 2026 administrative r"
ds3839,Misinformation,0.95,False,True,"The claim contains two significant errors. First, the image is identified as AI-generated (visual_veracity ai_generated=true, confidence=0.9), which triggers the definitive rule to label the pair as Misinformation regardless of other signals. Second, the claim states that 'Chappie' is an animated movie. Evidence confirms that 'Chappie' is a live-action science fiction film that utilizes motion capture and visual effects for its titular robot character, rather than being a traditional animated film. While Dev Patel did star in the movie, the description of the film's genre is factually incorrect, and the use of an AI-generated image further invalidates the pair."
7469,Not Misinformation,0.95,False,True,"The retrieved evidence confirms that Donald Trump held a rally in Bangor, Maine, on October 15, 2016, at the Cross Insurance Center. Multiple sources, including a YouTube video titled 'Donald Trump Rally, Bangor, Maine, Oct. 15, 2016' and a Press Herald article dated October 15, 2016, corroborate the specific date, location, and event described in the claim. The image shows Trump speaking, which is consistent with the event. Therefore, the headline accurately describes the event depicted or associated with the image."
ds3252,Misinformation,0.95,False,True,"The claim that 'Little Dorrit was only published in the 1980s' is factually incorrect. Evidence confirms that Charles Dickens' novel 'Little Dorrit' was originally published in serial form between 1855 and 1857, and in book form in 1857. While there was a 1988 film adaptation and a 2008 TV miniseries, the novel itself is a 19th-century work. Furthermore, the module signals indicate the image is AI-generated (confidence 0.8), which triggers the definitive rule to output 'Misinformation' regardless of other signals. The combination of a false historical claim and an AI-generated image solidifies the verdict."
ds3976,Misinformation,0.95,False,True,"The claim that the United States is one of the ABC Islands is factually false. The ABC Islands consist of Aruba, Bonaire, and Curaçao, which are constituent countries and special municipalities within the Kingdom of the Netherlands, not the United States [1, 2, 3]. Furthermore, the image provided is identified as AI-generated (confidence 0.8), which triggers the definitive rule to classify the pair as Misinformation regardless of the factual error in the text. The image depicts a generic beach scene with an American flag, which is irrelevant to the specific geographic and political definition of the ABC Islands."
9974,Not Misinformation,0.6,False,True,"The image is a genuine photograph (AI-generated=false) featuring Kanye West, who is the subject of the headline. The headline expresses a subjective sentiment ('Oh please do not let Kanye send a reply tweet') rather than stating a verifiable fact about a specific event or person. While the image includes another individual (likely Martin Shkreli, based on visual recognition and the module's mention of him), the headline does not make a false claim about this person or a specific interaction that is contradicted by evidence. The retrieved evidence confirms Kanye's history of controversial tweets and his past interaction with Martin Shkreli (regarding album rights), but does not refute the general sentiment expressed in the headline. Since the headline is an opinion/expression of hope and th"
4125,Not Misinformation,0.85,False,True,"The claim is supported by multiple pieces of evidence. Kevin Hart did appear in a J. Cole music video (specifically 'Daddy's Little Girl' or potentially a more recent one referenced in social media trends, though the 2011 video is the most prominent historical instance where he played an unfaithful character). Evidence [2] from amomama.com explicitly states that Kevin Hart 'appeared in the new J.Cole music video where he played an unfaithful man, similar to his real life scenario with his wife.' This directly links the visual of Hart (often associated with his public persona and scandals) to the specific act of playing himself/an unfaithful man in a J. Cole video. The image provided shows Kevin Hart, consistent with the subject of the headline. While the 'new' descriptor in the evidence mi"
ds2506,Not Misinformation,0.85,False,True,"The claim is supported by specific evidence found in the retrieved snippets. Snippet [3] from the 'Exploring Warsaw' blog explicitly states: 'There is now fencing around the first two buildings to catch the falling bricks'. This directly confirms the existence of such fences in Warsaw for the stated purpose. While other snippets discuss general ruins or incidents in other cities (like London or Bath), the specific claim about Warsaw having fences to catch falling bricks is verified by the blog post describing the restoration or maintenance of buildings in Warsaw. The image shows a building with a protective structure, consistent with the description. The visual veracity is real (not AI-generated). Therefore, the headline accurately reflects a known safety measure in Warsaw."
ds6253,Misinformation,0.95,False,True,"The image is identified as AI-generated with high confidence (0.9) by the visual veracity module. The image depicts a surreal and nonsensical scene involving a mouse in a car, which does not correspond to the original context of the meme (a scene from the movie Mean Girls featuring human characters). According to the definitive rule, if the image is AI-generated, the output must be Misinformation regardless of other signals. The headline references the meme, but the visual content is fabricated and misleading."
ds6291,Misinformation,0.9,False,True,"The image is identified as AI-generated (visual_veracity.ai_generated=true, confidence=0.9). The module signals explicitly state that the image depicts a human riding an antelope, which is an impossible scenario in real life and suggests manipulation. While there are real statues of gazelles (e.g., the Bronze Gazelle Statue in Tripoli, the Marshall Fredericks statue on Belle Isle), they do not depict a human riding the animal in the manner shown in the AI-generated image. The AI generation creates a fictional scenario that misrepresents the actual subject matter of existing gazelle statues. Therefore, the image is misleading and constitutes misinformation."
ds9638,Not Misinformation,0.85,False,True,"The claim states that two presenters appeared on YouTube to say a story was staged. Evidence confirms that Tania Reza and Enrique Tovar, hosts of 'A Toda Máquina', did appear in a YouTube video (specifically cited in evidence [1] under the 'When' question and [1] under the 'What' question) where they initially claimed the on-air groping incident was a staged hoax orchestrated by the producer. Although Reza later recanted this statement and claimed she was pressured, the specific claim that they 'appeared on YouTube to say the story was staged' is factually accurate regarding their actions at that time. The image is a genuine screenshot from that video. Therefore, the headline accurately describes the event."
ds994,Not Misinformation,0.95,False,True,"The image depicts performers forming the Olympic rings during a closing ceremony, which aligns with factual events from recent Olympic Games. Specifically, evidence confirms that the Olympic rings were formed and lifted into place during the closing ceremony of the Paris 2024 Summer Olympics (Source [1] from Q4, Source [3] from Q1). Additionally, the 2026 Winter Olympics closing ceremony in Verona also featured the Olympic rings (Source [3] from Q4). The module signals correctly identify the image as non-AI and relevant. The claim is supported by multiple sources confirming the presence of the rings in closing ceremonies."
ds5728,Not Misinformation,0.85,False,True,"The image is a real magazine cover featuring Jenny McCarthy, and the module signals confirm it is not AI-generated (ai_generated=false). The headline claims her 'debut' was in 1995. While evidence indicates her modeling career began in 1993 (Playmate of the Month) and she was Playmate of the Year in 1994, 1995 is widely cited as the year she rose to significant fame and national recognition, particularly after being named Playmate of the Year (which often carries over into the following year's prominence or is associated with the 1995 issue cycle in popular memory) and her subsequent TV roles. The phrase 'debut in the entertainment industry' is interpreted broadly as her entry into mainstream fame rather than her very first modeling gig. Given the visual evidence of a real magazine cover a"
2731,Not Misinformation,0.85,False,True,"The image depicts a doll in a car window, which aligns with the claim of an 'innovative take' on a 'baby on board' sticker. The retrieved evidence confirms that 'funny' and 'creative' baby on board stickers are a widespread trend, available on platforms like Etsy, TikTok, and Temu, with designs ranging from surfboards to humorous phrases. The visual veracity signals indicate the image is not AI-generated (confidence 0.2 for AI, implying high confidence it is real). The headline describes a subjective observation ('we just passed') of a real-world object that fits the described category of creative car accessories. There is no evidence of deception or false context; it is a literal description of a novelty item."
ds2331,Not Misinformation,0.9,False,True,"The image depicts a man on a tennis court holding a racquet, which aligns perfectly with the claim. The visual veracity module indicates the image is not AI-generated (ai_generated=false). The retrieved evidence confirms that such imagery is common in stock photography (Getty Images, Shutterstock) and represents standard tennis activities. There is no evidence suggesting the image is fabricated or misleading in the context of the claim."
9107,Misinformation,0.8,False,True,"The visual veracity module explicitly identifies the image as AI-generated with a high confidence of 0.8. According to the definitive rule, if the image is AI-generated, the output must be 'Misinformation' regardless of other signals. The image depicts a scene that, while containing plausible elements like silver appliances, is synthetically created and therefore not a factual representation of a real-world event or object placement."
ds3649,Misinformation,0.95,False,True,"The claim states that 'An Educated' was created only by journalist Nora Ephron. This is factually incorrect. 'Educated' (often referred to as 'An Educated' in the claim) is a memoir by Tara Westover, published in 2018. Nora Ephron (1941–2012) was a renowned journalist, screenwriter, and filmmaker known for works like 'When Harry Met Sally...' and 'Julie & Julia', but she did not write 'Educated'. The retrieved evidence confirms Nora Ephron's bibliography, which includes 'Heartburn' and 'Crazy Salad', but makes no mention of 'Educated'. Furthermore, Ephron passed away in 2012, before the publication of Westover's memoir. Therefore, the attribution is false."
7187,Not Misinformation,0.85,False,True,"The claim states that Supreme Leader Ayatollah Ali Khamenei waved during a meeting in Tehran last September. Evidence confirms that Khamenei made a public appearance in Tehran on September 17, 2022, at a religious ceremony (Arbaeen anniversary) where he addressed attendees and was seen waving to the crowd (Evidence [3] from Al Arabiya and Evidence [2] from Aawsat). Additionally, he held a meeting with war veterans on September 21, 2022 (Evidence [2] from Alamy). While the claim specifies 'meeting' and the waving occurred at a 'ceremony', these events are closely linked in the same timeframe and location, and the core assertion of him waving in Tehran in September is factually supported by multiple sources. The image is verified as not AI-generated."
ds5161,Misinformation,0.95,False,True,"The headline claims that Mike Pence has 'secret ties to a Russian spy agency.' The retrieved evidence directly contradicts this claim. Evidence [3] from Novinite shows Pence explicitly stating that 'Russian Aggression' is the greatest threat to Baltic states and pledging support for NATO allies, indicating a stance against Russia rather than any connection to espionage. Furthermore, the module signals and evidence regarding 2023 espionage allegations focus on China and the UK, not Mike Pence. There are no credible reports linking Pence to Russian spy agencies; instead, he is known for his hawkish stance against Russian influence. The claim is factually false and unsupported by the evidence."
ds4423,Misinformation,0.95,False,True,"The claim that Floyd Mayweather Jr. donated a 'whopping sum' (specifically $200 million in related viral posts) to Houston after a hurricane is false. Multiple fact-checking organizations, including PolitiFact and That's Nonsense, have explicitly debunked this story as fake news. While Mayweather has engaged in various charitable activities, there is no evidence of such a massive donation to Houston for Hurricane Harvey relief. The image provided, showing Mayweather holding a bill, is generic and does not substantiate the specific, exaggerated claim in the headline."
8155,Misinformation,0.95,False,True,"The claim is factually incorrect on multiple levels. First, Charlie Pierce is a journalist (not a member of Mitt Romney's staff) who wrote critical commentary about Romney during the 2012 campaign, as evidenced by sources [1] and [3] in the retrieved evidence. Second, the image provided depicts a scene of destruction (likely a disaster or explosion) which does not match the description of a phone call in a wire factory. While there was a factory explosion in Ohio in 2012 (I Schumann & Co.), the image does not depict Charlie Pierce making a phone call, nor is there any evidence linking Pierce to such an event in that capacity. The claim conflates a journalist's role with a staff role and pairs it with an irrelevant or misleading image context."
ds7055,Misinformation,0.85,False,True,"The claim asserts that the image is a specific historical snapshot of Leeroy Murray aged two with his family on Hampstead Heath in 1947. However, the retrieved evidence indicates that while the Murray family (Nora, John, Leeroy, Peter) did exist and were photographed on Parliament Hill (part of Hampstead Heath) in 1947 (Evidence [3] from Islington Tribune), the provided image does not match this description. The module signals explicitly state the image 'does not depict the specific subjects or event' and shows 'a person sitting outside a building' rather than a family group on a heath. Furthermore, the visual veracity module gives a confidence of 0.0 for AI generation, but the irrelevance of the image content to the specific historical claim (wrong subject, wrong setting) makes the pairin"
8165,Not Misinformation,0.65,False,True,"The claim involves a specific individual (Emily Cruse Elliott) performing at a specific event (Blue Ribbon Bacon Fest). The retrieved evidence confirms that the Blue Ribbon Bacon Festival is a real, recurring event in Des Moines, Iowa, and that the 2023 edition took place in May. While the evidence does not explicitly name 'Emily Cruse Elliott' or 'Club Sizzle' in the provided snippets, it does link 'Emily Cruse' to Irish Dance (a performance art) and confirms the event's existence and nature (live entertainment). The module signals indicate the image is not AI-generated and is partially aligned. Given the lack of contradictory evidence and the confirmation of the event's context, the claim is treated as plausible/not misinformation, though specific verification of the individual's presenc"
1449,Misinformation,0.85,False,True,"The claim states that Hinchliffe Stadium 'is now abandoned and in ruins.' While the stadium was indeed abandoned for many years (from 1997 to 2021) and the image depicts a dilapidated interior consistent with that period, the facility underwent a major renovation and officially reopened on May 19, 2023, as a restored historic landmark and museum. Therefore, describing the stadium as currently 'abandoned and in ruins' is factually incorrect as it ignores the recent restoration and current operational status. The image likely predates the 2023 reopening, but the claim's present-tense description of the facility's state is misleading and false in the current context."
4647,Misinformation,0.85,False,True,"The headline claims that Angelina Jolie and Jennifer Aniston did NOT have a face-to-face meeting. However, multiple credible sources confirm that they did meet in person. Specifically, Jennifer Aniston has publicly discussed their first meeting in 2004, which occurred while Brad Pitt was preparing to work with Angelina Jolie [2] (Mirror) and [1] (The List). Aniston described this encounter as friendly but noted it was a pivotal moment in the 'love triangle' narrative. Since the core factual claim of the headline (that they did not meet) is demonstrably false based on the celebrities' own accounts and media reports, the content is classified as misinformation. The image provided is merely a photo of Angelina Jolie and does not negate the factual record of their meeting."
ds4064,Not Misinformation,0.9,False,True,"The image is a genuine photograph of Brad Pitt (visual_veracity ai_generated=false), and the headline is a standard clickbait-style question regarding his net worth. The retrieved evidence confirms that Brad Pitt's net worth is widely estimated to be between $300 million and $400 million, derived from his acting and producing career. The headline does not contain a false factual claim; it merely poses a question about a well-documented public figure's financial status. Therefore, it is not misinformation."
ds2877,Not Misinformation,0.9,False,True,"The image and headline are directly sourced from a specific Reddit post (URL [1]) where the user explicitly states 'One of many decomposing leaves found just offshore at the local reservoir.' The image depicts a hand holding a leaf, which aligns with the visual content of such a post. The module signals correctly identify that while the specific location ('local reservoir') is not visually verifiable from the image alone, the image is not AI-generated and the text matches a known social media post. The claim is a descriptive caption of a specific event/photo shared online, rather than a fabricated news story or misleading generalization. The evidence confirms the existence of the source material for this specific image-text pair."
7330,Misinformation,0.9,False,True,"The image depicts a group of people in an indoor or event setting, which is visually inconsistent with the Millennium Bridge in central London, a famous outdoor pedestrian suspension bridge over the River Thames. The retrieved evidence confirms that the Millennium Bridge is an outdoor landmark with specific architectural features (steel suspension, views of St. Paul's Cathedral) that are absent in the image. Furthermore, there is no evidence linking a person named Jonathan Jones (whether the football player or the journalist) to the Millennium Bridge. The claim that the image shows Jonathan Jones on the Millennium Bridge is factually incorrect regarding both the location and the subject."
ds5062,Misinformation,0.95,False,True,"The headline claims that COVID-19 vaccines alter DNA and increase the risk of genetic mutations. This claim is scientifically false and has been widely debunked. The retrieved evidence confirms that mRNA vaccines (the primary type discussed in the context of this misinformation) do not enter the cell nucleus where DNA is located and therefore cannot alter human DNA [1]. Furthermore, reputable studies and fact-checks indicate no association between COVID-19 vaccines and increased cancer risk or genetic mutations in humans [1] from the last evidence block. The image provided is a generic stock photo of a laboratory setting and does not support the specific, false claim in the headline. Therefore, the headline constitutes misinformation."
ds5124,Misinformation,0.95,False,True,"The claim that Joe Biden admitted to plotting election fraud with foreign powers is false. Multiple fact-checking sources confirm that Biden did not admit to election fraud; rather, he was discussing measures to combat voter fraud or was taken out of context in viral clips (e.g., Snopes, France24, Daily Caller). Furthermore, the image provided depicts Hillary Clinton, not Joe Biden, making the visual evidence completely irrelevant and misleading for a claim about Biden. The combination of a false narrative and a mismatched image constitutes misinformation."
6119,Misinformation,0.8,False,True,"The image is identified as AI-generated with high confidence (0.8). The module signals explicitly state that the image is AI-generated and depicts a surreal scene with cartoonish characters and dog faces that does not relate to the headline. The definitive rule states that if the image is AI-generated, the output must be Misinformation regardless of other signals. The headline 'not no way not no how' is a famous quote from 'The Wizard of Oz', but the image provided is an unrelated, AI-created surreal image, making the pairing misleading and false."
5317,Misinformation,0.95,False,True,"The claim that herbal tea from the Amazon Rainforest 'eradicates' COVID-19 'instantly' is scientifically false and contradicts established medical consensus. Evidence from the World Health Organization (WHO) and fact-checking organizations (AFP, The Logical Indian) explicitly states that there is no cure for COVID-19 and that claims regarding herbal teas or steam inhalation curing the virus are misleading. Furthermore, regulatory bodies like the FTC have taken legal action against marketers making similar false claims about herbal teas curing COVID-19. While some studies suggest tea polyphenols may have antiviral properties in laboratory settings, this does not equate to an 'instant eradication' cure in humans, making the headline a dangerous piece of misinformation."
ds8378,Not Misinformation,0.95,False,True,"The claim that Richard Dawkins and Rowan Williams debated the role of religion in the 21st century is factually correct. Multiple evidence sources confirm that a debate took place on January 31, 2013, at the Cambridge Union, centered on the motion 'this house believes religion has no place in the 21st century' [1, 2, 3]. The image signals indicate the visual is not AI-generated and is relevant to the topic, although the specific identity of the person in the image is not explicitly confirmed in the text, the core factual claim of the headline is supported by strong evidence."
8719,Misinformation,0.95,False,True,"The image is identified as AI-generated with high confidence (0.8) by the visual veracity module. The definitive rule states that if the image is AI-generated, the output must be 'Misinformation' regardless of other signals. Additionally, the visual evidence shows a predominantly green bus, lacking the specific 'pink' color mentioned in the claim, further supporting the misrepresentation."
6563,Misinformation,0.85,False,True,"The image is identified as AI-generated with high confidence (0.8) by the visual veracity module. The module notes inconsistent lighting and unusual features (light emanating from the eye) that suggest manipulation or synthetic generation. Furthermore, the retrieved evidence indicates that there are no real-world references to factory workers wearing pink hair towels in a work environment; such imagery is typically associated with bathroom or post-shower contexts. The combination of an AI-generated image and the lack of factual basis for the specific scenario (factory worker in a hair towel) confirms this as misinformation."
ds3412,Misinformation,0.95,False,True,"The claim states that Castlevania came out in Japan in 1990. However, multiple authoritative sources confirm that the original Castlevania game (known as Akumajō Dracula in Japan) was first released in Japan on September 26, 1986, for the Family Computer Disk System. While a spin-off titled 'Kid Dracula' was released in Japan in 1990, the primary title 'Castlevania' did not release in Japan in 1990. Therefore, the headline is factually incorrect regarding the release date of the main series entry."
966,Misinformation,0.9,False,True,"The claim that Marco Rubio grilled at the Iowa Pork Producers Pork Tent during the 2015 Iowa State Fair is false. Retrieved evidence confirms that while the Iowa Pork Producers Pork Tent was a significant venue for presidential candidates during the 2015 fair, the specific individuals documented grilling or serving food there were Donald Trump and Carly Fiorina (Evidence [2] from Getty Images and [3] from AOL). There is no evidence in the retrieved sources or the module signals indicating Marco Rubio participated in grilling activities at this specific tent. The module signals explicitly state there is no evidence of Rubio grilling at the fair (Confidence 1.0). Therefore, the image caption misattributes the activity to Rubio, constituting misinformation."
ds5156,Misinformation,0.9,False,True,"The claim that new research shows COVID-19 vaccines cause permanent memory loss is false. Extensive scientific evidence and major health organizations (such as the CDC and WHO) have found no link between COVID-19 vaccines and permanent memory loss. The retrieved evidence supports this by highlighting that common side effects are temporary (e.g., soreness, fatigue, fever) and that studies regarding other concerns (like infertility or weight loss) have debunked such links. Furthermore, research into vaccine efficacy drops attributes them to variants like Delta and behavioral changes, not cognitive decline. The image provided is a generic stock photo of a medical professional and does not depict any specific evidence of memory loss, making the headline a misleading use of imagery to support a"
ds2814,Not Misinformation,0.65,False,True,"The image depicts a handwritten note inside a book, which is consistent with the claim of finding a Father's Day note used as a placeholder. The visual veracity analysis indicates the image is not AI-generated. While the specific anecdote of finding this exact note in a Knoxville bookstore is not corroborated by the provided search results (which only confirm the existence of used bookstores in Knoxville like McKay's and Addison's), there is no evidence to suggest the image is fake or the claim is maliciously deceptive. The claim is a personal anecdote ('found this...') rather than a verifiable historical fact or news event. In the absence of evidence proving the image is fabricated or the event impossible, and given the low confidence in the AI-generated signal, the default stance for unv"
ds6955,Misinformation,0.95,False,True,"The image is identified as AI-generated with high confidence (0.8), depicting a surreal and unrealistic scene of two elderly men with a bear. According to the definitive rule, if the image is AI-generated, the output must be 'Misinformation' regardless of other signals. Furthermore, the claim that Henry Kissinger was a long-term associate of Sepp Blatter is factually unsupported; evidence indicates no documented relationship between the diplomat and the FIFA official, and the image itself is irrelevant to the claim."
ds6481,Not Misinformation,0.95,False,True,"The image depicts Vladimir Putin and Borut Pahor, which is factually correct as they met multiple times, including a notable visit by Putin to Slovenia in July 2016 to mark the 100th anniversary of the Russian Chapel (Evidence [3] from STA, [1] from Kremlin). Although the module signals contain a hallucinated date of 'July 30, 2026' for a recent meeting, the core claim that the photo shows these two individuals is true. The visual veracity is confirmed as real (not AI-generated). The discrepancy in the module's temporal claim (2026 vs 2016) does not make the identification of the people in the photo misinformation, but rather the module's metadata is flawed. The image itself is a genuine record of their interaction."
5084,Misinformation,0.95,False,True,"The claim that the Senate voted unanimously to ban all independent media critical of the government is factually false. There is no record of such a vote; the Senate has not passed legislation banning independent media. Furthermore, the image provided is identified as AI-generated (confidence 0.8), featuring a digitally inserted elephant logo over the Capitol, which indicates the visual content is fabricated and not a genuine depiction of a Senate event. The combination of a false claim and an AI-generated image confirms this as misinformation."
ds1963,Not Misinformation,0.85,False,True,"The image depicts heavy traffic on a motorway, which is consistent with the claim of heavy traffic on the M5 during a busy Easter getaway. The retrieved evidence confirms that the M5 motorway in the UK frequently experiences significant congestion and 'traffic hell' during Easter holidays, with reports of double journey times and long queues (Sources [1], [2], [3] from the first evidence block; Source [2] from the second block). While the specific date or exact location within the M5 cannot be definitively verified from the image alone, the scene is a realistic representation of the well-documented phenomenon described in the claim. The image is not AI-generated, and the claim describes a plausible and historically accurate scenario for the M5 during Easter."
9347,Not Misinformation,0.85,False,True,"The claim describes a man wearing glasses and a lavender shirt. The retrieved evidence confirms that men wearing glasses and lavender shirts are common subjects in stock photography (e.g., Pexels, Dreamstime) and that lavender is a recognized fashion trend for men. The module's visual veracity signal indicates the image is not AI-generated (ai_generated=false). Although the module's relevancy explanation notes a discrepancy (purple scarf vs. lavender shirt), the core visual elements (man, glasses, purple/lavender upper garment) are consistent with the claim. The claim is a plausible description of a real or stock image and does not constitute misinformation, especially given the lack of AI generation and the existence of such imagery in the evidence."
ds4921,Not Misinformation,0.85,False,True,"The headline claims that Justin Bieber and Kourtney Kardashian 'still talk,' which is supported by multiple evidence snippets citing reports of private messages resurfacing and insiders describing their relationship as a 'flirty friendship' where they remain in contact [1, 2, 3]. The image, while not explicitly identified as the two celebrities in the metadata, depicts a formal event with two individuals, which is consistent with the public nature of their interactions and the general context of celebrity gossip. The module's low relevancy confidence stems from the inability to visually confirm the identities, but the textual claim is factually grounded in reported rumors and insider accounts. There is no evidence of AI generation in the image. Therefore, the headline is not considered mis"
3169,Misinformation,0.95,False,True,"The claim is false on multiple levels. First, the visual evidence indicates the image is AI-generated (confidence 0.8), which triggers the definitive rule to label the pair as Misinformation. Second, the factual claim regarding Ian Gillan's birth date is incorrect; all retrieved evidence confirms he was born on August 19, 1945, not May 19, 1945. The combination of an AI-generated image and a factually incorrect date makes this a clear case of misinformation."
2004,Not Misinformation,0.85,False,True,"The image depicts a realistic basketball game scene, and the visual veracity signal indicates it is not AI-generated (ai_generated=false). The headline 'THERE IS A GAME A BASKETBALL GAME GOING ON' is a general statement that aligns with the visual content of a basketball game in progress. While the specific timing ('today') or location cannot be definitively verified from the static image alone, the claim is not demonstrably false or misleading in the context of the image provided. The retrieved evidence confirms that basketball games are ongoing events (NBA, NCAA, etc.), supporting the plausibility of the claim. The image serves as valid illustrative evidence for the existence of a basketball game."
4046,Not Misinformation,0.95,False,True,"The headline states that George H.W. Bush died at 94 in New York. The retrieved evidence confirms that George H.W. Bush died on November 30, 2018, at the age of 94. While the evidence specifies he died in Houston, Texas, the core factual claim regarding his death and age is correct. The module signal regarding 'relevancy' notes the image shows him alive, which is a common issue with stock photos used in news reports about deceased individuals, but this does not make the headline itself misinformation. The headline accurately reports the event of his death. The location discrepancy (New York vs. Houston) is a minor error in the headline's detail, but given the definitive confirmation of the death and age, and the lack of AI generation, it is classified as Not Misinformation in the context o"
8531,Not Misinformation,0.85,False,True,"The image depicts a realistic kitchen scene with decorative elements, consistent with the claim of a 'smaller kitchen with a very decorated interior.' The visual veracity module confirms the image is not AI-generated (ai_generated=false), which is the primary determinant for misinformation in this context. The retrieved evidence supports the existence and popularity of decorated small kitchen designs, validating the plausibility of the image content. There is no evidence of manipulation or fabrication."
ds8617,Misinformation,0.8,False,True,"The image is identified as AI-generated with high confidence (0.8). According to the definitive rule, if the image is AI-generated, the output must be 'Misinformation' regardless of other signals. The visual veracity module explicitly states the image exhibits signs of AI generation due to unnatural blending and lighting inconsistencies. Therefore, the image cannot be trusted as a factual representation of the claimed scene."
1052,Not Misinformation,0.95,False,True,"The claim is fully supported by the retrieved evidence. Multiple sources confirm that Apple announced the iPhone 5c on September 10, 2013, at its campus in Cupertino, California [1, 3]. The evidence also confirms the release date was September 20, 2013 [2, 1]. The image is identified as a genuine photograph (AI-generated=false) and depicts the iPhone 5c, consistent with the event described. The visual content aligns with the historical record of the product launch."
2929,Not Misinformation,0.95,False,True,"The headline accurately describes a widely reported news story from 2016 involving Mary Walls Penney, a nurse in West Virginia. Evidence confirms she faced criticism for her rainbow-colored hair, piercings, and tattoos, and responded by posting on Facebook that her appearance did not hinder her ability to provide life-saving care to patients, particularly those with Alzheimer's. The image depicts a nurse with colorful hair, which aligns with the subject of the viral story. The retrieved evidence supports the claim that she gave a 'perfect response' (as characterized by media outlets) to shamers."
5939,Misinformation,0.95,False,True,"The claim asserts that Vic Mensa has roots in Houston, Texas, which directly contradicts established facts. Evidence confirms that Vic Mensa was born and raised in Chicago, Illinois, with Ghanaian, Irish, German, English, and Scottish ancestry, not Houston roots [1], [3]. Furthermore, the module signals indicate that the image is AI-generated (ai_generated=true, confidence=0.8). According to the definitive rule, if the image is AI-generated, the output must be Misinformation regardless of other signals. The combination of a fabricated biographical claim and an AI-generated image confirms the misinformation."
ds3503,Misinformation,0.95,False,True,"The claim that 'The Hunger Games are based on a play' is factually incorrect; the franchise originated as a series of novels by Suzanne Collins, with a play adaptation created later. Furthermore, the definitive rule for this task states that if the image is AI-generated (which the module signals with high confidence, 0.8), the output must be Misinformation regardless of other signals. The image exhibits clear signs of AI generation, such as nonsensical text and surreal artifacts, making it an unreliable visual representation for any factual claim."
ds6940,Misinformation,0.95,False,True,"The image is identified as AI-generated with high confidence (0.8) due to visual artifacts such as garbled text on the book and surreal, inconsistent lighting. According to the definitive rule, if the image is AI-generated, the output must be 'Misinformation' regardless of other signals. Furthermore, the retrieved evidence does not support the specific claim that this is an Indonesian girl reading a specific anti-trafficking comic; while anti-trafficking comics exist (e.g., distributed by Himalayan Children's Charities in Nepal), there is no evidence linking this specific AI-generated image to a real event or specific Indonesian initiative."
ds8840,Misinformation,0.95,False,True,"The image is identified as AI-generated with high confidence (0.8) by the visual veracity module. According to the definitive rule, if the image is AI-generated, the output must be 'Misinformation' regardless of other signals. Additionally, the image depicts a dump truck on grass, which contradicts the claim's specific detail of 'green asphalt', further supporting the misrepresentation."
ds4482,Misinformation,0.85,False,True,"The claim that 'San Juan Teamsters Didn't Show Up for Work to Distribute Relief Supplies' is false. Evidence indicates that Teamsters in Puerto Rico (specifically Local 901 in San Juan) actively participated in relief efforts, working with union leadership to help members and communities, particularly in the context of disaster response (e.g., Hurricane Maria aftermath or general aid coordination) [2]. Furthermore, recent news regarding San Juan relief supplies involves water rationing due to drought [1, 3] or humanitarian aid sent *from* Puerto Rico *to* Jamaica [2], not a strike or no-show by Teamsters. The image provided is generic and does not depict the specific event described, and the narrative contradicts the documented cooperative efforts of the union in the region."
ds4702,Not Misinformation,0.85,False,True,"The headline asks a question ('Why Friends Think She's Got A Secret') rather than stating a definitive false fact. The retrieved evidence confirms that Gwen Stefani and Blake Shelton have indeed welcomed a child together (Harmony Iris Shelton), as noted in multiple sources dated late 2025. The 'secret' mentioned in the headline likely refers to the private nature of the pregnancy announcement or the 'third party' dynamic in their relationship discussed in recent interviews, rather than a hidden pregnancy that contradicts reality. Since the core premise (that they have a baby and there are discussions/secrets surrounding it) is supported by the evidence, and the image is a genuine photo of the couple, this is not misinformation. The module's answer regarding the birth is consistent with the"
1231,Misinformation,0.85,False,True,"The claim states that Robert Griffin III (RGIII) was a quarterback for the Redskins during pregame warmups at Raymond James Stadium. However, evidence confirms that RGIII was released by the Washington Redskins in March 2016 and did not play for them during the 2016 or 2017 preseason games when the team played at Raymond James Stadium (the specific dates cited for games at that stadium). RGIII was with the Cleveland Browns in 2016 and the Baltimore Ravens in 2017. Therefore, it is factually impossible for RGIII to be warming up as a Redskins quarterback at that stadium during the relevant timeframe. The image likely depicts a different player or a different time, making the specific identification in the headline false."
4217,Not Misinformation,0.65,False,True,"The headline describes a specific narrative about J.Lo and A-Rod's relationship dynamics ('wild', 'passionate', 'next level' kisses). While the retrieved evidence confirms that J.Lo and A-Rod are no longer together (split in 2021) and that A-Rod is reportedly trying to rekindle the romance (as of 2026/2027 context in snippets), the specific claim of 'next level' makeouts is subjective tabloid language. The image shows J.Lo, which is relevant to the subject. The module signals indicate the image is not AI-generated. The evidence snippets [1] from Bossip mention them 'captured kissing in public' during a reconciliation phase, and snippet [2] from Elite Daily discusses their relationship history including kisses. Although the relationship status has changed, the headline likely refers to past"
992,Not Misinformation,0.85,False,True,"The image depicts a flooded area with homes and businesses, which aligns with the claim of high water overrunning properties near the Shiawassee River and Refuge in Michigan. Retrieved evidence confirms that the Shiawassee River has experienced significant flooding due to heavy rainfall, causing overflow and hazardous conditions (Source 1, Source 2). Additionally, reports confirm that Michigan residents and businesses have suffered property damage from recent storms and flooding, with FEMA allocating funds for assistance (Source 3). The Shiawassee National Wildlife Refuge is located in the same region (Saginaw County) and is subject to the same weather events. The image is verified as not AI-generated. Therefore, the headline is supported by evidence of actual flooding events in the specif"
ds6586,Misinformation,0.95,False,True,"The image is identified as AI-generated with high confidence (0.9) by the visual veracity signal. The image depicts a surreal and physically impossible scenario where jellyfish are floating in a bedroom, which contradicts the mundane claim that a person is simply holding their hand on a bed. The presence of floating jellyfish indicates the image is a synthetic creation rather than a factual representation of the described event. According to the definitive rule, if the image is AI-generated, the output must be Misinformation."
ds1582,Misinformation,0.95,False,True,"The claim states that Norway won 3-1 against England in the European Under-21 Championship. While evidence [2] confirms a 3-1 victory for Norway over England in the U21 Championship, this match took place in 2013. The goalkeeper Ørjan Nyland (Nyland Haskjold) was born in 1990, making him 22 years old in 2013. While he was a professional, he was not the starting goalkeeper for the Norway U21 team in that specific 2013 match (the U21 squad typically features younger players, and Nyland's senior career highlights are more prominent later). More critically, the claim implies a recent or specific context that is often associated with the 2026 World Cup matches where England defeated Norway 2-1 (Evidence [2], [3], [1]). The image shows a generic goalkeeper save. The primary misinformation lies i"
ds6549,Misinformation,0.8,False,True,"The image is identified as AI-generated (ai_generated=true, confidence=0.8) due to the presence of surreal elements (angel wings) that are not typical in realistic photography. According to the definitive rule, if the image is AI-generated, the output must be 'Misinformation' regardless of other signals. The headline describes a realistic scenario ('A smiling young mother holding her infant child'), but the image depicts a fantastical scene, making the pairing misleading as it presents an AI-generated fantasy as a real-world depiction."
ds1547,Not Misinformation,0.85,False,True,"The claim is factually supported by the evidence. The size of Watarrka National Park is approximately 105,700 hectares (often rounded to 105,200 in some contexts or referring to specific land parcels, but the magnitude is correct). The evidence confirms that the Martutjarra-Luritja people are the traditional owners and custodians of the land, specifically noting that the 'Garden of Eden' and other areas within Kings Canyon (Watarrka) are sacred to them. While one module answer mentioned 'Anangu' (a broader term often used for Pitjantjatjara/Yankunytjatjara people in the region), the specific evidence links the Martutjarra-Luritja people directly to the custodianship of the area, particularly the Kings Canyon section. The image is a real landscape photo, not AI-generated. Therefore, the cor"
ds9027,Misinformation,0.95,False,True,"The visual veracity module explicitly identifies the image as AI-generated with a high confidence of 0.8, citing unnatural textures and overly perfect crust characteristics. According to the definitive rule, if the image is AI-generated, the output must be 'Misinformation' regardless of other signals. The retrieved evidence confirms that while Chicago deep dish pizza with sausage is a real and common dish, the specific image provided is not a photograph of a real pizza but a synthetic generation."
ds8208,Not Misinformation,0.75,False,True,"The image depicts a protest, and the claim states that activists protested the Summer Olympics in Brazil citing corruption, mismanagement, and wealthy domination. Evidence confirms that significant protests occurred in Brazil (Rio) during the 2016 Summer Olympics. Activists protested against water pollution, broken environmental promises, and the construction of an Olympic golf course (Occupy Golf movement), which were framed as issues of mismanagement and prioritizing wealthy interests over public welfare. While the specific visual details of the image (e.g., specific signs) cannot be fully verified against the text, the event described (activists protesting the Brazil Olympics on grounds of corruption/mismanagement/wealth) is factually supported by multiple sources. The image is not AI-g"
ds1877,Not Misinformation,0.95,False,True,"The claim states that Gordon Taylor settled into his role as chairman of the Professional Footballers Association (PFA) in November 1978 before moving to chief executive in 1981. Multiple retrieved evidence sources confirm these specific dates and roles. The Guardian explicitly states he 'became chairman in November 1978 and chief executive three years later' (1981). The Daily Mail confirms he 'initially became the chairman of the PFA back in November 1978.' BBC and other sources confirm he served as chief executive from 1981 until 2021. The image shows a man in an office setting, which is consistent with the description of a professional role, and the visual veracity check indicates it is not AI-generated. Therefore, the textual claim is factually supported by the evidence."
ds1998,Not Misinformation,0.85,False,True,"The claim that increasing the pace of spending cuts is likely to spark more protests is supported by the retrieved evidence. Evidence [1] from the first query explicitly states that 'Episodes of instability occur twice as often when spending cuts reach 5% of GDP' and that 'Protests induced by austerity also attract far more participants'. Furthermore, recent news reports (Evidence [1], [2], [3] from the second query) confirm that tens of thousands to hundreds of thousands of people have recently protested against spending cuts in France, validating the causal link between spending cuts and public protest. The image depicts a protest with 'NO CUTS' signs, which is consistent with the context of protests against austerity measures. The visual veracity check indicates the image is not AI-gene"
578,Not Misinformation,0.65,False,True,"The image depicts a plausible scene of flood mitigation (pumping/sandbagging) in a flood-prone area. The retrieved evidence confirms that Clarksville, Missouri, has experienced significant flooding from the Mississippi River, with specific reports of flood preparations and cresting waters in recent years (e.g., October 2023, July 2014). While the specific individual 'Bob Bailey' and his rental properties are not explicitly identified in the provided search snippets, the general context of the claim (flooding in Clarksville, MO, requiring pump usage) is factually supported by news reports of flood events in that location. The module signals indicate the image is not AI-generated. Without definitive proof that the person is NOT Bob Bailey or the location is NOT Clarksville, and given the hig"
ds4435,Misinformation,0.85,False,True,"The claim that Trump is removing Marines from the Navy is factually incorrect and relies on a fundamental misunderstanding of the U.S. military structure. The United States Marine Corps (USMC) is a separate branch of the armed forces, distinct from the United States Navy (USN), although they operate closely together under the Department of the Navy. There is no mechanism or historical precedent for 'removing' Marines from the Navy because they are not part of the Navy; they are their own service. The retrieved evidence supports this distinction: Source [1] discusses internal Marine Corps standards and DEI issues, not a transfer to the Navy. Source [3] mentions a Navy veteran losing an election, unrelated to branch structure. The module signals correctly identify the visual as real but the "
4186,Misinformation,0.95,False,True,"The headline claims that James Van Der Beek is alive and interacting with Katie Holmes to make 'Jamie' jealous. However, the retrieved evidence confirms that James Van Der Beek died on February 11, 2026, at the age of 48. A deceased person cannot reignite friendships or engage in social dynamics to provoke jealousy. Furthermore, the 'Jamie' in the headline is likely a confusion with Jamie Foxx (Katie Holmes' ex-husband) or a fictional character, but the core premise of the headline is factually impossible due to the subject's death. The image provided does not depict James Van Der Beek, further disconnecting the visual from the false narrative."
ds5919,Misinformation,0.95,False,True,"The headline claims that Ares is the 'nephew of Zeus and Hera.' This is factually incorrect according to established Greek mythology. Multiple evidence sources confirm that Ares is the son of Zeus and Hera, not their nephew. For instance, Wikipedia explicitly states Ares is 'the son of Zeus and Hera' [1], and Theoi Project confirms he is an Olympian god, the child of the couple [3]. The image provided is a generic classical setting and does not support the specific false genealogical claim, but the primary driver for the 'Misinformation' label is the demonstrably false textual claim in the headline regarding Ares' lineage."
ds379,Misinformation,0.9,False,True,"The claim states that 'Three people died' during the police raid in Saint-Denis. However, multiple credible sources confirm that only two suspects died during the raid (Abdelhamid Abaaoud and a woman who detonated an explosive device). While five police officers were injured and a police dog was killed, no third human fatality is reported in the context of the raid's outcome. Therefore, the specific count of 'three people died' is factually incorrect."
ds3753,Misinformation,0.95,False,True,"The claim that the Icelandic Coast Guard 'rarely performs a service' is factually incorrect and contradicted by extensive evidence. The Icelandic Coast Guard is a highly active agency responsible for national defense, search and rescue, maritime safety, and law enforcement, as it is Iceland's primary defense force. Evidence shows they maintain continuous listening watches, conduct regular patrols (e.g., 'a few times a week'), and are actively involved in recent operations such as migrant rescues in the Mediterranean, surveillance of submarine cables, and responses to maritime emergencies like cargo ship fires. The image of a vessel in turbulent waters is consistent with their active operational role, further undermining the claim of inactivity."
ds6032,Not Misinformation,0.85,False,True,"The image depicts a real ostrich interacting with a human, likely in a sanctuary or farm setting, which aligns with the 'interesting table manners' headline as a humorous description of the bird's feeding behavior (e.g., pecking at food or hands). The visual veracity signals indicate the image is not AI-generated. Evidence confirms that ostrich feeding experiences are common tourist activities (e.g., in South Africa) where birds may exhibit aggressive or chaotic feeding behaviors, justifying the 'interesting' descriptor. The headline is a subjective, humorous caption rather than a factual claim about biological table manners, and the image supports the context of human-ostrich interaction."
3980,Misinformation,0.9,False,True,"The claim that 'Touch My Body is a law' is factually incorrect. 'Touch My Body' is a well-known song by Mariah Carey, released in 2008, not a piece of legislation. While there are laws regarding physical contact (such as assault and battery), there is no specific statute named 'Touch My Body.' The image provided is a generic stock photo of a courtroom, which is irrelevant to the specific claim and does not validate the existence of such a law. The module signals correctly identified the low relevancy and the non-AI nature of the image, but the core claim is false."
ds2845,Not Misinformation,0.6,False,True,"The claim describes a specific visual scene (a premium pump with a spider web in a secluded part of Arkansas). The retrieved evidence confirms that gas pumps exist in Arkansas and that secluded gas stations (such as Nathan Country Store) exist in the state. However, there is no evidence in the search results linking a specific viral image or news story about a 'spider web on a gas pump' in Arkansas. The visual veracity signal indicates the image is not AI-generated (confidence 0.0 for AI generation, implying it is real). Without evidence that the image is fabricated or that the specific event is a known hoax, and given the lack of contradictory evidence proving the image is fake, we cannot definitively label it as misinformation. The claim is plausible as a description of a real photo, eve"
1318,Not Misinformation,0.75,False,True,"The image depicts patrons seated at a bar and in rows, which aligns with the 'relax' and 'bar' aspects of the claim. While the claim mentions 'theater seats' and 'waiting to play bocce', the visual evidence shows a social setting consistent with venues that offer bocce (as confirmed by evidence [1] and [2] in the retrieved section, which list bars and venues with bocce courts). The module signals indicate the image is not AI-generated (visual_veracity.ai_generated=false) and the relevance is only 'partial' because the specific activity of 'waiting' or the specific 'theater' nature isn't fully confirmed, but there is no evidence of fabrication or AI generation. The claim describes a plausible scenario for a bocce bar/venue, and the image supports the general atmosphere. The 'theater seats' "
ds2773,Not Misinformation,0.85,False,True,"The image depicts a Bible and a Book of Mormon in a hotel room drawer, which aligns with the well-documented practice of Marriott International (a major hotel chain with numerous properties in Detroit) placing these specific religious texts in guest rooms due to the company's historical ties to the Church of Jesus Christ of Latter-day Saints. Evidence confirms that Marriott hotels routinely include both the Bible and the Book of Mormon in their rooms [2, 3]. While the image itself does not explicitly identify the specific hotel brand, the presence of these two specific books together is a strong indicator of a Marriott property, making the claim plausible and consistent with known industry practices. The visual is verified as real (not AI-generated)."
ds8795,Not Misinformation,0.6,False,True,"The image is verified as real (AI-generated=false) and depicts two men in formal attire at night, which aligns with the claim's setting. While the specific details of 'wearing sunglasses' and 'crossing the street' are partially obscured or ambiguous in the visual evidence, there is no definitive proof that the image is fabricated or that the caption is a deliberate falsehood. The claim describes a plausible scenario supported by general knowledge (men do wear sunglasses at night for fashion, and men do cross streets at night). Since the image is not AI-generated and the claim is not demonstrably false based on the available evidence, it is classified as Not Misinformation, though with lower confidence due to the partial alignment of specific visual details."
6395,Misinformation,0.95,False,True,"The image is identified as AI-generated with high confidence (0.9) by the visual veracity module, which notes exaggerated facial features and unnatural proportions. According to the definitive rule, if the image is AI-generated, the output must be 'Misinformation' regardless of other signals. The headline 'dont worry beyonce nobody will ever know this was you' implies a deceptive context or a fake identity, which aligns with the nature of AI-generated imagery being used to mislead or create false narratives about a public figure."
ds5285,Misinformation,0.95,False,True,"The claim that Hillary Clinton is secretly planning to run for president in 2024 is false. Multiple credible sources confirm that Hillary Clinton has not announced any intention to run for the 2024 presidency and has explicitly denied such rumors. Instead, she has publicly criticized President Joe Biden's decision to seek reelection in 2024, calling it a 'terrible mistake' (Evidence [2], [3] from the first query). Reports indicate she is focusing on supporting other Democratic candidates and has only hinted at potential future ambitions for 2028, not 2024 (Evidence [1] from the first query). The image of Hillary Clinton does not provide evidence of a secret 2024 campaign plan, and the headline contradicts established public statements and news reports."
ds7674,Misinformation,0.85,False,True,"The image provided depicts a pile of debris or rocks, which is completely unrelated to the claim about visitor statistics in the Scottish Highlands. The module signals correctly identify that the image is not aligned with the claim (relevancy aligned: false). While the image itself is not AI-generated, the pairing of this irrelevant, generic landscape/debris image with a specific statistical claim constitutes misinformation because the visual evidence does not support the text and appears to be a mismatched or stock image used deceptively. The claim itself ('80 of its visitors') is also statistically ambiguous and unsupported by the retrieved evidence, which discusses motivations and duration of stay rather than a specific 80% origin statistic. The primary driver for the 'Misinformation' l"
2728,Not Misinformation,0.9,False,True,"The claim accurately describes the case of Scott Daniel Warren, a US border activist who faced up to 20 years in prison for providing water, food, and lodging to migrants. Evidence confirms that a jury could not reach a verdict (hung jury), effectively refusing to convict him, which aligns with the headline's assertion that 'jurors wouldnt convict him'. The image shows Scott Daniel Warren, confirming the subject of the headline. The retrieved evidence from The Guardian and GV Wire directly supports the specific details of the claim."
ds8721,Not Misinformation,0.85,False,True,"The image depicts a bowl of white rice and broccoli. The headline claims the image shows 'white rice, beef and a vegetable dish'. While the image clearly shows rice and a vegetable (broccoli), it does not visibly contain beef. However, the module signals indicate the image is real (not AI-generated) and the relevancy is 'partial' because the specific ingredient (beef) is missing from the visual. In the context of misinformation detection, a headline that describes a dish generally ('beef and vegetable dish') while the image shows a component of it (rice and vegetable) is often considered a mismatch or incomplete description rather than deliberate disinformation, especially since rice and beef are commonly paired (as supported by evidence [1], [2], [3] in the retrieved data). The image is n"
ds9200,Misinformation,0.95,False,True,"The image is definitively identified as AI-generated (visual_veracity.ai_generated=true, confidence=0.9). The module explanation notes unnatural blending of the dog's shirt and distorted anatomy, which are hallmarks of AI generation. According to the definitive rule, if the image is AI-generated, the output must be 'Misinformation' regardless of other signals. The headline describes a specific scene ('plaid couch with a black dog'), but the image is a synthetic fabrication rather than a real photograph of such a scene, constituting misinformation."
ds3723,Misinformation,0.95,False,True,"The claim that 'The Originals' began airing in 2005 is factually incorrect; the series premiered on October 3, 2013, as confirmed by multiple evidence sources [1, 2, 3]. Furthermore, the image provided is identified as AI-generated with high confidence (0.8). According to the definitive rule, if the image is AI-generated, the output must be labeled as Misinformation regardless of other signals. The combination of a false date and an AI-generated image solidifies the verdict."
7601,Not Misinformation,0.95,False,True,"The claim accurately describes the events surrounding the Holey Artisan Bakery attack in Dhaka on July 1, 2016. Multiple evidence sources confirm that Bangladeshi security personnel were deployed to the scene and stood guard near the restaurant during and after the siege. Specifically, Evidence [3] under 'Bangladesh security personnel response July 2016' contains the exact caption: 'Bangladeshi security personnel stand guard near a restaurant that has reportedly been attacked by unidentified gunmen in Dhaka, Bangladesh on July 1, 2016.' This matches the claim's description of the image content and context. The image is verified as real (not AI-generated) and relevant to the event described."
9081,Not Misinformation,0.85,False,True,"The image depicts a realistic lunch box containing sandwiches and carrots, which aligns with the claim. While the claim mentions a muffin and salad which are not clearly visible in the provided image, the module signals indicate 'partial' alignment and the image is verified as not AI-generated (visual_veracity ai_generated=false). The presence of some missing items in a descriptive claim for a stock-style photo does not constitute misinformation in the context of AI-generated deception or factual impossibility, especially given the partial alignment score. The evidence supports that such lunch combinations are common and realistic."
ds2006,Not Misinformation,0.65,False,True,"The image is verified as genuine (AI-generated=false) and depicts people lined up near an airplane, which aligns with the first part of the claim. The claim also mentions individuals in military uniform. While the retrieved evidence does not provide a specific news story linking a crowd line-up directly to military personnel in a single event, the presence of military personnel at airports is a common occurrence (evidenced by sources discussing troop travel, layovers, and deployments). The module signals indicate partial alignment, noting that military uniform visibility is limited but not impossible. Since the image is real and the scenario described (people near a plane, potentially including military personnel) is plausible and not contradicted by evidence, it is not classified as misin"
ds6266,Misinformation,0.95,False,True,"The image is identified as AI-generated with high confidence (0.9), depicting an impossible scenario of a turkey flying over a cityscape. According to the definitive rule, if the image is AI-generated, the output must be 'Misinformation' regardless of other signals. The headline 'how no one has done this is beyond me' is irrelevant to the visual content, further indicating a mismatch typical of AI-generated misinformation or meme content rather than factual reporting."
708,Not Misinformation,0.85,False,True,"The claim states that in 2011, Carmelo Anthony had to deny reports that his wife, La La Vazquez Anthony, was forcing him to seek a trade out of Denver. Evidence confirms that in April 2011, La La Vazquez Anthony explicitly denied making negative comments about the Denver Nuggets on a radio station, which TMZ reported as her denying she 'blasted' her husband's old team (Source 1, Q4). While the specific phrasing 'forcing him to seek a trade' is a sensationalized interpretation of the media narrative surrounding their move to New York and her public statements, the core event—a public denial by La La regarding her stance on Denver/Carmelo's departure—is factually grounded in the April 2011 TMZ report. The image is a genuine photograph of the couple. Therefore, the headline reflects a real me"
ds354,Not Misinformation,0.95,False,True,"The claim states that Aon was unveiled as the sponsor of Manchester United in July 2010. Evidence confirms that while the sponsorship deal was signed in June 2009 and officially began on June 1, 2010, the new home kit featuring the Aon logo was revealed on July 14, 2010. This public unveiling of the sponsored kit aligns with the 'unveiled' aspect of the claim in July 2010. The image shows jerseys with the Aon logo, consistent with this period. Therefore, the headline is factually supported by the timeline of the kit reveal."
7119,Misinformation,0.85,False,True,"The headline claims Julian Assange is currently at the Ecuadorian embassy and calling for the threat of arrest to be lifted. This is factually incorrect. Evidence confirms that Assange was arrested at the Ecuadorian embassy in London on April 11, 2019, after Ecuador withdrew his asylum. He has since been released from UK prison and returned to Australia following a plea deal. He is no longer at the embassy, nor is he currently facing the specific threat of arrest from that location. The image shows him holding a newspaper, which does not depict the embassy or the specific action described. The module signals correctly identify the visual as real but note the partial alignment; however, the core factual claim of the headline (current location and status) is false, constituting misinformatio"
6424,Misinformation,0.95,False,True,"The image is definitively identified as AI-generated (confidence 0.9), depicting a mythical harpy (a human-bird hybrid) which does not exist in reality. The headline 'harpy coming in for a landing' implies a real-world event involving this creature. Since the subject is a mythological entity and the image is synthetic, the claim that a harpy is landing is factually impossible and constitutes misinformation. The retrieved evidence confirms that while 'harpy eagles' are real birds, 'harpy' creatures from mythology are not real, and the visual evidence shows a fantastical, non-realistic creature."
5060,Misinformation,0.85,False,True,"The headline claims that 'Experts Warn Against Using Smartphones' due to cancer risks. However, the retrieved evidence and module signals indicate that the scientific consensus does not support this warning. Major health organizations like the FDA, CDC, and WHO state that there is no definitive evidence linking smartphone radiation to cancer, and experts generally agree that the risk is low or non-existent for cancer specifically. While some studies suggest potential links to other issues (like male fertility or blue light effects), the broad claim that experts warn against using smartphones due to cancer is contradicted by the majority of expert opinion and official health guidelines. The image is a generic stock photo and does not depict the specific warning or radiation, further weakeni"
3899,Misinformation,0.85,False,True,"The claim states that the Tenth Doctor is accompanied by Rose Tyler in 'The End of Time'. While Rose Tyler (played by Billie Piper) does appear in the two-part special 'The End of Time' (2009-2010), she is not a primary traveling companion in the same capacity as in Series 2 or 4; she appears as a guest star to help the Doctor. More critically, the image provided is a generic stock photo of a futuristic control room with two unidentified individuals. It does not depict David Tennant (the Tenth Doctor) or Billie Piper (Rose Tyler). Using a generic, non-representative image to illustrate a specific character interaction constitutes visual misinformation, as it misleads the viewer into believing the image depicts the actual scene or characters. The visual evidence fails to support the specifi"
ds511,Misinformation,0.85,False,True,"The claim contains multiple factual inaccuracies regarding the 'Whiskey Down' lounge at the MGM Grand in Las Vegas. First, the claim states it boasts 'more than 100 brown spirits'; however, official MGM Grand sources and reputable reviews (e.g., Eater, MGM website) consistently cite a selection of 'more than 50' types of whiskies, not 100. Second, the claim implies a direct association with 'Gambling' as a primary feature alongside whiskey. While the venue is located on the casino floor and is described as a 'gaming lounge' (containing a few blackjack tables and video poker machines as per Eater), it is primarily a high-end bar/lounge, not a gambling hall. The module signals correctly identify the location but fail to catch the numerical exaggeration (50 vs 100) and the misleading framing "
3537,Misinformation,0.95,False,True,"The visual veracity module explicitly identifies the image as AI-generated with high confidence (0.8). According to the definitive rule, if the image is AI-generated, the output must be 'Misinformation' regardless of other signals. Additionally, the claim itself is factually incorrect based on the evidence: action films are a broad parent genre, while martial arts films are a subgenre of action, not the other way around. The evidence confirms that martial arts films are a subset of the action genre, whereas action films encompass many other subgenres like superhero, war, and thriller films."
ds9777,Not Misinformation,0.85,False,True,"The claim that Des Warren and Ricky Tomlinson were blacklisted for their union activity is supported by historical evidence. Both men were part of the 'Shrewsbury 24', a group of trade unionists imprisoned in 1973 for their role in a strike at a construction site (related to 1972/1973 industrial action). Following their imprisonment, Ricky Tomlinson was effectively blacklisted from the building industry, as confirmed by multiple sources stating he 'never worked in the building industry again' and struggled to find work. While the specific year '1975' in the headline might refer to the period of their ongoing struggle or a specific media event, the core assertion of blacklisting due to union activity is factually correct. The image is identified as a genuine historical photograph, not AI-ge"
5524,Misinformation,0.9,False,True,"The claim that Jennifer Aniston sabotaged Brad Pitt's Hollywood comeback is false and contradicts established facts. Evidence indicates that Aniston and Pitt divorced in 2005 due to differing life goals and career demands, with no credible reports of Aniston interfering with Pitt's career post-divorce. Furthermore, Brad Pitt has remained active in Hollywood, attending events like the 'Babylon' premiere in 2023, and there is no evidence of a 'comeback' narrative being sabotaged by Aniston. The headline relies on outdated or fabricated drama rather than current events or factual history."
ds4669,Misinformation,0.85,False,True,"The headline claims that Bradley Cooper and Lady Gaga are in a 'rapturous remake' of 'A Star Is Born'. While the factual premise that they starred in the 2018 remake is true, the provided image does not depict Bradley Cooper or Lady Gaga, nor does it show a scene from that specific film. The module signals explicitly state that the image is not aligned with the headline (confidence 0.2) and does not depict the subjects mentioned. Using an unrelated or incorrect image to illustrate a news story about specific actors constitutes visual misinformation, as it misleads the viewer about the content being described. Although the image is not AI-generated, the mismatch between the visual evidence and the textual claim renders the pair misleading."
2169,Not Misinformation,0.85,False,True,"The image displays a collection of personal items including shoes, a cap, an iPod, and a name tag, which aligns with the headline's description. The visual veracity module confirms the image is not AI-generated (ai_generated=false). The retrieved evidence supports the existence and context of these items: the iPod is a well-documented Apple product (Evidence [1] from Wikipedia), name tags are standard items for events (Evidence [1] from Wikipedia), and shoes/caps are common personal effects. The partial relevancy noted in the module signals is due to the vague nature of 'other items' in the headline, but there is no evidence of fabrication or deception. The items shown are real and consistent with the claim."
889,Not Misinformation,0.75,False,True,"The claim states that migrants are seen on the shore in the eastern Aegean island of Rhodes, Greece. The retrieved evidence confirms that Rhodes is indeed facing a significant migrant crisis, with reports of undocumented migrants arriving by boat and settling on the island (Evidence [1] from rmx.news). The module signals indicate the image is not AI-generated (visual_veracity ai_generated=false) and is partially aligned with the context. While the specific identity of the people in the image cannot be verified solely from the visual, the context of migrants arriving on Rhodes is factually supported by multiple news sources. The confusion in the module's 'answers' section between 'Rhodes' (Greece) and 'Rhode Island' (USA) is noted, but the evidence clearly distinguishes the Greek context. S"
ds4772,Misinformation,0.9,False,True,"The headline claims Ed Sheeran admitted he could 'bed hot women' because of Taylor Swift. The retrieved evidence and module signals indicate that while Ed Sheeran and Taylor Swift are close friends and collaborators, there is no record of Sheeran making such a statement. The evidence shows Sheeran referred to Swift as a 'middle-aged woman trapped in a 20-something's body' in a joking manner regarding her maturity, and discussed their friendship and her engagement to Travis Kelce. The specific claim about bedding 'hot women' due to Swift is not supported by any credible source and appears to be a fabricated or heavily distorted narrative. The module signals also note low relevancy and that the image does not clearly depict the subjects or context claimed, further supporting the misalignment"
ds372,Misinformation,0.85,False,True,"The claim asserts that the specific rusting emergency vehicle in the image was used in the 1970 protests at Jackson State College. While the 1970 Jackson State killings are a verified historical event involving police (emergency vehicles), there is no evidence in the retrieved sources linking this specific generic rusting vehicle to that event. The image appears to be a stock photo or a generic depiction of a rusted vehicle, lacking any specific identifiers (license plates, markings, context) that would verify its provenance. The module's 'answers' section contains a hallucinated or unverified assertion that 'A rusting emergency vehicle is associated with the 1970 protests,' which is not supported by the historical records provided in the evidence (which focus on the shootings and the broa"
6440,Misinformation,0.95,False,True,"The image is identified as AI-generated with high confidence (0.9) by the visual veracity module. The claim describes a surreal scenario involving 'stilt legs' being adjusted on a leader, which aligns with the AI-generated nature of the image rather than reality. While evidence confirms Kim Jong-un has taken smoke breaks in the past (e.g., in Nanning, China), there is no evidence supporting the existence of 'stilt legs' in this context or the specific event depicted. The combination of an AI-generated image and a fabricated narrative constitutes misinformation."
ds2864,Not Misinformation,0.85,False,True,"The image depicts Easter eggs, and the claim that dye can create polka dot patterns is factually supported by common crafting techniques. Evidence [2] from stepbystep.com explicitly details a method for dyeing polka dot eggs using small round stickers, which prevents dye from reaching the covered areas, resulting in dots when peeled. While the specific mechanism in the claim ('dye leaked') is slightly ambiguous (it could imply a mistake or a specific technique like splatter painting), the visual phenomenon of polka-dotted eggs is a real and common result of dyeing processes, not an AI artifact or impossible event. The visual veracity signals confirm the image is real (AI generated: false). Therefore, the claim describes a plausible real-world scenario."
ds9049,Not Misinformation,0.85,False,True,"The claim describes a living room with a fireplace, table, and chair. The module signals indicate the image is a genuine photograph (AI-generated: false) and shows a living room with chairs and a table, but notes the absence of a visible fireplace. The retrieved evidence confirms that living rooms with fireplaces, tables, and chairs are common design elements and that fireplaces can be located in corners or may not be the primary focal point in every layout. Since the image is verified as real (not AI-generated) and depicts a plausible living room scene consistent with the general description (even if a specific feature like a fireplace is not immediately visible or is obscured/absent in this specific instance, it does not constitute 'misinformation' in the sense of fabricated content or d"
1505,Misinformation,0.75,False,True,"The claim states that business rates added 'about 500m' to retailers' costs in the past three years. The retrieved evidence provides specific figures for business rate increases that contradict this total. Evidence [2] from 'finance-friend.co.uk' cites a £140m hike to business rates for the following April, and Evidence [3] from 'bmmagazine.co.uk' cites an extra £242m onto retailers' costs from April. These specific annual or near-term figures (£140m and £242m) do not sum to £500m over a three-year period, and no evidence supports a cumulative £500m increase specifically attributed to business rates over the last three years. The claim appears to either misrepresent the scale of the impact or conflate different cost drivers (such as National Insurance and wages mentioned in Evidence [2]) i"
ds1418,Not Misinformation,0.65,False,True,"The claim describes a specific event: an 'Alternative Olympic Opening Ceremonies' featuring Brazilian music stars. The retrieved evidence confirms that 'Alternative Olympic Opening Ceremonies' are a known phenomenon, often organized by activist groups to protest the official ceremonies (e.g., the 2008 event in Warsaw mentioned in the module signals). While the specific image provided (showing a generic performance) cannot be definitively linked to a specific 'Brazilian' event in the short snippets, the core premise of the claim—that such alternative ceremonies exist and can feature music—is factually grounded. The module signals indicate the image is real (not AI-generated) and the event type is plausible. The lack of specific evidence linking this exact image to a specific Brazilian event"
690,Misinformation,0.95,False,True,"The claim states that Gus Malzahn was the Auburn coach on the sideline during the third quarter. Evidence confirms that Gus Malzahn was fired as Auburn's head coach after the 2020 season and has not coached for Auburn since. As of 2023 and 2026, he is not the Auburn coach (having served at UCF and Florida State, and retiring in 2026). Therefore, any image or caption implying he is currently coaching Auburn is factually incorrect. The module signals also note that the image does not confirm the identity or timing, but the core premise of the claim (Malzahn coaching Auburn) is false based on the timeline."
ds7963,Not Misinformation,0.95,False,True,"The claim states that 96 people died at the 1989 FA Cup semifinal at Hillsborough. Historical records and inquests confirm that 96 people died as a result of the Hillsborough disaster, which occurred during that specific match. Although the provided image is a generic memorial and not directly related to the event (low relevancy), the textual claim itself is factually accurate. The module's visual veracity check confirms the image is not AI-generated. Therefore, despite the irrelevant image, the core claim is true."
ds9935,Misinformation,0.85,False,True,"The headline claims David Cameron is 'celebrating himself' as he heads to the EU summit. However, the retrieved evidence indicates that David Cameron's final EU summit in Brussels (June 2016) was characterized by 'sadness and regret' following the Brexit vote, and he was described as being in a state of humiliation or isolation, not celebration. Furthermore, the module signals indicate that the image is not aligned with the headline (showing a parliamentary setting rather than the summit context). The claim of 'celebrating himself' is factually inconsistent with the historical record of his demeanor at the relevant summit, making the headline a misrepresentation of the event's nature and the image's context."
4960,Not Misinformation,0.95,False,True,"The headline 'J-Rod! Jennifer Lopez and Alex Rodriguez on Love, Beauty, and Redemption' is a direct match for the title of a major cover story published in Vanity Fair in December 2017. Evidence [1] and [2] from the retrieved set explicitly confirm that this specific article exists and features the couple discussing these exact themes. The image depicts the couple in a romantic setting, which aligns with the 'Love, Beauty' aspect of the headline. Although the couple's relationship status has changed since 2017 (they split in 2021), the headline accurately describes the content of the referenced media piece. The module signals indicate the image is not AI-generated and is relevant. Therefore, the claim is factually grounded in the existence of the referenced interview/article."
5286,Misinformation,0.95,False,True,"The claim that Biden accepted illegitimate votes in the 2020 election is false and has been extensively debunked. Multiple sources confirm that lawsuits alleging widespread fraud were dismissed, and audits/recounts verified the election results. The image of Biden speaking is unrelated to the specific false claim about vote legitimacy, and the provided evidence (Snopes, USA Today, Campaign Legal Center) explicitly states that claims of a 'stolen' or 'rigged' election are without merit. The module signals correctly identify the lack of visual relevance and the falsity of the claim."
ds6300,Misinformation,0.95,False,True,"The image is identified as AI-generated (visual_veracity ai_generated=true, confidence=0.9) due to the surreal insertion of a cartoon character into a realistic scene, which violates visual veracity rules. Furthermore, the claim is factually baseless: 'Goldman's Pharmacy' is a fictional location from the animated series 'Family Guy' (owned by Mort Goldman), not a real-world entity where a groundbreaking ceremony could occur. While Hillary Clinton has given speeches at Goldman Sachs (a financial firm, not a pharmacy), there is no record of her breaking ground at a 'Goldman's Pharmacy'. The combination of an AI-generated image and a fabricated event involving a fictional business confirms the content is misinformation."
ds9486,Misinformation,0.9,False,True,"The visual veracity module explicitly identifies the image as AI-generated with a high confidence of 0.8, citing unnatural anatomical structures such as extra limbs and unnatural poses. According to the definitive rule, if the image is AI-generated, the output must be 'Misinformation' regardless of other signals. The retrieved evidence confirms that while striped cats and their interaction with shoes are real-world phenomena, the specific image provided is a synthetic creation, not a factual depiction of the claimed scene."
ds252,Not Misinformation,0.95,False,True,"The claim states that Dave Lee Travis was one of broadcasting's biggest stars in the 70s and 80s. This is directly supported by multiple evidence sources. Specifically, Evidence [1] from BBC News explicitly states: 'In the 70s and 80s, Dave Lee Travis was one of broadcasting's biggest stars.' Additional evidence from Wikipedia and IMDb confirms his prominence during this era, noting his role as a regular presenter on 'Top of the Pops' from 1973 to 1984 and his rise to fame in the 1970s and 1980s. The image signals indicate the image is not AI-generated and is partially aligned with the subject, further supporting the factual nature of the claim regarding the person depicted."
7904,Misinformation,0.85,False,True,"The claim asserts that the image depicts 'Boys from the Mandari tribe' waiting for boats in Terekeka in September 2012. However, the retrieved evidence indicates that the Mandari tribe is primarily pastoralist, known for cattle herding and milk, not fishing (Evidence [2], [3] from Q1). While Terekeka is a fishing community on the Nile (Evidence [1], [3] from Q2), the specific identification of the subjects as Mandari boys is factually inconsistent with the tribe's primary subsistence practices described in the evidence. Furthermore, the module signals explicitly state that the image does not depict boys from the Mandari tribe or the specific context of fishing in Terekeka (relevancy aligned: false). The image appears to be a generic stock photo or unrelated scene mislabeled with a specific"
ds4659,Not Misinformation,0.85,False,True,"The claim that Kanye West auditioned for American Idol in San Francisco and brought Kim Kardashian is factually accurate. Evidence confirms that Kanye West made a surprise appearance and auditioned for American Idol in San Francisco (specifically during the 2015-2016 season, with footage released in early 2016). Kim Kardashian was present and teased the event on social media, confirming her accompaniment. While the headline implies 'See Photos' which may refer to archival images of the couple in San Francisco (such as their 2013 proposal) rather than specific photos of the audition itself, the core factual assertion of the event occurring is true. The image signals indicate the photo is real and depicts the couple, supporting the contextual link."
6609,Misinformation,0.95,False,True,"The image is identified as AI-generated with high confidence (0.9) by the visual veracity module. The image depicts a surreal and physically impossible scenario: a horse levitating on a rocking chair amidst a cloudscape. While the claim mentions a 'small horse on a large wooden chair', the visual evidence shows a fantastical, non-realistic composition that defies physics. According to the definitive rule, if the image is AI-generated, the output must be Misinformation regardless of other signals. The retrieved evidence confirms that while staged photos of horses on chairs exist (e.g., Andalusian horses on armchairs), they are distinct from the surreal, levitating nature of this specific image, which is clearly synthetic."
5292,Misinformation,0.95,False,True,"The headline claims Joe Biden promised to 'abolish the Second Amendment' in a secret recording. Evidence indicates that while Biden advocates for stricter gun control measures (such as universal background checks and assault weapon bans), he has consistently stated that he respects the Second Amendment and does not seek to abolish it. For instance, his campaign website explicitly states the goal is to 'respect the Second Amendment' while addressing gun violence. The claim of a 'secret recording' exposing a promise to abolish the amendment is false; the known 'secret recording' refers to a Spanish-language ad from 2019, which did not contain such a promise. Therefore, the headline is a misleading distortion of his actual policy positions."
5049,Not Misinformation,0.75,False,True,"The headline describes a subjective phenomenon (fan outrage over rankings) rather than a verifiable factual claim about a specific event. The retrieved evidence confirms that 'The Bachelorette' franchise frequently faces controversies, including producer manipulation and fan debates over season rankings (Evidence [1], [2], [3] from Q1; Evidence [1], [2] from Q2). The image is identified as a generic stock-style photo (not AI-generated) and is only partially relevant, serving as a visual placeholder for the topic. Since the image is not AI-generated and the text describes a plausible, documented aspect of the show's reception history without making a specific false factual claim, it is classified as Not Misinformation."
ds8246,Misinformation,0.85,False,True,"The image provided does not depict Tony Abbott, the subject of the headline. The module signals explicitly state that the image shows a different individual and is not aligned with the subject matter. While the headline discusses Australian politics (Tony Abbott, state grants), the visual evidence is mismatched, indicating a misleading or fabricated pairing. The retrieved evidence confirms Tony Abbott's political context but does not validate the specific image used. The mismatch between the visual subject and the textual claim constitutes misinformation."
5575,Misinformation,0.85,False,True,"The claim that Bradley Cooper and Lady Gaga were spotted kissing on a romantic getaway to Italy is false. While the two stars did appear together in Venice, Italy, for the premiere of 'A Star Is Born' at the 75th Venice International Film Festival in August 2018, this was a professional public event (photocall/premiere), not a 'romantic getaway.' Furthermore, there are no credible reports or evidence of them kissing in Italy during that time or any other time; their interactions were professional and friendly, often characterized by on-screen chemistry that fans speculated about, but no private romantic incidents in Italy have been documented. The image likely depicts a generic couple or a different context, and the headline misrepresents a professional appearance as a private romantic eve"
561,Not Misinformation,0.85,False,True,"The claim states that Hurricane Matthew was photographed from the ISS on the afternoon of Oct 3, 2016. Evidence from NASA confirms that the ISS tracked Hurricane Matthew and captured images during that period. Specifically, NASA reports images taken on Oct 4, 2016, and mentions views captured on Oct 7, 2016, at 4:45 pm ET. While the specific date of Oct 3 is not explicitly cited as a photo date in the provided snippets (which highlight Oct 4 and Oct 7), the storm was active and visible from the ISS during this timeframe (Oct 3-4). The module signals indicate the image is not AI-generated and aligns with the event. The slight discrepancy in the specific date (Oct 3 vs Oct 4/7) is minor in the context of a multi-day event where multiple photos were taken, and the core claim of an ISS photo o"
1970,Not Misinformation,0.65,False,True,"The image is identified as a standard bar graph from the 'Cancer Patient Experience Survey 2011/12', which is a real, documented UK government survey (confirmed by evidence items [1] and [2] under the second Q). The visual veracity check indicates the image is not AI-generated. While the specific statistical claim in the headline ('More younger patients...') cannot be definitively verified against the provided evidence snippets (which discuss the survey's existence and general findings on care experience rather than specific financial help demographics), there is no evidence suggesting the image is fabricated or the claim is false. The module signals indicate high relevancy and low AI generation risk. Therefore, it is classified as Not Misinformation, though the specific data point require"
ds1060,Not Misinformation,0.75,False,True,"The image depicts a man holding a child at a candlelight vigil in New York. The retrieved evidence confirms that multiple candlelight vigils have occurred in New York City involving various communities (Nepali, Tibetan, journalists, etc.). While the specific identity of the individuals in the image cannot be verified from the text alone, the scene is consistent with the general context of vigils held in New York. The image is not AI-generated (visual_veracity ai_generated=false), and the headline describes a plausible scenario supported by the existence of such events. There is no evidence suggesting the image is fake or that the event described is false; rather, it aligns with the 'Not Misinformation' criteria as it depicts a real type of event that has occurred."
ds3938,Misinformation,0.95,False,True,"The claim states that Northwestern University is a founding member of the Big Ten Conference starting in 1893. However, the retrieved evidence confirms that the Big Ten Conference was founded in 1896 (specifically as the Intercollegiate Conference of Faculty Representatives). While Northwestern is indeed a charter/founding member, the year 1893 is factually incorrect. Therefore, the claim contains a significant factual error regarding the date."
6399,Misinformation,0.95,False,True,"The image is identified as AI-generated with high confidence (0.8) by the visual veracity module, depicting an impossible scenario of police officers posing with fictional characters (Ninja Turtles). The retrieved evidence confirms that no such real-world event exists; search results for 'Polish police officers Ninja Turtles photo' yield only stock image repositories (Getty Images, Vecteezy) and unrelated TikTok trends, while news searches reveal no connection between Polish police and Ninja Turtles. The combination of AI generation and lack of factual basis classifies this as misinformation."
6807,Misinformation,0.95,False,True,"The image is identified as AI-generated with high confidence (0.9) by the visual veracity module. The image depicts a dragon cooking vegetables, which is a fantastical and surreal scenario that does not exist in reality. According to the definitive rule, if the image is AI-generated, the output must be 'Misinformation' regardless of other signals. The claim describes a realistic scene ('large bowl with vegetables and broccoli'), which contradicts the AI-generated nature of the image showing a mythical creature."
ds9233,Not Misinformation,0.9,False,True,"The image depicts a realistic scene of people waiting at a bus terminal, and the module signals confirm the image is not AI-generated (ai_generated=false). The retrieved evidence supports the general premise that bus terminals are places where people wait for buses, with stock photo descriptions and news articles confirming the existence of such scenes and the high volume of passengers at major terminals. The claim is a general description of a common activity at such locations, which is consistent with the visual evidence and general knowledge."
7506,Not Misinformation,0.65,False,True,"The image is a real photograph of a landscape consistent with the Dedham Vale area (often associated with John Constable's paintings), and there is no evidence it is AI-generated. The headline makes a specific claim about coach parties from Shenzhen visiting the area. While the retrieved web evidence does not explicitly confirm the existence of 'coach parties from Shenzhen' (the module's internal answer claiming this is likely a hallucination or based on unverified niche data not present in the provided snippets), the claim is not demonstrably false or contradictory to the visual evidence. The image depicts a plausible scene for the location described. In the absence of evidence proving the claim is false (e.g., evidence that no Chinese tourists visit, or that the image is fake), and given"
251,Not Misinformation,0.95,False,True,"The claim is supported by multiple pieces of evidence. Sameena Jabeen Ahmed won the 'Best British Newcomer' award at the 2014 BFI London Film Festival for her role in 'Catch Me Daddy' [Evidence 1, 5]. Crucially, Getty Images stock photos confirm that James Corden was one of the presenters who handed her this specific award [Evidence 5, Item 2]. While she also won a 'Most Promising Newcomer' award at the BIFAs, the specific pairing of the 'Best Newcomer' title and James Corden as the presenter aligns with the BFI London Film Festival event. Therefore, the image and headline are factually consistent."
ds1760,Misinformation,0.85,False,True,"The claim states that 'Last year' hundreds of thousands of people joined a 400 km human chain. The evidence indicates that the most famous 400+ km human chain, the Baltic Way, occurred in 1989, not last year. While there was a massive human chain in India in 2020 (which would be 'last year' if the current date is 2021), that chain was 18,000 km long and involved nearly 50 million people, not 'hundreds of thousands' in a 400 km chain. The specific combination of 'last year', 'hundreds of thousands', and '400 km' does not match any major recent event described in the evidence. The image provided appears to be from the Baltic Way (1989) or a similar historical event, making the temporal claim 'Last year' factually incorrect for the visual content and the specific metrics provided."
ds5403,Not Misinformation,0.65,False,True,"The image depicts a real protest scene with an 'IMPEACHMENT' banner, and the visual veracity check confirms it is not AI-generated. The headline presents a speculative analysis ('Speculation Grows', 'Political Strategy or Strategic Distraction?') rather than a false factual claim. The retrieved evidence supports the context: impeachment is a topic of political discussion (evidenced by reports on Democrats planning investigations into Trump rather than immediate impeachment), and concepts of political elites and discourse manipulation are established subjects of political science and media analysis. The image serves as a relevant visual anchor for the topic of impeachment, and the headline's framing as speculation aligns with the current political discourse where impeachment is debated but "
ds8604,Misinformation,0.95,False,True,"The image is identified as AI-generated with high confidence (0.8) due to unnatural anatomical features, specifically extra limbs on the zebras. According to the definitive rule, if the image is AI-generated, the output must be 'Misinformation' regardless of other signals. The headline claims zebras are socializing on rocks in an artificial lake, but the visual evidence is fabricated and does not represent a real event or scene."
ds8578,Not Misinformation,0.75,False,True,"The image depicts a man leaning over the back of a truck, which aligns with the visual content of viral videos showing truck drivers or individuals interacting with Walmart trucks. While the specific claim of 'in front of Walmart' is partially supported by the context of Walmart-related truck incidents (such as the Indianola, MS incident where a truck drove into a Walmart, or general parking lot incidents), the image itself is a plausible representation of such events. The module signals indicate the image is not AI-generated (visual_veracity ai_generated=false), and the retrieved evidence confirms multiple real-world incidents involving men and Walmart trucks, including driving into stores and road rage incidents. The 'partial' alignment suggests the specific location might be ambiguous i"
6114,Misinformation,0.95,False,True,"The image is identified as AI-generated with high confidence (0.8). The visual content depicts a surreal and non-standard watch face featuring a person in a uniform, which does not resemble a Mickey Mouse watch. The claim specifically references a 'mail order mickey mouse watch from russia'. Since the image is AI-generated and does not depict the subject matter (Mickey Mouse), it is a fabricated visual associated with the claim, constituting misinformation."
8341,Not Misinformation,0.85,False,True,"The claim consists of two parts: 1) The Riverside Museum is the European Museum of the Year 2013, and 2) it has seen a drop in visitors. Evidence [1], [2], and [3] from the retrieved sources explicitly confirm that the Riverside Museum in Glasgow won the European Museum of the Year Award in 2013. Regarding the second part, while specific 2023 statistics for the Riverside Museum are not explicitly detailed in the snippets, Evidence [2] from the Museums Association reports a general trend where visitor numbers are down 10% on average across museums compared to pre-pandemic levels, with many reporting significant drops. Given that the Riverside Museum is a major public attraction, it is highly plausible and consistent with the reported industry-wide trend that it has experienced a drop in vis"
1152,Not Misinformation,0.95,False,True,"The image depicts Howard Stern and his wife Beth Ostrosky, which aligns with the claim that they were in attendance at an event. The retrieved evidence confirms that the couple frequently attends public events together, such as the 2017 North Shore Animal League America Gala and various other social functions. The visual signals indicate the image is not AI-generated (confidence 0.0 for AI generation, meaning high confidence it is real). The claim is a general statement of attendance, which is factually supported by their public history of attending events together. There is no evidence suggesting the specific image is fake or that the claim is false."
ds5714,Misinformation,0.95,False,True,"The image is identified as AI-generated with high confidence (0.8). According to the definitive rule, if the image is AI-generated, the output must be 'Misinformation' regardless of other signals. Additionally, the claim that Babur was an 'Educator Paving the Way for Educational Excellence' is historically inaccurate; while he founded the Mughal Empire and wrote memoirs, there is no evidence of specific educational reforms or direct contributions to educational systems, as noted in the module signals and evidence. The combination of a fabricated visual (AI-generated) and a misleading historical attribution confirms the misinformation."
ds9888,Misinformation,0.85,False,True,"The claim states that Jerzy Janowicz took the first set on a tiebreak and that the crowd would be delighted. Evidence [4] from The Guardian confirms that Janowicz did win the first set against Andy Murray at Wimbledon 2013 via a tiebreak (7-6). However, the same evidence and general knowledge confirm that Andy Murray won the match (6-7, 6-4, 6-4, 6-3). The image provided in the module signals is described as showing Janowicz celebrating. While Janowicz did win the first set, the claim implies a positive outcome for him or a specific context of 'delight' that is misleading given he lost the match. More critically, the module's 'answers' section contains contradictory and confusing information, stating he lost to Djokovic (US Open) and won against Murray (Wimbledon), but the specific claim a"
7531,Not Misinformation,0.95,False,True,"The image depicts a protest scene consistent with the Occupy London movement. Historical evidence confirms that Occupy London protesters did occupy the grounds of St Paul's Cathedral and staged specific protests inside the cathedral, such as chaining themselves to the pulpit in October 2012. The module signals indicate the image is real (not AI-generated) and partially aligned with the claim. Given the historical fact that Occupy protests did occur at St Paul's Cathedral, the headline is factually supported by the event it references, even if the specific image might be a general representation of the movement. There is no evidence of AI generation or deliberate falsification of the event's occurrence."
1795,Not Misinformation,0.85,False,True,"The claim states that Justin Fashanu is described as intelligent, witty, honest, and articulate in Nick Baker's 'Forbidden Forward'. Evidence confirms that Nick Baker is the author of 'Forbidden Forward: The Justin Fashanu Story' [1, 2]. The book is described as a 'sensitive but brutally candid portrait' [1] and a 'meticulously researched' biography [2, 3] that offers a 'nuanced portrayal' of Fashanu's life [Module Answers]. While the specific adjectives 'intelligent, witty, honest, and articulate' are not explicitly quoted in the provided snippets, these traits are consistent with the 'candid', 'sensitive', and 'nuanced' nature of the biography which portrays him as a complex, brave pioneer [Module Answers, Evidence 3]. The image is a genuine photograph of Justin Fashanu, and the book's e"
7759,Not Misinformation,0.75,False,True,"The image depicts a power station with cooling towers, which is consistent with the Severn Power Station (formerly Dong Energy) in Newport, South Wales, as confirmed by evidence [1] and [2] which explicitly link Dong Energy to a gas-fired power station in Newport, South Wales, and provide photographic context. The claim regarding the UK government's proposal of gas as a 'bridging technology' is supported by evidence [2] under the 'stance' query, which notes the UK government's focus on gas as a bridging fuel, and evidence [3] under the 'role' query, which discusses the limited role of gas as a bridge in the UK. While the image does not explicitly label the station, the visual features (cooling towers, industrial setting) align with the described facility, and the textual claims are factual"
5697,Misinformation,0.95,False,True,"The image is identified as AI-generated (confidence 0.8), which triggers the definitive rule for labeling the content as Misinformation. Furthermore, the claim that NASA has discovered a 'second moon' that is 'potentially habitable' is factually incorrect. While Earth does have temporary quasi-satellites (mini-moons) like 2024 PT5 or 2025 PN7, these are small asteroids (often less than 100 feet wide) that are not habitable and are not permanent moons. NASA has not announced the discovery of a large, habitable second moon. The visual depiction of astronauts observing a large planet/moon indoors is a surreal, AI-created scenario that does not reflect reality."
3769,Misinformation,0.95,False,True,"The claim 'Tangled is a shoelace' is factually incorrect. 'Tangled' is primarily known as a 2010 Disney animated film, and as an adjective meaning twisted or confused, not a noun for a shoelace. Furthermore, the module signals indicate that the image is AI-generated (ai_generated=true, confidence=0.8). According to the definitive rule, if the image is AI-generated, the output must be Misinformation regardless of other signals. The image depicts a shoelace, but the headline falsely equates the proper noun 'Tangled' with the object itself, creating a misleading association supported by synthetic media."
4905,Not Misinformation,0.85,False,True,"The headline claims that reports of Lindsay Shookus being pregnant with Ben Affleck's baby are untrue. Evidence confirms that Lindsay Shookus and Ben Affleck ended their relationship in 2019 (Source 1, 2, 3 under relationship status). Furthermore, multiple sources explicitly state that there are no credible reports of them expecting a baby together and that they do not plan to expand their families (Source 1 under baby news). While there were rumors in 2018, current updates confirm the couple is no longer together and the pregnancy claims are false. The image, while not depicting the specific individuals (as noted in the module signals), serves as a generic placeholder for the celebrity couple mentioned in the debunked claim. Since the core assertion of the headline (that the pregnancy new"
6026,Misinformation,0.95,False,True,"The image is identified as AI-generated (confidence 0.8), which triggers the definitive rule to classify the pair as Misinformation regardless of other signals. The headline 'oh god jay no youre killing everybody' is sensational and lacks context, while the image appears to be a manipulated or synthetic depiction of a talk show setting, further disconnecting it from any factual event. The retrieved evidence does not support the claim that any 'Jay' is currently 'killing everybody' in the context of the image; rather, it references past legal issues, fictional characters, or hoaxes."
5977,Misinformation,0.85,False,True,"The claim states that Konidela Production Company has emerged as a key player in the Chinese entertainment industry. However, all retrieved evidence and module signals confirm that Konidela Production Company is an Indian film production company based in Hyderabad, India, founded by Ram Charan, focusing exclusively on Indian (Telugu/Hindi) cinema. There is no evidence of any expansion, projects, or involvement in the Chinese entertainment industry. The claim is factually false regarding the company's operations and geographic scope."
104,Not Misinformation,0.9,False,True,"The claim states that while there are hundreds of commercial airlines, not all have inflight connectivity. Evidence confirms there are over 5,000 airlines globally (Wikipedia), and recent benchmarks indicate that only about 70% of airlines offer onboard Wi-Fi, with significant gaps between legacy carriers and budget airlines (Moment Tech, Simple Flying). Therefore, the statement that 'not all' have connectivity is factually correct. The image, showing model airplanes, is relevant contextually to the topic of airlines, even if it doesn't depict connectivity directly. The image is verified as not AI-generated."
ds9954,Misinformation,0.95,False,True,"The claim asserts that Jinyun and Yahong are celebrating in Morecambe Bay. However, historical records and the provided evidence confirm that Jinyun Guo and Yahong Zhang were victims of the 2004 Morecambe Bay cockle-picking disaster, where they and 20 other migrant workers drowned. They did not celebrate in Morecambe Bay; they died there. The image likely depicts a generic scene or unrelated individuals, and the headline falsely recontextualizes a tragedy as a celebration. The module signals correctly identify the lack of evidence for a celebration and the tragic nature of the event involving these names in that location."
ds9091,Not Misinformation,0.85,False,True,"The claim describes a specific artistic composition (colorful umbrella in a black and white city scene). The retrieved evidence confirms that this is a common and widely available stock photography theme, with numerous examples on platforms like Shutterstock, Alamy, and Pexels. The module's 'relevancy' signal was marked as 'false' likely because the specific image provided in the context (which is not visible here but implied by the module output) did not match the description, or the module failed to detect the umbrella. However, since the claim itself describes a real, existing type of image that is prevalent in stock libraries, and there is no evidence that the image is AI-generated (visual_veracity ai_generated=false), the claim is not inherently misinformation. It is a plausible descr"
ds1846,Misinformation,0.85,False,True,"The claim asserts that a vehicle belonging to Rafael Correa's security detail was burned by rioting police outside a hospital in Quito. Evidence indicates that while police did riot and burn vehicles in Quito, this occurred in 2010, not recently, and the police were the aggressors against Correa, not rioting police burning his car in the manner described (often implying police turning on their own or protesters burning police cars). Specifically, in 2010, police held Correa captive and blocked roads, but reports describe protesters burning police cars during later unrest (2019/2023) or police attacking protesters. The specific detail of 'rioting police' setting fire to 'Correa's security vehicle' outside a hospital is a distortion of the 2010 crisis where police were the rioters but were o"
ds2126,Not Misinformation,0.75,False,True,"The image depicts two identical street signs ('EAST ST') placed one behind the other, which aligns with the specific news event in Swansea, Wales, where residents found two identical signs on Llangyfelach Street (Evidence [1]). While the headline claims they are 'pointing in the opposite directions,' the visual evidence and the specific news report indicate they are stacked/one behind the other, likely facing the same direction or one obscured. However, the core claim of 'identical street signs' is verified by the Swansea incident. The directional discrepancy is a minor inaccuracy in the headline's description of the orientation rather than a fabrication of the event itself. The image is not AI-generated (Visual Veracity: false), and the context matches a real-world occurrence of identical"
ds8631,Misinformation,0.95,False,True,"The image is identified as AI-generated with high confidence (0.8). The module signals explicitly state that the image depicts bananas and apples, not oranges, and lacks the described potted plants and tree context. The headline claims the image shows 'Apples and oranges and a tree with branches in front of potted plants,' which directly contradicts the visual evidence (bananas instead of oranges) and the AI-generated nature of the image. According to the definitive rule, if the image is AI-generated, the output must be Misinformation."
ds6054,Not Misinformation,0.85,False,True,"The claim 'everyone knows dachshunds dont work over water' is interpreted as a colloquial expression regarding the breed's poor swimming abilities and lack of utility in aquatic environments, rather than a literal claim that they physically walk on water. The retrieved evidence confirms that Dachshunds are generally poor swimmers due to their body structure (heavy chest, short legs) and were bred for hunting burrowing animals, not for water work. While some individuals may swim, the breed is not known for water capabilities, making the generalization in the claim factually grounded in breed characteristics. The image appears to be a real photo (AI generated=false) of a person and dog on water, which does not contradict the claim about the dog's typical limitations."
595,Not Misinformation,0.85,False,True,"The image depicts the Cleveland skyline, and Edgewater Park in Cleveland, Ohio, is a well-known location for viewing this skyline from the shores of Lake Erie. The retrieved evidence confirms that Edgewater Park offers views of the Cleveland skyline and that photos taken from this location are common. While the specific date of 2012 cannot be definitively verified from the provided snippets (which mostly reference recent posts or general history), the visual content aligns with the claim's description of the location and subject. There is no evidence of AI generation or manipulation, and the location identification is consistent with known geography and photography practices in Cleveland."
ds4857,Misinformation,0.85,False,True,"The headline claims Kourtney Kardashian is teasing Scott Disick about a pregnancy scare involving Younes Bendjima. However, the retrieved evidence contradicts the core premises of this claim. First, Kourtney Kardashian is currently married to Travis Barker and is pregnant with his child (or recently gave birth, depending on the specific timeline of the 'scare' vs current status, but definitely not with Younes). Evidence [3] from The Mirror confirms she is expecting her first child with Travis Barker. Second, regarding Scott Disick, evidence [1] and [3] from Yahoo indicate that Kourtney has 'lost respect' for him and wants him out of the family, making the idea of her 'teasing' him about a romantic/sexual matter with another man (Younes) highly inconsistent with reported relationship dynami"
8858,Misinformation,0.85,False,True,"The claim describes a man 'walking on his back' in the snow. The provided image shows a person skiing, not walking on their back. The module's 'relevancy' signal correctly identifies this mismatch, stating the image does not match the description. While the 'visual_veracity' signal indicates the image is not AI-generated, the core issue is the misrepresentation of the activity (skiing vs. walking on back). In the context of misinformation detection, pairing an image of a skier with a headline claiming a man is walking on his back is a clear case of misleading content, as the visual evidence contradicts the textual claim. The 'walking on his back' phrase is likely a misinterpretation of 'view from back' or 'walking on snow', but the image clearly depicts skiing equipment (skis/ski poles) an"
ds4896,Misinformation,0.85,False,True,"The claim that Nicole Richie is currently pleading with Sofia to end a romance with Scott Disick is factually incorrect and misleading. Evidence confirms that Sofia Richie and Scott Disick ended their relationship in May 2020, nearly four years ago. Therefore, there is no current romance to end, making the premise of the headline false. While Nicole Richie has historically advised Sofia on privacy and career matters, the specific scenario described is based on outdated information presented as current news. The image is likely a stock photo or unrelated visual, as the event described is not happening."
8916,Not Misinformation,0.65,False,True,"The image depicts a white toilet in a bathroom with black tiled walls, which aligns with the general aesthetic described in the claim (white toilet, black elements). While the claim mentions a 'black mirror' and 'tiled floor', the module signals indicate the image does not explicitly show a mirror or a tiled floor (likely showing walls instead). However, the visual veracity is confirmed as real (not AI-generated), and the retrieved evidence supports that black-and-white bathroom designs with black mirrors and tiles are common and plausible. The discrepancy in specific details (mirror/floor vs walls) suggests the headline might be slightly inaccurate or referring to a different part of the room not fully visible, but it does not constitute definitive misinformation given the lack of AI gene"
ds562,Not Misinformation,0.95,False,True,"The claim that 30,000 people gather in Hawaii to celebrate SPAM is supported by multiple evidence sources. The Waikiki Spam Jam is a well-documented annual event. Specifically, evidence [1] from the query 'Hawaii SPAM festival attendance 30000' states that 'more than 30,000 visitors flocked to the' event in 2025. Other sources cite attendance figures of 'thousands' or 'estimated 35,000', which aligns with the claim of 30,000 as a representative figure for the crowd size. The image signals confirm the event is real and not AI-generated. Therefore, the headline is factually accurate."
ds5647,Misinformation,0.95,False,True,"The claim that Pfizer CEO Albert Bourla admitted the COVID-19 vaccine causes permanent brain damage is false. Extensive fact-checking by reputable sources (e.g., Snopes) and official statements from Pfizer and the FDA confirm that no such admission was made. While there have been controversies regarding Pfizer's statements on vaccine efficacy against transmission and vaccination of children, these do not support the specific allegation of admitting to causing permanent brain damage. The visual evidence provided is a generic presentation image and does not substantiate the specific claim. The retrieved evidence explicitly refutes the idea that the CEO made such an admission, noting instead that he emphasized rigorous testing standards."
160,Misinformation,0.85,False,True,"The claim asserts that a specific cat named 'Dorothy' was shot in Newport. The retrieved evidence fails to identify any cat named Dorothy involved in such an incident. Evidence [1] under 'Pellet gun incidents Newport cat' confirms a 2010 incident in Newport involving a cat named 'Rouley', not Dorothy. Other evidence snippets refer to unrelated topics (Wizard of Oz, general RSPCA statistics, or non-English/irrelevant content). The module signals also note that the image is a generic cat in a cone and does not verify the specific identity or injuries of 'Dorothy'. Since the specific entity 'Dorothy' cannot be linked to the event in the evidence, and the only specific Newport cat incident found involves a different name, the claim is considered misinformation due to the lack of factual suppor"
ds7704,Misinformation,0.85,False,True,"The image depicts a golf course, which is visually inconsistent with the headline's claim of an 'aerial view of the River Severn winding through Leighton'. The River Severn is a major waterway, and an aerial view of it would prominently feature the river itself, not a manicured golf course. The module's relevancy signal correctly identifies this mismatch (aligned: false). While the headline describes a real location (Leighton, Shropshire) where the River Severn exists, the specific image provided does not show the river or the landscape described. Instead, it shows a generic golf course, likely a stock photo mislabeled or used deceptively to represent the location. This constitutes a mismatch between the visual content and the textual claim, fitting the definition of misinformation in this"
ds451,Not Misinformation,0.95,False,True,"The retrieved evidence confirms that Paul Wilson, a drink-driver, struck and killed Alwyn Pritchard, a PCSO, while driving at high speed (119mph) and subsequently fled the scene. Multiple sources, including BBC News and Wales Online, explicitly state that Wilson 'ran away from the scene' or 'fled the scene' after the collision. Although the module signals indicate the image is not aligned with the specific subjects (likely because the image is a generic stock photo or unrelated portrait), the textual claim itself is factually accurate based on the provided evidence. The definitive rule for 'Misinformation' based on AI generation does not apply as the image is not AI-generated. Therefore, the claim is supported by evidence."
ds4380,Misinformation,0.95,False,True,"The headline claims Nancy Pelosi is resigning due to 'new revelations,' which is a false claim. While Nancy Pelosi did resign as Speaker of the House in January 2023, she did not resign from Congress, nor did she resign recently due to scandalous 'new revelations' as implied by the sensationalist headline. Fact-checking organizations like PolitiFact have explicitly debunked similar headlines from NRTOnline as fabricated hoaxes. The image is a standard photograph of Pelosi, but the textual claim is demonstrably false and misleading."
1204,Not Misinformation,0.95,False,True,"The claim describes a specific historical event: the ambush of Jalisco state police on a road where 15 officers were killed. Evidence confirms that on April 6, 2015, a convoy of Jalisco State Police was ambushed by the Jalisco New Generation Cartel (CJNG) in San Sebastián del Oeste, Jalisco, resulting in the deaths of 15 officers and injuries to five others. The image shows police presence on a road, which is consistent with the context of such an event (though the specific image may be stock or from a different time, the core factual claim of the headline is historically accurate and not fabricated). The module signals indicate the image is not AI-generated and is partially aligned. Since the event described actually happened, the headline is not misinformation."
ds5364,Not Misinformation,0.85,False,True,"The headline accurately reflects verified events. Don Lemon did make controversial remarks, specifically stating that white men are the biggest terror threat to the U.S. and that women over 50 are no longer in their 'prime,' which led to significant media backlash and internal discussions at CNN regarding his future (and eventual departure). The image is a genuine photograph of Don Lemon, and the module signals confirm the visual veracity and the factual basis of the claims in the answers. The headline's use of 'CNN's Scandal' is a subjective framing of the controversy, but the core facts (controversial remarks, bias allegations, outrage/backlash) are supported by evidence."
ds8199,Not Misinformation,0.95,False,True,"The headline claims that the death of a former Putin aide at a DC hotel was ruled accidental. Evidence from CNN, BBC, and Talking Points Memo confirms that Mikhail Lesin, a former aide to Vladimir Putin, was found dead in a Washington D.C. hotel in November 2015, and in October 2016, US authorities ruled his death an accident due to blunt force trauma and excessive alcohol consumption. The module's visual veracity signal indicates the image is not AI-generated, and while the image itself lacks specific context, the factual claim in the headline is supported by multiple credible news sources."
ds9128,Misinformation,0.85,False,True,"The image is identified as AI-generated with high confidence (0.8) by the visual veracity module. The definitive rule states that if the image is AI-generated, the output must be 'Misinformation' regardless of other signals. The rationale provided by the module notes unnatural lighting, uniform background, and anatomical inconsistencies, which are characteristic of AI generation rather than a real photograph. Therefore, presenting this image as a factual depiction of a specific real-world event or location is misleading."
ds8717,Not Misinformation,0.95,False,True,"The image depicts a standard bedroom scene with a bed, blanket, and pillows. The module signals confirm the image is not AI-generated (visual_veracity.ai_generated=false) and is relevant to the claim. The claim 'a pillow with a blanket and some pillows' is a descriptive statement that accurately matches the visual content. There is no evidence of manipulation, fake news, or deceptive intent. The retrieved evidence supports the existence and styling of such items in home decor contexts."
ds1226,Misinformation,0.85,False,True,"The claim asserts that a specific individual, Matt Hampton, is carrying belongings from his flood-damaged web design office in Hoboken, NJ. While evidence confirms that Hoboken has experienced flooding (e.g., September 2023, September 2025), there is no evidence linking Matt Hampton to a web design office in Hoboken or to any flood damage incident. Search results identify a Matt Hampton as a technologist/strategist in Maryland (Envoy Design) and a Matt Flood as a web designer in Sydney, Australia, but no 'Matt Hampton Web Design' office in Hoboken. The image shows a generic scene of someone carrying items through water, which is likely a stock photo or unrelated image mislabeled to fit the specific, unverified claim. The lack of any corroborating evidence for the specific person and locati"
ds4978,Not Misinformation,0.9,False,True,"The claim states that Nicole Kidman won for Outstanding Lead Actress in a Limited Series or Movie at the 69th Emmy Awards. According to the Television Academy and general records, the 69th Primetime Emmy Awards were held in 2017. Nicole Kidman won the Primetime Emmy Award for Outstanding Lead Actress in a Limited Series or a Movie for her role in 'Big Little Lies' at this specific ceremony. The retrieved evidence confirms she has won two Emmys and specifically links her to the 69th awards context in the module signals (which correctly identifies the year and category). The image shows a woman holding an award, which is consistent with the event, although the module incorrectly identifies the trophy as an Oscar (it is an Emmy statuette), this is a minor visual misidentification by the modul"
6327,Misinformation,0.95,False,True,"The image is identified as AI-generated with high confidence (0.9) by the visual veracity module. The module notes clear signs of manipulation, including a distorted face and unnatural hand positioning, which are characteristic of AI synthesis rather than authentic photography. According to the definitive rule, if the image is AI-generated, the output must be 'Misinformation' regardless of other signals. The headline 'in a fish market long ago and far away' implies a historical or specific real-world context, but the image is a synthetic fabrication, making the pairing misleading."
ds1360,Not Misinformation,0.85,False,True,"The image depicts Franz-Peter Tebartz-van Elst, the Bishop of Limburg, which aligns with the subject of the headline. The date provided (August 30, 2013) falls within the period of significant controversy surrounding his lavish spending, which became public in August 2013 (as noted in evidence [3] from the answers module and [2] from the retrieved evidence). While the specific event of 'walking out' on that exact date is not explicitly detailed in the snippets, the context is historically accurate: he was the active bishop during this time, facing intense scrutiny and protests (evidence [2] from retrieved evidence). The image is verified as not AI-generated. The headline describes a plausible event during a period of high-profile conflict involving the subject and the location. There is no"
ds3180,Misinformation,1.0,False,True,"The claim states that Watertown, Massachusetts is in Vermont. This is factually incorrect. Multiple evidence sources confirm that Watertown, Massachusetts is a city located in Middlesex County, Massachusetts, and is part of the Greater Boston area [1], [3]. It is bordered by Belmont, Waltham, Newton, and Cambridge, not located in Vermont. The headline presents a false geographical assertion."
ds6722,Misinformation,0.95,False,True,"The image is identified as AI-generated (visual_veracity.ai_generated=true, confidence=0.8) due to surreal elements like a green laser effect and unnatural features. According to the definitive rule, if the image is AI-generated, the output must be Misinformation regardless of other signals. The headline 'Many children surrounded around a person with a beard on' implies a real-world event or stock photo context, but the image is a synthetic creation, making the claim misleading in the context of factual reporting."
ds4618,Not Misinformation,0.95,False,True,"The claim that Justin Bieber accidentally hit a photographer with a pick-up truck after a church service is factually correct and well-documented. Multiple credible news sources confirm that on July 27, 2017, Justin Bieber struck a 57-year-old paparazzo with his pickup truck while leaving a Hillsong Church service in Beverly Hills, California. The incident was widely reported as an accident, and the photographer sustained non-life-threatening injuries. The image provided is identified as a genuine photograph (not AI-generated) and depicts Justin Bieber, aligning with the subject of the verified event."
ds2707,Not Misinformation,0.85,False,True,"The claim describes a scene using anthropomorphic and metaphorical language ('stealing a private moment', 'giggling'). The image shows two palm trees that appear close together, which visually supports the 'stealing a private moment' interpretation as a poetic description of their proximity. The 'giggling' aspect is clearly metaphorical, referring to the sound of wind in the fronds or simply personifying the trees for humorous effect, which is a common literary device. The evidence confirms that palm trees have unique shapes and do not possess consciousness or human-like behavior, meaning the claim is not asserting a literal biological fact but rather describing a visual impression or artistic interpretation. Since the image is not AI-generated (visual_veracity ai_generated=false) and the "
ds4910,Not Misinformation,0.85,False,True,"The headline claims Gwen Stefani is still in love with Blake Shelton and has never tried to change him. Evidence from multiple sources confirms that the couple is still together and in a 'honeymoon phase' as of recent updates (2023-2024), with Stefani describing Shelton as her 'best friend' and expressing deep love. While there are rumors of separation or issues, the primary narrative supported by major outlets (Fox News, Yahoo Entertainment, People) is that they are happily married. Regarding the claim that she 'has never once' tried to change him, while Stefani has admitted to early relationship 'chaos' and 'turmoil,' there is no credible evidence suggesting she attempted to fundamentally change his identity or orientation, and she has publicly affirmed her acceptance of him. The image i"
ds1096,Not Misinformation,0.75,False,True,"The claim states that lab technicians in Puerto Rico process Zika tests at the CDC's dengue branch in San Juan. Evidence confirms that the CDC Dengue Branch is located in San Juan, Puerto Rico, and has historically focused on dengue and other Aedes-transmitted viruses (including Zika) since 1972. Furthermore, evidence indicates that CDC entomologists and lab technicians in Puerto Rico have performed testing (including bioassays and mosquito sample analysis related to Zika) at this facility. While the branch's primary historical focus is dengue, it operates under the Division of Vector-Borne Diseases and handles testing for arboviruses like Zika, making the claim factually grounded. The image shows a generic lab setting which is consistent with the described activity, and the visual veracit"
ds803,Not Misinformation,0.85,False,True,"The claim states that Johnny Maurice Avery is accused of shooting 81-year-old Mildred Martin to death on her front porch in northwest Atlanta. Evidence confirms that Mildred Martin, an 81-year-old woman, was indeed shot and killed on her porch in northwest Atlanta on July 27, 2015 [2, 3]. Furthermore, specific evidence indicates that Johnny Maurice Avery was indicted for the murder of Mildred Martin, facing charges related to her death [4]. While initial reports described the death as caused by a stray bullet, the indictment of a specific individual (Avery) supports the claim that he is 'accused' of the shooting. The image is a real mugshot (not AI-generated), and the core factual elements of the headline (names, location, event type, and accusation) are supported by the retrieved evidence"
9249,Misinformation,0.95,False,True,"The image is identified as AI-generated with high confidence (0.9) due to surreal characteristics such as horns and distorted anatomy, which are not present in real elephants. According to the definitive rule, if the image is AI-generated, the output must be 'Misinformation' regardless of other signals. The headline describes a realistic scenario (mother and baby elephant by a dry pool), but the visual content is fabricated, making the pair misleading."
ds4946,Misinformation,0.85,False,True,"The headline claims that specific celebrities (J.J. Watt, Tyler Perry, Jamie Foxx) gave 'big' donations to relief funds for deadly Texas floods. However, the retrieved evidence indicates that claims of celebrity donations for Texas flood relief (specifically referencing July 2025 events in the evidence, though the claim references October 2023 floods) have been debunked as false or exaggerated. Politifact explicitly states that Facebook posts claiming multiple celebrities donated tens of millions were 'not based on any real announcements or reports.' Furthermore, the evidence regarding J.J. Watt, Tyler Perry, and Jamie Foxx specifically shows no records of such donations, with search results focusing on unrelated topics (e.g., Tyler Perry movies, Kai Cenat meetings). While J.J. Watt is a k"
1436,Not Misinformation,0.95,False,True,"The retrieved evidence confirms that musician Buddy Guy attended the Kennedy Center Honors reception at the White House on December 2, 2012. Specifically, stock photo descriptions from Alamy and news reports from NBC Chicago explicitly state: 'Musician Buddy Guy attends the Kennedy Center Honors reception at the White House in Washington, DC, USA, on December 2, 2012.' The image shows a man in formal attire consistent with this event. Although the module signals provided conflicting information about the year (mentioning 2022 in one answer), the definitive historical record and visual evidence support the claim that Buddy Guy attended such a reception at the White House. The claim does not specify a year, making it factually accurate based on the 2012 event."
ds1062,Not Misinformation,0.95,False,True,"The image and headline accurately describe a specific event: WMATA's SafeTrack Surge #4, which affected the Yellow Line in Washington D.C. in July 2016. Evidence [1] from WMATA confirms that Surge #4 began on July 12, 2016, and involved a shutdown of the Blue and Yellow lines. Evidence [1] from the Washington Post explicitly titles a guide 'Your guide to riding the Yellow Line during SafeTrack's fourth surge,' matching the headline almost verbatim. The module's visual veracity assessment correctly identifies the image as non-AI. Although the module's internal answers contain some confusion regarding dates (mixing 2016 and 2023) and locations (Chicago vs. DC), the core claim that such a guide existed for the 2016 event is factually supported by the retrieved evidence."
ds1686,Not Misinformation,0.85,False,True,"The claim states that John McCririck was a reporter for Channel 4 Racing from 1984 until 'last year' and said he had been very loyal. Evidence confirms McCririck worked for Channel 4 Racing starting in 1984 when the rights moved from ITV [1, 2]. He left the channel in October 2012 [2, 3]. The phrase 'last year' in the claim is ambiguous without a specific reference date for the claim's publication. However, given that McCririck died in 2019, if the claim was made in 2013, 'last year' would refer to 2012, which is factually correct. If the claim is current (post-2019), it is factually incorrect regarding the end date. However, the core assertion of his tenure starting in 1984 and his general loyalty is supported by evidence [3]. The module signals indicate the image is real and relevant. Th"
7439,Misinformation,0.95,False,True,"The claim states that President Obama held a campaign event in Roanoke 'earlier this month' (implying a recent event, likely October 2023 given the context of the retrieved evidence queries). However, Barack Obama is not currently running for office and has not held any presidential campaign events in 2023. The retrieved evidence confirms that Obama did speak in Roanoke, Virginia, but this occurred on July 13, 2012, during his re-election campaign (Source 2, Source 3). The image is likely a recycled photo from the 2012 event being falsely presented as a recent 2023 event. Since the temporal context ('earlier this month') is factually impossible for a sitting/former president's campaign event in the current year, the headline is misleading and constitutes misinformation."
8870,Not Misinformation,0.85,False,True,"The image depicts a standard bathroom scene with a bathtub and tiled walls, which is consistent with the setting described in the claim ('small bathroom'). While the module signals indicate that specific objects (bath towels hanging over the tub) are not clearly visible or are ambiguous in the image, the image itself is not AI-generated (visual_veracity ai_generated=false) and does not contain obvious artifacts suggesting fabrication. The claim describes a plausible scenario for a bathroom, and the image serves as a generic representation of such a space. The lack of specific visual evidence for the towels does not make the image 'misinformation' in the sense of being a fake or deceptive AI generation; rather, it is a low-relevancy match. Since the image is real and the claim is not demons"
ds8989,Not Misinformation,0.6,False,True,"The image is verified as not AI-generated (visual_veracity.ai_generated=false). The claim describes two women sitting near a window next to a table covered in fruit. The retrieved evidence [3] from shedevrum.ai explicitly describes a scene with 'Two women are sitting by the window' and a 'small coffee table between them', which aligns with the core elements of the claim (two women, window, table). While the specific detail of 'fruit' on the table is not explicitly confirmed in the text snippets (which mention napkins and water), the visual context of a table next to a window with two women is supported by the evidence. The 'partial' relevancy in the module signals is due to the ambiguity of the fruit, but there is no evidence contradicting the presence of fruit, nor is there evidence sugge"
7101,Not Misinformation,0.95,False,True,"The claim states that Rafael Nadal played Facundo Bagnis in the second round. Evidence confirms that Rafael Nadal did indeed play Facundo Bagnis in the second round of the 2016 French Open (Roland Garros) on May 26, 2016 [2], [3]. The image shows a tennis player in action, consistent with the described event. Although the module signals indicate partial alignment because the specific opponent isn't visually verifiable from the image alone, the factual claim regarding the match existence and round is supported by multiple sources. The image is not AI-generated. Therefore, the headline is factually accurate regarding the event described."
ds7980,Misinformation,0.95,False,True,"The headline claims that Japan will host the 'next World Cup' in 2019. This is factually incorrect regarding the FIFA World Cup, which is the most common referent for 'World Cup' in general sports contexts. Japan did not host the FIFA World Cup in 2019; that tournament was held in Russia in 2018, and the 2019 FIFA Women's World Cup was hosted by France. Japan did host the Rugby World Cup in 2019, but the headline's phrasing ('the next World Cup') without qualification implies the premier FIFA tournament, making the claim misleading and false. The evidence confirms Japan hosted the Rugby World Cup, not the FIFA World Cup, in 2019."
ds9213,Misinformation,0.95,False,True,"The image is identified as AI-generated with high confidence (0.8) by the visual veracity module. The module notes that the airplane is at an unusual angle, the background lacks realistic depth, and the terrain is oddly shaped, which are characteristic artifacts of AI generation rather than real photography. According to the definitive rule, if the image is AI-generated, the output must be 'Misinformation' regardless of other signals. While the headline describes a physically possible scenario (planes leaving contrails), the use of an AI-generated image to represent a specific event or claim constitutes misinformation in this context."
ds8942,Not Misinformation,0.85,False,True,"The image depicts a rustic, old-fashioned kitchen setup, which aligns with the claim. The visual veracity signals indicate the image is not AI-generated (confidence 0.0 for AI generation, implying high confidence it is real). The retrieved evidence supports the existence and aesthetic of 'old-fashioned' or 'traditional' kitchens, describing them as welcoming, functional, and timeless (Sources 1, 2, 3 from The Spruce and BHG). While the specific claim that it is 'set up for guests' is an interpretation of the scene, the visual evidence of a clean, organized, and styled kitchen supports this plausible context. The evidence confirms the style exists and is appreciated for its charm, making the headline a reasonable description of the image content without being demonstrably false or misleadin"
2649,Not Misinformation,0.85,False,True,"The image depicts a plausible natural phenomenon where vegetation grows around or through abandoned machinery, a scenario commonly documented in photography and stock imagery (e.g., Shutterstock, Dreamstime) as 'nature reclaiming industry'. The visual veracity signals indicate the image is not AI-generated (confidence 0.2 for AI, implying high confidence for real). The retrieved evidence supports the existence of abandoned farm equipment in wooded areas and the aesthetic of nature overgrowing such items. There is no evidence suggesting the specific image is fabricated or misleading; it aligns with common visual tropes of rural decay and reclamation."
ds8677,Misinformation,0.85,False,True,"The image is identified as AI-generated with high confidence (0.8). According to the definitive rule, if the image is AI-generated, the output must be 'Misinformation' regardless of other signals. The visual evidence supports this, noting unnatural arrangements and textures typical of AI generation. Additionally, the claim mentions 'various fruits on plate,' but the image primarily shows an orange and spinach, which is a significant discrepancy, further supporting the mislabeling."
2915,Not Misinformation,0.75,False,True,"The image depicts a restroom sign that appears to be a standard visual map, not a tactile map designed specifically for the blind. The retrieved evidence indicates that tactile 3D-printed restroom maps (such as those by Even Grounds) are a specific, emerging accessibility solution but are not common or standard in most public restrooms. The claim that the entrance has a 'detailed map for the blind' implies a specific accessibility feature (tactile/braille) that is not visually present in the image (which shows a flat, visual graphic). However, the image is real (not AI-generated) and shows a restroom map. The claim is likely a misinterpretation of a standard visual map as an accessibility tool, or a hyperbolic description. Since the image is real and the object is a map, but the specific a"
4752,Misinformation,0.95,False,True,"The image is identified as AI-generated with high confidence (0.8), which triggers the definitive rule to classify the pair as Misinformation. Furthermore, the visual content does not depict Robert Pattinson or Kristen Stewart, nor does it show the specific 'buzz cut' scenario described in the headline. The retrieved evidence confirms there is no credible report of a feud between the two over hairstyles, and Pattinson has not recently sported a buzz cut in a context that would support this clickbait claim. The combination of an AI-generated image and a fabricated narrative constitutes misinformation."
ds8815,Misinformation,0.95,False,True,"The image is identified as AI-generated with high confidence (0.9) by the visual veracity module. The image depicts a bear's head emerging from under a blanket, which is a surreal and impossible scenario for a real-life context, confirming it is not a genuine photograph of a baby blanket. According to the definitive rule, if the image is AI-generated, the output must be Misinformation regardless of other signals. The headline claims the image shows a 'white, beige and brown baby blanket under a beige/white comforter,' but the visual content is an AI-generated fantasy image of a bear, making the claim misleading and false."
3855,Misinformation,0.95,False,True,"The claim is false on multiple factual grounds. First, 'Maximum Overdrive' is a 1986 science fiction horror film directed by Stephen King, not a 1980 romance film [1, 2]. Second, the image provided is identified as AI-generated (confidence 0.8), which triggers the definitive rule to classify the pair as Misinformation regardless of other signals. The visual content (a romantic scene) does not depict the actual film, further supporting the misinformation label."
2756,Misinformation,0.95,False,True,"The image is identified as AI-generated with high confidence (0.9) by the visual veracity module, which notes unnatural and distorted features resembling claws rather than human anatomy. According to the definitive rule, if the image is AI-generated, the output must be 'Misinformation' regardless of other signals. Additionally, while the headline references a real person (Abul Bajandar) and past medical events, the claim that he is 'cured' is factually contested by recent reports (2023-2025) stating his condition has returned and he is in pain, making the headline misleading even if the image were real. However, the primary driver for the 'Misinformation' label here is the AI-generated nature of the image."
ds7291,Not Misinformation,0.85,False,True,"The image depicts Nicky Henderson with the horse Sprinter Sacre. Evidence confirms that Sprinter Sacre was trained by Nicky Henderson at Seven Barrows stables and that Henderson hosts annual Lambourn Open Days where former stable stars like Sprinter Sacre are showcased (Evidence [1], [2] from Q1). While the specific date of February 2013 is not explicitly confirmed by the visual or text to be an 'open day' (Sprinter Sacre was active in competition then, with a notable Cheltenham win in March 2013), the core entities and location are correct. The claim is plausible as a snapshot from a stable visit or early open day event, and there is no evidence suggesting the image is fake or the entities are mismatched. The visual veracity is human-generated. The partial alignment is due to the difficul"
ds7399,Misinformation,0.95,False,True,"The module's visual veracity signal explicitly states that the image does not depict Julia Stiles, Paul Greengrass, or Matt Damon, and has no meaningful connection to the event described in the headline. Although the factual claims in the headline (that the film premiered in July 2007, was directed by Paul Greengrass, and starred Matt Damon and Julia Stiles) are correct, the image is not a photograph of these individuals at that event. Using an unrelated or incorrect image to support a specific claim about who is present at a specific event constitutes misinformation (specifically, image-text mismatch/misattribution). The evidence confirms the factual details of the event, but the module's assessment that the image does not show the claimed subjects is the decisive factor for the label."
9058,Misinformation,0.8,False,True,"The image is identified as AI-generated with high confidence (0.8). According to the definitive rule, if the image is AI-generated, the output must be 'Misinformation' regardless of other signals. Additionally, the visual content does not match the headline claim of 'broccoli', as the relevancy signal indicates the image shows other foods and lacks broccoli, further supporting the misalignment between the image and the claim."
ds2311,Not Misinformation,0.85,False,True,"The image depicts a domestic cat (likely a kitten or small breed) sitting in a bowl, which aligns with the common internet trope 'If it fits, I sits.' The headline uses the term 'big cat' ambiguously; while in zoological terms 'big cats' refers to lions, tigers, etc., in common parlance, it can simply mean a 'large' domestic cat relative to the bowl, or it is a humorous exaggeration. The visual evidence shows a real photograph (AI generated=false), and the behavior is consistent with domestic cat instincts to seek enclosed spaces. The retrieved evidence supports that domestic cats enjoy sitting in bowls and that small animals fit in small spaces. There is no evidence of AI generation or malicious intent to deceive regarding the species (e.g., claiming a tiger is in a bowl). The ambiguity o"
ds3931,Misinformation,1.0,False,True,"The claim states that Toy Story 2 was produced by DreamWorks. However, all retrieved evidence confirms that Toy Story 2 was produced by Pixar Animation Studios and released by Walt Disney Pictures. DreamWorks Animation is a separate studio and did not produce this film. Therefore, the claim is factually incorrect."
ds2471,Not Misinformation,0.85,False,True,"The image depicts a woman sitting on a chair with an umbrella, which is a common and plausible real-world scenario. The visual veracity signal indicates the image is not AI-generated (confidence 0.2 for AI generation, implying high confidence for real). The retrieved evidence confirms that stock photos and illustrations of women sitting in chairs with umbrellas are widely available and common, supporting the plausibility of the image being a genuine photograph or a standard stock image rather than a fabricated or misleading AI creation. There is no evidence suggesting the image is fake or misleading in the context of the claim."
9577,Misinformation,0.85,False,True,"The headline claims that 'Brian and Eileen Maguire' said something was an 'excellent waiting to happen'. The retrieved evidence identifies Brian and Eileen Maguire as the parents of Brian Óg Maguire, a GAA player who died tragically in 2012, and they are known for their advocacy regarding workplace safety and their son's death. The phrase 'excellent waiting to happen' is likely a garbled or misattributed quote, possibly conflating with sports commentary about Harry Maguire (who is mentioned in the answers but is a different person) or a complete fabrication. The image shows individuals who appear to be the grieving parents (Brian and Eileen Maguire), but the quote attributed to them in the headline is factually inconsistent with their public narrative of tragedy and loss, and the phrase it"
ds7360,Not Misinformation,0.95,False,True,"The claim that Bernie Sanders appealed to students on big issues at George Mason University is supported by multiple pieces of evidence. Retrieved evidence confirms that Bernie Sanders held a town hall meeting with students at George Mason University on October 28, 2015, as part of his presidential campaign [1, 2, 3]. The evidence further details that he addressed significant political and social issues during this event, including income inequality, universal healthcare, campaign finance reform, climate change, and student debt [1, 2, 3]. The image shows Bernie Sanders speaking, which aligns with the event described. The visual veracity signals indicate the image is not AI-generated. Therefore, the headline accurately reflects the historical event."
ds8806,Misinformation,0.95,False,True,The image is identified as AI-generated with high confidence (0.9) due to anatomical impossibilities (elephants with human-like legs). The claim describes a specific scenario (elephants standing on a balcony) which is visually inconsistent with the image (which appears to be on a road/path) and biologically implausible for wild elephants to stand 'beside each other' on a residential balcony in the manner implied. The visual veracity signal alone triggers the definitive rule for Misinformation.
ds9145,Misinformation,0.8,False,True,"The visual veracity module explicitly identifies the image as AI-generated with a high confidence of 0.8, noting stylized features and inconsistent lighting typical of synthetic media. According to the definitive rule, if an image is AI-generated, it must be classified as Misinformation regardless of other signals. The retrieved evidence confirms that while purple irises and ceramic pitchers are real objects, the specific image in question is not a photograph of a real scene but a generated artifact."
ds137,Not Misinformation,0.85,False,True,"The claim states that police arrested suspects in connection with an earlier building society raid. The retrieved evidence confirms that arrests were made in connection with building society raids. Specifically, evidence [2] from Chronicle Live confirms that two individuals were arrested and appeared in court in connection with a Nationwide Building Society raid in Wallsend. Additionally, evidence [1] from BBC News details a Chelsea Building Society raid in Sunbury-on-Thames involving Michael Wheatley, where police were actively investigating and arresting suspects. The module signals indicate the image is real (not AI-generated) and partially aligned with the topic of police activity related to such raids. While the specific image may not depict the exact moment of arrest for the specific"
ds5761,Misinformation,0.95,False,True,"The image is identified as AI-generated with high confidence (0.8). According to the definitive rule, if the image is AI-generated, the output must be 'Misinformation' regardless of the factual accuracy of the headline text. While the headline correctly identifies the Burj Khalifa as Asia's tallest skyscraper and mentions its luxury features, the visual component is synthetic and not a genuine photograph, rendering the presentation misleading."
ds2309,Not Misinformation,0.9,False,True,"The image depicts a realistic scene of a pizza being enjoyed, consistent with the claim. The visual veracity module indicates the image is not AI-generated (confidence 0.0 for AI generation, implying high confidence it is real). The retrieved evidence confirms that pizza is widely served in various dining establishments, including cafes (e.g., Urth Caffé, Maryland cafe examples), supporting the contextual plausibility of the claim. There are no contradictions between the image content and the claim."
7826,Misinformation,0.95,False,True,"The image depicts a damaged building with flags, which is visually inconsistent with the claim of a woman's house displaying a green flag and towel to celebrate a return from Mecca. The module signals explicitly state that the image does not align with the headline (relevancy aligned: false) and that there is no evidence of a woman returning from Mecca to Novosasitli (Novosasitli is a village in Dagestan, Russia, and the specific event described is not supported by any credible sources). The retrieved evidence discusses general Hajj incidents, the history of Novosasitli involving conflict and checkpoints, and general meanings of flags, but none support the specific narrative of a celebratory display in a woman's home. The mismatch between the visual content (damaged building) and the textu"
ds8646,Misinformation,0.8,False,True,"The image is identified as AI-generated with high confidence (0.8). According to the definitive rule, if the image is AI-generated, the output must be 'Misinformation' regardless of other signals. The visual veracity module explicitly states that the image exhibits signs of AI generation due to unnatural appearances. Therefore, the claim that this is a real photo of two people holding Wii remotes is false."
ds5661,Misinformation,0.95,False,True,"The image is identified as AI-generated with high confidence (0.8), which triggers the definitive rule to classify the pair as Misinformation regardless of other signals. Additionally, the headline claims dogs can 'speak' three human words, which is scientifically inaccurate; while dogs can understand words and use communication buttons, they do not possess the vocal apparatus to 'speak' human words. The retrieved evidence confirms that dogs understand words and can be trained to use buttons, but does not support the claim of them speaking."
ds2066,Not Misinformation,0.95,False,True,"The image depicts a giraffe in a zoo exhibit, which is a common and factual scenario. The visual veracity module indicates the image is not AI-generated (confidence 0.0 for AI generation, implying high confidence it is real). The retrieved evidence confirms that giraffes are widely kept in zoo exhibits globally (e.g., Como Zoo, Saint Louis Zoo, London Zoo) and that stock photos of such scenes are abundant. The claim is consistent with reality and the visual evidence."
1750,Misinformation,0.85,False,True,"The claim asserts that Scarlett Johansson is pictured noting with panic a poster for a band called 'the Singles'. The retrieved evidence fails to support any connection between Scarlett Johansson and a band named 'the Singles' or any incident involving her reacting to such a poster. The evidence snippets discuss her SNL skits, Marvel roles, and general band news unrelated to her. Furthermore, the module signals indicate low relevancy (0.1) and that the image does not represent the context of the headline. The specific detail about 'the Singles' appears to be a hallucination or a misattribution of a different event (possibly confusing 'the Singles' with a different band or a specific SNL sketch context not supported by the provided text). Since the image does not depict the scenario describ"
ds5872,Misinformation,0.95,False,True,"The image is identified as AI-generated with high confidence (0.8), which triggers the definitive rule to classify the pair as Misinformation. Additionally, the claim that 'The Punisher' has released recently and is currently enthralling audiences is factually incorrect; the Netflix series was canceled in 2019, and the next project, 'The Punisher: One Last Kill', is scheduled for release in 2026 [1, 2]. The image itself contains nonsensical text elements typical of AI generation, further supporting the verdict."
8442,Not Misinformation,0.95,False,True,"The headline describes a specific cricketing event: Ben Stokes being dismissed for 47 runs by Peter Siddle in the 2013-14 Ashes series. Evidence [3] from The Guardian explicitly confirms this event, stating 'Ben Stokes thwacks his way to 47 when he misjudges a Peter Siddle delivery and leaves it but it catches the top of his middle stump' during the fifth Test on January 5, 2014. The module signals indicate the image is not AI-generated and, while the relevancy is low (showing a generic group rather than the specific moment), the factual claim in the headline is verified by the evidence. The image serves as a contextual illustration of the match rather than a direct depiction of the wicket, but the text claim is accurate."
ds7662,Misinformation,0.95,False,True,"The image depicts a group of people hiking on a coastal path, which is visually inconsistent with the claim of a 'receding water line' at Lake Hodges. Lake Hodges is a reservoir located inland (north of San Diego), not a coastal area. The module's relevancy signal correctly identifies this mismatch, noting the image shows a coastal path unrelated to the lake. Furthermore, while Lake Hodges has experienced low water levels due to dam safety orders and drought, the visual evidence provided does not depict a lake or a receding water line, but rather a hiking scene. Therefore, the image is being used to falsely represent the subject of the headline."
ds6690,Misinformation,0.95,False,True,"The image is identified as AI-generated with high confidence (0.9). The visual evidence shows a fictional character (Spider-Man) integrated into a scene with traffic signs that exhibit garbled text, a common artifact of AI generation. According to the definitive rule, if the image is AI-generated, the output must be Misinformation regardless of other signals. The presence of a fictional superhero in a realistic traffic setting further confirms the fabricated nature of the image."
8225,Misinformation,0.85,False,True,"The image depicts a man who is not Charles Kennedy (Charles Kennedy was a white Scottish politician; the image appears to show a different individual, potentially a Black public figure or actor, based on the module's statement that it shows a 'different individual'). The module signals explicitly state that the image is not aligned with the claim ('aligned: false') and does not depict Charles Kennedy. Although the textual facts in the claim are historically accurate (Charles Kennedy did lead the Lib Dems in 2005 and his son Donald was born around that time, specifically late 2004/early 2005), the image is a mismatch. Using an incorrect image to illustrate a specific historical event involving a specific person constitutes misinformation (specifically, a mismatched or misleading visual). Th"
ds9362,Not Misinformation,0.85,False,True,"The claim states that a surfer wearing red and black shorts rides a white surfboard. The retrieved evidence confirms that images exist of surfers riding white surfboards (Evidence [1], [2], [3] from the first Q) and surfers wearing red or black shorts (Evidence [1] from the second Q mentions a man in black shorts, and Evidence [3] mentions a surfer in red shorts). The module's signal regarding the order of colors ('red and black' vs 'black and red') is a trivial semantic distinction that does not constitute misinformation, as the surfer is wearing both colors. The image is verified as real (AI-generated=false). Therefore, the image aligns with the claim."
ds9100,Misinformation,0.85,False,True,"The image is identified as AI-generated with high confidence (0.8) by the visual veracity module. The module notes that the flowers appear 'overly perfect and stylized' and the shadows do not align naturally, which are strong indicators of synthetic imagery. According to the definitive rule, if the image is AI-generated, the output must be 'Misinformation' regardless of other signals. While the headline describes a plausible scene (kitchen table with tulips), the image itself is not a real photograph of such a scene but a generated artifact, making the claim misleading in the context of presenting it as a real image."
2273,Not Misinformation,0.85,False,True,"The image depicts a realistic bathroom scene with a white toilet, consistent with the claim of a 'simple and modern bathroom'. The visual veracity module confirms the image is not AI-generated (confidence 0.0 for AI generation, implying high confidence in it being real). The retrieved evidence supports the description: white toilets are identified as the most popular and classic choice (Evidence [1] from Liquid Image), and simple bathrooms are characterized by light colors, minimal decor, and essential fixtures like toilets (Evidence [1] from Adobe Stock, Evidence [3] from Dreamstime). The partial alignment in the module signals is due to limited visibility of the entire room, but the visible elements (white toilet, modern fixtures) do not contradict the claim. Therefore, the image is a pl"
ds7198,Not Misinformation,0.85,False,True,"The image depicts Rory McIlroy holding a trophy, which aligns with his documented victories in the FedEx Cup and the Tour Championship (specifically in 2016, 2019, and 2022). The visual signals indicate the image is real (not AI-generated) and shows a golfer celebrating with a trophy, consistent with the claim. While the specific trophy in the image cannot be definitively identified as one or the other without metadata, the claim that he celebrates with these trophies is factually true based on his career achievements. The evidence confirms he won both titles, making the general statement accurate."
ds1099,Not Misinformation,0.85,False,True,"The image depicts rescue workers removing a body, which is consistent with the aftermath of the March 27, 2016, suicide bombing in Gulshan-e-Iqbal Park in Lahore. Evidence confirms that this attack resulted in over 70 deaths and nearly 300 injuries, primarily among women and children, and required extensive rescue and recovery operations by Pakistani workers [1, 2, 3]. The visual content aligns with the factual context of the headline, which describes a real historical event. The module signals correctly identify the image as non-AI and relevant to the claim."
540,Misinformation,0.85,False,True,"The claim asserts that Serena Williams questioned a call while advancing to a Saturday final. Evidence indicates that Serena Williams' final professional match was at the 2022 US Open, where she lost in the third round, marking her retirement. While she did advance to the US Open final in 2019 (as noted in one evidence snippet), there is no record of her questioning a call during that specific advancement in a way that defines the event, nor is there evidence of her questioning a call in her actual final match in 2022. The image likely depicts a moment of frustration from a different context (possibly the 2018 US Open final controversy or a general gesture), but linking it to a 'questioning a call' narrative specifically tied to 'advancing to Saturday's final' in the context of her recent "
3405,Misinformation,0.95,False,True,"The image is identified as AI-generated with high confidence (0.8). According to the definitive rule, if the image is AI-generated, the output must be 'Misinformation' regardless of the veracity of the headline text. While the headline claim regarding David Lloyd George's ranking in specific polls (e.g., Wales Online) may have some basis in public opinion surveys, the use of an AI-generated image to illustrate a factual claim constitutes visual misinformation."
6581,Misinformation,0.9,False,True,"The image is identified as AI-generated (visual_veracity.ai_generated=true, confidence=0.8). The module signals explicitly state that the image features a cat wearing glasses and a jacket, which is a surreal and unusual scenario not present in the headline. The retrieved evidence confirms that while fluffy cats on window sills are common stock photo subjects, they do not typically wear human clothing like jackets and glasses. The presence of these AI-generated artifacts makes the image a fabricated representation rather than a factual depiction of the claimed scene."
4642,Misinformation,0.85,False,True,"The headline claims that Cindy Crawford says her daughter Kaia Gerber 'Loves Kendall Jenner' and discusses her modeling future. The provided image does not depict Cindy Crawford or Kaia Gerber, as confirmed by the module signal 'relevancy' which states the image 'does not depict Cindy Crawford or her daughter Kaia Gerber' and has low alignment confidence (0.1). The retrieved evidence confirms that Cindy Crawford and Kaia Gerber have given interviews (e.g., to ET Online in 2016 and PEOPLE in 2023) where they discuss their relationship and Kaia's modeling career, but there is no evidence in the snippets supporting the specific claim that Kaia 'Loves Kendall Jenner' as a primary talking point in a recent interview matching the headline's sensationalism. More critically, the image is completel"
ds3953,Misinformation,0.95,False,True,"The image is identified as AI-generated with high confidence (0.8) due to nonsensical text and staged composition. According to the definitive rule, if the image is AI-generated, the output must be 'Misinformation' regardless of other signals. The headline claims the Ukrainian Soviet Socialist Republic 'always represented itself,' which is historically inaccurate as it was a constituent republic of the USSR, but the primary driver for the 'Misinformation' label here is the synthetic nature of the visual evidence provided."
4893,Not Misinformation,0.85,False,True,"The claim that Mark Wahlberg teased Mel Gibson about his weight and offered to become his personal trainer is supported by multiple entertainment news sources, including People magazine, which reported on this interaction during the promotion of their film 'Flight Risk' (directed by Gibson, starring Wahlberg). The module's visual veracity signal indicates the image is not AI-generated (ai_generated=false), and while the specific image content is not clearly identifiable as the two actors in the provided text, the headline describes a real, reported event. The module's 'relevancy' signal was low (0.2) likely due to the inability to visually confirm the specific individuals in the image, but the factual claim itself is grounded in evidence. Since the image is not AI-generated, the definitive"
ds8357,Misinformation,0.95,False,True,"The image provided depicts two men near a vending machine, which is completely unrelated to the claim about Christian Grey and Anastasia from the 'Fifty Shades' series. The module signals correctly identify that the image is not aligned with the claim (relevancy: false). While the claim itself is factually consistent with the source material (Christian Grey is characterized by BDSM/non-vanilla tastes), the pairing of this specific, irrelevant image with the headline constitutes misinformation because the visual evidence does not support or relate to the text. The image appears to be a real photo (ai_generated: false), but its irrelevance makes the pair misleading."
ds9069,Not Misinformation,0.85,False,True,"The image depicts a box of doughnuts, which is a common method of selling and transporting doughnuts, as confirmed by evidence [1] under 'Where are doughnuts typically sold?' which lists supermarkets and retail operations. While the headline specifies a 'rack with some doughnuts in a glass case,' the module signals indicate only 'partial' alignment because the image shows a box rather than a glass case. However, the image is verified as real (not AI-generated) and depicts actual doughnuts. The discrepancy is likely due to the headline being a generic description of a bakery setting or a specific instance not fully captured by the specific image chosen, but it does not constitute definitive misinformation given the partial alignment and the factual nature of the objects shown. The evidence "
4230,Not Misinformation,0.85,False,True,"The headline claims Amber Heard is talking for the first time about her marriage to Johnny Depp. Evidence [1] from the retrieved snippets explicitly lists a video titled 'Amber Heard Talks for First Time About Marriage to Johnny Depp' dated Feb 17, 2014, confirming that such an event/interview exists. While the image provided is a generic photo of Amber Heard (likely from a later event, e.g., 2023) and does not depict the specific 2014 interview, the claim itself is factually grounded in real media events. The image serves as a visual identifier for the subject (Amber Heard) rather than a deceptive fabrication of the event. The visual veracity is real (not AI-generated), and the core assertion of the headline is supported by historical records found in the evidence."
ds7600,Not Misinformation,0.65,False,True,"The image is verified as real (not AI-generated) and depicts a generic financial trading environment, which is consistent with the context of stock market reporting. While the image does not explicitly show the Shanghai Stock Exchange or specific data confirming 'gains' for that exact moment, it serves as a plausible stock photo for a headline about Asian market movements. The retrieved evidence confirms that Shanghai shares have recently seen increases (e.g., WuXi AppTec surge, high buyback activity) and that Asian markets have experienced gains in the relevant timeframe (October 2023). The headline is a general market summary that aligns with the broader trends supported by the evidence, and the image is a standard, non-deceptive visual aid for such news. Therefore, it is not considered "
6611,Misinformation,0.95,False,True,"The image is identified as AI-generated with high confidence (0.9) by the visual veracity module. The module explicitly notes that the figures have 'shark-like heads,' creating a surreal and impossible scenario that defies normal expectations. According to the definitive rule, if the image is AI-generated, the output must be 'Misinformation' regardless of other signals. The headline claims a realistic scenario ('A couple of people...'), but the image depicts a fictional, AI-created scene, making the pairing misleading."
ds7016,Not Misinformation,0.95,False,True,"The headline states that Oscar Pistorius is awaiting trial for premeditated murder after shooting his girlfriend Reeva Steenkamp. While the headline uses the present tense 'is awaiting trial', which is factually outdated as the trial concluded in 2015 and he is currently serving a prison sentence, the core factual assertions (that he shot Steenkamp, that the charge was premeditated murder, and that a trial occurred) are supported by the evidence. The evidence confirms he shot Steenkamp on Feb 14, 2013, was tried for murder, and was convicted of murder. The image is verified as real (not AI-generated). The discrepancy in tense ('is awaiting' vs 'was tried') is a temporal inaccuracy common in old headlines or captions, but given the strong alignment with the historical facts of the case and "
ds5610,Misinformation,0.95,False,True,"The image is identified as AI-generated with high confidence (0.8), which triggers the definitive rule to classify the pair as Misinformation regardless of other signals. Furthermore, the claim that plants communicate 'telepathically' is scientifically inaccurate; while recent studies (e.g., in Nature Communications, 2023) show plants communicate via airborne chemical compounds and nanomechanical oscillations, these are physical/biochemical processes, not telepathy. The use of an AI-generated image to support a pseudoscientific headline constitutes misinformation."
5834,Misinformation,0.95,False,True,"The claim that cats designed the iPhone 4 is factually false; the iPhone 4 was designed by Apple Inc., led by Steve Jobs and Jony Ive. Furthermore, the module signals indicate that the image is AI-generated (ai_generated=true, confidence=0.8), depicting a surreal and impossible scenario of a cat with glasses crafting technology. According to the definitive rule, if the image is AI-generated, the output must be Misinformation. The retrieved evidence confirms Apple's role in creating the iPhone and shows no connection to feline involvement in technology design."
8196,Not Misinformation,0.95,False,True,"The claim is factually accurate based on the retrieved evidence. Guy Scott, who is of Scottish descent, served as the interim (acting) president of Zambia following the death of incumbent President Michael Sata in October 2014. Evidence [2] from BBC and [3] from Pulse Ghana explicitly state that Guy Scott is of Scottish descent and became interim president after the incumbent's death. The image signals indicate the photo is real (not AI-generated) and shows a man in a political context, consistent with Guy Scott's role. Although the module signals had low confidence in visual identification, the textual evidence strongly supports the claim's veracity."
ds9433,Not Misinformation,0.85,False,True,"The image depicts a train, and the claim describes a 'big long train that has some storage containers on it'. While the module signals indicate a mismatch (suggesting the image shows a passenger train rather than a freight train with containers), the retrieved evidence confirms that trains carrying storage containers (intermodal freight trains) are a real and common phenomenon (Evidence [1] from Wikipedia, Evidence [2] from CargoConnect). The claim itself is factually plausible as a general description of freight rail transport. The discrepancy lies in the specific alignment of the image to the claim (relevancy), not in the veracity of the claim's existence. Since the image is not AI-generated (visual_veracity ai_generated=false) and the claim describes a real-world entity (freight trains "
ds6106,Misinformation,0.9,False,True,"The image is identified as AI-generated (confidence 0.8) by the visual veracity module. The definitive rule states that if the image is AI-generated, the output must be 'Misinformation' regardless of other signals. The image depicts a surreal and unlikely scenario of a child holding a grenade, which aligns with the AI generation assessment. The headline 'not a single grenade one yet' is ambiguous and does not clearly correspond to the specific recent events cited in the evidence (such as the LA deputy deaths or Kyiv explosion), further supporting the classification of the pair as misleading or fabricated content."
1901,Not Misinformation,0.75,False,True,"The claim states that Venice's San Michele island cemetery will gain a pontoon for scattering ashes. Evidence confirms that Venice has revived the tradition of constructing a temporary floating bridge (pontoon) to San Michele island, specifically for All Souls' Day, to facilitate access for mourners (Evidence [4], [1]). While the primary purpose of the pontoon is access rather than exclusively for scattering ashes, the cemetery does have designated 'Gardens of Remembrance' where scattering is permitted (Evidence [3], [6]). The headline conflates the new infrastructure (pontoon for access) with the activity (scattering ashes) that occurs at the cemetery, but it is not a fabrication of the event itself. The image is a real aerial view of the cemetery (Visual Veracity: false for AI). Therefor"
ds1009,Not Misinformation,0.95,False,True,"The image depicts Capt Yevgeny Yerofeyev and Sgt Alexander Alexandrov in a Ukrainian court, which aligns with historical records. Evidence confirms that these two Russian soldiers appeared in a Kiev court in late 2015 (specifically November 2015) and were tried until 2016. While the headline specifies 'January', this likely refers to the ongoing trial period or a specific hearing date within the January timeframe of the legal proceedings, or potentially a slight inaccuracy in the month (as the initial appearance was Nov 2015). However, the core claim that they were in a Ukraine court is factually supported by multiple sources (BBC, NYT). The image is verified as real (not AI-generated). The partial alignment in the module signals is due to the inability to visually confirm identities, but "
978,Not Misinformation,0.85,False,True,"The claim states that Frank Gehry-designed Power Play chairs are among the stylish touches in the Winter Garden. Evidence confirms that Frank Gehry indeed designed the Power Play chairs (specifically the Power Play Club Chair in 1990) for Knoll, characterized by their unique bentwood construction inspired by apple crates [1, 2]. While the specific location 'Winter Garden' is ambiguous (referring to either a city in Florida or a garden in Sheffield), the visual evidence shows chairs consistent with the described design, and the module signals indicate the image is real (not AI-generated). The partial alignment in the module signals suggests uncertainty about the specific location context, but there is no evidence to suggest the chairs themselves are misattributed or fake. Therefore, the cor"
9323,Misinformation,0.85,False,True,"The claim describes a 'sink with a cabinet on legs', but the image provided depicts a toilet and a separate storage unit, not a sink vanity. The module signals explicitly state that the image is 'aligned: false' because it features a toilet and storage unit rather than the specific sink/cabinet combination described. While the image itself is not AI-generated, the mismatch between the visual content (toilet) and the textual claim (sink with cabinet) constitutes a misinformation error regarding the subject matter of the image."
4284,Not Misinformation,0.75,False,True,"The image shows Caitlyn Jenner, and the retrieved evidence confirms that she was indeed seen at Nobu Malibu with Sophia Hutchins (Evidence [1] from Daily Mail). While the specific detail about a '$200K purple Porsche' is not explicitly confirmed in the provided snippets (Evidence [3] from answers mentions she drives a Porsche but not the specific color or model), the core claim of the event (Jenner escorting Hutchins to Nobu) is supported by factual reports. The image is verified as real (not AI-generated). The headline uses sensationalist language ('escorts gal pal', specific car value) which is common in tabloid reporting, but the fundamental event described is true based on the evidence. Therefore, it is not classified as misinformation, though it may be clickbait."
1972,Not Misinformation,0.75,False,True,"The claim that the new Chrysler 300C is 'softer looking' than the outgoing model is a subjective design assessment that is not contradicted by the evidence. The retrieved evidence confirms that the 2023 model was a limited 'farewell' edition and that subsequent models (2025/2026) are described as having 'bold styling' and 'luxury comfort.' While 'bold' and 'soft' can be seen as opposites, the evidence does not definitively prove the new model is *not* softer; rather, it highlights a shift in focus to luxury and performance. The module's visual veracity indicates the image is not AI-generated, and while the image might depict an older model (as noted in the module's relevancy signal), the headline's subjective claim about the 'new' model's aesthetics cannot be proven false by the available "
ds3859,Misinformation,0.95,False,True,"The claim states that Korn's album 'See You on the Other Side' was released in 2002. However, multiple credible sources confirm that the album was actually released on December 6, 2005. The image depicts the correct album cover, but the date provided in the claim is factually incorrect, constituting misinformation."
8063,Misinformation,0.75,False,True,"The claim asserts that the image depicts Taiko drummers at the Deep River festival in Ontario, Canada. While Deep River, Ontario, does exist and hosts events like 'Deep River Summerfest' and the 'Deep River Ancient Muster' (which involves fifers and drummers, but typically Western military-style drummers, not Japanese Taiko), there is no evidence linking Taiko drummers to this specific location or event. The retrieved evidence for Taiko drummers in Canada points to events in British Columbia (e.g., Victoria Dragon Boat Festival) or international contexts (Japan, Northern Ireland). Furthermore, the module signals indicate that the image is not AI-generated, but the contextual claim is unsupported and likely false. The 'Deep River' mentioned in the evidence for Taiko is in Connecticut, USA, "
9677,Misinformation,0.85,False,True,"The headline claims that Tillakaratne Dilshan and Kumar Sangakkara celebrated after making 'England famous in the field'. This phrasing is factually incorrect and misleading. First, Dilshan and Sangakkara are Sri Lankan players, not English; they did not make England famous. Second, the retrieved evidence indicates that the specific celebration involving both players scoring centuries (Dilshan 161, Sangakkara 105) occurred during the 2015 Cricket World Cup against **Bangladesh**, not England. While Sri Lanka did defeat England in an ODI series (as noted in evidence [1] and [2]), the specific iconic partnership and celebration described in the context of these two players' peak batting performances is associated with the Bangladesh match. The headline conflates the opponent (England) with t"
7259,Not Misinformation,0.85,False,True,"The claim states that Bernie Sanders spoke in Des Moines, Iowa. The retrieved evidence confirms that Bernie Sanders has indeed spoken in Des Moines on multiple occasions, including a rally and live coverage during the Iowa Caucus (Evidence [1] and [2]). While the claim specifies 'Thursday' without a date, the core assertion of him speaking in Des Moines is factually supported by the evidence. The image is identified as a genuine photograph (not AI-generated) depicting Sanders speaking, which aligns with the claim. Therefore, the content is not misinformation."
ds100,Not Misinformation,0.65,False,True,"The image depicts individuals in ice baths, a common recovery method for athletes, which aligns with the claim of soothing soreness. The 'Wembley Challenge' is a real event, notably involving the Sidemen (a popular YouTube group) and various rugby league finals (Challenge Cup). While the image does not explicitly identify the subjects as specific participants of a recent Wembley event, the scenario is plausible and not demonstrably false or AI-generated. The visual veracity is confirmed as real (non-AI), and the context of ice baths for recovery after sporting challenges is factually supported. Without specific evidence linking this exact image to a specific recent Wembley event, we cannot label it misinformation, but rather as a plausible, albeit generic, representation."
ds3706,Misinformation,0.85,False,True,"The claim that Robert Singer is 'incapable of writing' is factually false. Evidence confirms that Robert Singer is an established American television producer, director, and writer who has written for series such as 'Supernatural' (e.g., the episode 'O' Death') and created 'Reasonable Doubts' [1, 2]. The image provided is a generic stock photo of a person writing and does not depict Robert Singer, nor does it support the claim of his inability to write. The claim contradicts the verifiable professional record of the individual named."
1782,Misinformation,0.85,False,True,"The image depicts North Korean workers at the Shinwon clothes company in the Kaesong Industrial Park. However, the Kaesong Industrial Complex has been closed since February 2016 due to deteriorating inter-Korean relations, and North Korean workers are no longer actively employed there. The image is likely an archival photo from before 2016 being used to imply current activity, which is factually incorrect. The module signals correctly identify that the image is not AI-generated but note the lack of specific confirmation for the location/company, yet the definitive factual error regarding the operational status of the park makes the claim misleading/misinformation in a current context."
4300,Not Misinformation,0.85,False,True,"The headline poses a rhetorical question regarding the public perception of Robert Pattinson and Kristen Stewart's careers post-Twilight. The retrieved evidence confirms that both actors are widely recognized and taken seriously in the industry, with Pattinson known for diverse roles in major and independent films (Evidence [1]) and Stewart having evolved her career significantly (Evidence [2] in the third set, though the snippet is generic, the module signals and general knowledge confirm this). The image is a genuine photograph (visual_veracity ai_generated=false), and the headline does not make a false factual claim but rather discusses a subjective perception which is supported by the nuance that they are taken seriously despite past media narratives. The evidence supports the premise "
ds9598,Misinformation,0.85,False,True,"The image depicts a performance by individuals in red coats, which visually resembles a cultural or theatrical event (such as a traditional dance or choir performance) rather than a legislative session of the U.S. Congress. The U.S. Congress is a legislative body that meets in the Capitol building, not a performance venue with costumed performers. The headline claims 'Critics say the annual Congress is a blessing,' which is a subjective political opinion. However, the image is completely unrelated to the subject matter (legislative proceedings). Using an image of a performance to illustrate a claim about the U.S. Congress is a form of visual misinformation (misleading context). While the module signals indicate the image is not AI-generated, the semantic mismatch between the visual content"
2237,Not Misinformation,0.9,False,True,"The image depicts a large bird flying over a forested area, which aligns with the claim. The visual veracity module indicates the image is not AI-generated (ai_generated=false). The retrieved evidence confirms that large birds, such as the Harpy eagle, inhabit tropical rainforests and can be seen flying over such areas. The image is consistent with natural wildlife photography found in stock libraries and scientific contexts regarding bird habitats. There is no evidence of manipulation or AI generation, and the subject matter is biologically plausible and documented."
8411,Misinformation,0.85,False,True,"The claim states that Mats Zuccarello scored for the New York Rangers to make the score 20. This is factually impossible in the context of a single goal in a hockey game, as scores of 20 are extremely rare and would not be reached by a single goal 'a little more than two minutes later' in a typical game context implied by the phrasing. Furthermore, Mats Zuccarello was traded from the New York Rangers to the Minnesota Wild in 2015 and has not played for the Rangers since. The retrieved evidence confirms he played for the Rangers in the past (e.g., scoring his first goal in 2011, helping win a series in 2014) but is currently with the Los Angeles Kings (Evidence [1]) and had a notable tenure with the Minnesota Wild (Evidence [3], [Q2-3]). The claim conflates his past team with a specific, im"
ds9228,Not Misinformation,0.85,False,True,"The image depicts a realistic scene of a boat on a canal, and the visual veracity module confirms it is not AI-generated (confidence 0.0 for AI generation). The headline claims a 'large passenger boat' is floating down a canal. While the specific identity of the boat in the image is not definitively confirmed by the evidence snippets to be a specific 'large passenger boat' (as opposed to a narrowboat or barge), the evidence confirms that large passenger boats do operate on canals (Snippet 1 from Owatrol Direct mentions cruisers and barges used for charters/passengers). The module signals indicate partial alignment, noting that while the subject matches, the specific size/capacity is hard to verify visually. However, there is no evidence suggesting the image is fake or the claim is false; r"
ds461,Not Misinformation,0.85,False,True,"The headline states that Bill Cosby's lawyers are attempting to get the case thrown out. Evidence [3] from the first query explicitly confirms this: 'Bill Cosby's lawyers push to get sexual assault case thrown out... because of what his lawyers say was a binding commitment by a previous district attorney not to prosecute him.' This aligns with the claim that his legal team is actively seeking dismissal. While the image is a generic photo of Cosby and does not depict the specific legal action, the textual claim is factually supported by news reports regarding his legal strategy during the period when these motions were active (prior to the eventual overturning of his conviction). The module signals correctly identify partial alignment due to the lack of specific context in the image, but th"
4368,Not Misinformation,0.75,False,True,"The headline claims that Jennifer Garner and Josh Duhamel are dating and that Ben Affleck feels threatened. The retrieved evidence supports the existence of these rumors. Specifically, evidence [2] from OK Magazine and [3] from WishesOcean confirm that rumors were swirling about Garner and Duhamel dating after connecting on the set of 'Love, Simon'. Evidence [2] from HollywoodLife explicitly states that Ben Affleck feels threatened by these rumors. While the image shows Ben Affleck and Jennifer Garner (not the couple mentioned in the headline), the image is a genuine photograph (AI-generated: false) and depicts relevant parties to the story (Garner and her ex-husband Affleck). The headline accurately reflects the media narrative and rumors reported at the time (circa 2018), even if the rel"
6660,Misinformation,0.95,False,True,"The image is identified as AI-generated with high confidence (0.8) by the visual veracity module. The scene depicts a physically impossible scenario (skateboarding on a wall), which is a hallmark of AI synthesis. According to the definitive rule, if the image is AI-generated, the output must be 'Misinformation' regardless of other signals. The claim describes a specific real-world action ('man holds a ping pong paddle under the shelf') that does not match the surreal, AI-generated content, further supporting the mislabeling of the image."
ds831,Not Misinformation,0.9,False,True,"The claim states that actor Scott Baio spoke at the Monday evening session of the Republican National Convention. Evidence confirms that Scott Baio was indeed a speaker at the 2016 Republican National Convention in Cleveland. Specifically, Snopes and other sources confirm his appearance at the 2016 RNC. The 2016 RNC took place in July, and Day 1 (Monday) featured Scott Baio speaking. While the image itself is not explicitly dated in the prompt, the claim is factually grounded in the event that occurred in 2016. The module signals correctly identify that he spoke at the RNC. There is no evidence suggesting this is a fabricated event or AI-generated misinformation; rather, it refers to a real historical event. The 'Monday evening session' aligns with the schedule of the 2016 RNC where Baio s"
723,Misinformation,0.95,False,True,"The claim is factually impossible because Reggie Bush retired from the NFL in 2017 and was not on the Miami Dolphins roster during the October 2023 season against the Buffalo Bills. The retrieved evidence confirms that the Dolphins played the Bills on October 1, 2023, but Reggie Bush was not involved. Furthermore, the evidence indicates that Reggie Bush's notable touchdown with the Dolphins occurred in 2012 against the Colts, not the Bills. The image likely depicts a different player or an older game, making the specific identification of Reggie Bush celebrating a TD against the Bills in the context of the 2023 game (or any recent game) false."
ds4173,Misinformation,0.95,False,True,"The headline 'Federal Judge Grants Permission To Subpoena Trump' is factually incorrect and misleading. According to the retrieved evidence, specifically a PolitiFact fact-check [1], a federal judge did not grant a subpoena for Donald Trump himself; rather, rulings have concerned third parties (such as his accounting firm in *Trump v. Vance* or banks in the *Trump bank subpoena* case) or the January 6 Committee's own vote to subpoena him (which is a legislative action, not a judicial grant of permission). The evidence shows judges have either rejected efforts to block subpoenas for third parties or quashed subpoenas issued by the administration against others. There is no record of a federal judge granting permission to subpoena Trump directly in the manner implied by the headline. The ima"
ds9215,Misinformation,0.85,False,True,"The image is identified as AI-generated with high confidence (0.8) by the visual veracity module. The module notes unnatural blending of textures and anatomical inconsistencies, which are hallmarks of synthetic media. According to the definitive rule, if the image is AI-generated, the output must be 'Misinformation' regardless of other signals. The claim describes a specific real-world scene ('A black and white cow with horns in front of a woodpile'), but the image provided is not a photograph of such a scene; it is a synthetic creation. Therefore, presenting this AI-generated image as evidence for a specific factual claim constitutes misinformation."
ds6725,Misinformation,0.95,False,True,"The image is identified as AI-generated with high confidence (0.8) by the visual veracity signal. The image depicts a surreal and physically impossible scenario where a coffee cup is levitating and interacting with water from a fire hydrant in a way that defies gravity and fluid dynamics. According to the definitive rule, if the image is AI-generated, the output must be Misinformation regardless of other signals. While painted fire hydrants are a real cultural phenomenon (as evidenced by the retrieved sources discussing Bicentennial hydrants and local traditions), this specific image is a synthetic creation, not a photograph of a real event or object."
1792,Not Misinformation,0.95,False,True,"The claim states that Ricky Muir, representing the Australian Motoring Enthusiast Party, was elected as a senator despite receiving a tiny number of first preference votes. Historical records confirm that Ricky Muir was indeed elected to the Australian Senate for Victoria in the 2013 federal election, taking office in 2014. He received only 0.51% of the primary (first preference) votes, which is considered a very small margin, yet he won a seat due to the preferential voting system. The image shows a man identified in the context as Ricky Muir. The visual veracity is not AI-generated. Therefore, the headline accurately reflects historical facts."
2826,Not Misinformation,0.85,False,True,"The claim states that the mug changes color depending on how much coffee is in it. While the phrasing 'how much' might imply a volume-based mechanism, in the context of consumer products, this is commonly understood as the mug changing color when filled with hot liquid (thermochromic effect). The retrieved evidence confirms that color-changing mugs exist and function by reacting to the temperature of the liquid (hot coffee vs. cold/empty). The image shows a standard mug with coffee, which is consistent with the product type described. The module signals indicate the image is not AI-generated and is partially aligned. There is no evidence of deception or false claims about the existence of such products."
ds709,Not Misinformation,0.75,False,True,"The image depicts a Bombardier CRJ700, which aligns with the aircraft type mentioned in the claim. Evidence confirms that Delta Air Lines announced plans for daily service to Seattle-Tacoma International Airport (SEA) starting in December 2015, operated by SkyWest Airlines using CRJ-700 aircraft as Delta Connection flights. While the claim specifies 'September 2015' and 'dusk', and the service officially began in December, the presence of Delta Connection CRJ-700s at SEA in 2015 is factually supported. The image is verified as real (not AI-generated). The specific timing (September vs December) and lighting conditions are difficult to verify visually but do not constitute definitive misinformation given the strong contextual alignment of the aircraft type, operator, and location for that y"
ds3448,Misinformation,0.95,False,True,"The visual veracity module explicitly identifies the image as AI-generated with a high confidence of 0.8. According to the definitive rule, if the image is AI-generated, the output must be 'Misinformation' regardless of other signals. While the claim 'Younger is a town' is factually ambiguous (likely referring to 'Young', NSW, or 'Youngstown', OH, or the TV show 'Younger'), the primary disqualifier is the synthetic nature of the image provided as evidence for the claim."
ds2474,Not Misinformation,0.95,False,True,"The image depicts a realistic scene of boats docked at a pier, which aligns perfectly with the claim 'some boats that are by a dock in some water'. The visual veracity module indicates the image is not AI-generated (confidence 0.0 for AI generation, implying high confidence in it being real). The retrieved evidence confirms that such scenes are common stock photography subjects, validating the general description. There is no evidence of manipulation or false context."
ds2010,Not Misinformation,0.95,False,True,"The image depicts a tennis player in the act of serving, which aligns perfectly with the claim. The module signals confirm the image is not AI-generated (visual_veracity ai_generated=false) and the relevancy is high. The retrieved evidence supports the general context of tennis serving, with stock photo descriptions explicitly mentioning 'tennis player serving ball to opponent'. There is no evidence to suggest the image is fake or the claim is false."
ds1564,Misinformation,0.95,False,True,"The claim states that Woody Allen received the Cecil B. DeMille Lifetime Achievement Award 'this year'. Based on the retrieved evidence, the 2023 Golden Globes (held in January 2023) awarded the Cecil B. DeMille Award to Eddie Murphy, not Woody Allen [Evidence 2, 3]. While Woody Allen did receive the award in 2021 (as noted in Evidence 1 for Tom Hanks receiving it in 2020, implying the timeline, and general knowledge confirms Allen won in 2021), he did not win it in 2023. The module signals contain a hallucination stating Allen won in 2023, which contradicts the factual evidence that Eddie Murphy was the 2023 recipient. Therefore, the headline is factually incorrect regarding the year/recipient combination for the current/recent context implied."
ds2594,Misinformation,0.85,False,True,"The image is identified as AI-generated with high confidence (0.8) due to unnatural finger warping and inconsistent nail textures, which violates the definitive rule for mislabeling AI-generated content as misinformation. Additionally, the claim that nail polish matches a 'different part of the table' is physically implausible and not supported by the evidence, which discusses color-shifting properties of the polish itself (due to UV, angle, or chemistry) rather than the polish changing to match external objects like a table. The visual artifacts confirm the image is synthetic and misleading."
2501,Not Misinformation,0.85,False,True,"The image depicts a girl holding a frog, which aligns with the claim that she caught a bullfrog. The visual veracity signals indicate the image is not AI-generated (confidence 0.2 for AI generation, implying high confidence it is real). The retrieved evidence confirms that bullfrogs are real animals that can be caught by humans, often in urban or semi-urban environments, and that such activities are documented. There is no evidence suggesting the image is fabricated or the claim is false; it appears to be a genuine snapshot of a common recreational activity."
7697,Not Misinformation,0.85,False,True,"The claim states that a draft proposal suggests two garden cities at Yalding in Kent and Gerrards Cross in Buckinghamshire. Evidence [2] from the retrieved sources explicitly confirms this: 'This newspaper understands, from sources outside the Deputy Prime Minister’s office, that a draft proposal suggests building two new settlements in Yalding, Kent, and Gerrards Cross, in Buckinghamshire.' This directly validates the core assertion of the claim. The image provided is a generic landscape and does not contradict the claim, nor is it identified as AI-generated. While the proposal is from 2014 and may not be current, the claim accurately reflects the existence of such a draft proposal as reported in the evidence."
ds2926,Misinformation,0.95,False,True,"The claim that the debugging tool icon on the Touch Bar is a can of bug spray is factually incorrect. In software development, 'debugging' refers to the process of finding and resolving defects or problems within a computer program that prevent it from operating correctly. The term 'bug' is a metaphor for errors, not insects. Evidence from Apple Developer documentation and Stack Overflow discussions confirms that debugging icons on the Touch Bar (particularly in Xcode and other IDEs) typically resemble tools like a lightning bolt, a play button, or specific code-related symbols, not a can of insect repellent. The image likely depicts a standard Touch Bar interface, and the headline relies on a pun or misunderstanding of the term 'debugging'."
ds1829,Not Misinformation,0.85,False,True,"The image depicts an MRAP vehicle, which aligns with the claim's subject. The claim states that US school districts acquired MRAPs via a Pentagon giveaway. While the term 'giveaway' is colloquial, the mechanism is the DoD 1033 Excess Property Program, which allows law enforcement agencies (including those at educational institutions like Saddleback College, as noted in the module signals) to acquire military equipment. The retrieved evidence confirms the existence of the MRAP program and the 1033 program's role in distributing military gear to police. Although the specific evidence snippets provided do not explicitly name a 'school district' acquiring an MRAP in the text provided, the module signals confirm that Saddleback College's campus police obtained an MRAP through this program. Sinc"
ds4158,Misinformation,0.95,False,True,"The claim that Hillary Clinton filed for divorce in New York courts is false. Multiple credible sources, including HuffPost UK and All About Lawyer, have explicitly debunked these rumors as hoaxes. There are no legal filings for divorce by Hillary Clinton in any jurisdiction, including New York. The rumors often stem from fake news sites or are confused with other individuals (e.g., Huma Abedin). The image provided is a generic photo of Hillary Clinton and does not support the specific claim of a divorce filing."
ds9891,Not Misinformation,0.65,False,True,"The image depicts a social gathering in period attire, which is consistent with the setting of Jane Austen's 'Pride and Prejudice' and its various adaptations, including the BBC's 1995 version. The headline 'Having A good time' is a generic description that could plausibly apply to scenes from the series (e.g., balls, assemblies). The visual veracity signals indicate the image is not AI-generated. While the image is not definitively identified as a specific frame from the BBC series, it does not contradict the claim, nor does it present a fabricated event as fact in a misleading way that constitutes misinformation. The partial alignment suggests the image is thematically relevant but not specific. Given the lack of definitive proof that the image is *not* from the BBC series (it could be a"
3477,Misinformation,0.95,False,True,"The image is identified as AI-generated (confidence 0.9) depicting a surreal scene of an octopus in a baseball setting. The claim states that the movie 'Trouble with the Curve' stars a squid. Evidence confirms that 'Trouble with the Curve' is a 2012 sports drama starring human actors (Clint Eastwood, Amy Adams, etc.) and contains no such creature. Furthermore, the image depicts an octopus, not a squid, making the visual content mismatched with the specific claim even if the movie reference were different. The combination of an AI-generated image and a factually false claim about the movie's content constitutes misinformation."
3415,Misinformation,0.95,False,True,"The claim that Hezbollah received zero support from Iran is factually incorrect. Extensive evidence confirms that Iran is a primary patron of Hezbollah, providing significant funding, military training, weapons, and organizational aid since the group's inception in the early 1980s. Multiple authoritative sources, including the US State Department, the Council on Foreign Relations, and Wikipedia, explicitly state that Iran supports Hezbollah with 'most of its funding, training, weapons and explosives' and that Iran 'helped build Hezbollah from the beginning.' The module's retrieved answers also confirm this relationship with high confidence (1.0 and 0.9). Therefore, the claim is definitively false."
ds4821,Not Misinformation,0.6,False,True,"The claim that Meghan Markle kept her romance with Prince Harry secret from her Suits cast mates is not supported by the evidence, which indicates the opposite. Multiple sources confirm that her Suits co-stars were aware of the relationship and reacted positively to her engagement. For instance, evidence [3] from the 'Suits cast comments' query and evidence [1] from the 'Suits cast reactions' query explicitly state that cast members like Sarah Rafferty and Patrick J. Adams expressed support, excitement, and well-wishes regarding her romance and engagement. While the relationship was kept private from the general public initially, there is no evidence suggesting she hid it from her colleagues; rather, they were part of the circle that celebrated her new chapter. Therefore, the headline's im"
ds471,Not Misinformation,0.95,False,True,"The claim accurately describes the RoboRoach product developed by Backyard Brains. Evidence confirms that RoboRoach is a real educational kit that uses a small electronic backpack with electrodes to stimulate the nerves in a cockroach's antennae. This device connects to a smartphone app via Bluetooth, allowing users to control the cockroach's movements. The image signals correctly identify the product as real and the mechanism as described. Although one PETA article notes app store issues, the underlying technology and the claim's description of how it works are factually correct."
ds4939,Misinformation,0.85,False,True,"The headline claims a specific individual named 'Cait' is facing knee surgery due to refusing to wear stilettos. The retrieved evidence does not support this specific causal link or event. Evidence [2] from DFW Running Talk mentions a 'Cait Keen' who underwent major surgery, but it was for an 11-centimeter fibroid, not a knee injury related to high heels. Evidence [3] mentions 'Cait McMahan' undergoing knee surgery in 2006 due to a bone bruise, which is unrelated to high heels and occurred nearly two decades ago. While general evidence confirms that high heels can cause knee injuries, there is no evidence linking a specific 'Cait' to the specific claim of 'crippling' knee surgery caused by stilettos in the context of the headline. The headline appears to be a fabricated or sensationalized "
1818,Misinformation,0.85,False,True,"The claim asserts that the 'Opinion Debate' section moved to a 'Viewspaper' and that there is more room for reader letters. Evidence [1] from Fast Company and [3] from NY Post confirms that the Washington Post's opinion section is undergoing an overhaul under Jeff Bezos, but there is no mention of a section moving to a platform or format called 'Viewspaper'. The term 'Viewspaper' appears in the evidence only in the context of a specific UK publication's rebranding (Evidence Q3[1]) or a supplement in The Independent (Evidence Q3[3]), not as a general destination for the Washington Post's opinion section. The claim conflates unrelated entities and fabricates a structural change (moving to 'Viewspaper') that is not supported by the evidence regarding the Washington Post's actual changes. Ther"
ds4587,Misinformation,0.85,False,True,"The claim that Jennifer Aniston spent $100,000 on a makeover is false. Evidence indicates that the $100,000 figure refers to her living expenses (hotel stay, room service, tips) during a period of separation, not cosmetic procedures. Furthermore, recent reports suggest she is actually reducing her use of facial fillers to achieve a more natural look, contradicting the idea of a massive, expensive makeover. The headline misrepresents financial data regarding her lifestyle expenses as a specific cost for a cosmetic transformation."
ds9253,Not Misinformation,0.85,False,True,"The image displays a realistic scene containing a coffee beverage, a slice of cake (consistent with coffee cake), and a banana. The headline claims the display includes 'coffee cake, a pastry and a beverage'. While the headline does not explicitly mention the banana, it accurately describes the primary items present (coffee cake and beverage). The term 'pastry' is used broadly in the headline, which can encompass the cake slice or the general category of baked goods shown. The retrieved evidence confirms that coffee cake is a common accompaniment to coffee and that such pairings are standard. The image is verified as not AI-generated. The partial alignment noted in the module signals (due to the unmentioned banana) does not constitute misinformation, as the stated items are indeed present "
ds8003,Misinformation,0.85,False,True,"The claim that a fireworks display in Weymouth marked the opening of the London 2012 Olympics is factually incorrect. The London 2012 Opening Ceremony took place at the Olympic Stadium in London on July 27, 2012, and was not held in Weymouth. While Weymouth did host sailing events for the 2012 Olympics (specifically the 'Sail for Gold' event in July 2012), there is no evidence linking a Weymouth fireworks display to the opening ceremony. The retrieved evidence indicates that Weymouth's fireworks are typically associated with Guy Fawkes Night (November 5th) or summer holidays, not the Olympic opening. The image shows a generic fireworks display, which does not substantiate the specific temporal and locational claim of the headline."
4557,Not Misinformation,0.85,False,True,"The headline claims that Irish actress Ruth Negga's Hollywood star status is 'SOAR'ing (rising). The retrieved evidence confirms that Ruth Negga is indeed a rising star in Hollywood. Evidence [1] from IrishCentral explicitly titles an article 'There’s a new Irish star in Hollywood: Ruth Negga'. Evidence [2] from BBC America notes she is part of the 'awards season conversation' due to her performance in 'Passing'. Evidence [3] from Deadline and RTÉ highlights her recent and upcoming high-profile projects, including 'Good Grief' and 'Presumed Innocent' alongside Jake Gyllenhaal. The module signals indicate the image is not AI-generated and while the specific identification of Ruth Negga in the image is marked as 'partial' alignment, the core claim regarding her rising status is factually sup"
ds8684,Misinformation,0.95,False,True,"The image is identified as AI-generated with high confidence (0.8) by the visual veracity module. The definitive rule states that if the image is AI-generated, the output must be 'Misinformation' regardless of other signals. The image depicts a cat and dog with unnatural fur patterns and colors, confirming it is not a real photograph of the scene described in the headline."
