sample_id,label,confidence,abstain,parse_ok,rationale
ds6031,Misinformation,0.9,False,True,"The image is confirmed to be AI-generated, which directly leads to the classification of the claim as misinformation. The visual veracity signal indicates a high confidence that the image is not real. Additionally, the claim about 'Project Ribbit Thunder' does not align with the content of the image, which features a tank and a floating frog, further supporting the conclusion that the image does not represent a legitimate declassified military image."
3397,Misinformation,0.8,False,True,"The image is identified as AI-generated with a confidence of 0.8, which meets the definitive rule for labeling the claim as misinformation. Additionally, the evidence confirms that Planet Hollywood Las Vegas is owned and operated by Caesars Entertainment, not a corporation based in Paris, Texas."
ds2700,Not Misinformation,0.8,False,True,"The image depicts a scaled quail standing on one leg, which is consistent with the behavior of these birds as noted in the evidence. Additionally, the evidence confirms that scaled quails can stand on one leg, supporting the claim. However, there is no evidence confirming the presence of a raisin and a peanut in the image, leading to partial alignment."
ds4880,Not Misinformation,0.9,False,True,"The evidence confirms that Lindsay Lohan wore a hijab at a modest fashion show, which aligns with the claim. Additionally, the evidence indicates that her appearance sparked mixed reactions on social media, supporting the headline. The sources provide consistent information about her wearing a hijab and the public's response to it."
ds8852,Not Misinformation,0.7,False,True,"The image shows three teddy bears, which aligns with part of the claim. However, there is no confirmation of a stuffed cat or that the setting is a bedroom wall, leading to partial alignment with the claim. The visual veracity indicates that the image is not AI-generated, supporting the authenticity of the image."
7551,Not Misinformation,0.8,False,True,"The evidence indicates that snow has indeed fallen in Kielder Water, Northumberland, and there are predictions for more snow over the weekend. The image aligns with the claim of snowfall in the UK, particularly in the mentioned area. The sources confirm snowfall in northern England and specifically mention Kielder Water as a location affected by snow."
365,Misinformation,0.8,False,True,"The image is AI-generated, which is confirmed by the visual veracity signal indicating a high confidence level. Additionally, the claim about the presence of people in gorilla costumes at the naming ceremony is supported by evidence, but the AI-generated nature of the image overrides this. Therefore, the claim is classified as misinformation."
ds4717,Misinformation,0.9,False,True,"The claim that Khloe Kardashian was forced by Tristan Thompson to follow a strict pregnancy diet after a binge on cookies and ice cream is supported by multiple sources. Evidence indicates that Tristan has influenced Khloe's diet during her pregnancy, particularly after she indulged in junk food. This aligns with the claim made in the headline."
4718,Not Misinformation,0.8,False,True,"The evidence confirms that Jennifer Lopez and Alex Rodriguez did take a break from their relationship, which ultimately led to their breakup. The retrieved evidence includes multiple sources stating that they called off their engagement and ended their relationship after four years. Additionally, the image is confirmed to be genuine and not AI-generated."
ds4306,Not Misinformation,0.9,False,True,"The evidence clearly supports the claim that Eric Trump stated it would be 'foolish' for his father to release his tax returns while under audit. Multiple sources confirm this statement, including a direct quote from Eric Trump. The image is also verified as not AI-generated, further supporting the authenticity of the claim."
ds1370,Not Misinformation,0.95,False,True,"The evidence confirms that Kris and Bruce Jenner attended the 44th Annual Academy of Country Music Awards held in Las Vegas in 2009. The image aligns with this event, and there are multiple sources corroborating their attendance."
ds2101,Not Misinformation,0.9,False,True,"The image aligns well with the claim, depicting a table with two wine glasses and a centerpiece. The visual veracity indicates that the image is not AI-generated, and the evidence supports the definition and importance of centerpieces in table settings."
5000,Misinformation,0.9,False,True,"The claim that Obama admitted to a secret deal with China to hand over U.S. territory to settle debt is unfounded. The evidence indicates that while Obama engaged in significant diplomatic dealings with China, there is no record of any agreement involving the handover of U.S. territory. The references to U.S.-China relations and the historical context of Hong Kong's handover do not support the claim of a secret deal. Additionally, there is no evidence of a debt settlement involving territory transfer. The image is confirmed to be genuine and does not depict any relevant context to the claim."
ds4724,Misinformation,0.9,False,True,"The claim that George and Amal Clooney are sleeping in separate bedrooms is not accurate. Evidence indicates that while there are rumors about their relationship, they are reportedly still happily together and have adapted to each other's habits, including George's snoring. This suggests that the notion of them sleeping separately is likely a misunderstanding. Additionally, the image does not support the claim of separation as it shows them together."
ds6329,Misinformation,0.9,False,True,"The image is AI-generated, as indicated by the visual veracity signal with high confidence. The blending of the man and the shark is unnatural, and the scene is surreal, which aligns with characteristics of AI-generated images. Additionally, the claim itself is misleading as there is no connection between 'What's Eating Gilbert Grape' and any shark-related events, nor does the film feature any shark scenes."
ds1157,Not Misinformation,0.7,False,True,"The image shows a banner related to the pope, which aligns with the claim about a person holding a banner during the pope's procession. However, the evidence indicates that the pope's procession did not occur on Fifth Avenue, but rather through Central Park. Therefore, while the image is relevant, it does not confirm the specific action described in the claim."
5013,Not Misinformation,0.9,False,True,"The image does not depict Brooke Burke or any specific event related to her dating revelation or divorce, but the evidence indicates that Brooke Burke is engaged to Scott Rigsby and has discussed her wedding plans, which aligns with the context of the headline. The retrieved evidence confirms her current relationship status and the delays in her wedding plans, supporting the claim's relevance."
3983,Misinformation,0.9,False,True,"The claim states that 'A Good Day to Die Hard' was directed by John Moore in 2008, which is incorrect. The film was actually released in 2013, and while John Moore is indeed the director, the year is misrepresented. Additionally, the image is confirmed to be AI-generated, which further supports the classification of misinformation."
ds9980,Not Misinformation,0.7,False,True,"The image depicts a smiling child, which aligns with the claim of an Iraqi girl. However, the specific context of settling near a Kurdish checkpoint is not definitively supported by the evidence. The evidence indicates that Kurdish checkpoints are significant for displaced families, but does not confirm the exact scenario described in the claim. Therefore, while the image is not AI-generated and the child appears genuine, the context remains uncertain."
ds2354,Not Misinformation,0.9,False,True,"The image depicts a big plane flying low on a cloudy sky, which aligns with the claim. The visual veracity signals indicate that the image is not AI-generated, and the relevancy signals support the claim's accuracy. Additionally, the retrieved evidence discusses factors that can lead to planes flying low, confirming the context of the claim."
ds9501,Misinformation,1.0,False,True,"Gerald Ford's reelection campaign in 1976 was unsuccessful, as he lost to Jimmy Carter. The evidence clearly indicates that the campaign faced significant challenges and did not achieve its goal, contradicting the claim of it being 'brilliant'."
ds4,Not Misinformation,0.8,False,True,"The evidence confirms that after the Charlie Hebdo attacks, the surviving staff did indeed relocate to the offices of Liberation newspaper temporarily. They squatted there for over six months before moving into rented office space. This is supported by multiple sources, including a New York Times article and a Wikipedia entry on the Charlie Hebdo shooting."
ds3871,Misinformation,0.9,False,True,"The claim that Meghan Markle was born in July is false. She was actually born on August 4, 1981, as confirmed by multiple sources. Additionally, the image is AI-generated, which further supports the classification of this claim as misinformation."
8830,Not Misinformation,0.7,False,True,"The image does not depict a clock hanging against the side of a barn, which is inconsistent with the claim. However, there are references to clocks on barns in the evidence, indicating that while the claim may not be accurate in this instance, it is not entirely false as clocks can be found on barns in general. The visual veracity indicates the image is not AI-generated, supporting the conclusion that the claim is not misinformation."
ds5053,Not Misinformation,0.8,False,True,"The claim that drinking green tea daily increases lifespan by ten years is supported by evidence suggesting that green tea may contribute to longevity and reduce the risk of cardiovascular disease. Specifically, a study conducted by Dr. Shinichi Kuriyama indicates that green tea may prolong life. However, the exact claim of a ten-year increase is not definitively established in the evidence. The image is relevant as it depicts tea leaves, aligning with the subject matter."
ds2437,,0.0,True,True,"The image does not depict an animal food tray or cage, but rather a disc golf basket, which is unrelated to the claim. The evidence does not support the claim about an empty animal food tray or cage, but it also does not definitively prove it false. Therefore, the confidence is low due to the lack of relevant evidence."
ds6090,Misinformation,0.9,False,True,"The image is confirmed to be AI-generated, which directly leads to the classification of the claim as misinformation. Additionally, the evidence indicates that Outside Lands did not occur in 2023, as the next scheduled event is set for August 7–9, 2026. This further supports the conclusion that the claim about the festival being fun is misleading."
ds742,Not Misinformation,0.7,False,True,"The image shows demonstrators with a banner that includes the phrase 'WALL OFF TRUMP,' indicating a protest related to Trump. However, the evidence does not confirm that demonstrators specifically blocked Trump at Quicken Loans Arena. The sources indicate protests occurred nearby but do not provide definitive evidence of a barrier being formed against Trump himself."
ds1754,Not Misinformation,0.9,False,True,"The evidence confirms that Benedict Cumberbatch portrays Julian Assange in the film 'The Fifth Estate,' aligning with the claim. The image is not AI-generated, and the details from multiple sources corroborate the accuracy of the claim."
4580,,0.0,True,True,"The evidence does not provide a definitive confirmation that Kourtney Kardashian explicitly picks Kylie Jenner's lip kit over Kim Kardashian's contour sticks. While there are references to Kourtney's collaboration with Kylie and the popularity of Kim's contour sticks, there is no clear statement or evidence supporting the claim made in the headline. The signals indicate a lack of direct evidence for the claim, leading to a moderate confidence level."
ds50,Not Misinformation,0.9,False,True,"The evidence confirms that Rachael Drouet has not tracked down the owners of the decorations, as stated in the claim. The sources explicitly mention her ongoing efforts to find the owners of the Christmas decorations stolen by her cat, Theo. This aligns with the claim and provides strong support for its accuracy."
8392,Misinformation,1.0,False,True,"The evidence clearly supports the claim that Oregon Attorney General Ellen Rosenblum filed a lawsuit against GNC for selling dietary supplements containing illegal synthetic chemicals, specifically BMPEA and picamilon. This is corroborated by multiple sources, including a news article and a Wikipedia entry detailing the lawsuit and the substances involved."
ds7878,Not Misinformation,0.8,False,True,"The evidence confirms that significant flooding has occurred in Harinagar, Satkhira, and that families are affected by these floods, which aligns with the claim. However, the specific identification of the family as Bangladeshi and their exact location in Harinagar cannot be definitively confirmed from the evidence provided. The image does not appear to be AI-generated, further supporting the claim's validity."
ds4278,Misinformation,0.9,False,True,"The claim that the Russian mansions seized by Obama were meant as illegal gifts to Sasha and Malia is false. There is no evidence supporting the idea that these mansions were intended as gifts to the Obama daughters. The evidence indicates that the properties were seized as part of sanctions against Russia for election interference, not as gifts. Additionally, the sources confirm that there is no basis for the claim regarding the mansions being gifts."
ds6954,Misinformation,0.9,False,True,"The image is AI-generated, as indicated by the visual veracity signal with high confidence. Additionally, the claim about Prof. Martin Hairer being an Austrian mathematician is misleading because he teaches at EPFL and Imperial College London, not the University of Warwick. The evidence confirms his teaching positions and nationality, but the image's AI generation is the primary reason for labeling this as misinformation."
ds3520,Misinformation,1.0,False,True,"Ice-T was born on February 16, 1958, and he signed with Sire Records in 1987, making him 29 years old at the time, not 18 as claimed. This is confirmed by multiple sources, including his biography on Wikipedia and Genius."
7044,Not Misinformation,0.8,False,True,"The image shows a woman who appears to be Hillary Clinton, and there is evidence that she has spoken at rallies in Columbus, Ohio. However, the specific context of the image being from a rally in Columbus is not confirmed. The signals indicate a partial alignment with the claim, but the visual veracity is confirmed as not AI-generated. Evidence supports that she has held rallies in Columbus, Ohio, but does not confirm the specific event depicted in the image."
ds9094,Misinformation,0.8,False,True,"The image is identified as AI-generated with a high confidence level (0.8), indicated by the presence of nonsensical text on the sign. This suggests manipulation or generation rather than a genuine photograph of two old street parking meters surrounded by weeds. The visual veracity signal confirms the AI generation, which leads to the conclusion of misinformation regardless of the relevance of the claim."
ds3303,Not Misinformation,0.8,False,True,"The claim that Scandinavia includes Svalbard and Jan Mayen is not accurate. Svalbard is part of the Kingdom of Norway but is not considered part of geographical Norway or the Scandinavian region. It is classified as part of the Nordic region. Jan Mayen, while also part of Norway, is similarly not included in the traditional definition of Scandinavia, which typically comprises only Norway, Sweden, and Denmark. This is supported by multiple sources that clarify the distinction between Nordic and Scandinavian regions."
ds7131,Not Misinformation,0.7,False,True,"The evidence confirms that Karen O performed at the ceremony, but does not provide specific details about the dress or jewels she wore. The image is not AI-generated, and while the claim about the dress and jewels cannot be fully verified, the performance aspect is accurate."
ds7823,Not Misinformation,0.9,False,True,"The claim that the Berlaymont building houses the European Commission is accurate. The evidence confirms that the Berlaymont building is indeed the headquarters of the European Commission, located in Brussels, Belgium. The retrieved evidence from multiple sources supports this claim, including details about its construction and purpose."
1047,Not Misinformation,0.9,False,True,"The evidence confirms that Matt Bevin addressed the Kentucky Chamber of Commerce dinner on January 7, 2016. Multiple sources corroborate this event, including a direct statement from a news article and a Wikipedia entry. The image does not appear to be AI-generated, further supporting the authenticity of the claim."
ds8744,Not Misinformation,0.8,False,True,"The image shows a shirtless man on a skateboard in mid-air, which aligns with the claim. The visual veracity indicates that the image is not AI-generated, and the context of the skateboarder being in mid-air is supported by the description. However, the evidence does not confirm the presence of people directly below him, which is a minor detail. Overall, the main elements of the claim are substantiated."
ds9896,Not Misinformation,0.8,False,True,"The evidence indicates that Alan Johnson is currently in a positive personal situation, having recently married and with no recent reports of health issues. The claim of him having a 'bad case' is not supported by the evidence, which suggests he is managing personal matters rather than health crises. Additionally, the image is confirmed to be genuine and not AI-generated."
ds3482,Misinformation,0.9,False,True,"The claim that 'Gotham City Sirens failed to be published' is false. Evidence indicates that the series has been published and continues to have new issues released, with the latest issue scheduled for August 21, 2024. Additionally, there are ongoing discussions about the series, confirming its active status rather than a failure to publish."
3081,Misinformation,0.9,False,True,"The claim that 'Story of My Life' was recorded exclusively by a girl band is false. The song is primarily known for being recorded by the boy band One Direction, as confirmed by multiple sources. There is no evidence to support that a girl band recorded this song. Additionally, the image does not depict a girl band, further supporting the claim's inaccuracy."
6149,Misinformation,0.9,False,True,"The image is AI-generated, as indicated by the visual veracity signal with a confidence of 0.8. The surreal scenario of a dog reading a book, along with nonsensical text, strongly suggests manipulation. This aligns with the definitive rule that states if the image is AI-generated, it is classified as misinformation regardless of other signals."
ds6053,Misinformation,0.9,False,True,"The image is confirmed to be AI-generated, which directly leads to the classification of the claim as misinformation. The visual veracity signal indicates a high confidence that the image is not real, and the surreal nature of the image (a rabbit riding a pink tricycle) does not align with realistic scenarios. This supports the conclusion that the claim is misleading."
5357,Not Misinformation,0.8,False,True,"The evidence supports the claim regarding the Education Secretary's controversial plan and the financial risks associated with it. The retrieved evidence indicates that the Education Secretary, Linda McMahon, is implementing a plan that has sparked debate and criticism, particularly regarding the financial implications of increased federal funding in education. Specific references to critics arguing that the funding will not address underlying issues in the education system further substantiate the claim. The image is confirmed to be genuine and relevant to the topic."
ds3839,Misinformation,0.9,False,True,"The image is AI-generated, which confirms the misinformation claim. Additionally, while Dev Patel did star in 'Chappie', the movie is not an animated film but a live-action film with animated elements. Therefore, the claim that it is an animated movie is false."
7469,Not Misinformation,0.9,False,True,"The evidence confirms that Donald Trump did indeed hold a rally in Bangor, Maine on October 15, 2016, as stated in the claim. Multiple sources corroborate this event, including a Wikipedia entry and a news article from the Press Herald detailing the rally's content and location."
ds3252,Misinformation,0.9,False,True,"The claim that 'Little Dorrit' was only published in the 1980s is false. The novel was originally published in serial form between 1855 and 1857, as confirmed by multiple sources. Additionally, the image is identified as AI-generated, which further supports the classification of the claim as misinformation."
ds3976,Misinformation,0.9,False,True,"The claim that the United States is one of the ABC Islands is false. The ABC Islands, which include Aruba, Bonaire, and Curaçao, are part of the Kingdom of the Netherlands and not associated with the United States. Additionally, the image is AI-generated, which further supports the classification of the claim as misinformation."
9974,Not Misinformation,0.8,False,True,"The image is confirmed to be a genuine photograph, and the headline references Kanye West, who is indeed featured in the image. The evidence indicates that Kanye has been tweeting recently, including controversial statements, which aligns with the context of the claim. However, the specific content of the tweet mentioned in the headline is not provided in the evidence."
4125,Not Misinformation,0.9,False,True,The evidence confirms that Kevin Hart appeared in a J. Cole music video where he played a role reflecting his real-life cheating scandal. This aligns with the claim made in the headline. The image does not contradict this information and appears to be a genuine photograph.
ds2506,Not Misinformation,0.8,False,True,"The evidence indicates that there are indeed fences around certain buildings in Warsaw to protect pedestrians from falling bricks. Specifically, one source mentions that fencing has been installed around the first two buildings to catch falling bricks, which aligns with the claim. However, the specific building in the image cannot be definitively identified as being in Warsaw based solely on the image provided."
ds6253,Misinformation,0.9,False,True,"The image is confirmed to be AI-generated with a high confidence level (0.9), which aligns with the definitive rule that states any AI-generated image should be classified as misinformation. Additionally, the surreal nature of the image supports this classification."
ds6291,Misinformation,0.9,False,True,"The image is identified as AI-generated, which indicates manipulation and unreliability. The visual veracity signal confirms that the image depicts an impossible scenario, further supporting the claim of misinformation. Additionally, the evidence retrieved confirms the existence of a statue of a girl riding a gazelle, but the image in question is not a genuine representation."
ds9638,Not Misinformation,0.9,False,True,"The evidence confirms that Tania Reza and Enrique Tovar appeared on YouTube to discuss the incident, which was later revealed to be staged. The sources indicate that they claimed the incident was orchestrated for viral purposes, aligning with the headline. Additionally, the image is not AI-generated, further supporting the authenticity of the claim."
ds994,Not Misinformation,0.9,False,True,"The image aligns well with the claim, depicting performers forming the Olympic rings during a closing ceremony. The evidence confirms that the Olympic rings were indeed featured during the closing ceremony of the Paris 2024 Olympics, supporting the claim's accuracy."
ds5728,Not Misinformation,0.9,False,True,"The image and headline align well with the subject of Jenny McCarthy's career in the entertainment industry. The evidence confirms her rise to fame starting in the early 1990s, with significant milestones occurring around 1995, such as being named Playmate of the Year. The visual veracity signals indicate that the image is not AI-generated, further supporting the authenticity of the claim."
2731,Not Misinformation,0.8,False,True,"The image aligns with the claim about an innovative take on the 'baby on board' sticker, as it depicts a toy doll in a car window, which is a humorous and creative interpretation of the traditional sticker. The evidence supports the existence of various innovative and funny 'baby on board' stickers, confirming the context of the claim. The visual veracity signals indicate that the image is not AI-generated, further supporting the authenticity of the claim."
ds2331,Not Misinformation,0.9,False,True,"The image clearly depicts a man on a tennis court holding a racquet, which aligns with the claim. The visual veracity signals indicate that the image is not AI-generated, and the evidence supports the presence of men holding racquets in tennis contexts."
9107,Misinformation,0.8,False,True,"The image is confirmed to be AI-generated, which directly leads to the classification of the claim as misinformation. The visual anomalies and the technical perfection of the image support this conclusion. Additionally, the claim about a silver oven next to other appliances cannot be verified due to the nature of the image."
ds3649,Misinformation,1.0,False,True,"The claim that 'An Educated' was created only by journalist Nora Ephron is false. The evidence clearly states that 'An Educated' refers to a memoir by Tara Westover, not a work by Nora Ephron. Additionally, Ephron is known for her contributions to journalism and film, but not for this particular title."
7187,Not Misinformation,0.9,False,True,"The evidence confirms that Ayatollah Khamenei attended a meeting in Tehran in September 2022, specifically on September 17 and September 21, where he was seen waving to the crowd. The image in question is not AI-generated and aligns with the events described."
ds5161,Not Misinformation,0.8,False,True,"The evidence indicates that there are no credible sources linking Mike Pence to secret ties with Russian spy agencies. Instead, the available information focuses on Pence's opposition to Russian aggression and his support for NATO allies, which contradicts the claim of secret ties. The image is confirmed to be genuine and not AI-generated, further supporting the conclusion that the claim is not substantiated."
ds4423,Misinformation,1.0,False,True,"The claim that Floyd Mayweather Jr. donated a significant sum to Houston after a hurricane is false. Evidence indicates that he did not donate $200 million to Houston for Hurricane Harvey relief, and this claim has been classified as fake news. The image does not provide context confirming the donation to Houston, and the signals indicate that the claim is misleading."
8155,Not Misinformation,0.7,False,True,"The evidence indicates that Charlie Pierce did not work for Mitt Romney, as he is a journalist who has critiqued Romney's policies rather than being part of his staff. Additionally, there is no specific information found regarding a phone call in a wire factory in Ohio in 2012. The image does not relate to the claim and depicts a disaster scene, which further supports the conclusion that the claim is not accurate."
ds7055,Not Misinformation,0.7,False,True,"The evidence indicates that Leeroy Murray existed in 1947 and was part of the Murray family, which includes Nora and John Murray. The historical context of Hampstead Heath in 1947 supports the claim that it was a popular location for family outings and photography. However, the specific image does not depict the individuals mentioned in the claim, which raises questions about its accuracy in relation to the headline."
8165,Not Misinformation,0.8,False,True,"The evidence indicates that the Blue Ribbon Bacon Festival did occur, and it is confirmed that Emily Cruse Elliott performed at Club Sizzle during this event. The image shows people dancing, which aligns with the context of the festival. However, while the image does not confirm the specific identity of the dancers, the textual evidence supports the claim about Emily Cruse Elliott's participation."
1449,Not Misinformation,0.9,False,True,"The claim that Hinchliffe Stadium opened in 1932, hosted Negro League games, and is now abandoned is accurate. The evidence confirms that the stadium was built in 1932, hosted Negro League games, and was abandoned until its recent renovation in 2023. The image aligns with the description of the stadium being in ruins prior to its restoration."
4647,Misinformation,0.9,False,True,"The evidence indicates that Angelina Jolie and Jennifer Aniston did meet in person, contradicting the claim that they did not have a face-to-face meeting. Aniston has described their meeting as friendly, which aligns with the retrieved evidence. Additionally, the image is confirmed to be genuine and not AI-generated."
ds4064,Not Misinformation,0.9,False,True,"The claim regarding Brad Pitt's net worth is supported by multiple sources indicating estimates of his net worth around $300 million to $400 million. The image is confirmed to be a genuine photograph, and the context aligns with the subject of the headline. The evidence is sufficient to support the claim."
ds2877,Not Misinformation,0.8,False,True,"The image shows a decomposing leaf, which aligns with the claim about decomposing leaves found offshore at a local reservoir. The evidence from the retrieved snippets supports the claim, particularly the first snippet which directly states that the image is of a decomposing leaf found offshore at a local reservoir (https://www.reddit.com/r/mildlyinteresting/comments/cyu5jq/one_of_many_decomposing_leaves_found_just/). Additionally, the context of leaf decomposition in reservoirs is supported by other evidence regarding the effects of environmental factors on leaf decomposition (https://pubs.usgs.gov/publication/70252241)."
7330,Misinformation,0.9,False,True,"The image does not depict Jonathan Jones or the Millennium Bridge in central London, as it shows a group of people in a different setting. Additionally, there is no evidence linking Jonathan Jones to the Millennium Bridge. The sources confirm that Jonathan Jones is not associated with the bridge, and the image does not match the claim."
ds5062,Misinformation,1.0,False,True,"The claim that the COVID-19 vaccine alters DNA and increases the risk of genetic mutations is false. Evidence indicates that COVID-19 vaccines, particularly mRNA vaccines, do not alter human DNA as they do not enter the nucleus of cells where DNA is located. Additionally, there is no evidence from reputable studies that COVID vaccines increase the risk of genetic mutations or cancer. This is supported by multiple sources, including a case-control study that found no association between the COVID vaccine and cancer development (https://www.acibademhealthpoint.com/the-covid-vaccine-cause-cancer-fact-check-analysis/). Furthermore, a pregnant doctor emphasized that understanding the science of mRNA technology helped inform her decision to get vaccinated, reinforcing that these vaccines do not "
ds5124,Misinformation,1.0,False,True,"The claim that Biden admitted to plotting election fraud with foreign powers is false. Evidence shows that Biden did not admit to any such actions, and claims suggesting otherwise are based on misinterpretations or out-of-context statements. The image is unrelated to the claim, depicting Hillary Clinton instead of Biden. Additionally, the evidence confirms that there is no credible tape or admission from Biden regarding election fraud."
6119,Misinformation,0.9,False,True,"The image is confirmed to be AI-generated with a high confidence level (0.8), which directly leads to the classification of the claim as misinformation. The surreal elements in the image further support this classification. Additionally, the phrase 'not no way not no how' is a well-known quote from 'The Wizard of Oz', which adds context but does not change the fact that the image is AI-generated."
5317,Misinformation,1.0,False,True,"The claim that herbal tea from the Amazon rainforest eradicates COVID-19 instantly is false. Multiple sources confirm that herbal tea does not cure or prevent COVID-19, and claims suggesting otherwise are misleading. The World Health Organization and other medical experts have stated that there is no known cure for COVID-19. Additionally, there is no evidence supporting the effectiveness of Amazon herbal tea against the virus."
ds8378,Not Misinformation,0.9,False,True,"The evidence confirms that Richard Dawkins and Rowan Williams did indeed debate the role of religion in the 21st century, specifically on January 31, 2013, at the Cambridge Union. The debate centered around the proposition that 'this house believes religion has no place in the 21st century,' which Dawkins supported but ultimately lost, as the majority voted in favor of the opposing view that religion does have a place in modern society. This is supported by multiple sources, including HuffPost and Christian Today."
8719,Misinformation,0.9,False,True,"The image is confirmed to be AI-generated with a high confidence level (0.8), which directly leads to the classification of the claim as misinformation. Additionally, the claim about a pink and green bus is not substantiated by the evidence, as the image does not clearly depict both colors. The evidence indicates that while there are references to pink and green buses, they do not confirm the existence of a pink and green bus parked on a grass field parking lot."
6563,Misinformation,0.8,False,True,"The image is identified as AI-generated, which is a definitive indicator of misinformation regardless of the context provided in the headline. The visual veracity signal indicates a high confidence that the image is not real, and the evidence supports this conclusion."
ds3412,Misinformation,1.0,False,True,"The claim that Castlevania came out in Japan in 1990 is false. The original Castlevania game was released in Japan on September 26, 1986. This is supported by multiple sources, including the Castlevania Wiki and Wikipedia, which confirm the 1986 release date. Additionally, the confusion may stem from the release of a different game, Kid Dracula, which was released in 1990."
966,Misinformation,0.9,False,True,"The evidence indicates that there is no confirmation of Marco Rubio grilling at the Iowa State Fair in 2015. Multiple sources explicitly state that there is no evidence of him participating in grilling activities at the fair, despite the context of the event being politically significant. The image may depict a grilling scene, but it does not substantiate the claim regarding Rubio's involvement."
ds5156,Misinformation,0.9,False,True,"The claim that the COVID-19 vaccine causes permanent memory loss is not supported by the evidence. The retrieved sources do not mention any link between COVID-19 vaccines and memory loss, focusing instead on other side effects and concerns. Additionally, the evidence indicates that vaccine efficacy issues are related to variants and behavior changes, not cognitive effects. Therefore, the claim is misleading."
ds2814,Not Misinformation,0.85,False,True,"The image of the Father's Day note aligns with the claim about finding it in a fishing book in a used bookstore in Knoxville, TN. The signals indicate that the note is genuine and the context is relevant. While there is no direct evidence confirming the specific event, the high relevancy confidence supports the claim's validity."
ds6955,Misinformation,0.9,False,True,"The image is AI-generated, which is a definitive indicator of misinformation. Additionally, the evidence indicates that there is no documented relationship between Henry Kissinger and Sepp Blatter, further supporting the claim's falsehood."
ds6481,Not Misinformation,0.9,False,True,"The image is confirmed to depict Vladimir Putin and Borut Pahor, as supported by multiple reliable sources. The context of their meeting aligns with the claims made in the headline, and there are no indications of AI generation."
5084,Misinformation,0.9,False,True,"The image is confirmed to be AI-generated, which directly leads to the classification of the claim as misinformation. Additionally, the evidence indicates that there was no Senate vote to ban independent media, further supporting the misinformation label."
ds1963,Not Misinformation,0.8,False,True,"The evidence supports the claim of heavy traffic on the M5 motorway during a busy Easter getaway, with multiple sources confirming significant delays and increased journey times for holidaymakers. The image aligns with the subject matter, depicting heavy traffic, although it cannot be definitively confirmed as the M5 or specifically during Easter. However, the overall context and corroborating evidence lend credibility to the claim."
9347,Not Misinformation,0.8,False,True,"The image depicts a man wearing glasses, and while he is wearing a purple scarf, the specific details of the shirt being lavender are not fully confirmed. However, the visual veracity indicates that the image is not AI-generated, and the relevancy signals suggest a strong alignment with the claim. The evidence supports the existence of men wearing lavender shirts, but does not definitively confirm the exact details of the shirt in the image."
ds4921,Not Misinformation,0.8,False,True,"The evidence indicates that Justin Bieber and Kourtney Kardashian have been in contact and that there are reports of private messages between them. Additionally, the context of Selena Gomez's reaction and Younes Bendjima's comments supports the claim that the exes still communicate without suggesting any immediate concern for Selena and Younes. The image does not contradict the claim, as it does not provide definitive evidence against it."
3169,Misinformation,0.9,False,True,"The claim that Ian Gillan was born on May 19, 1945, is false. He was actually born on August 19, 1945, as confirmed by multiple sources. Additionally, the image is identified as AI-generated, which further supports the classification of the claim as misinformation."
2004,Not Misinformation,0.9,False,True,"The image clearly depicts a basketball game in progress, and the signals indicate that there are indeed basketball games happening currently. The evidence supports the claim that there is a basketball game going on."
4046,Misinformation,1.0,False,True,"The claim that George H.W. Bush has died at 94 is true, as he passed away on November 30, 2018, at the age of 94. The evidence confirms his death and provides details about the circumstances surrounding it."
8531,Not Misinformation,0.7,False,True,"The image depicts a kitchen area with decorative elements, aligning with the claim of a decorated interior. However, the size of the kitchen is not fully visible, making it difficult to definitively confirm if it is a smaller kitchen. The evidence supports the idea of decorated kitchens and trends in small kitchen design, but does not provide a clear confirmation of the kitchen's size."
ds8617,Misinformation,0.8,False,True,"The image is confirmed to be AI-generated, which directly leads to the classification of the claim as misinformation. The visual veracity signal indicates a high confidence level in the AI generation of the image. Additionally, while the relevance signal suggests some alignment with the claim, it does not provide sufficient evidence to support the existence of a parking meter in front of a restaurant and parking lot as described in the claim."
1052,Not Misinformation,0.9,False,True,"The claim that the iPhone 5C was displayed during an Apple product announcement at the Apple campus in Cupertino, California, and that it was released on September 20, 2013, is supported by multiple reliable sources. The image depicts the iPhone 5C, aligning with the context of the announcement. Additionally, the release date is confirmed by Apple's official announcement."
2929,Not Misinformation,0.9,False,True,"The evidence supports the claim that a nurse with colorful hair received criticism and responded positively. The image aligns with the description of the nurse, and the retrieved evidence confirms her response to the criticism, emphasizing that her appearance does not affect her ability to perform her job. The sources provide consistent information about her pride in her appearance and the viral nature of her response."
5939,Misinformation,0.8,False,True,"The image is confirmed to be AI-generated, which directly leads to the classification of the claim as misinformation. Additionally, the evidence indicates that Vic Mensa does not have roots in Houston, Texas, as he was born and raised in Chicago, Illinois. This contradicts the claim about his roots influencing his musical style."
ds3503,Misinformation,0.9,False,True,"The claim that 'The Hunger Games' are based on a play is misleading. While there is a stage adaptation titled 'The Hunger Games: On Stage', the original source material is a series of novels by Suzanne Collins, not a play. Additionally, the image is AI-generated, which further supports the classification of misinformation."
ds6940,Misinformation,0.8,False,True,"The image is AI-generated, which confirms it as misinformation regardless of the claim's content. The visual veracity signal indicates a high confidence that the image is not real. Additionally, the evidence does not support the existence of a specific comic book about trafficking in Indonesia, nor does it confirm that Indonesian children read such comics."
ds8840,Misinformation,0.8,False,True,"The image is identified as AI-generated with high confidence (0.8), which directly leads to the classification of misinformation. Additionally, the claim about the dump truck being on green asphalt is incorrect, as the image shows it on grass. The visual veracity signal confirms the AI generation, which is a definitive rule for misinformation."
ds4482,Not Misinformation,0.8,False,True,"The evidence indicates that the San Juan Teamsters have been actively involved in relief efforts and there is no indication that they skipped work to distribute relief supplies. Specifically, sources highlight the Teamsters' efforts to assist members and communities, particularly in disaster relief efforts in Puerto Rico. Additionally, there is no specific news confirming that the Teamsters did not show up for work, which supports the claim's inaccuracy."
ds4702,Not Misinformation,0.7,False,True,"The claim about Gwen Stefani being pregnant is based on rumors and speculation, as indicated by the evidence. While there are discussions about her potential pregnancy, there is no confirmed news or official statement supporting the claim. The image is a genuine photograph, and the evidence suggests that the rumors are not substantiated. Additionally, the mention of friends thinking she has a secret relates to her public image changes rather than a pregnancy."
1231,Not Misinformation,0.7,False,True,"The image shows a player running during pregame warmups, which aligns with the context of the headline. However, the specific identification of Robert Griffin III cannot be confirmed from the evidence provided. The sources mention Robert Griffin III's history with the Redskins and games played at Raymond James Stadium, but do not confirm his presence during warmups at that location. Therefore, while the claim is plausible, it cannot be definitively verified."
4217,Not Misinformation,0.7,False,True,"The image does not appear to be AI-generated, and there is evidence that J.Lo and A-Rod were recently spotted kissing in public, suggesting a possible reconciliation. However, the claim about their makeouts being 'next level' lacks specific corroboration in the evidence. The relationship status has changed, with J.Lo currently in a relationship with Ben Affleck, which complicates the context of the claim."
992,Not Misinformation,0.9,False,True,"The evidence supports the claim that high water has affected homes and businesses near the Shiawassee River and Shiawassee National Wildlife Refuge in Michigan. Reports indicate significant flooding due to heavy rainfall, leading to overflow conditions in the Shiawassee River, which has prompted local authorities to advise the public to avoid the area due to hazardous conditions. Additionally, the flooding has caused damage to properties, aligning with the claim."
ds6586,Misinformation,0.9,False,True,"The image is AI-generated, depicting a surreal scene with jellyfish in a bedroom, which is not a natural occurrence. This aligns with the visual veracity signal indicating the image is AI-generated with high confidence. Therefore, the claim about a person holding their hand on a bed is misleading as the image does not represent a real scenario."
ds1582,Misinformation,0.9,False,True,"The claim states that Norway won against England in the European Under-21 Championship, but the evidence indicates that Norway lost to England with a score of 1-2 in a different match context (FIFA World Cup). Additionally, the evidence confirms that Ørjan Nyland is a goalkeeper, but does not link him to the specific match mentioned in the claim. Therefore, the claim is false."
ds6549,Misinformation,0.8,False,True,"The image is identified as AI-generated with a confidence of 0.8, which is above the threshold of 0.6. This indicates that the image does not represent a real smiling young mother holding her infant child, despite the headline suggesting otherwise."
ds1547,Not Misinformation,0.8,False,True,"The evidence indicates that Watarrka National Park is indeed under custodianship of the traditional owners, specifically the Anangu Aboriginal people, rather than the Martutjarra Luritja people. The park is recognized for its cultural significance and biodiversity, and while the Martutjarra Luritja people are acknowledged as custodians of land in Central Australia, the specific claim regarding Watarrka National Park does not align with the evidence provided."
ds9027,Misinformation,0.8,False,True,"The image is confirmed to be AI-generated, which directly leads to the classification of the claim as misinformation. The visual veracity signal indicates a high confidence that the image does not depict a real pizza. Additionally, while the claim about Chicago deep dish pizza aligns with the general characteristics of the dish, the presence of sausage is not confirmed in the image."
ds8208,Not Misinformation,0.8,False,True,"The evidence indicates that activists did protest the Summer Olympics in Brazil, specifically addressing issues such as water pollution and broken promises related to the event. The protests were linked to broader concerns about corruption and mismanagement, which aligns with the claim. The image shows a protest, and while it does not explicitly state it is about the Olympics, the context provided by the evidence supports the claim. Therefore, the claim is likely true based on the evidence provided."
ds1877,Not Misinformation,0.9,False,True,"The claim that Gordon Taylor settled into his role as chairman of the Professional Footballers Association in November 1978 and later became chief executive in 1981 is supported by multiple reliable sources. Specifically, the evidence confirms that he became chairman in November 1978 and chief executive in 1981, corroborating the timeline presented in the claim."
ds1998,Not Misinformation,0.9,False,True,"The evidence supports the claim that increasing spending cuts would likely lead to more protests. The image aligns with the headline, depicting a protest against cuts, and the retrieved evidence indicates that austerity measures, particularly spending cuts, have historically led to significant public protests, as seen in recent events in France. This correlation is well-documented in the evidence."
578,Not Misinformation,0.8,False,True,"The image shows a person working with a pump in a flooded area, which aligns with the context of trying to keep floodwaters out of a property. While the specific identity of the person as Bob Bailey and the exact location as Clarksville, Mo, cannot be confirmed, the evidence supports the occurrence of flooding in Clarksville, Missouri, and the efforts to manage it. The retrieved evidence indicates that flooding in Clarksville is significant and ongoing, which aligns with the claim."
ds4435,Misinformation,0.9,False,True,"The evidence indicates that there is no support for the claim that Trump removed Marines from the Navy. The sources discuss various topics but do not mention any action taken by Trump regarding the removal of Marines. Therefore, the claim is misleading."
4186,Misinformation,0.8,False,True,"The claim that Katie Holmes reignites her friendship with James Van Der Beek to make Jamie jealous is misleading. While Katie Holmes did pay tribute to James Van Der Beek following his death, there is no evidence to support the idea that she is trying to make Jamie jealous. The sources indicate that Jamie Foxx's feelings about Katie moving on are more about his past relationship with her rather than any jealousy regarding her friendship with Van Der Beek. Additionally, the image does not depict the subjects mentioned in the headline, further questioning the validity of the claim."
ds5919,Misinformation,1.0,False,True,"The claim that Ares is a nephew of Zeus is incorrect; Ares is actually the son of Zeus and Hera, making him Zeus's child rather than his nephew. This is supported by multiple sources, including Wikipedia entries on Ares and Zeus, which confirm Ares's lineage. Therefore, the headline misrepresents Ares's familial relationship within Greek mythology."
ds379,Misinformation,1.0,False,True,"The claim states that three people died during a police raid in Saint-Denis five days after the attacks. The evidence confirms that during the raid on November 18, 2015, two suspects were killed, and a woman detonated an explosive device, resulting in her death, which aligns with the claim of three deaths. Therefore, the claim is misleading as it does not accurately represent the details of the incident."
ds3753,Not Misinformation,0.9,False,True,"The evidence clearly indicates that the Icelandic Coast Guard performs a variety of essential services, including search and rescue, maritime safety, and law enforcement. The retrieved evidence supports the claim that the Coast Guard is actively involved in numerous operations and maintains a continuous watch for emergencies, contradicting the claim that they rarely perform a service."
ds6032,Not Misinformation,0.9,False,True,"The image depicts a real ostrich interacting with a person, which aligns with the humorous nature of the claim about the ostrich's table manners. The evidence supports the idea that while ostriches do not have human-like table manners, the headline is likely intended to be humorous. The visual veracity signals confirm that the image is not AI-generated, further supporting the authenticity of the claim."
3980,Not Misinformation,0.9,False,True,"The claim that 'Touch My Body is a law' is false. The evidence indicates that 'Touch My Body' refers to a song by Mariah Carey and is not a legal term or law. Laws regarding physical contact are related to assault, battery, or harassment, which are not specifically named 'Touch My Body.' This is supported by evidence from legal sources discussing the laws on physical contact (https://lawshun.com/article/is-there-a-law-about-touching-people and https://lawshun.com/article/is-forcible-touching-an-assault-or-battery-common-law)."
ds2845,Not Misinformation,0.7,False,True,"The image shows a premium gas pump, which aligns with the claim. However, there is no evidence confirming the presence of a spider web on it or that it is located in a secluded part of Arkansas. The evidence indicates that while premium pumps exist in Arkansas, there are no specific reports or mentions of spider webs on gas pumps in the state."
1318,Not Misinformation,0.8,False,True,"The image shows patrons seated at a bar and in rows, which aligns with the context of the headline. While it does not confirm the presence of bocce, the evidence indicates that bocce can be played in bars and that patrons can relax in such settings. The retrieved evidence supports the claim that bars often feature bocce games, making it plausible that patrons could be waiting to play bocce in a bar environment."
ds2773,Not Misinformation,0.9,False,True,"The image shows a Bible and a Book of Mormon in a hotel drawer, which aligns with the claim about a hotel in Detroit having these items. The evidence supports that many hotels, particularly those affiliated with Marriott, include both texts in their rooms due to historical ties with the Church of Jesus Christ of Latter-day Saints. This is corroborated by multiple sources indicating the presence of these texts in hotel rooms, especially in Marriott hotels."
ds8795,Not Misinformation,0.7,False,True,"The image depicts two men in formal attire, likely at night, which aligns with the claim. However, it is unclear if they are wearing sunglasses. The evidence supports that men do wear sunglasses at night for various reasons, and there are reports of men crossing streets at night, which further aligns with the claim. However, the specific detail about sunglasses is not confirmed in the image."
6395,Misinformation,0.9,False,True,"The image is confirmed to be AI-generated, which directly leads to the classification of the claim as misinformation. The visual veracity signal indicates a high confidence that the image is not authentic, and the context of the headline suggests a humorous take on a situation involving Beyoncé, further supporting the misinformation classification."
ds5285,Not Misinformation,0.9,False,True,"The evidence indicates that Hillary Clinton has publicly denied any intention to run for president in 2024, stating that it would be a 'terrible mistake' for President Biden to seek reelection. Additionally, she has not announced any plans for a 2024 campaign and is focusing on supporting other Democratic candidates. This contradicts the claim that she is secretly planning to run."
ds7674,Not Misinformation,0.7,False,True,"The evidence indicates that the Highlands attract many visitors, primarily due to their natural beauty and cultural significance. However, the specific claim that 80% of visitors come from other parts of the UK is not directly supported by the evidence provided. The statistics mention that visitors typically stay an average of 4.1 nights in the Highlands and that scenery and culture are major attractions, but do not specify the percentage of visitors from the UK. Therefore, while the claim is plausible, it cannot be definitively confirmed or denied based on the available evidence."
2728,Not Misinformation,0.9,False,True,"The evidence supports the claim that an activist faced years in prison for helping migrants and that jurors refused to convict him. Specifically, the case of Scott Daniel Warren is highlighted, where jurors could not reach a verdict on charges related to providing aid to migrants, indicating a refusal to convict him. This aligns with the claim made in the headline."
ds8721,Not Misinformation,0.8,False,True,"The image shows a bowl of white rice and broccoli, which aligns with the general context of the headline about a bowl of rice and a vegetable dish. While the specific mention of beef is not confirmed in the image, the overall context of rice and vegetables is accurate. The visual veracity indicates that the image is not AI-generated, further supporting the claim's validity."
ds9200,Misinformation,0.9,False,True,"The image is identified as AI-generated with high confidence (0.9), which indicates manipulation and raises concerns about its authenticity. The visual veracity signals suggest that the image does not accurately represent a real plaid couch with a black dog. Additionally, the evidence retrieved supports the existence of plaid couches and dogs, but does not confirm the specific claim made in the headline."
ds3723,Misinformation,0.9,False,True,"The claim that 'The Originals' began airing on The CW in October of 2005 is false. The series actually premiered on October 3, 2013. The image is AI-generated, which further supports the classification of misinformation. The evidence clearly states the correct premiere date of the series."
7601,Not Misinformation,0.9,False,True,"The claim accurately describes the presence of Bangladeshi security personnel near a restaurant that was attacked by gunmen in Dhaka on July 1, 2016. The evidence confirms that security forces were deployed in response to the attack, which resulted in hostages being taken and fatalities. The retrieved evidence supports the context of the claim, particularly the details surrounding the attack and the involvement of security personnel."
9081,Not Misinformation,0.8,False,True,"The image shows a lunch box containing sandwiches and carrots, which aligns with the claim. However, it does not clearly show a muffin or a salad, leading to partial alignment. The evidence supports the idea that a typical lunch box can include sandwiches and carrots, but does not confirm the presence of all items mentioned in the claim."
ds2006,Not Misinformation,0.7,False,True,"The image shows people lined up near an airplane, which aligns with part of the claim. However, there is uncertainty regarding the presence of individuals in military uniform, as the visibility of details is limited. The evidence indicates that military personnel can often be seen at airports, but does not confirm their presence in this specific instance."
ds6266,Misinformation,0.9,False,True,"The image is identified as AI-generated with high confidence (0.9), depicting an unrealistic scenario of a turkey flying over a cityscape. This visual veracity indicates that the image does not represent a real event or situation, which aligns with the definitive rule for misinformation. Additionally, the headline does not relate to the image content, further supporting the classification."
708,Not Misinformation,0.9,False,True,"The evidence indicates that La La Anthony did not force Carmelo to seek a trade, but rather that his trade to the New York Knicks marked the beginning of the end of their marriage. This aligns with the claim that Carmelo had to deny reports of La La forcing him to trade. The image is confirmed to be genuine and relevant to the subjects discussed."
ds354,Not Misinformation,0.9,False,True,"The evidence confirms that Aon was unveiled as the sponsor of Manchester United in June 2010, with the sponsorship deal starting at that time. The image showing Manchester United jerseys with the Aon logo supports the claim. The retrieved evidence from multiple sources corroborates the timeline and details of the sponsorship."
7119,Misinformation,0.9,False,True,"The claim that Julian Assange is calling for the threat of arrest to be lifted is not supported by the evidence. The sources indicate that he has not made such a call and instead focus on his legal troubles and past actions. Additionally, the image does not clearly depict the specific event mentioned in the claim."
6424,Misinformation,0.9,False,True,"The image is confirmed to be AI-generated, which directly leads to the classification of the claim as misinformation. The visual veracity signal indicates a high confidence that the image does not depict a real harpy, but rather a fantastical creation. Additionally, the claim about a harpy coming in for a landing is not substantiated by the image, which shows a surreal representation rather than a realistic scenario."
5060,Not Misinformation,0.8,False,True,"The claim that experts warn against using smartphones due to harmful radiation exposure linked to cancer is not definitively supported by the evidence. While there are concerns about smartphone radiation, the consensus among experts is that there is insufficient evidence to conclusively link smartphone use to cancer. The retrieved evidence indicates that while smartphones emit radiation, studies have not proven a direct link to cancer, and many experts believe the risks are minimal. For instance, the World Health Organization is reviewing the evidence, but current research suggests the risk is low (https://www.telegraph.co.uk/technology/2019/03/03/world-health-organisation-reviews-whether-smartphones-might/ and https://www.nytimes.com/2023/11/14/well/live/cellphone-radiation-effects.html)."
3899,Not Misinformation,0.8,False,True,"The evidence confirms that Rose Tyler was indeed a companion of the Tenth Doctor, which supports the claim. However, there is no direct evidence linking her specifically to 'The End of Time.' The image shows characters that could represent the Tenth Doctor and Rose Tyler, but without explicit identification or context from the evidence, the connection to 'The End of Time' remains ambiguous. Therefore, while the claim is likely true, it cannot be definitively confirmed."
ds511,Not Misinformation,0.95,False,True,"The evidence confirms that Whiskey Down is indeed located inside the MGM Grand and offers a wide selection of whiskies, aligning with the claim. The image is a genuine photograph of the venue, further supporting the claim's accuracy."
3537,Misinformation,0.8,False,True,"The image is confirmed to be AI-generated, which leads to the classification of the claim as misinformation. Additionally, the evidence indicates that while martial arts films can be a subset of action films, not all action films are martial arts films, contradicting the claim."
ds9777,Not Misinformation,0.8,False,True,"Des Warren and Ricky Tomlinson were indeed blacklisted due to their union activities, as evidenced by their imprisonment for unlawful assembly and conspiracy, which directly impacted their careers. The evidence confirms their blacklisting and the consequences they faced in the labor market. The image appears to be a genuine photograph, further supporting the claim's authenticity."
5524,Not Misinformation,0.8,False,True,"The evidence indicates that there is no substantiated claim that Jennifer Aniston sabotaged Brad Pitt's Hollywood comeback. The sources clarify that their divorce was due to various factors, including career demands and differing views on parenthood, rather than any malicious intent from Aniston. Additionally, there are no reports of a significant Hollywood comeback for Pitt that would be relevant to the claim."
ds4669,Misinformation,0.8,False,True,"The image does not depict Bradley Cooper or Lady Gaga, nor does it represent the specific subject of 'A Star Is Born.' The characters shown appear to be from a different context, leading to a low confidence in alignment with the headline. Additionally, the claim about the film being a remake is supported by multiple sources confirming that 'A Star Is Born' is indeed a remake of earlier films."
2169,Not Misinformation,0.8,False,True,"The image shows various items including shoes, a cap, and an iPod, which are mentioned in the headline. The visual veracity indicates that the image is genuine and not AI-generated. The retrieved evidence supports the presence of these items in everyday contexts, confirming the claim's accuracy."
889,Not Misinformation,0.8,False,True,"The evidence indicates that Rhodes is currently experiencing a significant migrant crisis, with reports of over 700 undocumented migrants on the island. This aligns with the claim that migrants are seen on the shore in Rhodes, Greece. The image shows a group of people on the shore, which is consistent with the context of migrants. However, the specific identification of the location as Rhodes is not confirmed by the image alone. The evidence supports the claim about the migrant situation in Rhodes."
ds4772,Not Misinformation,0.7,False,True,"While Ed Sheeran has made comments about Taylor Swift, there is no direct evidence that he specifically stated he was able to bed hot women because of her. The evidence indicates a supportive friendship and some light-hearted comments, but does not confirm the claim in the headline. The image does not appear to be AI-generated and is relevant to the context of the claim."
ds372,Not Misinformation,0.7,False,True,"The image shows a rusting emergency vehicle, which aligns with the subject of the headline regarding the protests at Jackson State College. While it cannot be definitively confirmed that this specific vehicle was used in the protests, the historical context of the vehicle being associated with the events of 1970 provides a reasonable basis for the claim. The evidence supports the historical significance of the protests and the use of emergency vehicles during that time."
6440,Misinformation,0.9,False,True,"The image is confirmed to be AI-generated, which is a definitive indicator of misinformation. Additionally, the claim about Kim Jong-un taking a smoke break is supported by evidence, but the surreal depiction of stilt legs in the image further reinforces the misinformation aspect."
ds2864,Not Misinformation,0.8,False,True,"The evidence indicates that there was a dye leak from a fabric dye unit that contaminated the water supply chain, which could potentially explain the polka dot appearance on the egg. However, the specific claim about the dye leaking and giving the egg polka dots when peeled is not directly confirmed. The visual evidence shows colored eggs, including one with a speckled appearance, but does not provide a clear link to the dye leak. Therefore, while the claim is plausible, it is not definitively proven."
ds9049,Not Misinformation,0.7,False,True,"The image depicts a living room setting with chairs and a table, which aligns with the claim. However, the absence of a fireplace means it does not fully meet the specifics of the claim. The visual veracity indicates that the image is genuine and not AI-generated."
1505,Not Misinformation,0.8,False,True,"The evidence indicates that business rates are indeed impacting retailers significantly, with estimates suggesting an additional £140 million in costs next April and £242 million from another source. This aligns with the claim that business rates have added about 500 million to retailers' costs over the past three years, as the evidence supports the notion of rising costs due to business rates."
ds1418,Not Misinformation,0.7,False,True,"The image depicts a live music performance with a crowd, which aligns with the context of a music event. While the evidence does not confirm the specifics of it being a free event featuring Brazilian music stars or the Alternative Olympic Opening Ceremonies, there are indications that such events have occurred. The evidence regarding Brazilian music events and performances supports the claim's context, although it lacks specific details about the event in question."
690,Misinformation,1.0,False,True,"Gus Malzahn is not the head coach of Auburn as of 2023; he was the head coach from 2013 to 2020 and is currently at the University of Central Florida. Therefore, the claim that he is on the sideline during a game in 2023 is false."
ds7963,Not Misinformation,1.0,False,True,"The claim that ninety-six people died at the 1989 FA Cup semifinal at Hillsborough stadium is accurate. The retrieved evidence confirms that 96 people died as a result of the Hillsborough disaster, which occurred during the FA Cup semifinal on April 15, 1989. This is supported by multiple sources, including Wikipedia and The Guardian, which state that 96 individuals lost their lives due to the crowd crush at the event."
ds9935,Not Misinformation,0.8,False,True,"The image does not depict David Cameron celebrating himself, but rather shows him in a parliamentary setting. The evidence confirms that he attended an EU summit in Brussels, where he interacted with other leaders, but does not support the claim of him celebrating. The context of the image does not align with the headline's assertion."
4960,Not Misinformation,0.9,False,True,"The image and headline align well with the themes of love, beauty, and redemption as discussed in the context of Jennifer Lopez and Alex Rodriguez's relationship. The evidence supports the claim that they have discussed these themes in interviews, particularly in a Vanity Fair article. The visual veracity signals indicate that the image is not AI-generated, further supporting the authenticity of the claim."
5286,Misinformation,0.9,False,True,"The claim that Biden accepted illegitimate votes in the 2020 election is not supported by credible evidence. Numerous investigations and lawsuits have confirmed the legitimacy of the election results, and claims of widespread voter fraud have been debunked. The evidence indicates that while some individuals believe there were illegitimate votes, these claims lack substantiation and have been dismissed by courts and election officials. For instance, sources indicate that 'lawsuits, recounts, forensic audits and partisan reviews have all affirmed the election results' (https://www.usatoday.com/story/news/factcheck/2022/01/06/fact-check-donald-trump-2020-election-results/9115875002/). Additionally, the Trump campaign's claims of a stolen election have been found to be without merit (https://c"
ds6300,Misinformation,0.9,False,True,"The image is confirmed to be AI-generated, which indicates manipulation and unreliability. The presence of a cartoon character in a supposedly real event further supports this conclusion. Additionally, there is no evidence of Hillary Clinton participating in a groundbreaking event at Goldman's Pharmacy, which appears to be a fictional or misrepresented scenario."
ds9486,Misinformation,0.8,False,True,"The image is identified as AI-generated with a high confidence level (0.8), which indicates manipulation or generation rather than a real photograph. This directly leads to the conclusion of misinformation. Additionally, the image does not confirm the presence of sneakers, further supporting the claim's inaccuracy."
ds252,Not Misinformation,0.9,False,True,"The evidence confirms that Dave Lee Travis was indeed one of broadcasting's biggest stars in the 70s and 80s, particularly known for his work on BBC Radio 1 and 'Top of the Pops'. This is supported by multiple sources, including BBC News and his biography, which highlight his prominence during that era."
7904,Not Misinformation,0.7,False,True,"The image does not depict boys from the Mandari tribe, nor does it specifically show the Nile or the context of fishing in Terekeka. However, the evidence indicates that the Terekeka fishing community was engaged in fishing activities in September 2012, which aligns with the headline's mention of fishing. The Mandari tribe's primary focus is on pastoralism and agriculture, with no specific mention of fishing by the Nile, which suggests that the claim may not be entirely accurate but is not outright misinformation."
ds4659,Not Misinformation,0.8,False,True,"The evidence confirms that Kanye West did audition for American Idol during a surprise appearance in San Francisco, and Kim Kardashian was present. This aligns with the claim made in the headline. The image is not AI-generated, further supporting the authenticity of the claim."
6609,Misinformation,0.9,False,True,"The image is confirmed to be AI-generated, depicting a surreal scenario that is not possible in reality. The visual veracity signal indicates a high confidence that the image is not a real photograph but rather a digitally created representation. This aligns with the definitive rule that AI-generated images are classified as misinformation."
5292,Misinformation,0.9,False,True,"The claim that Biden promised to abolish the Second Amendment is false. Evidence indicates that Biden has not made such a promise and instead advocates for responsible gun laws while respecting the Second Amendment. This is supported by multiple sources, including PolitiFact and various news articles discussing Biden's views on gun control."
5049,Not Misinformation,0.8,False,True,"The evidence supports the claim that there is controversy surrounding the rankings of 'The Bachelorette' seasons, with fans expressing outrage over perceived biases in reviews and rankings. The retrieved evidence discusses manipulation tactics by producers and specific instances of fan backlash, which align with the claim. However, the image does not provide direct evidence of the controversy itself, but it is relevant to the themes of the show."
ds8246,Misinformation,0.8,False,True,"The claim that Tony Abbott wants lower taxes despite unveiling a budget with new tax increases and cuts to grants is supported by evidence indicating skepticism about his commitment to lower taxes. Specifically, the article from the Sydney Morning Herald states that Abbott's claims about lower taxes are not credible, suggesting that he does not genuinely stand for lower taxes. Additionally, the Wikipedia entry provides context about Abbott's political stance on taxes. Therefore, the evidence supports the assertion that Abbott's actions contradict his stated desire for lower taxes."
5575,Misinformation,0.8,False,True,"The claim that Bradley Cooper and Lady Gaga were spotted kissing on a romantic getaway to Italy is not supported by the evidence. While they have shared romantic moments, there is no confirmed report of them kissing in Italy. The sources indicate that they were in Italy for the premiere of 'A Star Is Born' in 2018, but do not document any recent sightings or kissing incidents. Additionally, the image does not provide sufficient evidence to confirm their identities or the location."
561,Not Misinformation,0.95,False,True,"The evidence confirms that Hurricane Matthew was indeed photographed from the International Space Station, with specific references to images taken on October 4, 2016, which aligns closely with the claim about the event occurring on October 3, 2016. The image appears genuine and is not AI-generated."
1970,Not Misinformation,0.9,False,True,"The evidence supports the claim that younger patients are more informed about financial help compared to older patients, as indicated by the bar graph in the image. The retrieved evidence discusses the Cancer Patient Experience Survey and highlights the differences in patient experiences based on age, which aligns with the claim."
ds1060,Not Misinformation,0.9,False,True,"The image aligns with the claim of a man holding his son during a candlelight vigil in New York, supported by evidence of recent candlelight vigils occurring in the city. The atmosphere depicted in the image is consistent with the solemn nature of such events. Additionally, the retrieved evidence confirms that candlelight vigils have taken place in New York for various causes, reinforcing the likelihood that the image is genuine."
ds3938,Misinformation,0.9,False,True,"The claim that Northwestern University is a founding member of the Big Ten Conference starting in 1893 is incorrect. The Big Ten Conference was actually founded in 1896, not 1893. While Northwestern is indeed a charter member of the conference, the founding year is a critical detail that makes the claim false."
6399,Misinformation,0.8,False,True,"The image is identified as AI-generated, which confirms that it is not a real photograph of Polish police officers with Ninja Turtles. The visual veracity signal indicates a high confidence that the image is not authentic. Additionally, the retrieved evidence does not support the claim of Polish police officers posing with Ninja Turtles, further reinforcing the misinformation status."
6807,Misinformation,0.9,False,True,"The image is AI-generated, depicting a dragon with a bowl of vegetables, which is a surreal and fantastical scenario that does not align with real-world contexts. This indicates that the claim about a large bowl with vegetables and broccoli is misleading due to the fantastical nature of the image."
ds9233,Not Misinformation,0.9,False,True,"The image clearly depicts a group of people waiting at a bus terminal, which aligns with the claim. The presence of a bus stop sign and a bench further supports this context. Additionally, the evidence indicates that it is common for people to wait at bus terminals, confirming the claim's validity."
7506,Not Misinformation,0.7,False,True,"The evidence indicates that coach parties from Shenzhen do visit Dedham Vale, particularly during the spring and summer months, and stay until autumn. This aligns with the claim made in the headline. Additionally, the image depicts a natural scene consistent with the Dedham Vale area, although it does not directly confirm the presence of coach parties. The overall context supports the claim, but the specific timing of arrivals is not definitively confirmed."
251,Not Misinformation,0.9,False,True,"The evidence confirms that Sameena Jabeen Ahmed won the Best British Newcomer award at the 2014 BFI London Film Festival, and the image depicts her receiving an award from James Corden, which aligns with the claim. The context and subjects are clearly related, and there are no indications of misinformation."
ds1760,Misinformation,1.0,False,True,"The claim about a 400 km long human chain is misleading. The evidence confirms that the Baltic Way, a significant historical event, involved approximately two million people forming a human chain that spanned 675 kilometers (419 miles) across the Baltic states in 1989, not last year. This discrepancy in timing and scale indicates that the claim is not accurate."
ds5403,Not Misinformation,0.8,False,True,"The image depicts a protest related to impeachment, which aligns with the headline discussing impeachment and public discourse manipulation. The evidence indicates that impeachment is a topic of discussion among political elites, and there are ongoing investigations rather than immediate impeachment actions. The signals suggest a genuine connection between the image and the claim, supporting the idea that the discourse around impeachment is being strategically manipulated."
ds8604,Misinformation,0.8,False,True,"The image is AI-generated, as indicated by the unnatural anatomy of the zebras, which suggests manipulation rather than a genuine photograph. This directly contradicts the claim that zebras are socializing in a natural setting. Additionally, the evidence indicates that while zebras can socialize around artificial lakes, there is no specific mention of them socializing on rocks in such environments."
ds8578,Not Misinformation,0.8,False,True,"The image depicts a man leaning over the back of a truck, which aligns with the claim. However, the specific location being in front of a Walmart is not definitively confirmed by the evidence. The visual veracity indicates that the image is genuine and not AI-generated. The evidence suggests that there have been incidents involving men and trucks at Walmart, but does not confirm the exact scenario in the claim."
6114,Misinformation,0.9,False,True,"The image is confirmed to be AI-generated with a high confidence level (0.8), which indicates that it does not represent a real product. Additionally, the image does not depict a Mickey Mouse watch, further supporting the claim of misinformation."
8341,Not Misinformation,0.8,False,True,"The Riverside Museum was indeed awarded the European Museum of the Year in 2013, as confirmed by multiple sources. Additionally, there is evidence indicating a drop in visitor numbers, likely due to post-pandemic trends affecting museums overall. The image does not contradict this information and appears to be a legitimate representation of the museum."
1152,Not Misinformation,0.9,False,True,"The image depicts Howard Stern and Beth Ostrosky, and the evidence confirms their attendance at events together, including the North Shore Animal League America Gala. The signals align well with the claim."
ds5714,Misinformation,0.8,False,True,"The image is confirmed to be AI-generated, which directly leads to the classification of the claim as misinformation. Additionally, while Babur's contributions to education are acknowledged in historical contexts, the specific claim of him being a renowned educator is not substantiated by the evidence."
ds9888,Not Misinformation,0.8,False,True,"The image shows Jerzy Janowicz celebrating, which aligns with the claim that he took the first set on a tiebreak. However, the evidence indicates that Janowicz did not win the first set in the specific match against Novak Djokovic, which contradicts the claim. The scoreboard in the image supports the context of the event, but the claim is not universally true across all matches."
7531,Not Misinformation,0.9,False,True,"The evidence confirms that the Occupy protest did occur at St Paul's Cathedral in London, with multiple sources detailing events such as protesters chaining themselves to the pulpit. The image aligns with the context of the Occupy movement, and the visual veracity indicates it is not AI-generated. Therefore, the claim is accurate."
1795,Not Misinformation,0.9,False,True,"The evidence confirms that Nick Baker wrote 'Forbidden Forward' and that the book provides a detailed and candid portrayal of Justin Fashanu's life. The descriptions of Fashanu in literature align with the claim that he is intelligent, witty, honest, and articulate, as the book highlights his achievements and struggles. The image is confirmed to be genuine and not AI-generated."
7759,Not Misinformation,0.7,False,True,"The image is confirmed to be a genuine photograph of a power plant, and the evidence indicates that the UK government has proposed gas as a bridging technology. The Newport gas-fired power station is associated with Dong Energy, and while the operational status is not explicitly confirmed, the historical context supports the claim. The evidence sufficiently supports the claim regarding the government's stance on gas as a bridging technology."
5697,Misinformation,0.9,False,True,"The image is confirmed to be AI-generated, which directly leads to the classification of the claim as misinformation. Additionally, the claim about NASA revealing a second moon is misleading, as NASA has not confirmed the existence of a second permanent moon for Earth, only a temporary mini-moon. The evidence supports that the claim is not accurate."
3769,Misinformation,0.8,False,True,"The image is confirmed to be AI-generated, which leads to the conclusion that the claim is misinformation. Additionally, the evidence supports that 'Tangled' refers to a film and not a shoelace."
4905,Not Misinformation,0.9,False,True,"The evidence indicates that there are no credible reports confirming that Lindsay Shookus is pregnant. Multiple sources suggest that she is not expecting a baby with Ben Affleck, and the claim in the headline is supported by these reports. The image does not depict either individual and is unrelated to the claim."
6026,Misinformation,0.9,False,True,"The image is confirmed to be AI-generated with a high confidence level (0.8), which directly leads to the classification of the claim as misinformation. Additionally, the context of the image does not align with the headline about 'killing everybody,' further supporting the misinformation label."
5977,Not Misinformation,0.8,False,True,"The evidence indicates that Konidela Production Company is primarily focused on Indian film production and there is no specific information supporting its expansion into the Chinese entertainment industry. The image does not appear to be AI-generated and is consistent with a real event, but it does not provide direct evidence of the claim. The sources confirm the company's Indian roots and lack of involvement in China."
104,Not Misinformation,0.8,False,True,"The claim that there are hundreds of commercial airlines globally and that not all of them have inflight connectivity or access to the internet is supported by evidence. There are over 5,000 airlines globally, and approximately 70% of airlines provide some form of inflight connectivity, indicating that many do not. This aligns with the retrieved evidence that confirms the existence of numerous airlines and the variability in inflight internet access."
ds9954,Misinformation,0.8,False,True,"The evidence indicates that Jinyun and Yahong were involved in a tragic event where their husbands died while working as cocklepickers in Morecambe Bay, rather than celebrating. There is no information supporting the claim that they are celebrating in Morecambe Bay. Additionally, the image does not provide clear identification of the individuals as Jinyun and Yahong."
ds9091,Not Misinformation,0.7,False,True,"The image does not depict a colorful umbrella in the center of a black and white picture of a busy city sidewalk, as confirmed by the relevancy signal. However, the evidence indicates that such images exist in stock photo collections, suggesting that the claim could be based on a common theme rather than a specific instance. The visual veracity signal indicates that the image is not AI-generated, which supports the conclusion that the claim is not misinformation."
ds1846,Misinformation,0.9,False,True,"The evidence indicates that it was protesters who set a police car on fire during anti-government demonstrations in Quito, not police setting a vehicle belonging to Correa's security detail on fire. This contradicts the claim made in the headline."
ds2126,Not Misinformation,0.8,False,True,"The evidence indicates that there have been instances of identical street signs causing confusion, particularly in Swansea where two identical signs were placed one behind the other. This aligns with the claim about identical street signs, although the specific detail of them pointing in opposite directions is not confirmed. The visual veracity signal suggests the image is genuine, further supporting the claim's validity."
ds8631,Misinformation,0.9,False,True,"The image is confirmed to be AI-generated, which is a definitive indicator of misinformation. Additionally, the content of the image does not align with the claim, as it features bananas instead of oranges and lacks the described tree with branches in front of potted plants."
ds6054,Not Misinformation,0.8,False,True,"The claim that dachshunds do not work over water is supported by evidence indicating that dachshunds are generally poor swimmers due to their body structure, which can lead to quick exhaustion in water. While some dachshunds may enjoy water, they are not typically bred for swimming or water work. This aligns with the retrieved evidence that discusses their swimming capabilities and aversion to water. Specifically, sources indicate that dachshunds do not like water and are less inclined to swim, which supports the claim. Evidence from sources like Dogster and Hepper confirms this understanding."
595,Not Misinformation,0.8,False,True,"The image is confirmed to be a genuine photograph of the Cleveland skyline, and the context aligns with the claim that it was taken from Edgewater Park. While specific evidence from 2012 is not directly cited, the sources discuss the skyline and Edgewater Park, supporting the claim's validity."
ds4857,Not Misinformation,0.8,False,True,"The image does not depict Kourtney Kardashian or any relevant context related to her pregnancy scare or interactions with Scott Disick or Younes Bendjima. However, the evidence confirms that Kourtney did experience a pregnancy scare and has had complex relationships with both Scott and Younes, which aligns with the headline. The signals indicate that the claim is not misinformation, but the image is unrelated."
8858,Not Misinformation,0.7,False,True,"The image depicts a skier in a snowy environment, which does not match the claim of a man walking on his back in the snow. The evidence indicates that the activity and subject are different from what is stated in the headline. However, the image is not AI-generated, and the signals suggest a discrepancy rather than outright misinformation."
ds4896,Not Misinformation,0.7,False,True,"The evidence indicates that Nicole Richie has advised Sofia Richie in the past, particularly regarding her public image. However, there is no direct evidence that Nicole is currently pleading with Sofia to end her relationship with Scott Disick. The relationship between Sofia and Scott ended in May 2020, which suggests that the claim may be outdated or misrepresentative of current events."
8916,Not Misinformation,0.7,False,True,"The image shows a white toilet, but it does not depict a black mirror or a tiled floor as described in the claim. The background is primarily black tiles, which weakens the connection to the claim. However, the visual veracity indicates that the image is genuine and not AI-generated. The evidence supports the idea that black-and-white bathroom designs are popular, but it does not confirm the specific details of the claim."
ds562,Not Misinformation,0.9,False,True,"The claim that 30,000 people gather to celebrate SPAM luncheon meat in Hawaii is supported by multiple sources confirming the attendance at the Waikiki Spam Jam festival. The evidence indicates that the festival attracts around 30,000 to 35,000 attendees each year, aligning with the claim made in the headline."
ds5647,Misinformation,0.9,False,True,"The claim that the Pfizer CEO secretly admits the COVID-19 vaccine causes permanent brain damage is false. Evidence indicates that the Pfizer CEO has not made any such admission, and claims of permanent brain damage from the vaccine are not supported by credible scientific evidence. The sources confirm that the CEO did not state that the vaccine causes brain damage, and misinformation surrounding vaccine safety persists without credible backing."
160,,0.0,True,True,"The evidence does not confirm the claim about a cat named Dorothy being shot. The sources retrieved focus on unrelated topics, including the character Dorothy from 'The Wizard of Oz' and other incidents involving cats in Newport, but do not provide specific information about a cat named Dorothy being shot. Therefore, the claim cannot be substantiated."
ds7704,Not Misinformation,0.7,False,True,"The image does not depict the River Severn winding through Leighton in Shropshire, as it shows a golf course and surrounding landscape instead. However, the evidence confirms that the River Severn does flow through Shropshire and is significant in the area. The image's relevance to the claim is low, but it is not definitively misinformation."
ds451,Misinformation,1.0,False,True,"The evidence clearly states that Paul Wilson hit Alwyn Pritchard and fled the scene. This is corroborated by multiple sources, confirming the details of the incident."
ds4380,Misinformation,1.0,False,True,"The claim that Nancy Pelosi is resigning is false. PolitiFact confirmed that the headline from NRTOnline is misleading and that there are no credible reports indicating she plans to step down. Additionally, while she has resigned from her leadership position, she has not resigned from her position as a member of Congress."
1204,Not Misinformation,0.9,False,True,"The evidence confirms that a significant ambush occurred in Jalisco, resulting in the deaths of 15 police officers, aligning with the claim. The image depicts police presence, which is relevant to the context of the ambush. The retrieved evidence from multiple sources corroborates the details of the ambush and the involvement of the Jalisco New Generation Cartel."
ds5364,Not Misinformation,0.9,False,True,"The evidence confirms that Don Lemon made controversial remarks that stirred media backlash, particularly regarding his comments about women over 50 and white men being a terror threat. This aligns with the claim about alleged bias and the resulting outrage. The image is not AI-generated, further supporting the authenticity of the claim."
ds8199,Misinformation,1.0,False,True,"The claim that the death of former Putin aide at a DC hotel is ruled accidental is supported by multiple credible sources. Specifically, US authorities ruled Mikhail Lesin's death an accident, as confirmed by CNN and BBC reports. The evidence clearly indicates that the claim is accurate."
ds9128,Misinformation,0.8,False,True,"The image is identified as AI-generated with a confidence of 0.8, which indicates manipulation and lack of authenticity. The description of the cow next to a blue door is accurate, but the visual veracity suggests it is not a real photograph."
ds8717,Not Misinformation,0.9,False,True,"The image depicts a bed with a blanket and multiple pillows, which aligns with the claim. The visual veracity signals indicate that the image is not AI-generated, and the relevancy signals support the claim's accuracy."
ds1226,Not Misinformation,0.7,False,True,"The image shows a person carrying belongings out of a flooded area, which aligns with the general context of the headline. However, there is no specific evidence confirming the identity of the person as Matt Hampton or that the location is his web design office in Hoboken, NJ. The evidence indicates flooding in Hoboken but does not link it directly to Matt Hampton's office."
ds4978,Not Misinformation,0.9,False,True,"The evidence confirms that Nicole Kidman won an Emmy Award for Outstanding Lead Actress in a Limited Series at the 69th Emmy Awards. This is supported by multiple sources, including the Television Academy and Wikipedia, which detail her Emmy wins and the winners of the 69th Emmy Awards."
6327,Misinformation,0.9,False,True,"The image is confirmed to be AI-generated, which directly leads to the classification of the claim as misinformation. The visual veracity signal indicates a high confidence that the image has been manipulated, with specific details such as distorted facial features and unnatural hand positioning. This aligns with the definitive rule that AI-generated images are classified as misinformation regardless of other signals."
ds1360,,0.0,True,True,"The image shows a bishop in traditional attire, which aligns with the subject of the headline. However, there is insufficient evidence to confirm the specific details of the event on August 30, 2013, as the retrieved sources do not provide direct confirmation of the bishop walking out of the cathedral on that date. The bishop was suspended but not officially resigned, which adds to the ambiguity."
ds3180,Misinformation,1.0,False,True,"The claim that Watertown, Massachusetts is in Vermont is false. Watertown is a city located in Middlesex County, Massachusetts, part of Greater Boston. This is supported by multiple sources confirming its location in Massachusetts, including Wikipedia and other geographic references."
ds6722,Misinformation,0.8,False,True,"The image is identified as AI-generated with a confidence of 0.8, which is above the threshold of 0.6. This indicates that the image does not represent a real event or situation, thus making the claim misleading. The visual elements described, such as the surreal effects and unnatural features, further support this classification."
ds4618,Not Misinformation,0.9,False,True,"The evidence confirms that Justin Bieber accidentally hit a photographer with his truck after leaving a church service. Multiple sources corroborate this incident, including details about the location and the nature of the accident. The image is not AI-generated, and the context aligns with the claim."
ds2707,Not Misinformation,0.7,False,True,"The claim describes a whimsical interpretation of two palm trees, suggesting they are 'stealing a private moment' and 'giggling.' While the image may evoke a sense of intimacy due to the trees' appearance, there is no evidence to support the anthropomorphism implied in the claim. The visual veracity indicates that the image is not AI-generated, and the signals suggest a playful interpretation rather than a factual statement. The evidence supports the idea that trees do not exhibit human-like behavior, which aligns with the interpretation of the claim as metaphorical rather than literal."
ds4910,Not Misinformation,0.8,False,True,"The evidence indicates that Gwen Stefani is still in love with Blake Shelton and that they are enjoying a strong relationship. There are no credible sources suggesting that she has tried to change him, which aligns with the claim. The image supports the narrative of their affectionate relationship."
ds1096,Not Misinformation,0.8,False,True,"The evidence indicates that Zika tests are processed in Puerto Rico, and the CDC Dengue Branch in San Juan has a focus on Aedes-transmitted viruses, including Zika. However, the specific claim that lab technicians at the CDC's dengue branch are processing Zika tests is not directly confirmed by the evidence. The image aligns with the context but does not provide definitive proof of the specific activity mentioned."
ds803,Not Misinformation,0.8,False,True,"The evidence indicates that Johnny Maurice Avery was indeed indicted for the murder of Mildred Martin, who was shot while sitting on her porch. This aligns with the claim made in the headline. The sources confirm the incident and the involvement of Avery, providing a strong basis for the claim's accuracy."
9249,Misinformation,0.9,False,True,"The image is AI-generated, as indicated by the visual veracity signal with high confidence. The characteristics of the elephants in the image do not align with real elephants, suggesting manipulation. Therefore, the claim about a mother elephant and her baby is misleading based on the AI-generated nature of the image."
ds4946,Misinformation,0.8,False,True,"The claim about J.J. Watt, Tyler Perry, and Jamie Foxx donating to Texas flood relief lacks specific evidence supporting their contributions. The retrieved evidence indicates that many claims about celebrity donations for Texas flood relief are exaggerated or false, with no substantial evidence for the specific individuals mentioned in the claim. For instance, one source states that Facebook posts about celebrity donations were not based on real announcements (https://politifact.com/article/2025/jul/10/celebrity-donations-Texas-flood/). Additionally, another source mentions that fake stories about celebrity involvement reached millions on social media (https://www.yahoo.com/news/articles/fake-stories-texas-floods-reached-130000066.html)."
1436,Not Misinformation,0.9,False,True,"The evidence confirms that Buddy Guy attended the Kennedy Center Honors reception at the White House on December 2, 2012. Multiple sources corroborate this information, including NBC Chicago and the Kennedy Center's official site. The image is not AI-generated, further supporting the authenticity of the claim."
ds1062,Not Misinformation,0.9,False,True,"The image and headline relate to the Yellow Line during SafeTrack's fourth surge, which is confirmed by the evidence that details the shutdown of the Blue and Yellow lines during this period. The image appears to be a genuine photograph, and the information aligns with the historical context of SafeTrack. The evidence sufficiently supports the claim about riding the Yellow Line during this specific surge."
ds1686,Not Misinformation,0.9,False,True,"The evidence confirms that John McCririck worked for Channel 4 Racing for 28 years and expressed loyalty to the broadcaster. He publicly criticized the decision to leave him out of the new lineup, citing ageism, which aligns with his claim of loyalty. The image is not AI-generated, further supporting the authenticity of the claim."
7439,Misinformation,0.9,False,True,"The evidence indicates that there is no record of President Obama holding a campaign event in Roanoke in October 2023. The sources provided discuss past events from 2008 and 2012, but do not mention any recent campaign activities in Roanoke for October 2023. Therefore, the claim is misleading."
8870,Not Misinformation,0.7,False,True,"The image depicts a bathroom scene that aligns with the claim about a bath towel in a small bathroom, despite the specific details of towels hanging over it not being clearly visible. The evidence supports the commonality of bath towels in small bathrooms and provides context for typical towel arrangements and organization strategies. However, the image does not definitively confirm the presence of a bath towel or towels hanging over it, leading to a moderate confidence level."
ds8989,Not Misinformation,0.8,False,True,"The evidence indicates that there are indeed two women sitting by a window, which aligns with the claim. However, the specific detail about them sitting next to a table covered in fruit is not confirmed, as the sources do not specify the fruits present. The visual veracity indicates the image is genuine and not AI-generated."
7101,Not Misinformation,0.9,False,True,"The claim that Rafael Nadal was in action against Facundo Bagnis during their second-round match is supported by multiple sources confirming the match took place on May 26, 2016, at the French Open, where Nadal won decisively. The image is not AI-generated, further supporting the authenticity of the claim."
ds7980,Misinformation,1.0,False,True,"The claim that Japanese fans will have more reason to look forward to hosting the next World Cup in 2019 is false because Japan did not host the FIFA World Cup in 2019; instead, they hosted the Rugby World Cup. The evidence clearly states that Japan was the host for the Rugby World Cup in 2019 (https://studyx.ai/questions/4llv7jy/1-study-the-image-and-information-below-and-answer-the-questions-typhoon-hagibis-and-its, https://en.wikipedia.org/wiki/Rugby_World_Cup). Additionally, the FIFA Women's World Cup in 2019 was hosted by France (https://www.proprofs.com/quiz-school/story.php?title=3dq-what-do-you-know-about-the-new-year-2019)."
ds9213,Misinformation,0.8,False,True,"The image is identified as AI-generated with high confidence (0.8), which directly leads to the classification of the claim as misinformation. Additionally, the image's depiction of an airplane does not convincingly represent a real scenario, as it lacks realistic depth and context. The claim about a plane accelerating and leaving a tail is not substantiated by the visual evidence, which is further compromised by the AI generation. The evidence regarding contrails and airplane acceleration is relevant but does not change the fact that the image is not authentic."
ds8942,Not Misinformation,0.9,False,True,"The image depicts an old-fashioned kitchen setup that aligns with the claim of being set up for guests. The evidence supports the idea that old-fashioned kitchens are popular for their welcoming and functional design, which is appealing for gatherings. Additionally, the visual veracity signals confirm that the image is not AI-generated, further supporting the authenticity of the claim."
2649,Not Misinformation,0.8,False,True,"The image aligns with the claim of trees growing through old farm equipment, supported by the surrounding environment indicating a wooded area. The visual veracity indicates that the image is not AI-generated, and the context of nature reclaiming old machinery is well-documented. Evidence from sources discussing abandoned farm equipment and nature reclaiming industrial sites further supports the claim."
ds8677,Misinformation,0.9,False,True,"The image is confirmed to be AI-generated, which directly leads to the classification of misinformation regardless of the content of the image. The visual veracity signal indicates a high confidence that the image is not a real photograph, as it describes unnatural arrangements and odd placements. This is further supported by the evidence that discusses the nature of AI-generated images."
2915,Not Misinformation,0.7,False,True,"The image shows a restroom map, but it is unclear if it is specifically designed for the blind. While there are projects developing tactile maps for the visually impaired, the evidence does not confirm that the map in the image is one of them. The retrieved evidence discusses the existence of tactile restroom maps and their development, but does not provide specific information about the map in the image."
4752,Misinformation,0.9,False,True,"The image is confirmed to be AI-generated, which directly leads to the classification of the claim as misinformation. Additionally, the image does not depict Robert Pattinson or Kristen Stewart, nor does it relate to the claim about buzz cuts. The headline's connection to the image is weak, further supporting the misinformation label."
ds8815,Misinformation,0.9,False,True,"The image is AI-generated, as indicated by the visual veracity signal with high confidence. The scenario depicted (a bear's head under a blanket) is unrealistic and suggests manipulation or generation by AI. This directly contradicts the claim about a baby blanket and comforter."
3855,Misinformation,0.9,False,True,"The claim that 'Maximum Overdrive' is only a 1980 romance film is false. 'Maximum Overdrive' is classified as a science fiction action horror film, not a romance. The image is AI-generated, which further supports the classification of the claim as misinformation."
2756,Misinformation,0.9,False,True,"The image is confirmed to be AI-generated with high confidence (0.9), which directly leads to the classification of the claim as misinformation. Additionally, the evidence indicates that while the 'tree man' was initially reported as cured, he is currently experiencing a return of his condition, contradicting the claim of being cured after operations. This further supports the misinformation classification."
ds7291,Not Misinformation,0.8,False,True,"The evidence confirms that Nicky Henderson hosted an open day at Seven Barrows, where Sprinter Sacre was present. The specific date of February 2013 aligns with the information that Sprinter Sacre visited Seven Barrows during that time. The image shows a man with a horse, which is consistent with the claim, and there are no indications that the image is AI-generated."
ds7399,Misinformation,1.0,False,True,"The image does not depict Julia Stiles, Paul Greengrass, or Matt Damon, nor does it show the premiere of The Bourne Ultimatum. Therefore, there is no meaningful connection to the subject/event described in the headline. The evidence confirms that Julia Stiles and Matt Damon were indeed at the premiere, but the image is unrelated."
9058,Misinformation,0.9,False,True,"The image is confirmed to be AI-generated, which directly leads to the classification of the claim as misinformation. Additionally, the image does not depict broccoli, further supporting the misinformation label."
ds2311,Not Misinformation,0.8,False,True,"The image depicts a cat sitting in a bowl, which aligns with the claim. The signals indicate that this is a humorous scenario, and there are no indications of AI generation. Additionally, the behavior of cats sitting in small spaces is well-documented, supporting the claim's context."
ds3931,Misinformation,1.0,False,True,"The claim that Toy Story 2 was produced by DreamWorks is false. Toy Story 2 was produced by Pixar Animation Studios, as confirmed by multiple sources. The evidence clearly states that Toy Story 2 is a Pixar film and not associated with DreamWorks. Specifically, the Wikipedia entry for Toy Story 2 confirms it was produced by Pixar (https://en.wikipedia.org/wiki/Toy_Story_2) and the list of Pixar films also supports this (https://en.wikipedia.org/wiki/List_of_Pixar_films)."
ds2471,Not Misinformation,0.9,False,True,"The image aligns with the claim of a woman sitting on a chair with an umbrella, and there is no evidence suggesting it is AI-generated. The visual veracity signals indicate a genuine photograph, and the retrieved evidence supports the existence of similar images."
9577,Not Misinformation,0.7,False,True,"The evidence indicates that Brian and Eileen Maguire have been vocal about their son's tragic death and have been involved in public discussions related to it. However, the specific claim about them saying it was an 'excellent waiting to happen' is not directly supported by the evidence provided. The image does not confirm their identities or the context of the statement, but it does relate to their emotional situation. Therefore, while the claim is not definitively proven, it is not outright misinformation either."
ds7360,Not Misinformation,0.9,False,True,"The evidence confirms that Bernie Sanders did indeed speak at George Mason University on October 28, 2015, addressing various significant issues that resonate with students. The image aligns with the claim as it depicts Sanders speaking, and the retrieved evidence supports the claim about his appeal to students on big issues during that event."
ds8806,Misinformation,0.9,False,True,"The image is AI-generated, as indicated by the presence of human-like legs on the elephants, which is anatomically impossible. This confirms that the image does not represent a real scenario of elephants standing beside each other on a balcony."
ds9145,Misinformation,0.8,False,True,"The image is identified as AI-generated with a high confidence level (0.8), which indicates that it does not represent a real vase with purple irises and a ceramic pitcher. The visual veracity signal confirms the manipulation of the image, leading to the conclusion that it is misinformation."
ds137,Not Misinformation,0.8,False,True,"The evidence indicates that there were arrests made in connection with a building society raid, specifically mentioning the Nationwide Building Society in Wallsend. The image shows police activity, which aligns with the context of the arrest. However, the image does not provide direct confirmation that the arrest is specifically linked to the building society raid mentioned in the claim."
ds5761,Misinformation,0.8,False,True,"The image is confirmed to be AI-generated, which categorizes it as misinformation regardless of the claim's content. The visual veracity signal indicates a high confidence that the image is not real. Additionally, the claim about the Burj Khalifa being the tallest skyscraper in Asia is accurate, but the AI-generated nature of the image overrides this fact."
ds2309,Not Misinformation,0.9,False,True,"The image depicts a pizza pie being enjoyed in a cafe-like setting, supported by high confidence in relevancy and visual veracity. The evidence confirms that pizza is popular in cafes and provides examples of cafes known for serving pizza, aligning with the claim."
7826,Misinformation,0.9,False,True,"The claim about a woman returning from Mecca and displaying a green flag and towel is not supported by the evidence. The image does not depict a woman or the specific items mentioned, and the sources do not provide any information about such an event occurring in Novosasitli. Additionally, the green flag's significance in the context of Novosasitli is not clearly defined in the evidence, further undermining the claim."
ds8646,Misinformation,0.8,False,True,"The image is identified as AI-generated with a confidence of 0.8, which is above the threshold of 0.6. This indicates that the visual representation does not accurately depict real individuals holding Wii remotes, thus making the claim misleading. The evidence supports the conclusion that the image is not a genuine photograph."
ds5661,Misinformation,0.9,False,True,"The image is confirmed to be AI-generated, which directly leads to the classification of the claim as misinformation. Additionally, the claim that dogs can speak three human words is misleading, as current research indicates that while dogs can understand certain words, they do not speak them in the human sense. The evidence supports that dogs can respond to commands and understand words, but not that they can speak them. This aligns with the visual veracity assessment of the image being AI-generated."
ds2066,Not Misinformation,0.95,False,True,"The image clearly depicts a giraffe standing in a zoo exhibit, which aligns with the claim. The visual veracity signals confirm that the image is not AI-generated, and the evidence supports the presence of giraffes in zoo exhibits."
1750,,0.0,True,True,"The image does not provide clear evidence supporting the claim about Scarlett Johansson's reaction to a poster for another band called the Singles. The signals indicate a lack of relevant context in the image, and while there are mentions of Scarlett Johansson and band advertisements, they do not directly confirm the claim. Therefore, the evidence is insufficient to definitively label it as misinformation."
ds5872,Misinformation,0.8,False,True,"The image is confirmed to be AI-generated, which directly leads to the classification of the claim as misinformation. The visual veracity signal indicates a high confidence that the image is not authentic. Additionally, the claim about 'stellar performances by American actors' is not substantiated by the evidence, which focuses on the character and past portrayals rather than current performances or audience reactions."
8442,Not Misinformation,0.9,False,True,"The claim accurately describes an event where Ben Stokes was dismissed by a delivery from Peter Siddle, which is corroborated by multiple sources. The specific incident of Stokes misjudging the delivery and being bowled is confirmed in the evidence retrieved, particularly from The Guardian article. The image does not depict the event but does not contradict the claim either."
ds7662,Not Misinformation,0.9,False,True,"The evidence indicates that Lake Hodges is indeed experiencing a receding water line due to drought conditions and state mandates to lower water levels. Reports confirm that the water level has dropped significantly, with 11 billion gallons released from the reservoir as part of these measures. The image, while not directly related to the receding water line, does not contradict the claim about Lake Hodges' water levels."
ds6690,Misinformation,0.9,False,True,"The image is confirmed to be AI-generated, which is a definitive indicator of misinformation. The presence of Spider-Man in the image further supports the notion that the context is fictional and manipulated. The visual veracity signal indicates a high confidence in the AI generation of the image."
8225,Misinformation,0.9,False,True,"The image does not depict Charles Kennedy or any relevant subject related to the campaign trail in 2005. It shows a different individual, likely a public figure, but not connected to the headline. Additionally, the evidence confirms that Charles Kennedy did have a son named Donald, and he became a father during the 2005 campaign, which adds context to the claim. However, the image's subject is not Charles Kennedy, making the claim misleading."
ds9362,Not Misinformation,0.8,False,True,"The image depicts a surfer riding a surfboard, which aligns with the claim. However, the shorts are described as black and red rather than red and black, which is a minor discrepancy. The visual veracity indicates that the image is not AI-generated, supporting the authenticity of the claim. The evidence confirms that surfers do ride white surfboards, and while there are references to surfers in red shorts, the specific details about the shorts do not fully match the claim."
ds9100,Misinformation,0.9,False,True,"The image is confirmed to be AI-generated, which directly leads to the classification of misinformation. Additionally, the image depicts a picnic table rather than a kitchen table, which contradicts the claim. The visual elements do not align with the context of a kitchen setting."
2273,Not Misinformation,0.8,False,True,"The image depicts a modern bathroom with a white toilet, aligning with the claim. While the overall simplicity of the bathroom is not fully visible, the description of a modern bathroom with a white toilet is accurate. The evidence supports the popularity of white toilets and features of simple bathrooms, reinforcing the claim."
ds7198,Not Misinformation,0.8,False,True,"The evidence confirms that Rory McIlroy has won the FedEx Cup and the Tour Championship multiple times, including a recent victory in 2022. The image shows a golfer with a trophy, which aligns with McIlroy's known celebrations after these wins. However, the specific image cannot be definitively identified as McIlroy or the trophies in question without additional context."
ds1099,Not Misinformation,0.9,False,True,"The image aligns with the claim about Pakistani rescue workers removing a body from the site of a bombing in Lahore. The evidence supports the occurrence of a bombing in Lahore and the involvement of rescue workers in body recovery efforts. The visual veracity indicates that the image is not AI-generated, further supporting the authenticity of the claim."
540,Not Misinformation,0.8,False,True,"The image shows a female tennis player, likely Serena Williams, displaying a gesture that suggests questioning or frustration, which aligns with the headline about her questioning a call. However, the evidence does not confirm that she actually questioned a call during a match. The claim about her advancing to the final is confirmed by the evidence from the Wall Street Journal, which states she advanced to the U.S. Open final after defeating Elina Svitolina. Therefore, while the questioning aspect is uncertain, the advancement to the final is accurate."
3405,Misinformation,0.8,False,True,"The image is confirmed to be AI-generated, which leads to the classification of the claim as misinformation regardless of the content of the headline. The evidence indicates that the image lacks authenticity, which is a critical factor in determining the veracity of the claim."
6581,Misinformation,0.8,False,True,"The image is identified as AI-generated with high confidence (0.8), which directly leads to the classification of misinformation regardless of the other signals. The unusual context of the cat wearing glasses further supports this classification."
4642,Not Misinformation,0.8,False,True,"The claim about Cindy Crawford discussing her daughter Kaia Gerber's admiration for Kendall Jenner and her modeling future aligns with the evidence retrieved. Multiple sources confirm that Kaia Gerber is indeed the daughter of Cindy Crawford and has been compared to both her mother and Kendall Jenner. Additionally, interviews and discussions about Kaia's modeling career and her relationship with her mother support the claim. However, the image does not depict the subjects mentioned, which affects the relevancy but does not negate the truth of the claim."
ds3953,Misinformation,0.8,False,True,"The image is AI-generated, as indicated by the presence of nonsensical text and an overly perfect composition. This undermines the authenticity of the claim that the Ukrainian Soviet Socialist Republic always represented itself. The evidence supports the existence of the Ukrainian Soviet Socialist Republic, but the visual evidence is not credible due to its AI-generated nature."
4893,Not Misinformation,0.8,False,True,"The evidence supports the claim that Mark Wahlberg teased Mel Gibson about his weight and offered to become his personal trainer. This is corroborated by multiple sources, including a report that discusses Wahlberg's comments during the filming of 'Daddy’s Home 2' and his respect for Gibson, which adds context to the teasing. Additionally, Mel Gibson's recent weight loss journey is relevant to the claim, indicating that the teasing may have been related to his health efforts."
ds8357,Not Misinformation,0.8,False,True,"The evidence indicates that Christian Grey is characterized by his BDSM preferences, suggesting he does not have vanilla tastes. This aligns with the claim that Anastasia will discover this aspect of his character. The sources confirm that Christian Grey's character is complex and primarily non-vanilla due to his involvement in BDSM, which is a central theme in the 'Fifty Shades' series."
ds9069,Not Misinformation,0.7,False,True,"The image shows a box of doughnuts, which is related to the subject of the headline about doughnuts. However, it does not depict a rack with doughnuts in a glass case, which is a specific detail mentioned in the claim. The visual veracity indicates that the image is not AI-generated, and the evidence supports the common practice of displaying doughnuts in glass cases, but does not confirm the specific claim about the image. Therefore, while the claim is partially true, it is not fully accurate based on the image provided."
4230,Not Misinformation,0.8,False,True,"The evidence indicates that Amber Heard has made comments reflecting on her marriage to Johnny Depp, particularly in the context of their tumultuous relationship and the impact of their legal battles. This aligns with the claim that she is talking about her marriage. Additionally, the image is confirmed to be genuine and not AI-generated, which supports the credibility of the claim."
ds7600,Not Misinformation,0.8,False,True,"The evidence indicates that Shanghai shares have recently seen significant increases, particularly with WuXi AppTec's stock surging after reporting a substantial rise in net profit. Additionally, the overall market is experiencing upward momentum due to supportive monetary policies and anticipated capital inflows. This supports the claim that Shanghai shares are headed higher, contributing to gains in Asia."
6611,Misinformation,0.9,False,True,"The image is AI-generated, as indicated by the visual veracity signal with high confidence. The surreal depiction of figures with shark-like heads confirms this. Therefore, the claim is classified as misinformation regardless of the alignment with the headline."
ds7016,Not Misinformation,0.9,False,True,"The claim that Oscar Pistorius is awaiting trial for premeditated murder after shooting his girlfriend Reeva Steenkamp is not accurate as he was already tried and convicted of murder in 2015. The evidence confirms that he shot Steenkamp and that his trial began on March 3, 2014, leading to a conviction for murder, not a current trial. The image is also confirmed to be genuine."
ds5610,Misinformation,0.9,False,True,"The image is confirmed to be AI-generated, which directly leads to the classification of the claim as misinformation. Additionally, the claim about plants communicating telepathically is not supported by scientific evidence, as current research indicates that while plants can communicate through chemical signals, this does not equate to telepathy. The evidence from the retrieved snippets supports the idea that plants communicate through mechanisms like 'nanomechanical oscillations' but does not validate the concept of telepathy."
5834,Misinformation,0.9,False,True,"The image is AI-generated, as indicated by the visual veracity signal with high confidence. Additionally, the claim that cats were involved in the design of the iPhone 4 is false, as it was designed by Apple, not cats. This is supported by evidence stating that the iPhone 4 was created by a team at Apple, led by Steve Jobs, and there is no credible evidence suggesting feline involvement in its design."
8196,Not Misinformation,0.9,False,True,"Guy Scott did become the interim president of Zambia after the death of Michael Sata, confirming the claim. Additionally, he is of Scottish descent, which aligns with the details in the headline. The evidence from multiple sources supports this information."
ds9433,Not Misinformation,0.7,False,True,"The image does not depict a big long train with storage containers, but rather a passenger train. However, the claim about long trains carrying storage containers is valid, as evidenced by the information regarding intermodal trains and their purpose in transporting containers. The evidence indicates that such trains exist and are commonly used for freight transport."
ds6106,Misinformation,0.8,False,True,"The image is AI-generated, which is confirmed by the visual veracity signal with a confidence of 0.8. The surreal nature of the image, depicting a child with a grenade, further supports this conclusion. Additionally, the claim's context about grenades does not align with the image, reinforcing the misinformation label."
1901,Not Misinformation,0.8,False,True,"The claim about Venice's San Michele island cemetery gaining a pontoon for scattering ashes is supported by evidence indicating that a floating bridge was revived for All Souls' Day, facilitating access to the cemetery. However, there is no direct confirmation that this pontoon is specifically for scattering ashes. The evidence suggests that while relatives can scatter ashes in designated areas, the claim about a new pontoon specifically for this purpose is not definitively supported."
ds1009,Not Misinformation,0.9,False,True,"The evidence confirms that Yevgeny Yerofeyev and Alexander Alexandrov were indeed tried in a Ukrainian court for their involvement as Russian soldiers. They were convicted of terrorism and waging an aggressive war against Ukraine, with the trial occurring from 2015 to 2016. The image aligns with the context of the claim, showing individuals in a court setting, and the identities of the individuals can be reasonably inferred from the context provided in the evidence."
978,Not Misinformation,0.8,False,True,"The evidence confirms that the Power Play chairs were indeed designed by Frank Gehry, and the description aligns with the claim. Additionally, the location of the Winter Garden is accurately identified as being in Florida, which supports the context of the claim. However, the specific connection to the Winter Garden in the image is not fully verified."
9323,Not Misinformation,0.7,False,True,"The image does not depict a sink with a cabinet on legs, as it features a toilet and a storage unit instead. This aligns with the evidence that indicates the specifics of the claim are not met. However, the image is confirmed to be genuine and not AI-generated, which supports the conclusion that the claim is not accurate but not misinformation in the strictest sense."
4284,Not Misinformation,0.8,False,True,"The evidence confirms that Caitlyn Jenner was indeed at Nobu Malibu with Sophia Hutchins, supporting the claim. Additionally, while the specific details about the car are not confirmed, it is known that Caitlyn Jenner drives a Porsche. The relationship between Jenner and Hutchins is characterized as a close friendship, with no romantic involvement confirmed, which aligns with the context of the claim."
1972,Not Misinformation,0.8,False,True,"The evidence indicates that the Chrysler 300C is characterized by bold styling and a luxurious appearance, rather than being described as softer looking. Reviews highlight its muscular and powerful presence, which contradicts the claim that it is softer looking than the outgoing model. Additionally, the retrieved evidence supports the idea that the new model maintains a strong design identity."
ds3859,Misinformation,1.0,False,True,"The claim that 'See You on the Other Side' was put out by Korn in 2002 is false. The album was actually released on December 6, 2005. This is confirmed by multiple sources, including Wikipedia and Genius."
8063,,0.0,True,True,"The image shows Taiko drummers, which aligns with the claim about their power and concentration. However, there is insufficient evidence to confirm that this specific performance is from the Deep River festival in Ontario, Canada. The sources do not provide clear information about the festival or the presence of Taiko drummers at it."
9677,Not Misinformation,0.8,False,True,"The image shows two cricketers celebrating, which aligns with the context of the headline about Dilshan and Sangakkara. The evidence confirms that they played together for over 15 years and had notable performances, including a match where they celebrated after significant contributions to a victory. The claim about their celebration is supported by evidence of their achievements in cricket, particularly in the ICC Cricket World Cup match against Bangladesh in 2015."
7259,Not Misinformation,0.9,False,True,"The evidence confirms that Bernie Sanders spoke in Des Moines, Iowa, as indicated in the headline. The image is not AI-generated, and the retrieved evidence supports the claim with specific references to his speaking events in Des Moines."
ds100,Not Misinformation,0.8,False,True,"The image shows individuals in ice baths, which aligns with the claim about soothing sore muscles after a challenge. The evidence confirms that the Wembley Challenge took place, and ice baths are recognized for their benefits in muscle recovery. However, the specific connection to the Wembley challenge is not definitively established in the evidence."
ds3706,Not Misinformation,0.9,False,True,"The evidence indicates that Robert Singer is a well-established television producer, director, and writer, with significant contributions to various television series, including 'Supernatural' and 'Lois & Clark: The New Adventures of Superman.' This contradicts the claim that he is incapable of writing. The image also supports a creative context, further suggesting that he is engaged in writing activities. Therefore, the claim is not supported by the evidence."
1782,Misinformation,0.9,False,True,"The claim states that North Korean workers are currently employed at the South-owned Shinwon clothes company in the Kaesong industrial park. However, evidence indicates that the Kaesong Industrial Complex has been closed since 2016, and North Korean workers are not actively employed there. The retrieved evidence confirms that the complex has faced significant disruptions due to political tensions, and as of now, no North Korean workers are employed in Kaesong. Therefore, the claim is misleading."
4300,Not Misinformation,0.8,False,True,"The image depicts Robert Pattinson and Kristen Stewart, who are relevant to the claim about their seriousness as actors. The evidence indicates that both actors have evolved in their careers and are taken seriously in the industry, despite their past relationship overshadowing their professional achievements. The visual veracity confirms the image is genuine, supporting the claim's context."
ds9598,Not Misinformation,0.7,False,True,"The evidence indicates that the annual Congress is currently happening, and critics have expressed various opinions about it, including concerns about its effectiveness. However, the specific claim that critics say the annual Congress is a blessing is not directly supported by the evidence. The retrieved evidence discusses criticisms and general sentiments about Congress but does not confirm any positive statements from critics regarding it being a blessing."
2237,Not Misinformation,0.9,False,True,"The image depicts a large bird flying over a heavily forested area, which aligns with the claim. The visual veracity signals indicate that the image is not AI-generated and appears realistic. Additionally, the evidence supports the presence of large birds, such as the Harpy eagle, in forested areas, further validating the claim."
8411,Not Misinformation,0.7,False,True,"The evidence indicates that Mats Zuccarello has scored for the New York Rangers in various games, but it does not confirm the specific claim about him scoring to make it 20. However, the context of Zuccarello scoring is supported by multiple sources, including his scoring history with the Rangers. The image shows a hockey game involving the Rangers, which aligns with the claim, but does not provide definitive proof of the specific event mentioned."
ds9228,Not Misinformation,0.8,False,True,"The image shows a boat on a canal, which aligns with the claim of a large passenger boat floating down a canal. While the specific size and passenger capacity of the boat are not fully visible, the evidence indicates that large passenger boats can operate on canals. The visual veracity indicates that the image is not AI-generated, supporting the authenticity of the claim."
ds461,Not Misinformation,0.9,False,True,"The evidence confirms that Bill Cosby's lawyers are actively attempting to get the sexual assault case thrown out, citing a previous commitment by a district attorney not to prosecute him. This aligns with the claim made in the headline. The image of Bill Cosby is relevant as it depicts the subject of the legal proceedings, further supporting the claim."
4368,Not Misinformation,0.8,False,True,"The evidence supports the claim that Jennifer Garner and Josh Duhamel are rumored to be dating, and it also indicates that Ben Affleck feels threatened by this rumor. The sources confirm the dating rumors and Affleck's feelings of jealousy. The image, while not directly depicting the subjects of the headline, does not contradict the claim."
6660,Misinformation,0.8,False,True,"The image is identified as AI-generated, which confirms that it does not depict a real scenario of a man holding a ping pong paddle under a shelf. The visual veracity signal indicates a high confidence that the image is not authentic. Additionally, the description of the scene being physically impossible supports the claim of misinformation."
ds831,Not Misinformation,0.9,False,True,"The evidence confirms that Scott Baio did speak at the Republican National Convention, specifically at the 2016 event, where he expressed support for Donald Trump. The image aligns with the context of an actor speaking at a political convention, and there are no indications of AI generation."
723,Not Misinformation,0.7,False,True,"The image shows a football player celebrating, which aligns with the context of a touchdown. However, it does not confirm that the player is Reggie Bush or that the event is specifically against the Bills. The evidence indicates that Reggie Bush did not score against the Bills in the October 1, 2023 game, where the Bills defeated the Dolphins 48-20 (source: https://www.espn.com/nfl/game/_/gameId/401547443/dolphins-bills). Additionally, Reggie Bush's notable touchdowns occurred in different contexts, not specifically against the Bills (source: https://www.huffpost.com/entry/reggie-bush-touchdown-dolphins-colts-week-9_n_2073302)."
ds4173,Misinformation,0.9,False,True,"The claim that a federal judge granted permission to subpoena Trump is misleading. The evidence indicates that while there have been subpoenas related to Trump, the specific claim about a judge granting a subpoena directly to Trump is false. A federal judge made a ruling regarding the preservation of documents related to third parties, not Trump himself. This is supported by evidence from PolitiFact, which states that the headline is false and clarifies the context of the ruling."
ds9215,Misinformation,0.8,False,True,"The image is identified as AI-generated with high confidence (0.8), which directly leads to the classification of misinformation. Additionally, the evidence does not confirm the presence of a cow in front of a woodpile, further supporting the misinformation claim."
ds6725,Misinformation,0.8,False,True,"The image is AI-generated, which is confirmed by the visual veracity signal indicating a high confidence level (0.8). The surreal elements in the image, such as the levitating coffee cup and the defying gravity water flow, further support this classification. Additionally, the claim about fire hydrants being painted in patriotic colors is true, but the image itself is not a genuine representation."
1792,Not Misinformation,0.8,False,True,Ricky Muir was indeed elected as a senator despite receiving a very low percentage of first preference votes (0.51%). The evidence confirms that he served as a senator from 2014 to 2016 and that he was elected with a notably low primary vote. The claim about his election status is accurate based on historical context.
2826,Not Misinformation,0.8,False,True,"The claim about a mug that changes color depending on the amount of coffee in it is partially supported by evidence that color-changing mugs exist and function based on temperature changes. However, the specific feature of changing color based on the coffee level is not explicitly confirmed. The image is not AI-generated, and the evidence supports the existence of color-changing mugs. Therefore, the claim is not misinformation, but it lacks complete confirmation regarding the specific mechanism described."
ds709,Not Misinformation,0.7,False,True,"The image shows a Bombardier CRJ700 landing, which aligns with the claim. However, while there is evidence that Delta Connection CRJ700s operated flights to Seattle in 2015, there is no specific confirmation that a CRJ700 landed at Seattle-Tacoma International Airport at dusk in September 2015. The evidence indicates that Delta planned daily flights starting in December 2015, but does not confirm the specific landing mentioned in the claim."
ds3448,Misinformation,0.8,False,True,"The image is identified as AI-generated, which leads to the conclusion of misinformation regardless of the claim's validity. The visual veracity signal indicates a high confidence that the image is not a real depiction of a town. Additionally, the evidence confirms that 'Young' is a town in New South Wales, Australia, but does not support the claim about 'Younger' being a town."
ds2474,Not Misinformation,0.95,False,True,"The image accurately depicts boats by a dock in water, which aligns with the claim. The visual veracity indicates that the image is not AI-generated, and the evidence supports the presence of boats at docks."
ds2010,Not Misinformation,0.95,False,True,"The image clearly depicts a tennis player serving the ball, which aligns with the claim. The visual evidence supports the act of serving, and the description of the scene is consistent with real-life tennis gameplay. Additionally, the retrieved evidence confirms that serving is a fundamental action in tennis, further validating the claim."
ds1564,Misinformation,1.0,False,True,"The claim that Woody Allen received the Cecil B. DeMille Lifetime Achievement Award in 2023 is false. The evidence clearly states that Eddie Murphy received the award at the Golden Globes in January 2023, not Woody Allen. This is corroborated by multiple sources, including the Golden Globes official site and news articles."
ds2594,Misinformation,0.8,False,True,"The image is AI-generated, which is confirmed by the visual veracity signal indicating unnatural appearance and inconsistencies in the image. Therefore, the claim cannot be considered true. Additionally, the retrieved evidence supports the idea that nail polish can change color under different lighting conditions, but the AI-generated nature of the image takes precedence in determining misinformation."
2501,Not Misinformation,0.8,False,True,"The image shows a girl who appears happy while holding a bullfrog, which aligns with the claim. Although the evidence does not confirm a specific instance of a girl catching a bullfrog, it does indicate that catching bullfrogs is possible and provides techniques for doing so. The visual veracity signal suggests the image is genuine, further supporting the claim."
7697,Not Misinformation,0.8,False,True,"The evidence confirms that there was a draft proposal suggesting the development of two new settlements in Yalding, Kent, and Gerrards Cross, Buckinghamshire. This is supported by the source from Andrew Lainton's blog, which specifically mentions the proposal. Additionally, the Wikipedia entry for Yalding provides context about its location, further supporting the claim. Therefore, the claim is accurate based on the retrieved evidence."
ds2926,Not Misinformation,0.7,False,True,"The evidence indicates that the debugging tool icon on the Touch Bar is not a can of bug spray, but rather typically represented by a lightning bolt symbol or other debugging-related icons. The claim is therefore inaccurate. The image does not show a bug spray can, and the context of debugging tools aligns with the evidence provided."
ds1829,Not Misinformation,0.9,False,True,"The evidence confirms that U.S. schools have indeed acquired MRAP vehicles through military surplus programs, aligning with the claim. The image depicts an MRAP vehicle, which is consistent with the headline about military equipment acquired by school districts. The sources provide information about the MRAP program and its relevance to law enforcement and educational institutions."
ds4158,Misinformation,0.9,False,True,"The claim that Hillary Clinton filed for divorce is false. Multiple credible sources confirm that there are no legal filings for divorce by Hillary Clinton in any court, including New York. Reports suggesting a divorce have been debunked as unfounded rumors. The image does not change the veracity of the claim, as it does not provide any evidence of a divorce filing."
ds9891,Not Misinformation,0.8,False,True,"The image depicts a gathering that aligns with the theme of 'Pride and Prejudice,' and the evidence confirms that the BBC's adaptation is a well-known 1995 television drama. The signals indicate a strong relevance to the claim, and the image is not AI-generated. Therefore, it is reasonable to conclude that the claim is not misinformation."
3477,Misinformation,0.9,False,True,"The image is AI-generated, depicting an oversized octopus in a baseball setting, which is surreal and does not align with the claim about 'Trouble with the Curve' featuring a squid. Additionally, the film does not include any squid or octopus characters, confirming the misinformation in the claim."
3415,Misinformation,1.0,False,True,"The claim that Hezbollah received zero support from Iran is false. Multiple sources confirm that Iran is a key patron of Hezbollah, providing significant funding, training, weapons, and various forms of political and organizational aid. This relationship has been longstanding and is well-documented."
ds4821,Not Misinformation,0.7,False,True,"The evidence suggests that there is no definitive proof that Meghan Markle hid her romance with Prince Harry from her Suits castmates. In fact, some sources indicate that her co-stars expressed support and excitement regarding her relationship. The available information does not confirm the claim made in the headline."
ds471,Not Misinformation,0.9,False,True,"The claim accurately describes how the Roboroach technology works, as supported by multiple sources. The evidence confirms that Roboroach uses electrodes to control a cockroach's movements via a smartphone app, which aligns with the claim. The image is also verified as genuine."
ds4939,Not Misinformation,0.7,False,True,"The claim about Cait facing knee surgery after refusing to ditch stilettos lacks specific evidence linking her to current knee surgery. While there are references to past surgeries related to knee issues, they do not confirm the claim. Additionally, the health risks associated with wearing stilettos are well-documented, supporting the context of the headline. However, the absence of recent news about Cait undergoing knee surgery makes the claim unverified."
1818,Misinformation,0.9,False,True,"The claim that the Opinion Debate section moves to the Viewspaper is false. Evidence indicates that the Opinion Debate section has not moved to a platform called Viewspaper, but rather the Washington Post's opinion section is undergoing an overhaul. Additionally, there is no specific information provided about the number of reader letters in the Viewspaper compared to other publications, which further supports the claim's inaccuracy."
ds4587,Not Misinformation,0.7,False,True,"The evidence suggests that there is no direct confirmation that Jennifer Aniston spent $100K specifically on a makeover. While there are mentions of her expenses during a hotel stay potentially reaching that amount, it does not pertain to a makeover. Additionally, her recent changes in appearance involve reducing the use of facial fillers, which aligns with the claim that she did not spend a large sum on a makeover. Therefore, the claim is not substantiated by the evidence."
ds9253,Not Misinformation,0.8,False,True,"The image aligns with the claim as it shows a coffee beverage and a cake, which are mentioned in the headline. Although the specific type of pastry is not clearly identifiable, the main subjects are present. The visual veracity indicates that the image is not AI-generated, supporting the authenticity of the claim."
ds8003,Misinformation,0.9,False,True,"The evidence indicates that Weymouth did not have fireworks specifically for the London 2012 Olympics. The town has a tradition of organizing firework displays during the summer holidays and on November 5th, but there is no record of a fireworks display marking the opening of the London 2012 Olympics in Weymouth. This directly contradicts the claim made in the headline."
4557,Not Misinformation,0.7,False,True,"The evidence indicates that Ruth Negga is indeed gaining recognition in Hollywood, particularly due to her performances in notable projects like 'Passing' and 'Good Grief.' The retrieved evidence supports the claim of her rising star status, as she is part of the awards season conversation and has upcoming projects that further enhance her visibility in the industry."
ds8684,Misinformation,0.8,False,True,"The image is identified as AI-generated with a confidence of 0.8, which is above the threshold for determining misinformation. Additionally, the visual elements described in the claim do not match the evidence provided, as there are no wooden benches or stairwells visible in the image."
