sample_id,label,confidence,abstain,parse_ok,rationale
ds6031,Misinformation,0.9,False,True,"The image is confirmed to be AI-generated with a high confidence level (0.9). The surreal combination of a tank and a floating frog does not align with any credible military project, particularly 'Project Ribbit Thunder', which is associated with a fictional character from a web series rather than a military context. Therefore, the claim that this is a recently declassified image from a military project is false."
3397,Misinformation,0.9,False,True,"The image is confirmed to be AI-generated with a confidence level of 0.8, which meets the definitive rule for labeling as misinformation. Additionally, the claim that Planet Hollywood Las Vegas is owned by a corporation based in Paris, Texas, is false; it is owned and operated by Caesars Entertainment, as supported by multiple sources."
ds2700,Not Misinformation,0.9,False,True,"The image depicts a scaled quail standing on one leg, which is consistent with the claim. The visual veracity indicates that the image is not AI-generated, and the behavior of standing on one leg is supported by evidence from field observations. Although the claim mentions a raisin and a peanut, the primary subject of the image aligns well with the claim about the scaled quail."
ds4880,Not Misinformation,0.9,False,True,"The image shows a woman wearing a hijab, which aligns with the claim about Lindsay Lohan. The evidence confirms that Lindsay Lohan did wear a hijab at the London Modest Fashion Week, and there are mixed reactions on social media regarding her appearance. The visual veracity indicates that the image is not AI-generated, further supporting the authenticity of the claim."
ds8852,Not Misinformation,0.6,False,True,"The image shows three teddy bears, which aligns with part of the claim. However, there is no evidence confirming the presence of a stuffed cat or that the setting is a bedroom wall. The visual veracity indicates that the image is not AI-generated, which supports the claim's authenticity. The relevancy score suggests partial alignment, indicating that while the claim is not fully accurate, it is not entirely false either."
7551,Not Misinformation,0.9,False,True,"The image depicts a snowy landscape, which aligns with the claim about snow in the UK, specifically in Kielder Water, Northumberland. The visual veracity indicates that the image is not AI-generated, and the evidence supports that snow has indeed fallen in Kielder Water and that more is predicted over the weekend. The sources confirm snowfall in northern England, including Kielder Water, and the weather forecast indicates potential for more snow."
365,Misinformation,0.9,False,True,"The image is confirmed to be AI-generated with a confidence level of 0.8, which directly leads to the classification of the content as misinformation, regardless of the alignment of the image with the headline."
ds4717,Not Misinformation,0.9,False,True,"The image is not AI-generated and appears to be a genuine photograph. The evidence supports the claim that Khloe Kardashian has been influenced by Tristan Thompson regarding her pregnancy diet, particularly after indulging in junk food. Multiple sources confirm that she has followed a strict diet during her pregnancy, which aligns with the headline."
4718,Not Misinformation,0.9,False,True,"The image is confirmed to be a genuine photograph, and the headline discusses a past event regarding Jennifer Lopez and Alex Rodriguez's relationship. The evidence supports that they did take a break, which aligns with the claim. The signals indicate a strong relevance to the subject matter, and the visual veracity is confirmed as not AI-generated."
ds4306,Not Misinformation,0.9,False,True,"The image depicts Eric Trump, who is the subject of the headline discussing his father's tax returns. The claim that Eric Trump stated it would be 'foolish' for his father to release tax returns is supported by multiple reliable sources, confirming his statement and the context in which it was made. Additionally, the visual veracity check indicates that the image is not AI-generated, further supporting the authenticity of the claim."
ds1370,Not Misinformation,0.9,False,True,"The image depicts Kris and Bruce Jenner at an event that is confirmed to be the Academy of Country Music Awards held in Las Vegas. The evidence supports that they attended the 44th Annual ACM Awards in 2009, aligning perfectly with the claim. Additionally, the image is not AI-generated, further supporting its authenticity."
ds2101,Not Misinformation,0.9,False,True,"The image accurately depicts a table with two wine glasses and a centerpiece, which aligns perfectly with the claim. Additionally, the visual veracity indicates that the image is not AI-generated, further supporting its authenticity."
5000,Not Misinformation,0.9,False,True,"The image is a genuine photograph of Barack and Michelle Obama, and there is no evidence to suggest it is AI-generated. The claim about Obama admitting to a secret deal with China to hand over U.S. territory is not supported by the evidence. While Obama did engage in diplomatic dealings with China, there is no credible information indicating that he made a deal to hand over U.S. territory or that such a deal exists. The evidence indicates ongoing economic tensions and trade enforcement actions rather than any formal debt settlement or territorial handover."
ds4724,Not Misinformation,0.9,False,True,"The image shows George and Amal Clooney together, which contradicts the claim that they are sleeping in separate bedrooms. While there are rumors about their relationship, the evidence suggests that they are still together and adapting to each other's habits. The specific claim about separate sleeping arrangements is not supported by credible sources, indicating that it is likely a misunderstanding."
ds6329,Misinformation,0.9,False,True,"The image is confirmed to be AI-generated with a high confidence level (0.9). It depicts an impossible scenario of a man inside a shark, which is not only unrealistic but also indicates that the image does not represent real events or characters from the films mentioned in the headline. Additionally, the headline references 'What's Eating Gilbert Grape' and 'Arnie vs Sharkasaurus', neither of which have any credible connection to the content of the image."
ds1157,Not Misinformation,0.6,False,True,"The image shows a banner related to the pope, which aligns with the claim about a person holding a banner during the pope's procession. However, while the image suggests a connection to the event, it does not definitively confirm the specific action described in the headline. The visual veracity indicates that the image is genuine and not AI-generated, which supports the claim's authenticity."
5013,Not Misinformation,0.9,False,True,"The image is confirmed to be a genuine photograph and not AI-generated. The headline discusses Brooke Burke's dating life and divorce, which aligns with the retrieved evidence indicating her engagement to Scott Rigsby and the context of her divorce from David Charvet. The image does not depict Brooke Burke directly, but it does not contradict the claims made in the headline."
3983,Misinformation,0.9,False,True,"The image is confirmed to be AI-generated with a confidence level of 0.8, which directly leads to the classification of this claim as misinformation. Additionally, the claim itself is misleading as it states that 'A Good Day to Die Hard' was directed by John Moore in 2008, while the film was actually released in 2013. The visual content does not support the claim and further indicates manipulation."
ds9980,Not Misinformation,0.9,False,True,"The image depicts a genuine scene of a child smiling, which aligns with the claim about an Iraqi girl. The visual veracity assessment confirms that the image is not AI-generated. Additionally, the retrieved evidence supports the context of families settling near Kurdish checkpoints in northern Iraq, indicating that the claim is plausible and aligns with the humanitarian situation in the region."
ds2354,Not Misinformation,0.9,False,True,"The image depicts a conventional airplane flying low against a cloudy sky, which aligns with the claim. The visual veracity indicates that the image is not AI-generated, and the evidence supports the occurrence of planes flying low due to various factors, including weather conditions. Therefore, the claim is substantiated."
ds9501,Misinformation,0.9,False,True,"The claim that Ford's reelection campaign was brilliant is misleading because Gerald Ford's 1976 presidential campaign was ultimately unsuccessful, as he lost to Jimmy Carter. The evidence clearly indicates that Ford faced significant challenges during his campaign, including public cynicism and a tough primary battle. Therefore, the assertion of brilliance is not supported by the historical context."
ds4,Not Misinformation,0.9,False,True,"The claim that Charlie Hebdo's surviving staff left their Paris offices for a temporary home at Liberation newspaper is supported by evidence indicating that after the January 2015 attack, the staff did indeed relocate to Liberation for a period before moving to a more permanent location. The image depicts a memorial site related to the attacks, which aligns with the context of the claim but does not directly confirm the relocation. However, the evidence confirms the relocation occurred, thus supporting the claim."
ds3871,Misinformation,0.9,False,True,"The image is confirmed to be AI-generated with a high confidence level (0.8), which directly leads to the classification of the claim as misinformation. Additionally, the claim that Meghan Markle was born in July is false; she was actually born on August 4, 1981, as supported by multiple reliable sources."
8830,Not Misinformation,0.6,False,True,"The image does not depict an AI-generated clock, and the visual veracity indicates it is a real-world object. However, the headline claims the clock is hanging against a barn, which is not supported by the image context. The relevancy score is low, indicating a lack of meaningful connection to the headline, but the image itself is not misleading."
ds5053,Not Misinformation,0.9,False,True,"The claim that drinking green tea daily may increase lifespan is supported by multiple studies indicating potential health benefits, including reduced risk of cardiovascular disease and longevity. The image is relevant as it depicts tea leaves, aligning with the subject of green tea. There is no evidence suggesting that the image is AI-generated, and the visual veracity is confirmed as true."
ds2437,Misinformation,0.9,False,True,"The image does not depict an animal food tray or cage, but rather a disc golf basket, which is completely unrelated to the claim. The visual veracity indicates that the image is genuine, but the lack of relevancy to the claim leads to the conclusion that the claim is misleading."
ds6090,Misinformation,0.9,False,True,"The image is confirmed to be AI-generated with a confidence of 0.8, which directly leads to the classification of the claim as misinformation. Despite the claim referencing a fun experience at Outside Lands, the festival did not occur in 2023, and the image does not provide verifiable evidence of the event."
ds742,Not Misinformation,0.9,False,True,"The image depicts a real protest scene with demonstrators holding a banner that reads 'WALL OFF TRUMP,' which aligns with the claim about demonstrators forming a barrier against Trump. While the specific location of Quicken Loans Arena is not confirmed in the evidence, the context of the protest aligns with the events that occurred during the Republican National Convention. The visual veracity indicates that the image is not AI-generated, further supporting its authenticity."
ds1754,Not Misinformation,0.9,False,True,"The image and headline accurately depict Benedict Cumberbatch portraying Julian Assange in the film 'The Fifth Estate.' The signals indicate a strong alignment with the claim, and the visual veracity confirms that the image is not AI-generated. The retrieved evidence supports the claim that Cumberbatch plays Assange in the film, further reinforcing the accuracy of the information."
4580,Not Misinformation,0.6,False,True,"The image is confirmed to be a genuine photograph, and there is no evidence that it is AI-generated. While the relevancy of the image to the claim is low, the evidence suggests that Kourtney Kardashian has collaborated with Kylie Jenner on beauty products, which could imply a preference. However, there is no explicit statement from Kourtney picking Kylie over Kim. Therefore, the claim lacks definitive support but is not outright misinformation."
ds50,Not Misinformation,0.9,False,True,"The image is confirmed to be a genuine photograph, and the evidence supports the claim that Rachael Drouet has not tracked down the owners of the decorations. The relevant sources confirm her ongoing efforts to locate the owners of the Christmas decorations stolen by her cat, Theo."
8392,Not Misinformation,0.9,False,True,"The image does not appear to be AI-generated and is a genuine photograph. The headline accurately reflects the allegations made by Oregon Attorney General Ellen Rosenblum against GNC regarding the sale of supplements containing synthetic chemicals. The evidence supports the claim that GNC was sued for selling products with illegal ingredients, specifically picamilon and BMPEA, which aligns with the headline."
ds7878,Not Misinformation,0.9,False,True,"The image shows individuals wading through flood water, which aligns with the context of a family in a flood situation. The evidence confirms that significant flooding has occurred in Harinagar, Satkhira, and that families are indeed affected by these floods. However, the image does not definitively identify the individuals as a Bangladeshi family or confirm their specific location as Harinagar. The visual veracity indicates that the image is not AI-generated, which supports the claim's authenticity."
ds4278,Misinformation,0.9,False,True,"The claim that Russian mansions seized by Obama were meant as illegal gifts to Sasha and Malia is false. The evidence indicates that the mansions were seized as part of sanctions against Russia for election interference, and there is no credible evidence to support the idea that they were gifts to the Obama daughters. Additionally, the image does not relate to the claim, further indicating a lack of connection."
ds6954,Misinformation,0.9,False,True,"The image is confirmed to be AI-generated with a high confidence level (0.8). The surreal nature of the image, depicting a man in a suit floating in a cosmic background, does not relate to the claim about Prof Martin Hairer, an Austrian mathematician. Despite the claim being factually correct regarding Hairer's identity and affiliations, the AI-generated nature of the image overrides this, leading to a classification of misinformation."
ds3520,Misinformation,0.9,False,True,"The claim that Ice-T signed to Sire Records in 1987 when he was 18 years old is false. Ice-T was born on February 16, 1958, which means he was 29 years old when he signed with Sire Records in 1987. The evidence confirms that he signed with Sire Records and released his debut album 'Rhyme Pays' that same year, but his age at the time was not 18."
7044,Not Misinformation,0.9,False,True,"The image does not appear to be AI-generated, and there is substantial evidence confirming that Hillary Clinton has spoken at rallies in Columbus, Ohio. While the specific context of the image being from a rally in Columbus is not definitively confirmed, the overall claim aligns with historical events where Clinton has campaigned in that location. The visual veracity indicates that the image is genuine, and the relevancy score supports the claim's partial alignment with known facts."
ds9094,Misinformation,0.9,False,True,"The image is identified as AI-generated with a confidence of 0.8, which indicates manipulation or generation artifacts, such as nonsensical text. This directly leads to the conclusion that the claim is misinformation, regardless of the partial alignment of the image with the headline."
ds3303,Not Misinformation,0.9,False,True,"The claim that Scandinavia includes the remote Norwegian islands of Svalbard and Jan Mayen is partially true. While Svalbard is part of the Kingdom of Norway, it is not considered part of geographical Norway or the traditional definition of Scandinavia, which typically includes only Norway, Sweden, and Denmark. Jan Mayen is also not included in the traditional definition of Scandinavia. The image depicts a realistic Arctic landscape, aligning with the context of Svalbard, but does not confirm the specific location or event. Therefore, the claim is not misinformation, as it is nuanced and supported by the evidence."
ds7131,Not Misinformation,0.6,False,True,"The claim states that Karen O wore a specific dress and jewels during her performance. While the image aligns with the context of her performing, there is no definitive evidence confirming the specific details about the dress and jewels. However, the performance itself is confirmed, and the image is not AI-generated. Therefore, while the specifics of the dress and jewels cannot be verified, the overall claim about her performance is accurate."
ds7823,Not Misinformation,0.9,False,True,"The image does not depict the Berlaymont building, as indicated by the relevancy signal. However, the visual veracity signal confirms that the image is not AI-generated. The retrieved evidence supports the claim that the Berlaymont building is indeed the headquarters of the European Commission in Brussels, and the image is a genuine photograph of a building, albeit not the Berlaymont. Therefore, the claim is not misinformation, but the image does not align with the headline."
1047,Not Misinformation,0.9,False,True,"The image depicts a man speaking at an event, which aligns with the claim that Kentucky Governor Matt Bevin addressed the Kentucky Chamber of Commerce dinner on January 7, 2016. The evidence confirms that Bevin did indeed speak at this event, and the visual veracity indicates that the image is not AI-generated. Therefore, the claim is supported by both the image and the retrieved evidence."
ds8744,Not Misinformation,0.9,False,True,"The image depicts a shirtless man on a skateboard in mid-air, which aligns with the claim. The visual veracity indicates that the image is not AI-generated, and the context of the skateboarder is plausible. The evidence retrieved does not contradict the claim, and the main subject is present as described."
ds9896,Not Misinformation,0.9,False,True,"The image is confirmed to be a genuine photograph, and there is no evidence to suggest that Alan Johnson has a 'bad case' of any health issue. In fact, recent information indicates that he is in a positive personal situation, having recently married, and there are no current reports of health issues. The claim lacks substantiation based on the retrieved evidence."
ds3482,Not Misinformation,0.9,False,True,"The claim that 'Gotham City Sirens failed to be published' is inaccurate. Evidence indicates that the series has been published and continues to have new issues released, with ongoing developments as of 2024. The image aligns with the subject matter, showing comic book covers related to 'Gotham City Sirens', further supporting the claim that the series exists and is being published. Additionally, the sources confirm that the series is ongoing and has new issues planned, contradicting the claim of failure to publish."
3081,Misinformation,0.9,False,True,"The claim that 'Story of My Life' was recorded exclusively by a girl band is false. The song is primarily known for being recorded by the boy band One Direction, and there is no evidence supporting that a girl band recorded it. The image does not depict a girl band, further contradicting the claim."
6149,Misinformation,0.9,False,True,"The image is identified as AI-generated with a confidence of 0.8, which meets the definitive rule for labeling as misinformation. Additionally, the content of the image does not align with the claim made in the headline, further supporting the misinformation label."
ds6053,Misinformation,0.9,False,True,"The image is confirmed to be AI-generated with a high confidence level (0.9). The surreal depiction of a rabbit riding a pink tricycle does not align with realistic scenarios, further supporting the classification of misinformation. Additionally, the headline does not relate to the content of the image, which weakens any potential connection."
5357,Not Misinformation,0.9,False,True,"The image is confirmed to be a genuine photograph of a person interacting with children in an educational setting, and there are no indications of AI generation. The headline discusses a controversial plan by the Education Secretary, which aligns with the retrieved evidence detailing the administration's education policies and the criticisms surrounding them. The relevancy of the image to the claim is partial but not misleading, as it visually represents the context of education without distorting the information presented in the headline."
ds3839,Misinformation,0.9,False,True,"The image is confirmed to be AI-generated with a high confidence level (0.9), which directly leads to the classification of this claim as misinformation. Additionally, while Dev Patel did star in 'Chappie', the claim that it is an animated movie is misleading, as 'Chappie' is a live-action film with animated elements. However, the definitive rule regarding AI-generated content takes precedence."
7469,Not Misinformation,0.9,False,True,"The image shows Donald Trump speaking, which aligns with the claim about him speaking at a rally. The evidence confirms that Donald Trump did indeed hold a rally in Bangor, Maine on October 15, 2016, where he addressed various issues. The visual veracity check indicates that the image is not AI-generated, further supporting the authenticity of the claim."
ds3252,Misinformation,0.9,False,True,"The claim that 'Little Dorrit' was only published in the 1980s is false, as the novel was originally published in serial form between 1855 and 1857. Additionally, the image has been identified as AI-generated, which further supports the classification of this claim as misinformation."
ds3976,Misinformation,0.9,False,True,"The image is confirmed to be AI-generated with a high confidence level (0.8), which directly leads to the classification of the claim as misinformation. Additionally, the claim itself is false; the ABC Islands (Aruba, Bonaire, and Curaçao) are not part of the United States but are territories of the Kingdom of the Netherlands."
9974,Not Misinformation,0.9,False,True,"The image is confirmed to be a genuine photograph with no signs of AI generation. The headline references Kanye West, who is present in the image, making the content relevant. The evidence supports that Kanye has been active on Twitter, including making controversial statements, which aligns with the context of the claim."
4125,Not Misinformation,0.9,False,True,"The image is confirmed to be a genuine photograph, and the evidence supports that Kevin Hart did appear in a J. Cole music video where he played a character reflecting his real-life cheating scandal. The headline aligns with the retrieved evidence, which confirms both the appearance of Kevin Hart in the music video and the context of his cheating scandal."
ds2506,Not Misinformation,0.9,False,True,"The image shows a real building with a protective fence underneath, which aligns with the claim about the fence being there to protect pedestrians from falling bricks. The evidence supports that there are indeed fences around buildings in Warsaw to catch falling bricks, and there have been incidents of falling bricks in the city. The visual veracity indicates that the image is not AI-generated, further supporting the authenticity of the claim."
ds6253,Misinformation,0.9,False,True,"The image is confirmed to be AI-generated with a high confidence level (0.9). The surreal combination of elements in the image, including a mouse in a car, suggests it does not represent a real scene, further supporting the conclusion that it is artificially created. Therefore, regardless of the alignment with the headline, the definitive rule regarding AI-generated content applies."
ds6291,Misinformation,0.9,False,True,"The image is confirmed to be AI-generated with a high confidence level (0.9). Despite the claim that there is a statue of a person riding a gazelle, the visual veracity indicates that the image does not represent a real statue but rather an AI-manipulated creation. Therefore, it is classified as misinformation."
ds9638,Not Misinformation,0.9,False,True,"The image shows two presenters on YouTube, which aligns with the claim that they discussed a story being staged. The evidence confirms that Tania Reza and Enrique Tovar did appear on YouTube to clarify that the incident was staged, and they were reinstated after the hoax was revealed. The visual veracity indicates that the image is genuine and not AI-generated."
ds994,Not Misinformation,0.9,False,True,"The image depicts performers forming the Olympic rings during the closing ceremony, which aligns with the claim. The visual veracity indicates that the image is not AI-generated, and the retrieved evidence supports the occurrence of the Olympic rings being formed during the ceremony."
ds5728,Not Misinformation,0.9,False,True,"The image features Jenny McCarthy, aligning well with the headline about her rise to fame. The visual veracity indicates that the image is not AI-generated, and the retrieved evidence supports the claims made in the headline regarding her career milestones and timeline. The context of her journey in the entertainment industry is accurately reflected in the image and the associated text."
2731,Not Misinformation,0.9,False,True,"The image depicts a toy doll in a car window, which aligns with the innovative take on the 'baby on board' sticker mentioned in the headline. The visual veracity assessment indicates that the image is not AI-generated, and the evidence supports the existence of humorous and creative variations of 'baby on board' stickers. Therefore, the claim is accurate."
ds2331,Not Misinformation,0.9,False,True,"The image depicts a man on a tennis court holding a racquet, which aligns perfectly with the claim. The visual veracity check confirms that the image is not AI-generated, and the high relevancy confidence supports the authenticity of the claim."
9107,Misinformation,0.9,False,True,The image is confirmed to be AI-generated with a confidence level of 0.8. This definitive evidence overrides any other signals regarding the claim about the silver oven and other appliances.
ds3649,Misinformation,0.9,False,True,"The claim that 'An Educated' was created only by journalist Nora Ephron is false. The evidence clearly indicates that 'An Educated' refers to 'Educated,' a memoir by Tara Westover, and not a work by Nora Ephron. Additionally, the image is confirmed to be not AI-generated, but the misinformation lies in the incorrect attribution of the work to Ephron."
7187,Not Misinformation,0.9,False,True,"The claim that Supreme Leader Ayatollah Ali Khamenei waved during a meeting in Tehran last September is supported by multiple pieces of evidence. Khamenei did indeed make public appearances in September 2022, specifically on September 17 and September 21, where he was seen waving to attendees. The image in question is confirmed to be a genuine photograph, not AI-generated, and aligns with the events described. Therefore, the claim is accurate."
ds5161,Not Misinformation,0.9,False,True,"The image is confirmed to be genuine and not AI-generated. The headline claims secret ties between Mike Pence and a Russian spy agency, but the evidence does not support this claim. Instead, it highlights Pence's opposition to Russian aggression and his support for NATO, indicating no connection to espionage. The relevancy of the image to the headline is partial, as it depicts Pence but does not substantiate the allegations made in the headline."
ds4423,Misinformation,0.9,False,True,"The claim that Floyd Mayweather Jr. donated a significant sum of money to Houston after a hurricane is false. Multiple sources confirm that he did not make such a donation, specifically the claim of a $200 million donation is classified as fake news. While the image shows Mayweather holding a bill, it does not provide evidence of the specific donation mentioned in the claim. Therefore, the claim is misleading."
8155,Misinformation,0.9,False,True,"The claim that Charlie Pierce, a journalist, made a phone call in a wire factory in Ohio in 2012 is unsupported by evidence. Charlie Pierce did not work for Mitt Romney, and there is no record of him making such a phone call in that context. Additionally, the image does not depict a wire factory or any relevant scenario related to the claim, further indicating misinformation."
ds7055,Not Misinformation,0.9,False,True,"The image does not depict the specific subjects or event mentioned in the headline, but it is not AI-generated and appears to be a genuine photograph. The historical context regarding Leeroy Murray and his family is supported by evidence, confirming their existence and connection to Hampstead Heath in 1947. Therefore, while the image may not align with the claim, it does not constitute misinformation."
8165,Not Misinformation,0.9,False,True,"The image shows a genuine photograph of people dancing, which aligns with the context of the Blue Ribbon Bacon Fest. The evidence confirms that Emily Cruse Elliott performed at Club Sizzle during the festival, supporting the claim. There are no indications of AI generation in the image."
1449,Not Misinformation,0.9,False,True,"The claim about Hinchliffe Stadium opening in 1932, hosting Negro League games, and being abandoned aligns with the retrieved evidence. The stadium indeed opened in 1932, hosted significant Negro League games, and was abandoned until its recent renovations. The image does not appear to be AI-generated, and the historical context provided supports the claim's accuracy."
4647,Not Misinformation,0.9,False,True,"The claim states that Angelina Jolie and Jennifer Aniston did not have a face-to-face meeting, which is supported by evidence indicating that their only meeting occurred in 2004 and was described as friendly. The image of Angelina Jolie is relevant but does not confirm or deny the specifics of the meeting with Aniston. The visual veracity indicates the image is genuine and not AI-generated, which supports the credibility of the claim."
ds4064,Not Misinformation,0.9,False,True,"The image is a genuine photograph of Brad Pitt, and the claim about his net worth aligns with the retrieved evidence, which estimates his net worth to be around $300 million to $400 million. The signals indicate a high relevancy and confidence in the accuracy of the information presented."
ds2877,Not Misinformation,0.9,False,True,"The image is confirmed to be a genuine photograph of a decomposing leaf, and it aligns with the claim about decomposing leaves found offshore at a local reservoir. Although the specific location context is not visible in the image, the evidence supports the claim regarding the presence of decomposing leaves in such environments. The visual veracity indicates that the image is not AI-generated, which further supports the authenticity of the claim."
7330,Misinformation,0.9,False,True,"The image does not depict Jonathan Jones or the Millennium Bridge in central London, as it shows a group of people in a different setting. The signals indicate a lack of relevancy to the claim, and while the visual veracity suggests the image is not AI-generated, the overall context does not support the claim made in the headline."
ds5062,Misinformation,0.9,False,True,"The claim that the COVID-19 vaccine alters DNA and increases the risk of genetic mutations is false. Evidence from multiple reputable sources confirms that COVID-19 vaccines, particularly mRNA vaccines, do not alter human DNA. They work by instructing cells to produce a harmless piece of the virus's spike protein and do not enter the nucleus where DNA is located. Additionally, there is no evidence to support the claim that COVID-19 vaccines increase the risk of genetic mutations or cancer. The image, while relevant to the medical context, does not provide any evidence to support the claim made in the headline."
ds5124,Not Misinformation,0.9,False,True,"The claim that Biden was caught on tape admitting to plotting election fraud with foreign powers is unfounded. The evidence indicates that Biden did not admit to any such actions; instead, he was discussing efforts to prevent voter fraud and protect voting rights. The image does not relate to Biden or the specific claim, as it depicts Hillary Clinton and others, which further supports the conclusion that the claim is misleading. Additionally, the visual veracity indicates that the image is genuine and not AI-generated."
6119,Misinformation,0.9,False,True,"The image is confirmed to be AI-generated with a high confidence level of 0.8. This definitive signal overrides any other considerations regarding the relevance of the image to the claim. The visual elements are bizarre and surreal, which is characteristic of AI-generated content. Therefore, it is classified as misinformation."
5317,Misinformation,0.9,False,True,"The claim that herbal tea from the Amazon rainforest can eradicate COVID-19 instantly is misleading and not supported by scientific evidence. Multiple sources confirm that herbal tea does not cure or prevent COVID-19, and the World Health Organization has stated that there is no known cure for the virus. Additionally, while some studies suggest that certain components in tea may have antiviral properties, they do not support the claim of instant eradication. Therefore, the headline is false and misleading."
ds8378,Not Misinformation,0.9,False,True,"The claim that Richard Dawkins and Rowan Williams debated the role of religion in the 21st century is supported by multiple sources confirming that such a debate took place on January 31, 2013, at the Cambridge Union. The image is not AI-generated, and the individuals involved in the debate are accurately represented. The evidence confirms the context and details of the debate, including the outcome and the topics discussed."
8719,Misinformation,0.9,False,True,"The image is confirmed to be AI-generated with a high confidence level (0.8). Despite the claim mentioning a pink and green bus, the visual veracity indicates that the image does not represent a real bus but rather an artificially created one. Therefore, it cannot be considered truthful."
6563,Misinformation,0.9,False,True,"The image is confirmed to be AI-generated with a confidence level of 0.8. Despite the claim aligning with the visual content, the definitive rule states that if the image is AI-generated, it is classified as misinformation regardless of other signals."
ds3412,Misinformation,0.9,False,True,"The claim that Castlevania came out in Japan in 1990 is false. The original Castlevania game was released in Japan on September 26, 1986. The confusion may stem from the release of a different game, Kid Dracula, which was released in 1990. The evidence clearly supports the correct release date of the original game."
966,Misinformation,0.9,False,True,"The claim that Marco Rubio grilled at the Iowa State Fair is not supported by evidence. Multiple sources confirm that there is no record of Rubio grilling at the event in 2015, despite the image depicting a man grilling at a pork tent. The overall context aligns with the Iowa State Fair, but the specific claim about Rubio is false."
ds5156,Misinformation,0.9,False,True,"The claim that the COVID-19 vaccine causes permanent memory loss is not supported by any credible evidence. The retrieved evidence indicates that there is no link between COVID-19 vaccines and memory loss, focusing instead on other side effects and concerns. Additionally, the image is not AI-generated, but the claim itself is false based on the evidence provided."
ds2814,Not Misinformation,0.9,False,True,"The image shows a handwritten Father's Day note, which aligns with the claim of finding such a note in a used bookstore. The visual veracity assessment confirms that the image is not AI-generated, and the context of the note being a placeholder in a fishing book is plausible given the nature of used bookstores. While there is no specific evidence directly confirming the exact event, the overall signals strongly support the authenticity of the claim."
ds6955,Misinformation,0.9,False,True,"The image is confirmed to be AI-generated with a high confidence level (0.8). Additionally, the claim regarding Henry Kissinger's association with Sepp Blatter is unsupported by evidence, as there is no documented relationship between the two figures. The image does not depict either individual and is unrelated to the claim, further reinforcing the misinformation status."
ds6481,Not Misinformation,0.9,False,True,"The image depicts two individuals who are likely to be Vladimir Putin and Borut Pahor, as suggested by the headline. The context of the image aligns with a formal meeting or event, which supports the identification of the subjects. Additionally, the visual veracity indicates that the image is not AI-generated, and the evidence confirms that Putin and Pahor met during a significant event in Slovenia. Therefore, the claim is accurate."
5084,Misinformation,0.9,False,True,"The image is confirmed to be AI-generated with a high confidence level (0.8). Additionally, the claim that the Senate voted to ban independent media is false, as there is no evidence supporting such a vote. The image's relevance to the Senate is weak, and the juxtaposition of the elephant logo with the Capitol building does not substantiate the claim. Therefore, the combination of AI generation and the lack of factual basis for the claim leads to the conclusion of misinformation."
ds1963,Not Misinformation,0.9,False,True,"The image depicts heavy traffic on a motorway, which aligns with the claim about heavy traffic on the M5 motorway during a busy Easter getaway. The visual veracity indicates that the image is not AI-generated, and the evidence supports the occurrence of heavy traffic on the M5 during Easter getaways. Although the specific date or event cannot be confirmed, the overall context aligns well with the claim."
9347,Not Misinformation,0.9,False,True,"The image depicts a man wearing glasses and a purple scarf, which is similar to a lavender shirt. The visual veracity indicates that the image is not AI-generated, and the description aligns well with the claim, despite the specific details of the shirt being partially visible. The evidence supports the trend of lavender shirts in men's fashion, further validating the claim."
ds4921,Not Misinformation,0.9,False,True,"The image is not AI-generated, and the evidence supports the claim that Justin Bieber and Kourtney Kardashian still communicate. The retrieved evidence confirms that there have been reports of private messages between them, and they maintain a friendship. Additionally, the context of the headline aligns with the evidence regarding their relationship dynamics and the concerns of Selena Gomez and Younes Bendjima."
3169,Misinformation,0.9,False,True,"The claim that Ian Gillan was born on May 19, 1945, is false; he was actually born on August 19, 1945. Additionally, the image is identified as AI-generated with a high confidence level, which further supports the classification of this claim as misinformation."
2004,Not Misinformation,0.9,False,True,"The image depicts a basketball game in progress, which aligns with the claim. The visual veracity indicates that the image is not AI-generated, and the evidence supports the existence of basketball games happening currently. The signals are consistent and confirm the claim."
4046,Misinformation,0.9,False,True,"The claim states that George H.W. Bush has died at 94, which is true as he passed away on November 30, 2018, at the age of 94. However, the image shows him alive and smiling, which contradicts the claim of his death. Therefore, the image does not align with the headline, leading to misinformation."
8531,Not Misinformation,0.9,False,True,"The image depicts a kitchen with decorative elements, aligning with the claim of a decorated interior. Although the size of the kitchen is not fully visible, the signals indicate that it is likely a smaller kitchen based on the context provided. Additionally, the visual veracity check confirms that the image is not AI-generated, further supporting the authenticity of the claim."
ds8617,Misinformation,0.9,False,True,"The image is confirmed to be AI-generated with a confidence level of 0.8, which directly leads to the classification of the claim as misinformation, regardless of the relevance of the content."
1052,Not Misinformation,0.9,False,True,"The image depicts multiple iPhone 5C devices, which aligns with the claim about the Apple product announcement. The visual veracity check confirms that the image is not AI-generated, and the retrieved evidence supports the claim that the iPhone 5C was announced at the Apple campus in Cupertino, California, on September 10, 2013, and released on September 20, 2013."
2929,Not Misinformation,0.9,False,True,"The image depicts a nurse with colorful hair, which aligns with the headline about a nurse responding to criticism regarding her appearance. The visual veracity assessment confirms that the image is not AI-generated, and the retrieved evidence supports the claim that the nurse received criticism and responded positively, emphasizing that her appearance does not affect her professional capabilities."
5939,Misinformation,0.9,False,True,"The image is confirmed to be AI-generated with a high confidence level (0.8). Additionally, the claim about Vic Mensa's roots in Houston, Texas is false, as he was born and raised in Chicago, Illinois. The combination of an AI-generated image and a false claim leads to a definitive classification of misinformation."
ds3503,Misinformation,0.9,False,True,"The image is confirmed to be AI-generated with a high confidence level (0.8), which is a definitive indicator of misinformation. Additionally, the claim that 'The Hunger Games are based on a play' is misleading; while there is a stage adaptation, the original source material is a series of novels, not a play. Therefore, the combination of AI generation and the misleading claim leads to the conclusion of misinformation."
ds6940,Misinformation,0.9,False,True,The image is confirmed to be AI-generated with a high confidence level (0.8). This definitive signal overrides any other considerations regarding the relevance of the claim about an Indonesian girl reading a comic book on trafficking.
ds8840,Misinformation,0.9,False,True,"The image is confirmed to be AI-generated with a confidence of 0.8, which directly leads to the classification of the claim as misinformation. Additionally, while the claim about the yellow dump truck is partially aligned with the image, the specific detail about it sitting on green asphalt is incorrect, as the truck is actually on grass. The definitive rule states that if the image is AI-generated, it is classified as misinformation regardless of other signals."
ds4482,Misinformation,0.9,False,True,"The claim that the San Juan Teamsters didn't show up for work to distribute relief supplies is not supported by the evidence. The sources indicate that the Teamsters are actively involved in relief efforts and assisting communities, rather than skipping work. Additionally, the image does not provide direct evidence of the Teamsters' absence. Therefore, the claim is misleading."
ds4702,Not Misinformation,0.6,False,True,"The image is confirmed to be a genuine photograph of Gwen Stefani and Blake Shelton, not AI-generated. While there are rumors about Gwen Stefani's pregnancy, there is no confirmed news or official statement regarding it. The headline suggests speculation rather than confirmed information, which aligns with the evidence that indicates ongoing rumors but no definitive proof of pregnancy. The mention of friends discussing a secret aligns with the evidence about her 'MAGA makeover' but does not directly relate to the pregnancy claim."
1231,Not Misinformation,0.6,False,True,"The image shows a player running during pregame warmups, which aligns with the context of the headline about Robert Griffin III. However, while the image is not AI-generated, the specific identification of Robert Griffin III cannot be confirmed from the evidence provided. The sources do not definitively state that he warmed up at Raymond James Stadium, leading to a medium confidence in the claim's accuracy."
4217,Not Misinformation,0.6,False,True,"The image is confirmed to be a genuine photograph, and while the headline suggests a romantic context between J.Lo and A-Rod, the evidence indicates that they are no longer together and there are no recent details about them making out. The connection between the image and the headline is weak, but it does not qualify as misinformation."
992,Not Misinformation,0.9,False,True,"The image depicts a flooded area that aligns with the claim about high water overrunning homes and businesses near the Shiawassee River and Shiawassee National Wildlife Refuge in Michigan. The visual veracity indicates that the image is not AI-generated, and the retrieved evidence supports the occurrence of flooding in the area, confirming the claim's accuracy."
ds6586,Misinformation,0.9,False,True,"The image is confirmed to be AI-generated with a high confidence level (0.9). The surreal combination of a hand and jellyfish in a bedroom setting is not a natural occurrence, indicating that the image does not represent reality. Therefore, it is classified as misinformation regardless of the claim about a person holding their hand on a bed."
ds1582,Misinformation,0.9,False,True,"The claim states that Norway won against England in the European Under-21 Championship, but evidence indicates that Norway lost to England with a score of 1-2 in a different match during the FIFA World Cup. Additionally, the image is confirmed to be not AI-generated, but the claim itself is factually incorrect based on the retrieved evidence."
ds6549,Misinformation,0.9,False,True,"The image is identified as AI-generated with a confidence of 0.8, which is above the threshold of 0.6. Regardless of the claim's alignment with the image content, the definitive rule states that if the image is AI-generated, it is classified as misinformation."
ds1547,Not Misinformation,0.9,False,True,"The claim states that the 105200 hectares of land in Watarrka National Park is under the custodianship of the Martutjarra-Luritja people. However, the evidence indicates that Watarrka National Park is primarily recognized as being on the traditional lands of the Anangu Aboriginal people, not specifically the Martutjarra-Luritja people. While the Martutjarra-Luritja people are indeed Indigenous Australians with land rights in Central Australia, the specific custodianship of Watarrka National Park is attributed to the Anangu. Therefore, the claim is misleading but not entirely false, as it does not accurately represent the custodianship of the park."
ds9027,Misinformation,0.9,False,True,"The image is confirmed to be AI-generated with a confidence of 0.8, which means it does not represent a real Chicago deep dish pizza. Despite the claim about the pizza's ingredients being partially aligned with the image, the definitive rule states that AI-generated images are classified as misinformation regardless of other signals."
ds8208,Not Misinformation,0.9,False,True,"The image depicts a protest that aligns with the claim about activists protesting against the Summer Olympics in Brazil. The retrieved evidence confirms that there were indeed protests related to the Olympics in Brazil, specifically addressing issues like corruption and mismanagement. The visual veracity indicates that the image is not AI-generated, further supporting the authenticity of the claim."
ds1877,Not Misinformation,0.9,False,True,"The claim that Gordon Taylor settled into his role as chairman of the Professional Footballers Association in November 1978 and later became chief executive in 1981 is supported by multiple reliable sources. The image is confirmed to be a genuine photograph, not AI-generated, and aligns with the historical context provided in the evidence. The retrieved evidence confirms both the timeline and the roles mentioned in the claim."
ds1998,Not Misinformation,0.9,False,True,"The image depicts a protest scene that aligns with the claim about spending cuts likely sparking protests, as evidenced by the signs stating 'NO CUTS'. The visual veracity indicates that the image is not AI-generated, and the retrieved evidence supports the claim that spending cuts lead to protests, particularly in recent events in France. The signals indicate a strong correlation between the image and the claim."
578,Not Misinformation,0.9,False,True,"The image shows a person working with a pump in a flooded area, which aligns with the context of trying to keep floodwaters out of a property. While the specific identity of the person as Bob Bailey and the exact location as Clarksville, Mo, cannot be confirmed, the overall scenario is plausible and supported by evidence of flooding in the area. The visual veracity indicates that the image is not AI-generated, further supporting its authenticity."
ds4435,Not Misinformation,0.9,False,True,"The image is confirmed to be genuine and not AI-generated, and the evidence indicates that there is no support for the claim that Trump removed Marines from the Navy. The sources retrieved do not mention any such action, and the context of the claim is not substantiated by the evidence provided."
4186,Misinformation,0.9,False,True,"The claim suggests a rekindling of friendship between Katie Holmes and James Van Der Beek to provoke jealousy in Jamie, which is misleading. The evidence indicates that James Van Der Beek has passed away, and thus any claim of rekindling a friendship is not possible. Additionally, there is no substantial evidence to support the notion of jealousy from Jamie regarding this situation. The image is confirmed to be genuine and not AI-generated, but the claim itself is fundamentally false due to the death of Van Der Beek."
ds5919,Misinformation,0.9,False,True,"The claim that Ares is a nephew of Zeus is incorrect; Ares is actually the son of Zeus and Hera, making him Zeus's child rather than his nephew. The evidence confirms Ares' lineage as the son of Zeus and Hera, which directly contradicts the claim in the headline. Additionally, the image is not AI-generated, but the misinformation lies in the claim itself."
ds379,Not Misinformation,0.9,False,True,"The claim that three people died during a police raid in Saint-Denis five days after the attacks is supported by multiple sources. The evidence confirms that the raid resulted in the deaths of two suspects and a woman who detonated an explosive device, which aligns with the claim. The date of the raid is also accurately stated as November 18, 2015, five days after the Paris attacks. The image does not appear to be AI-generated, further supporting the authenticity of the claim."
ds3753,Not Misinformation,0.9,False,True,"The claim that the Icelandic Coast Guard rarely performs a service is contradicted by multiple pieces of evidence indicating that the Coast Guard is actively involved in various operations, including search and rescue, maritime safety, and surveillance. The image does not appear to be AI-generated, and the context aligns with the Coast Guard's active role."
ds6032,Not Misinformation,0.9,False,True,"The image depicts a real ostrich interacting with a person, which aligns with the claim about the ostrich's interesting table manners. The visual veracity check confirms that the image is not AI-generated, and the context supports the humorous nature of the claim. The evidence retrieved also discusses ostrich behavior and feeding, reinforcing the idea that the claim is playful rather than factual."
3980,Not Misinformation,0.9,False,True,"The claim that 'Touch My Body is a law' is incorrect, as there is no specific law by that name. The evidence indicates that laws regarding physical contact are related to assault, battery, or harassment, which protect individuals from non-consensual touching. The image is not AI-generated and depicts a courtroom scene, which is relevant to legal discussions but does not support the claim. Therefore, the claim is not misinformation."
ds2845,Not Misinformation,0.6,False,True,"The image shows a premium gas pump, which aligns with the claim about a premium pump in Arkansas. However, there is no evidence confirming the presence of a spider web on it or that it is located in a secluded area. The visual veracity indicates that the image is genuine and not AI-generated, which supports the claim's authenticity. The lack of specific evidence about the spider web or the seclusion of the location leads to a medium confidence in the overall claim."
1318,Not Misinformation,0.6,False,True,"The image shows patrons seated at a bar and in rows, which aligns with the context of the headline about relaxing while waiting to play bocce. Although the image does not confirm the presence of bocce or the specific activity mentioned, it does not contradict the claim either. The visual veracity indicates that the image is not AI-generated, which supports the authenticity of the scene depicted."
ds2773,Not Misinformation,0.9,False,True,"The image shows a genuine photograph of a drawer containing a Bible and a Book of Mormon, which aligns with the claim about a hotel in Detroit having these items. The evidence supports that many hotels, particularly those affiliated with Marriott, include both texts in their rooms due to historical ties with the Church of Jesus Christ of Latter-day Saints. The visual veracity indicates that the image is not AI-generated, further supporting the authenticity of the claim."
ds8795,Not Misinformation,0.9,False,True,"The image depicts two men in formal attire, likely at night, which aligns with the claim. Although it is unclear if they are wearing sunglasses, the context of the setting supports the headline. The visual veracity indicates that the image is not AI-generated, which further supports the authenticity of the claim."
6395,Misinformation,0.9,False,True,"The image is confirmed to be AI-generated with a high confidence level of 0.9, which indicates that it does not represent an authentic depiction of Beyoncé. Regardless of the context of the headline, the definitive rule states that if the image is AI-generated, it is classified as misinformation."
ds5285,Not Misinformation,0.9,False,True,"The image is confirmed to be genuine and not AI-generated. The evidence indicates that Hillary Clinton has publicly denied any intention to run for president in 2024, and there are no confirmed plans for her to do so. The headline suggests a secret plan, which contradicts the retrieved evidence showing her focus on supporting other Democratic candidates and her criticism of Biden's reelection bid."
ds7674,Not Misinformation,0.6,False,True,"The claim states that the Highlands attracts 80% of its visitors from other parts of the UK. While the evidence does not directly confirm this statistic, it does indicate that the Highlands attract many visitors due to its natural beauty and cultural significance. The visual veracity assessment shows that the image is not AI-generated, and the relevancy score suggests that the image does not directly relate to the claim but does not negate it either. Therefore, while the specific statistic is not verified, the general context of tourism in the Highlands supports the idea that it attracts a significant number of visitors from the UK."
2728,Not Misinformation,0.9,False,True,"The claim that an activist faced years in prison for helping migrants but jurors wouldn't convict him is supported by evidence. Specifically, Scott Daniel Warren, an activist, was charged for providing aid to migrants and the jury could not reach a verdict, reflecting a refusal to convict him. The image is confirmed to be a genuine photograph, not AI-generated, which supports the credibility of the claim. The evidence aligns well with the claim, confirming both the activist's situation and the jury's decision."
ds8721,Not Misinformation,0.9,False,True,"The image shows a bowl of white rice and broccoli, which aligns with the general context of the headline about a dish containing white rice, beef, and vegetables. Although the specific mention of beef is not confirmed in the image, the overall context is still relevant. Additionally, the visual veracity indicates that the image is not AI-generated, further supporting the authenticity of the claim."
ds9200,Misinformation,0.9,False,True,"The image is confirmed to be AI-generated with a high confidence level of 0.9. Despite the claim mentioning a plaid couch and a black dog, the visual veracity indicates that the image does not represent a real scene but rather a manipulated or generated one. Therefore, it cannot be considered truthful."
ds3723,Misinformation,0.9,False,True,"The claim states that 'The Originals' began airing in October 2005, which is incorrect. The series actually premiered on October 3, 2013. Additionally, the image is confirmed to be AI-generated, which further supports the classification of this claim as misinformation."
7601,Not Misinformation,0.9,False,True,"The image depicts Bangladeshi security personnel standing guard near a restaurant that was attacked by gunmen in Dhaka on July 1, 2016. This aligns with the claim, as the retrieved evidence confirms the occurrence of the attack and the presence of security personnel in response to it. The visual veracity indicates that the image is not AI-generated, further supporting the authenticity of the claim."
9081,Not Misinformation,0.6,False,True,"The image shows a lunch box with sandwiches and carrots, which aligns with the claim. However, it does not clearly show a muffin or a salad, leading to partial alignment. The visual veracity indicates that the image is not AI-generated, which supports the claim's authenticity."
ds2006,Not Misinformation,0.6,False,True,"The image shows people lined up near an airplane, which partially aligns with the claim. However, there is no clear evidence confirming the presence of individuals in military uniform. The visual veracity indicates that the image is not AI-generated, which supports the authenticity of the scene depicted. The retrieved evidence discusses military presence at airports but does not specifically confirm military uniforms in the image."
ds6266,Misinformation,0.9,False,True,"The image is confirmed to be AI-generated with a high confidence level (0.9). It depicts an unrealistic scenario of a turkey flying over a cityscape, which does not align with the context of the headline. Therefore, it qualifies as misinformation regardless of the other signals."
708,Not Misinformation,0.9,False,True,"The image is confirmed to be a genuine photograph of Carmelo Anthony and La La Vazquez Anthony, aligning with the claim about their relationship and the events surrounding Carmelo's trade in 2011. The evidence supports that La La did not force Carmelo to seek a trade, but rather that the trade contributed to the decline of their marriage. The visual veracity check confirms the image is not AI-generated, further supporting the authenticity of the claim."
ds354,Not Misinformation,0.9,False,True,"The claim that Aon was unveiled as the sponsor of Manchester United in July 2010 is supported by multiple sources confirming that Aon signed a four-year sponsorship deal that began on June 1, 2010, and the new jerseys featuring the Aon logo were revealed shortly after on July 14, 2010. The image of the jerseys aligns with this timeline and is confirmed to be a genuine photograph."
7119,Not Misinformation,0.6,False,True,"The image features Julian Assange, which aligns with the subject of the headline. However, the evidence indicates that there is no recent statement from Assange calling for the lifting of any arrest threats. The visual veracity check confirms that the image is not AI-generated. Therefore, while the claim is not fully supported by evidence, it is not outright misinformation."
6424,Misinformation,0.9,False,True,"The image is confirmed to be AI-generated with a high confidence level (0.9). Despite the claim relating to a harpy, which is a mythological creature, the visual veracity indicates that the image does not depict a real event or creature. Therefore, it is classified as misinformation."
5060,Not Misinformation,0.9,False,True,"The image is a genuine photograph of a person using a smartphone, and there are no indications that it is AI-generated. The claim about experts warning against smartphone radiation is supported by evidence indicating that while there are concerns about smartphone radiation, the consensus among experts is that there is insufficient evidence to conclusively link smartphone use to cancer. The retrieved evidence supports the idea that while some studies suggest potential risks, the overall scientific consensus leans towards minimal health risks from smartphone radiation."
3899,Not Misinformation,0.9,False,True,"The claim that the Tenth Doctor is accompanied by Rose Tyler for 'The End of Time' is supported by evidence indicating that Rose Tyler was indeed a companion of the Tenth Doctor. The image does not appear to be AI-generated, and the context aligns with the established relationship between the characters. While the specific episode 'The End of Time' is not directly referenced in the evidence, the relationship between the Tenth Doctor and Rose Tyler is well-documented."
ds511,Not Misinformation,0.9,False,True,"The image depicts the entrance of Whiskey Down, which is confirmed to be located inside the MGM Grand. The evidence supports the claim that Whiskey Down is a gaming lounge with a focus on whiskey, and the visual veracity indicates that the image is genuine and not AI-generated."
3537,Misinformation,0.9,False,True,"The image is confirmed to be AI-generated with a confidence level of 0.8, which categorically classifies it as misinformation regardless of the claim's content. Additionally, the claim that action films are a subgenre of martial arts films is misleading, as action films encompass a broader range of themes and styles, while martial arts films specifically focus on martial arts techniques."
ds9777,Not Misinformation,0.9,False,True,"The claim that Des Warren and Ricky Tomlinson were blacklisted for their union activity is supported by historical evidence. They were imprisoned for their involvement in union activities during the 1972 strike, which led to significant repercussions in their careers. The image is confirmed to be a genuine photograph, not AI-generated, and aligns with the context of their story."
5524,Not Misinformation,0.9,False,True,"The image is not AI-generated and depicts a realistic scene, which aligns with the claim about Jennifer Aniston and Brad Pitt. The evidence indicates that there is no substantiated claim that Aniston sabotaged Pitt's career, and their divorce was attributed to various personal factors rather than malicious intent. The relevancy of the image to the claim is partial, but the overall context supports that the claim is not misinformation."
ds4669,Not Misinformation,0.9,False,True,"The image does not depict Bradley Cooper or Lady Gaga, but it is not AI-generated. The claim about 'A Star Is Born' being a remake is accurate, and the evidence supports the existence of the film and its stars. The visual veracity indicates that the image is not AI-generated, which is a key factor in determining misinformation."
2169,Not Misinformation,0.9,False,True,"The image shows various items including shoes, a cap, and an iPod, which are mentioned in the headline. The visual veracity assessment confirms that the image is not AI-generated, and the items align with the claim. The evidence supports the significance of the items listed, particularly the iPod and name tags, which are relevant to the context provided."
889,Not Misinformation,0.9,False,True,"The image shows a group of people on the shore, which aligns with the context of migrants on an island. While it does not confirm the specific location as Rhodes, Greece, the evidence retrieved supports the claim of a migrant situation on Rhodes, particularly with reports of over 700 undocumented migrants and recent incidents involving illegal boats. The visual veracity indicates that the image is not AI-generated, further supporting the authenticity of the claim."
ds4772,Not Misinformation,0.6,False,True,"The claim that Ed Sheeran admits he was able to bed hot women because of Taylor Swift is not directly supported by the evidence. While Ed Sheeran has made comments about Taylor Swift and their friendship, there are no specific statements from him regarding dating attractive women or attributing his dating success to her. The evidence indicates a supportive friendship rather than a direct influence on his dating life. Additionally, the image is not AI-generated, which further supports the classification."
ds372,Not Misinformation,0.6,False,True,"The image depicts a rusting emergency vehicle, which aligns with the claim regarding its association with the 1970 protests at Jackson State College. While the specific vehicle's involvement in the protests cannot be definitively confirmed, the historical context supports the relevance of such vehicles during that time. The visual veracity indicates that the image is not AI-generated, further supporting its authenticity."
6440,Misinformation,0.9,False,True,"The image is confirmed to be AI-generated with a high confidence level of 0.9. This means that regardless of the context or the claim about Kim Jong-un taking a smoke break or having stilt legs adjusted, the image itself cannot be considered a truthful representation. AI-generated images often depict unrealistic scenarios, which is evident in this case."
ds2864,Not Misinformation,0.9,False,True,"The image shows colored eggs, including one with a speckled appearance, which aligns with the claim about dye effects. The evidence indicates that there was a dye leak from a fabric dye unit, which could potentially relate to the claim, but it does not confirm that the speckled egg is a direct result of dye leaking during peeling. The visual veracity indicates that the image is not AI-generated, supporting the authenticity of the claim."
ds9049,Not Misinformation,0.9,False,True,"The image depicts a living room with a table and chairs, aligning with the claim. Although there is no visible fireplace, the overall context of the image matches the general description of a living room. The visual veracity indicates that the image is not AI-generated, further supporting its authenticity."
1505,Not Misinformation,0.9,False,True,"The claim that business rates have added about 500m to retailers' costs in the past three years is supported by evidence indicating significant increases in business rates impacting retailers. The retrieved evidence includes estimates of additional costs due to business rates, which align with the claim. The image is confirmed to be a genuine photograph, not AI-generated, further supporting the credibility of the claim."
ds1418,Not Misinformation,0.6,False,True,"The image depicts a live music performance with a crowd, which aligns with the context of a music event. While the specifics of it being a free event featuring Brazilian music stars or the Alternative Olympic Opening Ceremonies are not confirmed, the evidence suggests that alternative Olympic ceremonies have occurred in the past, and Brazilian music events do take place. However, the lack of specific details about the event in question leads to a medium confidence level."
690,Misinformation,0.9,False,True,"The claim states that Gus Malzahn is on the sideline during a game, but he has not been the head coach of Auburn since 2020. The image does not confirm that the person is Malzahn, and the context of the game is not specified. Additionally, the evidence confirms that Malzahn is currently the head coach at the University of Central Florida, not Auburn. Therefore, the claim is misleading."
ds7963,Not Misinformation,0.9,False,True,"The claim that 96 people died at the 1989 FA Cup semifinal at Hillsborough stadium is accurate. The evidence confirms that 96 individuals lost their lives due to the crowd crush during the disaster. The image, which depicts a memorial, aligns with the context of the claim, as it relates to the remembrance of those who died in the Hillsborough disaster. Additionally, the visual veracity check indicates that the image is not AI-generated, further supporting the authenticity of the claim."
ds9935,Not Misinformation,0.9,False,True,"The image is confirmed to be a genuine photograph of David Cameron in a parliamentary setting, and there is no evidence to suggest it is AI-generated. While the image does not depict him celebrating or heading to the EU summit, the claim that he attended an EU summit in Brussels is accurate. The context of the image does not align with the specific event mentioned in the headline, but the overall claim about his attendance is true."
4960,Not Misinformation,0.9,False,True,"The image is confirmed to be a well-composed photograph of a couple in a romantic setting, which aligns with the themes of love and beauty in the headline. There are no indications of AI generation, and the context supports the connection to Jennifer Lopez and Alex Rodriguez. The retrieved evidence corroborates the relationship history and themes discussed in the claim."
5286,Misinformation,0.9,False,True,"The claim that Biden accepted illegitimate votes in the 2020 election is not supported by credible evidence. Multiple sources confirm that allegations of widespread voter fraud have been thoroughly investigated and debunked. The image of Biden speaking does not provide any context or evidence to support the claim, and the overall narrative is contradicted by the evidence that shows no credible evidence of fraud that could have affected the election outcome."
ds6300,Misinformation,0.9,False,True,"The image is confirmed to be AI-generated with a high confidence level (0.9). The presence of a cartoon character in a supposedly real-life scene raises significant doubts about the authenticity of the event depicted. Therefore, regardless of the context or the claim about Hillary Clinton, the AI-generated nature of the image categorizes it as misinformation."
ds9486,Misinformation,0.9,False,True,"The image is confirmed to be AI-generated with a confidence of 0.8, which indicates that it does not represent real cats or a real scene. The claim about two striped cats lying with two sneakers cannot be verified as true due to the AI generation of the image, which suggests manipulation or fabrication."
ds252,Not Misinformation,0.9,False,True,"The claim that Dave Lee Travis was one of broadcasting's biggest stars in the 70s and 80s is supported by multiple sources confirming his prominence during that time, particularly for his work on BBC Radio 1 and 'Top of the Pops'. The image is confirmed to be a genuine photograph, not AI-generated, which further supports the authenticity of the claim."
7904,Not Misinformation,0.9,False,True,"The image does not depict boys from the Mandari tribe or the specific context of fishing in Terekeka, South Sudan, but it does show people by a body of water, which could be consistent with fishing activities. The evidence indicates that the Mandari tribe primarily focuses on pastoralism and agriculture, with no specific mention of fishing by the Nile. However, the Terekeka fishing community was engaged in fishing activities in September 2012, which aligns with the context of the claim. The image is not AI-generated, and the visual veracity is confirmed as natural. Therefore, while the claim may not be entirely accurate, it does not qualify as misinformation."
ds4659,Not Misinformation,0.9,False,True,"The image shows two individuals who appear to be Kanye West and Kim Kardashian, which aligns with the claim about Kanye auditioning for American Idol in San Francisco. The evidence confirms that Kanye West did indeed audition for American Idol during a surprise appearance in San Francisco, and he was accompanied by Kim Kardashian. The visual veracity indicates that the image is genuine and not AI-generated, further supporting the authenticity of the claim."
6609,Misinformation,0.9,False,True,"The image is confirmed to be AI-generated with a high confidence level (0.9). It depicts a surreal scenario of a horse levitating on a rocking chair, which is not physically possible. Therefore, regardless of the claim's alignment with the image, the definitive rule states that if the image is AI-generated, it is classified as misinformation."
5292,Misinformation,0.9,False,True,"The claim that Biden promised to abolish the Second Amendment is false. Evidence indicates that Biden has not made such a promise and instead advocates for responsible gun laws while respecting the Second Amendment. The image is confirmed to be genuine and not AI-generated, but the claim itself is misleading based on the evidence."
5049,Not Misinformation,0.9,False,True,"The image does not appear to be AI-generated, and the headline aligns with the ongoing discussions and controversies surrounding 'The Bachelorette' franchise, particularly regarding rankings and fan reactions. The evidence supports the claim of controversy and fan outrage, confirming that the discussions are relevant and based on real events."
ds8246,Not Misinformation,0.9,False,True,"The image does not depict Tony Abbott, which is a significant disconnect from the claim. However, the evidence indicates that Tony Abbott has made statements about lower taxes, but there is skepticism regarding his commitment to this promise. The retrieved evidence supports the claim that Abbott has proposed lower taxes in the past, but it also highlights contradictions in his actions, such as tax increases in the budget. Therefore, while the claim has some basis, the image's irrelevance to Abbott means it does not directly support the claim."
5575,Misinformation,0.9,False,True,"The claim that Bradley Cooper and Lady Gaga were spotted kissing in Italy is not supported by any confirmed reports. While the image shows a couple kissing, the identities of the individuals are not verified, and there is no evidence of such an event occurring in Italy. Additionally, the sources indicate that while they have shared romantic moments, there is no specific documentation of a kiss in Italy. Therefore, the claim is misleading."
561,Not Misinformation,0.9,False,True,"The claim that Hurricane Matthew was photographed from the International Space Station on October 3, 2016, is supported by multiple pieces of evidence confirming that the hurricane was indeed tracked and photographed from the ISS during that time. The image is confirmed to be genuine and not AI-generated, aligning with the event described in the headline."
1970,Not Misinformation,0.9,False,True,"The image is a bar graph that accurately represents data related to the claim about younger patients being more informed about financial help compared to older patients. The visual veracity check confirms that the image is not AI-generated, and the evidence retrieved supports the claim regarding financial help awareness among different age groups. The relevancy and confidence levels are high, indicating a strong alignment between the image and the claim."
ds1060,Not Misinformation,0.9,False,True,"The image depicts a man holding a child during a nighttime event, which aligns with the description of a candlelight vigil. The evidence confirms that candlelight vigils have occurred in New York, and the visual veracity indicates that the image is not AI-generated. Therefore, the claim is supported by both the image and the retrieved evidence."
ds3938,Misinformation,0.9,False,True,"The claim that Northwestern University is a founding member of the Big Ten Conference starting in 1893 is incorrect. The Big Ten Conference was actually founded in 1896, not 1893. While Northwestern is indeed a charter member of the conference, the founding date is a critical detail that makes the claim false. The visual veracity indicates that the image is not AI-generated, but the factual inaccuracy of the claim itself leads to the classification of misinformation."
6399,Misinformation,0.9,False,True,"The image is confirmed to be AI-generated with a confidence level of 0.8, which indicates that it does not represent a real event or scenario. The surreal combination of police officers and Ninja Turtles is not plausible in reality, further supporting the classification of this claim as misinformation."
6807,Misinformation,0.9,False,True,"The image is confirmed to be AI-generated with a high confidence level (0.9). The depiction of a dragon cooking vegetables is a surreal and fantastical scenario that does not align with the claim of a large bowl with vegetables and broccoli. Therefore, the claim is misleading."
ds9233,Not Misinformation,0.9,False,True,"The image depicts a scene at a bus terminal with people waiting, which aligns with the claim. The visual veracity indicates that the image is not AI-generated, and the evidence supports the claim that people frequently wait at bus terminals. The signals are consistent and reinforce the accuracy of the claim."
7506,Not Misinformation,0.9,False,True,"The claim about coach parties from Shenzhen arriving in Dedham Vale in May and staying until autumn is supported by evidence from a 2015 article that explicitly states this information. The image, which depicts a natural scene in Dedham Vale, does not contradict the claim and is confirmed to be not AI-generated. Therefore, the claim is accurate and aligns with the evidence provided."
251,Misinformation,0.9,False,True,"The claim states that Sameena Jabeen Ahmed received her best newcomer award from actor James Corden. The evidence confirms that she did receive the Best British Newcomer award at the BFI London Film Festival, and it is explicitly stated that James Corden presented this award to her. Therefore, the claim is accurate and not misinformation."
ds1760,Not Misinformation,0.9,False,True,"The claim about a 400 km long human chain is partially accurate as it references the Baltic Way, which was a significant historical event where approximately two million people formed a human chain spanning 675 kilometers. The image supports the claim by depicting a group of people holding hands, which aligns with the concept of a human chain. However, the specific details of the event in the claim are not fully confirmed by the image alone. The visual veracity indicates that the image is not AI-generated, further supporting its authenticity."
ds5403,Not Misinformation,0.9,False,True,"The image depicts a genuine protest scene related to the topic of impeachment, which aligns with the headline discussing political strategy and public discourse manipulation. The visual veracity indicates that the image is not AI-generated, and the evidence supports the discussion of impeachment and political elites. Therefore, the claim is not misinformation."
ds8604,Misinformation,0.9,False,True,"The image is confirmed to be AI-generated with a high confidence level (0.8), which indicates that it does not represent a real photograph of zebras socializing on rocks in an artificial lake. Regardless of the claim's alignment with zebra behavior, the definitive rule states that AI-generated images are classified as misinformation."
ds8578,Not Misinformation,0.9,False,True,"The image depicts a man leaning over the back of a truck, which aligns with the claim. Although the specific location being in front of a Walmart is not definitively confirmed, the context is relevant to Walmart truck incidents. The visual veracity indicates that the image is not AI-generated, further supporting the authenticity of the claim."
6114,Misinformation,0.9,False,True,"The image is confirmed to be AI-generated with a high confidence level (0.8), which directly leads to the classification of the claim as misinformation. Additionally, the image does not depict a Mickey Mouse watch, further supporting the misinformation label."
8341,Not Misinformation,0.9,False,True,"The Riverside Museum was indeed awarded the European Museum of the Year in 2013, and there is evidence indicating a drop in visitor numbers, likely due to post-pandemic trends affecting many museums. The image does not appear to be AI-generated and depicts a recognizable cityscape related to the museum. Therefore, the claim aligns with the evidence provided."
1152,Not Misinformation,0.9,False,True,"The image depicts Howard Stern and Beth Ostrosky, which aligns with the claim that they were in attendance at an event. The evidence confirms that they recently attended the North Shore Animal League America's 'Get Your Rescue On' Gala together, supporting the claim's accuracy. Additionally, the visual veracity check indicates that the image is not AI-generated, further reinforcing the credibility of the claim."
ds5714,Misinformation,0.9,False,True,"The image is confirmed to be AI-generated with a high confidence level (0.8). Regardless of the claim's relevance to Babur's contributions to education, the definitive rule states that if the image is AI-generated, it is classified as misinformation."
ds9888,Not Misinformation,0.9,False,True,"The image shows Jerzy Janowicz celebrating after winning a set, which aligns with the claim that he took the first set on a tiebreak. The scoreboard in the image supports this context. Additionally, the visual veracity check confirms that the image is not AI-generated, and the evidence retrieved supports the claim that Janowicz has won sets in tiebreak situations in the past."
7531,Not Misinformation,0.9,False,True,"The image depicts a protest scene that aligns with the claim about the Occupy protest at St Paul's Cathedral in London. The evidence confirms that Occupy protests did occur at this location, including significant events such as protesters chaining themselves to the pulpit. The visual veracity check indicates that the image is not AI-generated, further supporting the authenticity of the claim."
1795,Not Misinformation,0.9,False,True,"The claim that Justin Fashanu is described as intelligent, witty, honest, and articulate in Nick Baker's 'Forbidden Forward' is supported by the evidence. The book is noted for its detailed research and candid portrayal of Fashanu's life, which aligns with the positive descriptors mentioned. Additionally, the image is confirmed to be a genuine photograph, not AI-generated, further supporting the authenticity of the claim."
7759,Not Misinformation,0.6,False,True,"The image is confirmed to be a genuine photograph of a power plant, and the claim about Dong Energy's gas-fired power station in Newport aligns with the evidence regarding the government's stance on gas as a bridging technology. While the image does not specifically confirm the operational status of the Newport power station, it is relevant to the topic. The government's proposal regarding gas as a bridging technology is supported by evidence, indicating a partial alignment with the claim."
5697,Misinformation,0.9,False,True,"The image is confirmed to be AI-generated with a high confidence level (0.8). The claim about NASA revealing a second moon is misleading as it refers to a temporary mini-moon, not a permanent second moon, and the image does not accurately represent this context. Therefore, the combination of AI generation and misleading information leads to the classification of this pair as misinformation."
3769,Misinformation,0.9,False,True,"The image is confirmed to be AI-generated with a confidence of 0.8, which directly leads to the classification of the claim as misinformation. Despite the image depicting a shoelace, the claim that 'Tangled is a shoelace' is false, as 'Tangled' refers to a Disney animated film. The visual veracity signal overrides other signals in this case."
4905,Not Misinformation,0.9,False,True,"The image does not depict Lindsay Shookus or Ben Affleck, and the claim that Lindsay Shookus is not pregnant is supported by multiple sources indicating that there are no credible reports confirming her pregnancy. The visual veracity indicates that the image is not AI-generated, and the evidence suggests that the headline is accurate."
6026,Misinformation,0.9,False,True,"The image is confirmed to be AI-generated with a high confidence level (0.8), which directly leads to the classification of this content as misinformation. Additionally, the headline does not align with the context of the image, which depicts a talk show setting and does not relate to any claims of 'killing everybody.'"
5977,Not Misinformation,0.9,False,True,"The claim about Konidela Production Company emerging as a key player in the Chinese entertainment industry lacks supporting evidence. The retrieved evidence indicates that the company is primarily focused on Indian film production and does not have specific information regarding its expansion or involvement in the Chinese market. The image is confirmed to be real and not AI-generated, which further supports the validity of the claim being assessed."
104,Not Misinformation,0.9,False,True,"The claim that there are hundreds of commercial airlines globally, but not all have inflight connectivity or access to the internet, is supported by evidence indicating that there are over 5,000 airlines and that approximately 70% of airlines provide some form of inflight connectivity. The image of model airplanes is relevant to the topic of commercial airlines, even though it does not directly address inflight connectivity. The visual veracity assessment confirms that the image is not AI-generated, further supporting the authenticity of the claim."
ds9954,Misinformation,0.9,False,True,"The claim that Jinyun and Yahong are celebrating in Morecambe Bay is not supported by the evidence. The sources indicate that Jinyun and Yahong were involved in a tragic event where their husbands died while working as cocklepickers in Morecambe Bay, which highlights the dangers faced by migrant workers rather than a celebration. Additionally, the image does not provide clear evidence that it depicts Jinyun and Yahong or any celebration related to them."
ds9091,Not Misinformation,0.9,False,True,"The image does not depict a colorful umbrella in the center of a black and white picture of a busy city sidewalk, as the signals indicate that the image shows a busy city scene without any visible colorful umbrella. The visual veracity assessment confirms that the image is not AI-generated, and the evidence supports the existence of similar images in stock photo collections, but does not confirm the specific claim made."
ds1846,Not Misinformation,0.6,False,True,"The image shows a vehicle on fire, which aligns with the claim about a vehicle being set on fire during protests in Quito. However, the evidence indicates that it was protesters who set a police car on fire, not police rioters as implied in the claim. The visual veracity indicates that the image is not AI-generated, which supports its authenticity. Therefore, while the claim is partially true, it misrepresents the details of the incident."
ds2126,Not Misinformation,0.9,False,True,"The image is confirmed to be a genuine photograph of street signs, and the claim about identical street signs pointing in opposite directions is partially supported by the evidence. The retrieved evidence discusses a similar occurrence in Swansea, where two identical street signs were placed one behind the other, leading to confusion. However, the signs in the image do not clearly show opposite directions, which aligns with the partial relevancy signal."
ds8631,Misinformation,0.9,False,True,"The image is confirmed to be AI-generated with a high confidence level (0.8). Additionally, the content of the image does not align with the claim, as it features bananas instead of oranges and lacks the described tree with branches in front of potted plants. This further supports the classification of the claim as misinformation."
ds6054,Not Misinformation,0.9,False,True,"The claim that 'everyone knows dachshunds don't work over water' is supported by evidence indicating that dachshunds are generally not good swimmers due to their physical build. The image does not depict an AI-generated scenario, and while it shows a dachshund-like dog on water, it aligns with the fictional context rather than contradicting the claim. The evidence confirms that dachshunds are not typically suited for water activities, which supports the claim's validity."
595,Not Misinformation,0.9,False,True,"The image is confirmed to be a genuine photograph of the Cleveland skyline, taken from Edgewater Park, as supported by the high relevancy and visual veracity signals. The evidence indicates that Edgewater Park provides views of the Cleveland skyline, and while specific images from 2012 are not directly referenced, the context aligns well with the claim."
ds4857,Not Misinformation,0.9,False,True,"The image does not appear to be AI-generated, and the content of the headline aligns with the evidence regarding Kourtney Kardashian's pregnancy scare and her relationship dynamics with Scott Disick and Younes Bendjima. The image depicts a social gathering, which, while not directly related to the claim, does not contradict the information provided in the evidence. The signals indicate a low relevancy but high confidence in the veracity of the claim itself."
8858,Not Misinformation,0.6,False,True,"The image depicts a skier in a snowy environment, which does not match the claim of a man walking on his back in the snow. However, the visual veracity indicates that the image is not AI-generated, and the background of snow-covered trees aligns with the description. The discrepancy between the activity (skiing vs. walking) is significant, but it does not meet the threshold for misinformation since the image is not AI-generated."
ds4896,Not Misinformation,0.6,False,True,"The image is confirmed to be genuine and not AI-generated, which is a key factor in determining misinformation. While the claim about Nicole Richie pleading with Sofia to end her romance with Scott Disick is not directly supported by the evidence, there are indications that Nicole has advised Sofia in the past regarding her relationships. However, the specific event described in the claim lacks direct evidence."
8916,Not Misinformation,0.6,False,True,"The image shows a white toilet, which aligns with part of the claim. However, it does not depict a black mirror or a tiled floor as described in the headline. The background is primarily black tiles, but the absence of a mirror and the specific context makes the connection weak. The visual veracity indicates that the image is not AI-generated, which supports the conclusion that it is not misinformation."
ds562,Not Misinformation,0.9,False,True,"The claim that Hawaii hosts a SPAM festival with an attendance of around 30,000 people is supported by multiple sources confirming the existence and popularity of the Waikiki Spam Jam festival. The image aligns with the event's theme, showing a celebration related to SPAM. Additionally, the visual veracity check confirms that the image is not AI-generated, further supporting the authenticity of the claim."
ds5647,Not Misinformation,0.9,False,True,"The claim that the Pfizer CEO secretly admitted the COVID-19 vaccine causes permanent brain damage is not supported by credible evidence. Multiple sources confirm that the Pfizer CEO did not make such an admission, and claims of permanent brain damage from the vaccine lack scientific backing. The image does not appear to be AI-generated, and while it relates to the topic, it does not substantiate the specific claim made in the headline."
160,Misinformation,0.9,False,True,"The claim about Dorothy the cat being shot is not supported by the evidence. The sources retrieved do not mention any incident involving a cat named Dorothy being shot. Instead, they focus on unrelated topics, including the character Dorothy from 'The Wizard of Oz' and other incidents involving cats in Newport. The image of a cat wearing a cone does not provide specific confirmation of the claim, and the visual veracity indicates that the image is not AI-generated. However, the lack of evidence supporting the claim leads to the conclusion that it is misinformation."
ds7704,Not Misinformation,0.6,False,True,"The image does not depict the River Severn or Leighton in Shropshire, as it shows a golf course and surrounding landscape instead. However, the claim that the River Severn flows through Shropshire is accurate. The visual veracity indicates that the image is not AI-generated, which supports the conclusion that it is not misinformation, but the content does not align with the claim."
ds451,Misinformation,0.9,False,True,"The claim that Paul Wilson ran away from the scene after hitting Alwyn Pritchard is supported by multiple credible sources. The evidence confirms that Paul Wilson was involved in a hit-and-run incident where he struck Alwyn Pritchard, who was riding his motorbike, and subsequently fled the scene. The image does not provide any context or details related to the specific subjects or events mentioned in the headline, but the textual evidence strongly supports the claim."
ds4380,Misinformation,0.9,False,True,"The claim that Nancy Pelosi is resigning is false, as confirmed by multiple credible sources including PolitiFact, which specifically flagged the headline from NRTOnline as potentially fabricated. While Pelosi did resign from her leadership position, she has not resigned from Congress, which is a critical distinction. The image is not AI-generated, but the misinformation lies in the misleading headline regarding her resignation."
1204,Not Misinformation,0.9,False,True,"The image depicts a realistic scene involving police presence on a road, which aligns with the context of the claim regarding police deployment in Jalisco. The retrieved evidence confirms that an ambush occurred in Jalisco where 15 police officers were killed, corroborating the claim. There are no indications that the image is AI-generated, and the visual veracity assessment supports its authenticity."
ds5364,Not Misinformation,0.9,False,True,"The image is confirmed to be a genuine photograph of Don Lemon, and the claim regarding his controversial remarks and the resulting media backlash is supported by multiple credible sources. The relevancy of the image aligns with the claim, as it features the individual at the center of the controversy. The evidence retrieved corroborates the claims made in the headline, indicating that Don Lemon did make controversial remarks and faced backlash as a result."
ds8199,Not Misinformation,0.9,False,True,"The claim that the death of a former Putin aide at a DC hotel is ruled accidental is supported by multiple credible sources. The evidence confirms that Mikhail Lesin's death was ruled an accident due to blunt force trauma and alcohol intoxication. The image is not AI-generated, and the information aligns with the retrieved evidence."
ds9128,Misinformation,0.9,False,True,"The image is identified as AI-generated with a confidence of 0.8, which indicates that it does not represent a real cow next to a blue door but rather a manipulated or artificially created image. This directly leads to the conclusion that the claim is misinformation."
ds8717,Not Misinformation,0.9,False,True,"The image depicts a bed with a blanket and multiple pillows, which aligns perfectly with the claim. The visual veracity check confirms that the image is not AI-generated, and the relevancy score is high, indicating a strong match between the image and the claim."
ds1226,Not Misinformation,0.6,False,True,"The image shows a person carrying belongings out of a flooded area, which aligns with the context of the headline about flood damage in Hoboken. However, there is no definitive evidence confirming the identity of the person as Matt Hampton or that the specific location is his web design office. The visual veracity indicates that the image is not AI-generated, which supports the claim's authenticity. The retrieved evidence discusses flooding in Hoboken but does not provide specific details about Matt Hampton's office being affected."
ds4978,Not Misinformation,0.9,False,True,"The claim states that Nicole Kidman won an Emmy for Outstanding Lead Actress in a Limited Series or Movie at the 69th Emmy Awards. The evidence confirms that she did win this award at that event, and the image aligns with the context of an awards ceremony. Additionally, the visual veracity indicates that the image is not AI-generated, further supporting the authenticity of the claim."
6327,Misinformation,0.9,False,True,"The image is confirmed to be AI-generated with a high confidence level of 0.9. This definitive evidence of AI generation overrides any other signals, including the partial relevancy of the image to the claim about a fish market."
ds1360,Not Misinformation,0.6,False,True,"The image shows a bishop in traditional attire, which aligns with the subject of the headline. However, there is no definitive evidence confirming that this specific event occurred on August 30, 2013, as the bishop was suspended and did not officially leave the cathedral. The visual veracity indicates the image is genuine, and while the relevancy is partial, the lack of specific identifiers or context prevents full verification of the claim."
ds3180,Misinformation,0.9,False,True,"The claim that Watertown, Massachusetts is in Vermont is false. Watertown is located in Middlesex County, Massachusetts, and is part of Greater Boston. The evidence clearly states that Watertown is not in Vermont, confirming the misinformation in the claim. Additionally, the image does not appear to be AI-generated, but the claim itself is incorrect."
ds6722,Misinformation,0.9,False,True,"The image is identified as AI-generated with a confidence level of 0.8. This classification overrides the alignment of the image with the headline, as AI-generated images are considered misinformation regardless of other signals."
ds4618,Not Misinformation,0.9,False,True,"The claim that Justin Bieber accidentally hit a photographer with his pick-up truck after church service is supported by multiple credible sources. The incident occurred on July 27, 2017, and involved Bieber striking a photographer while leaving a church service in Beverly Hills. The image is confirmed to be genuine and not AI-generated, which further supports the authenticity of the claim."
ds2707,Not Misinformation,0.6,False,True,"The claim describes two palm trees in a way that anthropomorphizes them, suggesting they are 'stealing a private moment' and 'giggling.' While the image may evoke a sense of intimacy due to the trees' appearance, it does not provide evidence of actual behavior or emotions, as trees do not exhibit human-like behavior. The visual veracity indicates that the image is not AI-generated, which supports the conclusion that the claim is not outright misinformation, but rather a playful interpretation of the trees' appearance."
ds4910,Not Misinformation,0.9,False,True,"The image depicts a couple who appear to be Gwen Stefani and Blake Shelton in a cozy setting, which aligns with the headline about their relationship. The visual veracity indicates that the image is not AI-generated, and the evidence supports the claim that Gwen Stefani is still in love with Blake Shelton and has not tried to change him. Multiple sources confirm their strong relationship and affection for each other, despite some conflicting reports about challenges they may face."
ds1096,Not Misinformation,0.9,False,True,"The image depicts lab technicians in a laboratory setting, which is relevant to the claim about processing Zika tests. While the specific location and context of the CDC's dengue branch in San Juan is not confirmed, the evidence supports that Zika tests are processed in Puerto Rico and that lab technicians are involved in related activities. The visual veracity indicates the image is not AI-generated, further supporting its authenticity."
ds803,Not Misinformation,0.9,False,True,"The image is confirmed to be a standard mugshot and not AI-generated. The evidence indicates that Johnny Maurice Avery was indeed indicted for the murder of Mildred Martin, who was shot while sitting on her porch. The sources provide consistent information about the incident and the individuals involved, confirming the claim's accuracy."
9249,Misinformation,0.9,False,True,"The image is confirmed to be AI-generated with a high confidence level (0.9), which indicates that it does not represent a real mother elephant and her baby. Despite the claim mentioning a mother and baby elephant, the visual veracity indicates that the image is not authentic, thus rendering the claim as misinformation."
ds4946,Misinformation,0.9,False,True,"The claim about J.J. Watt, Tyler Perry, Jamie Foxx, and other celebrities donating to relief funds for the Texas floods lacks substantial evidence. The retrieved evidence indicates that many claims about celebrity donations have been debunked as false or exaggerated. Additionally, while the image is not AI-generated, the context of the claim is misleading as it does not provide verified information about the specific celebrities mentioned."
1436,Not Misinformation,0.9,False,True,"The claim that musician Buddy Guy arrived at the Kennedy Center Honors reception at the White House is supported by multiple pieces of evidence confirming his attendance at the event on December 2, 2012. The image is confirmed to be genuine and not AI-generated, further supporting the authenticity of the claim."
ds1062,Not Misinformation,0.9,False,True,"The image is confirmed to be genuine and not AI-generated. It aligns with the claim about riding the Yellow Line during SafeTrack's fourth surge, as it features relevant information and context. The evidence supports the details of SafeTrack's impact on the Yellow Line, confirming the relevance of the guide."
ds1686,Not Misinformation,0.9,False,True,"The claim about John McCririck's loyalty to Channel 4 Racing is supported by multiple sources confirming his long tenure and dedication to the broadcaster. The image is confirmed to be genuine and not AI-generated, further supporting the authenticity of the claim."
7439,Misinformation,0.9,False,True,"The claim states that President Obama held a campaign event in Roanoke earlier this month, but there is no record of such an event in October 2023. The evidence confirms that while Obama has spoken in Roanoke in the past, specifically in 2012, there are no recent campaign activities attributed to him in that location. Therefore, the claim is misleading."
8870,Not Misinformation,0.6,False,True,"The image does not depict a bath towel or towels hanging over it, which are the specific subjects mentioned in the headline. However, the visual veracity indicates that the image is not AI-generated, and the evidence supports the commonality and organization of towels in small bathrooms. Therefore, while the relevancy is low, it does not qualify as misinformation."
ds8989,Not Misinformation,0.9,False,True,"The image shows two women near a table with fruit, which aligns with the claim. Although the claim specifies they are sitting next to a window, the evidence suggests they are indeed by a window, as corroborated by multiple sources. The visual veracity indicates that the image is not AI-generated, further supporting the authenticity of the claim."
7101,Not Misinformation,0.9,False,True,"The image is confirmed to be a genuine photograph of a tennis player in action, specifically Rafael Nadal, and the claim about him playing against Facundo Bagnis during their second-round match at the 2016 French Open is supported by multiple reliable sources. The match details, including the date and outcome, are corroborated by the evidence retrieved."
ds7980,Misinformation,0.9,False,True,"The claim states that Japanese fans will have more reason to look forward to hosting the next World Cup in 2019, which is misleading. Japan did not host the FIFA World Cup in 2019; instead, they hosted the Rugby World Cup. The image does not provide any evidence that it is related to the FIFA World Cup or that it depicts Japanese fans. Therefore, the claim is false and misleading."
ds9213,Misinformation,0.9,False,True,"The image is confirmed to be AI-generated with a confidence level of 0.8. Regardless of the claim about a plane accelerating and leaving a tail, the definitive rule states that if the image is AI-generated, it is classified as misinformation."
ds8942,Not Misinformation,0.9,False,True,"The image depicts an old-fashioned kitchen setup that aligns well with the claim of being set up for guests. The visual veracity indicates that the image is not AI-generated, and the evidence supports the popularity and characteristics of old-fashioned kitchens, confirming their appeal for gatherings and events."
2649,Not Misinformation,0.9,False,True,"The image aligns well with the claim of trees growing through old farm equipment, supported by the surrounding environment that suggests a wooded area. The visual veracity indicates that the image is not AI-generated, and the context of nature reclaiming old machinery is well-documented. The evidence retrieved supports the phenomenon of nature reclaiming abandoned equipment, further validating the claim."
ds8677,Misinformation,0.9,False,True,"The image is confirmed to be AI-generated with a high confidence level of 0.8. Despite the claim mentioning an orange slice and various fruits, the visual veracity indicates that the image does not represent a real photograph but rather an AI creation, which directly leads to the classification of misinformation."
2915,Not Misinformation,0.9,False,True,"The image shows a restroom map that may be intended for navigation, but it is not definitively stated that it is specifically designed for the blind. The evidence indicates that while tactile maps for the blind are being developed, they are not common. The visual veracity check confirms that the image is not AI-generated, which supports the claim's authenticity."
4752,Misinformation,0.9,False,True,"The image is confirmed to be AI-generated with a high confidence level (0.8), which directly leads to the classification of the claim as misinformation. Additionally, the image does not depict Robert Pattinson or Kristen Stewart, nor does it relate to the claim about buzz cuts, further supporting the misinformation label."
ds8815,Misinformation,0.9,False,True,"The image is confirmed to be AI-generated with a high confidence level of 0.9. It depicts a bear's head under a blanket, which is an impossible scenario for a real-life context, thus making it misleading in relation to the claim about a baby blanket and comforter."
3855,Misinformation,0.9,False,True,"The claim that 'Maximum Overdrive' is only a 1980 romance film is false. 'Maximum Overdrive' is actually a 1986 science fiction action horror film directed by Stephen King. The image is confirmed to be AI-generated, which further supports the classification of the claim as misinformation."
2756,Misinformation,0.9,False,True,"The image is confirmed to be AI-generated with a high confidence level (0.9), which directly leads to the classification of the claim as misinformation. Despite the claim relating to the 'tree man' of Bangladesh and his treatment, the visual veracity indicates that the image does not represent a real person but rather an AI creation."
ds7291,Not Misinformation,0.9,False,True,"The image depicts a man with a horse, which aligns with the claim about Nicky Henderson and Sprinter Sacre. The evidence confirms that Nicky Henderson hosted an open day and that Sprinter Sacre was present at Seven Barrows in February 2013. The visual veracity indicates that the image is not AI-generated, further supporting the authenticity of the claim."
ds7399,Misinformation,0.9,False,True,"The image does not depict Julia Stiles, Paul Greengrass, or Matt Damon, nor does it show the premiere of The Bourne Ultimatum. The claim is therefore misleading as it misrepresents the individuals and event associated with the film's premiere."
9058,Misinformation,0.9,False,True,"The image is identified as AI-generated with a confidence of 0.8, which meets the definitive rule for labeling it as misinformation. Additionally, the image does not depict broccoli, which further supports the claim's inaccuracy."
ds2311,Not Misinformation,0.9,False,True,"The image depicts a cat sitting in a bowl, which aligns with the claim. The visual veracity indicates that the image is not AI-generated, and the context of the claim is supported by the behavior of cats, which often enjoy sitting in small spaces. The evidence retrieved does not contradict the claim and supports the idea that cats can fit in bowls."
ds3931,Misinformation,0.9,False,True,"The claim that Toy Story 2 was produced by DreamWorks is false. Toy Story 2 was produced by Pixar Animation Studios, as confirmed by multiple reliable sources. The image does not appear to be AI-generated, but the headline is definitively incorrect."
ds2471,Not Misinformation,0.9,False,True,"The image aligns well with the claim, depicting a woman sitting on a chair with an umbrella. The visual veracity indicates that the image is not AI-generated, and the confidence in the relevancy is high. The evidence supports the existence of similar images, confirming the authenticity of the claim."
9577,Not Misinformation,0.9,False,True,"The claim that Brian and Eileen Maguire said it was an excellent waiting to happen is supported by evidence from multiple sources. Specifically, the retrieved evidence confirms that Brian and Eileen Maguire stated their son's death was 'an accident waiting to happen' due to inadequate safety measures. The image is not AI-generated, and the emotional context aligns with the claim. Therefore, the claim is accurate and not misinformation."
ds7360,Not Misinformation,0.9,False,True,"The image shows Bernie Sanders speaking, which aligns with the claim that he appeals to students on big issues at George Mason University. The evidence confirms that he did indeed speak at George Mason University on October 28, 2015, addressing various political issues relevant to students. The visual veracity indicates that the image is not AI-generated, further supporting the authenticity of the claim."
ds8806,Misinformation,0.9,False,True,"The image is confirmed to be AI-generated with a high confidence level (0.9), which indicates manipulation rather than a genuine photograph. Additionally, the claim about elephants standing on a balcony is not supported by evidence, as elephants do not typically stand on balconies. The visual veracity signal takes precedence, leading to the conclusion of misinformation."
ds9145,Misinformation,0.9,False,True,"The image is confirmed to be AI-generated with a confidence level of 0.8, which directly leads to the classification of the claim as misinformation, regardless of the relevancy of the content."
ds137,Not Misinformation,0.9,False,True,"The image depicts a real-life scene involving police activity, which aligns with the claim about an arrest related to a building society raid. The evidence retrieved confirms that there were arrests made in connection with a building society raid, specifically mentioning the Nationwide Building Society in Wallsend. The visual veracity indicates that the image is not AI-generated, further supporting the authenticity of the claim."
ds5761,Misinformation,0.9,False,True,"The image is confirmed to be AI-generated with a confidence level of 0.8. Despite the claim about the Burj Khalifa being accurate, the definitive rule states that if the image is AI-generated, it is classified as misinformation regardless of other signals."
ds2309,Not Misinformation,0.9,False,True,"The image depicts a pizza pie being enjoyed in a cafe-like setting, which aligns with the claim. The visual veracity indicates that the image is not AI-generated, and the evidence supports the popularity of pizza in cafes and various dining establishments."
7826,Not Misinformation,0.9,False,True,"The image does not depict a woman, a green flag, or a towel, and there is no evidence supporting the claim that a woman returned from Mecca in Novosasitli. The visual veracity indicates that the image is not AI-generated, and the evidence does not align with the claim made in the headline."
ds8646,Misinformation,0.9,False,True,"The image is identified as AI-generated with a confidence of 0.8, which meets the definitive rule for labeling as misinformation regardless of the relevancy of the claim."
ds5661,Misinformation,0.9,False,True,"The image is confirmed to be AI-generated with a high confidence level (0.8), which directly leads to the classification of the claim as misinformation. Additionally, while the claim about dogs being able to communicate is partially aligned with the evidence, it is misleading as dogs cannot speak human words in the way the headline suggests."
ds2066,Not Misinformation,0.9,False,True,"The image depicts a giraffe in a zoo exhibit, which aligns with the claim. The visual veracity indicates that the image is not AI-generated, and the evidence supports the presence of giraffes in zoo exhibits."
1750,Not Misinformation,0.6,False,True,"The image does not appear to be AI-generated, and while the headline suggests a scenario involving Scarlett Johansson and a band called the Singles, the evidence does not confirm this specific event or context. The image does not depict a poster or any related advertisement, and the retrieved evidence does not support the claim about Johansson's reaction to such a poster. Therefore, while the claim lacks strong support, it is not definitively misinformation."
ds5872,Misinformation,0.9,False,True,"The image is confirmed to be AI-generated with a high confidence level (0.8), which directly leads to the classification of the content as misinformation. Despite the headline discussing performances and audience reactions, the visual veracity indicates that the image does not represent real content."
8442,Not Misinformation,0.9,False,True,"The image does not depict Ben Stokes or the specific event described in the headline, which weakens the connection. However, the evidence confirms that Ben Stokes was indeed out to Peter Siddle after misjudging a delivery during the Fifth Test at the Sydney Cricket Ground, where he scored 47 runs. The visual veracity indicates that the image is not AI-generated, and the relevant evidence supports the claim about Stokes' dismissal."
ds7662,Not Misinformation,0.9,False,True,"The claim about the receding water line of Lake Hodges is supported by multiple pieces of evidence indicating that the water level is indeed receding due to drought conditions and safety regulations. The image, while not directly related to Lake Hodges, does not contain any AI-generated elements and appears genuine. Therefore, the claim is accurate based on the evidence provided."
ds6690,Misinformation,0.9,False,True,"The image is confirmed to be AI-generated with a high confidence level of 0.9. Despite the claim describing a red stop sign with green street signs, the presence of a fictional character (Spider-Man) and the manipulation of the signs indicate that the image does not represent a real-world scenario. Therefore, it is classified as misinformation."
8225,Misinformation,0.9,False,True,"The image does not depict Charles Kennedy or any relevant subject related to the campaign trail in 2005. It shows a different individual, likely a public figure, but not connected to the headline. Although the visual veracity indicates that the image is not AI-generated, the lack of alignment with the claim regarding Charles Kennedy's campaign trail in 2005 leads to the conclusion that the claim is misleading."
ds9362,Not Misinformation,0.6,False,True,"The image depicts a surfer riding a surfboard, which aligns with the claim. However, the specific detail about the shorts being red and black is not fully accurate, as the shorts are described as black and red. The visual veracity indicates that the image is not AI-generated, which supports the authenticity of the claim. Therefore, while there is a partial misalignment in the description of the shorts, the overall context of the claim is still valid."
ds9100,Misinformation,0.9,False,True,"The image is confirmed to be AI-generated with a high confidence level of 0.8. Despite the claim mentioning a kitchen table and chairs with greenery and tulips, the image depicts an outdoor picnic table, which does not align with the claim of a kitchen setting. The visual veracity indicates that the image is not authentic, leading to the conclusion that it is misinformation."
2273,Not Misinformation,0.9,False,True,"The image depicts a modern bathroom with a white toilet, which aligns with the claim. The relevancy score is high, indicating that the image is partially aligned with the claim. The visual veracity indicates that the image is not AI-generated, further supporting the authenticity of the claim."
ds7198,Not Misinformation,0.9,False,True,"The image shows a golfer holding a trophy, which aligns with the claim that Rory McIlroy celebrates with the FedEx Cup trophy and the Tour Championship trophy. The evidence confirms that Rory McIlroy has indeed won both trophies multiple times, including his recent win in 2022. The visual veracity indicates that the image is not AI-generated, further supporting the authenticity of the claim."
ds1099,Not Misinformation,0.9,False,True,"The image shows rescue workers removing a body, which is consistent with the claim about a bombing in Lahore. The visual veracity assessment confirms that the image is not AI-generated, and the context aligns with the historical events of bombings in Lahore, particularly the significant incidents that have occurred in the past. The evidence retrieved supports the claim about the bombing and the involvement of rescue workers in such tragic events."
540,Misinformation,0.9,False,True,"The claim states that Serena Williams questioned a call during a match, but the evidence does not support this. Instead, it confirms that she advanced to the U.S. Open final after defeating Elina Svitolina. The image is not AI-generated, but the claim about questioning a call is not substantiated by the evidence."
3405,Misinformation,0.9,False,True,"The image is confirmed to be AI-generated with a high confidence level (0.8). Regardless of the claim about David Lloyd George being voted the second greatest British prime minister, the definitive rule states that if the image is AI-generated, it is classified as misinformation."
6581,Misinformation,0.9,False,True,"The image is confirmed to be AI-generated with a high confidence level (0.8). Despite the image depicting a yellow fluffy cat sitting by a window, the presence of unusual elements like glasses and a jacket suggests manipulation, which aligns with the AI-generated classification. Therefore, the claim is deemed misinformation."
4642,Not Misinformation,0.9,False,True,"The image is confirmed to be genuine and not AI-generated, and while it does not depict Cindy Crawford or Kaia Gerber, the headline discusses their relationship and Kaia's modeling future, which is supported by the evidence. The signals indicate a low relevancy but high confidence in the authenticity of the image."
ds3953,Misinformation,0.9,False,True,"The image is identified as AI-generated with a confidence of 0.8, which indicates that it does not represent a real event or assembly accurately. Despite the claim about the Ukrainian Soviet Socialist Republic's self-representation being historically valid, the AI-generated nature of the image overrides this, leading to a classification of misinformation."
4893,Not Misinformation,0.9,False,True,"The claim that Mark Wahlberg teased Mel Gibson about his weight and offered to become his personal trainer is supported by evidence from various sources. While Gossip Cop suggests that the claim may not be entirely accurate, it does indicate that there was some teasing involved during the filming of 'Daddy’s Home 2'. The image does not depict either actor, but the context of the claim is corroborated by the retrieved evidence. Additionally, the visual veracity indicates that the image is not AI-generated, which further supports the classification."
ds8357,Not Misinformation,0.9,False,True,"The image does not depict Christian Grey or Anastasia Steele, nor does it relate to the themes of their relationship. The visual veracity indicates that the image is not AI-generated, and the evidence supports that Christian Grey is characterized by non-vanilla tastes due to his BDSM preferences. The headline's claim aligns with the established character traits of Christian Grey, confirming that he does not have vanilla tastes. Therefore, the claim is accurate in the context of the character's established narrative."
ds9069,Not Misinformation,0.9,False,True,"The image depicts a box of doughnuts, which is related to the claim about doughnuts. Although the specifics of the claim mention a rack with doughnuts in a glass case, the image does not contradict the general idea of doughnuts being displayed. The visual veracity indicates that the image is not AI-generated, and the relevancy score supports the connection to the subject matter."
4230,Not Misinformation,0.9,False,True,"The image is confirmed to be genuine and not AI-generated. The headline about Amber Heard discussing her marriage to Johnny Depp aligns with the evidence that she has made comments reflecting on their tumultuous relationship, particularly in the context of the trial. Although the image does not provide specific context about her discussing the marriage, the overall signals and evidence support the claim."
ds7600,Not Misinformation,0.6,False,True,"The image is not AI-generated and depicts a financial context, which aligns with the claim about Shanghai shares. The evidence indicates that Shanghai shares have indeed seen increases recently, supported by positive earnings reports and share repurchase plans. However, the connection to the specific claim about Shanghai shares leading gains in Asia is not strongly established, leading to a medium confidence level."
6611,Misinformation,0.9,False,True,"The image is confirmed to be AI-generated with a high confidence level (0.9). The surreal depiction of figures with shark-like heads is not a realistic scenario, which further supports the conclusion that the image does not represent real individuals wearing umbrella hats next to the ocean."
ds7016,Not Misinformation,0.9,False,True,"The image is confirmed to be a genuine photograph, and the claim about Oscar Pistorius awaiting trial for premeditated murder after shooting Reeva Steenkamp aligns with historical facts. Pistorius did shoot Steenkamp on February 14, 2013, and his trial began on March 3, 2014. The evidence supports the claim, and there are no indications of misinformation."
ds5610,Misinformation,0.9,False,True,"The image is confirmed to be AI-generated with a high confidence level of 0.8, which directly leads to the classification of the claim as misinformation. Additionally, the claim about plants communicating telepathically is not scientifically supported, as current research indicates that while plants can communicate through chemical signals, this does not equate to telepathy. The evidence retrieved further supports that the concept of telepathic communication among plants is a misinterpretation of their actual communication methods."
5834,Misinformation,0.9,False,True,"The image is confirmed to be AI-generated with a high confidence level (0.8). The claim that cats were involved in the design of the iPhone 4 is false, as it was designed by a team at Apple, not by cats. Therefore, the combination of an AI-generated image and a false claim leads to the conclusion of misinformation."
8196,Not Misinformation,0.9,False,True,"The claim that Guy Scott of Scottish descent became interim president after the incumbent's death is accurate. The evidence confirms that Guy Scott assumed the role of interim president of Zambia following the death of Michael Sata in October 2014, and he is indeed of Scottish descent. The image is verified as a genuine photograph, not AI-generated."
ds9433,Not Misinformation,0.6,False,True,"The image does not depict a big long train with storage containers as described in the headline. Instead, it appears to show a passenger train, which does not align with the claim. However, the image is confirmed to be genuine and not AI-generated. The evidence supports the existence of trains that carry storage containers, but the specific image does not match the claim."
ds6106,Misinformation,0.9,False,True,"The image is confirmed to be AI-generated with a high confidence level (0.8). The surreal nature of a child holding a grenade in a helmet suggests manipulation, which aligns with the definitive rule that any AI-generated content is classified as misinformation regardless of other signals."
1901,Not Misinformation,0.9,False,True,"The claim about Venice's San Michele island cemetery gaining a pontoon for scattering ashes is supported by evidence indicating that a temporary floating bridge was revived for All Souls' Day, facilitating access to the cemetery. The image is confirmed to be genuine and not AI-generated, aligning with the subject matter of the claim. While the specific details about scattering ashes are not explicitly confirmed in the retrieved evidence, the context supports the claim's relevance."
ds1009,Not Misinformation,0.9,False,True,"The image depicts two individuals in a court setting, which aligns with the context of the claim regarding Capt Yevgeny Yerofeyev and Sgt Alexander Alexandrov appearing in a Ukrainian court. The evidence confirms that both individuals were indeed tried in Ukraine for their involvement in the conflict, and the image is not AI-generated. Therefore, the claim is substantiated by the evidence."
978,Not Misinformation,0.9,False,True,"The claim that Frank Gehry designed Power Play chairs is supported by multiple sources confirming his authorship of the design. The image does not appear to be AI-generated, and the visual elements align with the known characteristics of Gehry's work. The location of the Winter Garden is also confirmed, although the specific connection to the chairs is not fully established. Overall, the evidence supports the claim."
9323,Not Misinformation,0.6,False,True,"The image does not depict a sink with a cabinet on legs, as the description indicates it features a toilet and a storage unit instead. However, the image is confirmed to be a genuine photograph and not AI-generated. The relevancy score is low, but the visual veracity is confirmed as not AI-generated."
4284,Not Misinformation,0.9,False,True,"The image is confirmed to be a genuine photograph, and there is strong evidence that Caitlyn Jenner was indeed seen at Nobu Malibu with Sophia Hutchins. The details about their relationship and the car Caitlyn drives align with the claims made in the headline. Although the image does not definitively confirm the specific event of escorting Sophia Hutchins, the overall context is supported by the evidence."
1972,Not Misinformation,0.6,False,True,"The image is confirmed to be a genuine photograph of a Chrysler 300C, not AI-generated. However, the claim that the new Chrysler 300C is 'softer looking' than the outgoing model is contradicted by evidence indicating that the 300C is generally described as having bold styling and a muscular presence. Therefore, while the image is authentic, the claim about the design being softer is misleading."
ds3859,Misinformation,0.9,False,True,"The claim states that Korn released 'See You on the Other Side' in 2002, which is incorrect. The album was actually released on December 6, 2005. The evidence confirms this release date, making the claim false."
8063,Not Misinformation,0.6,False,True,"The image shows Taiko drummers, which aligns with the claim about their performance at a festival. However, there is no definitive evidence confirming that this specific performance took place at the Deep River festival in Ontario, Canada. The visual veracity indicates that the image is not AI-generated, which supports the authenticity of the drummers depicted. The relevancy score suggests partial alignment, indicating that while the image relates to the claim, the specific event details remain unverified."
9677,Not Misinformation,0.9,False,True,"The image depicts two cricketers celebrating, which aligns with the context of the headline about Dilshan and Sangakkara. The visual veracity check confirms that the image is not AI-generated, and the evidence supports the claim that Dilshan and Sangakkara played together and celebrated significant achievements in cricket. The details about their performances and the match context further corroborate the claim."
7259,Not Misinformation,0.9,False,True,"The image depicts Bernie Sanders speaking, which aligns with the claim that he spoke in Des Moines, Iowa. The visual veracity check confirms that the image is not AI-generated, and the evidence retrieved supports the claim that Bernie Sanders has spoken in Des Moines, Iowa, on various occasions. The relevancy and confidence levels are high, indicating a strong alignment between the image, headline, and supporting evidence."
ds100,Not Misinformation,0.9,False,True,"The image shows individuals in ice baths, which is relevant to the claim about soothing sore muscles after a challenge. The visual veracity indicates that the image is not AI-generated, and the evidence supports the occurrence of the Wembley challenge. Therefore, the claim aligns with the image and is credible."
ds3706,Not Misinformation,0.9,False,True,"The claim that Robert Singer is incapable of writing is contradicted by multiple sources confirming that he is an accomplished writer, producer, and director. The image does not provide evidence against his writing capabilities, and the visual veracity indicates that the image is not AI-generated. Therefore, the claim lacks support and is deemed not misinformation."
1782,Misinformation,0.9,False,True,"The claim states that North Korean workers are currently employed at the South-owned Shinwon clothes company in the Kaesong industrial park. However, the evidence indicates that the Kaesong Industrial Complex has been closed since 2016 due to political tensions, and North Korean workers are not actively employed there. Therefore, the claim is misleading."
4300,Not Misinformation,0.9,False,True,"The image is confirmed to be a genuine photograph of Robert Pattinson and Kristen Stewart, aligning with the headline discussing their careers and public perception. There are no indications of AI generation, and the evidence supports the claim that both actors are taken seriously in their careers despite their past association with 'Twilight'."
ds9598,Not Misinformation,0.6,False,True,"The image is not AI-generated and depicts a performance that could be related to a Congress event. However, the connection to the specific claim about critics saying the annual Congress is a blessing is not directly supported by the evidence. Critics have expressed negative opinions about Congress in 2023, indicating a lack of support for the claim. Therefore, while the image is relevant, the claim itself is not substantiated by the evidence."
2237,Not Misinformation,0.9,False,True,"The image depicts a large bird flying over a heavily forested area, which aligns with the claim. The visual veracity assessment confirms that the image is not AI-generated, and the evidence supports the presence of large birds in forested regions, such as the Harpy eagle. The signals indicate a high confidence in the alignment of the image with the claim."
8411,Not Misinformation,0.6,False,True,"The image depicts a hockey game involving the New York Rangers, which aligns with the claim about Mats Zuccarello scoring. However, while the image is relevant, it does not provide direct evidence of the specific event mentioned in the claim. The retrieved evidence confirms that Mats Zuccarello has scored for the Rangers in various games, but does not specifically verify the timing or context of the goal mentioned in the claim. Therefore, while the claim is plausible, it cannot be definitively confirmed based on the available evidence."
ds9228,Not Misinformation,0.9,False,True,"The image depicts a boat on a canal, which aligns with the claim of a large passenger boat floating down a canal. Although the specific size and capacity of the boat are not fully visible, the evidence supports the existence of large passenger boats operating on canals. Additionally, the image is confirmed to be not AI-generated, further supporting its authenticity."
ds461,Not Misinformation,0.9,False,True,"The claim that Bill Cosby's lawyers are attempting to get the case thrown out is supported by multiple pieces of evidence, including a news article that explicitly states Cosby's lawyers are pushing to have the sexual assault charges dismissed based on a previous commitment by a district attorney. The image of Bill Cosby aligns with the claim, as it depicts him in a relevant context. Additionally, the visual veracity indicates that the image is not AI-generated, further supporting the authenticity of the claim."
4368,Not Misinformation,0.9,False,True,"The image is a genuine photograph of Ben Affleck and Jennifer Garner, which does not directly depict the subjects of the headline (Jennifer Garner and Josh Duhamel). However, the evidence supports the claim that Jennifer Garner and Josh Duhamel are rumored to be dating, and it is also reported that Ben Affleck feels threatened by these rumors. The visual veracity indicates that the image is not AI-generated, and the information retrieved corroborates the dating rumors and Affleck's feelings about them."
6660,Misinformation,0.9,False,True,"The image is confirmed to be AI-generated with a high confidence level of 0.8. The claim about a man holding a ping pong paddle under a shelf is not supported by the visual evidence, which depicts a surreal scenario that defies physical laws. Therefore, the claim is deemed misinformation."
ds831,Not Misinformation,0.9,False,True,"The claim that Scott Baio spoke at the Republican National Convention is supported by multiple pieces of evidence confirming his participation in the 2016 RNC. The image shows a man speaking at a podium, which aligns with the context of a political convention. Additionally, the visual veracity check confirms that the image is not AI-generated, further supporting the authenticity of the claim."
723,Not Misinformation,0.6,False,True,"The image shows a football player celebrating, which aligns with the context of a touchdown. However, it does not confirm that the player is Reggie Bush or that the event is specifically against the Bills. The visual veracity indicates that the image is not AI-generated, and the retrieved evidence supports that Reggie Bush did score touchdowns, but not specifically against the Bills in the context provided. Therefore, while the claim has some truth, it lacks full verification."
ds4173,Not Misinformation,0.9,False,True,"The image is confirmed to be a genuine photograph, not AI-generated. The headline about a federal judge granting permission to subpoena Trump is partially aligned with the image, as it relates to Trump and legal proceedings. The evidence indicates that while there have been subpoenas related to Trump, the specific claim in the headline is not entirely accurate as it does not refer to a direct subpoena of Trump himself. However, the overall context is relevant and factual."
ds9215,Misinformation,0.9,False,True,"The image is confirmed to be AI-generated with a confidence level of 0.8, which indicates that it does not represent a real cow in front of a woodpile. Despite the partial alignment of the image with the claim, the definitive rule states that AI-generated images are classified as misinformation regardless of other signals."
ds6725,Misinformation,0.9,False,True,"The image is identified as AI-generated with a confidence of 0.8, which meets the definitive rule for labeling it as misinformation. Despite the claim about the fire hydrant being painted in patriotic colors being true, the visual veracity indicates that the image does not represent a real object."
1792,Not Misinformation,0.9,False,True,"The claim discusses Ricky Muir's election to the Senate and his low first preference vote, which is accurate based on historical data. Muir was indeed elected with a very low primary vote of 0.51% in 2013, and the image does not appear to be AI-generated. The evidence supports the claim that he was elected despite receiving a small number of first preference votes."
2826,Not Misinformation,0.9,False,True,"The claim about the mug changing color depending on the amount of coffee aligns with the existence of color-changing mugs that react to temperature. The image is confirmed to be genuine and not AI-generated. The evidence supports the functionality of color-changing mugs, which change color when filled with hot liquids, thus validating the claim."
ds709,Not Misinformation,0.6,False,True,"The image shows a Bombardier CRJ700 landing, which aligns with the claim about a Delta Connection CRJ700. However, while the image is not AI-generated and depicts a realistic scene, the specific details about the location (Seattle-Tacoma International Airport) and the time (dusk in September 2015) cannot be confirmed from the image alone. The evidence indicates that Delta Connection did plan to operate CRJ700 flights to Seattle in 2015, but it does not confirm a specific landing incident during that time."
ds3448,Misinformation,0.9,False,True,"The image is confirmed to be AI-generated with a confidence of 0.8, which categorically classifies it as misinformation regardless of the claim about Younger being a town. The visual veracity signal indicates that the image does not represent a real scene, undermining the claim's validity."
ds2474,Not Misinformation,0.9,False,True,"The image accurately depicts boats by a dock in a body of water, which aligns perfectly with the claim. The visual veracity assessment confirms that the image is not AI-generated, and the evidence supports the presence of boats at docks in various contexts."
ds2010,Not Misinformation,0.9,False,True,"The image clearly depicts a tennis player serving the ball, which aligns perfectly with the claim. The visual veracity assessment confirms that the image is not AI-generated and appears genuine. The high relevancy confidence further supports that the image and headline are consistent with each other."
ds1564,Misinformation,0.9,False,True,"The claim that Woody Allen received the Cecil B. DeMille Lifetime Achievement Award in 2023 is false. The evidence indicates that Eddie Murphy received this award at the Golden Globes in January 2023, not Woody Allen. Additionally, the image is confirmed to be genuine and not AI-generated, but the misinformation lies in the claim itself."
ds2594,Misinformation,0.9,False,True,"The image is confirmed to be AI-generated with a high confidence level (0.8). Despite the claim about nail polish changing appearance based on lighting being true, the definitive rule states that if the image is AI-generated, it is classified as misinformation regardless of the claim's validity."
2501,Not Misinformation,0.9,False,True,"The image shows a girl who appears happy while holding a bullfrog, which aligns with the claim. The visual veracity indicates that the image is not AI-generated, and the context of the claim is plausible. Although the retrieved evidence does not confirm a specific instance of a girl catching a bullfrog, it does provide information on the possibility of catching bullfrogs, which supports the claim's general validity."
7697,Not Misinformation,0.9,False,True,"The claim about a draft proposal suggesting two garden cities at Yalding in Kent and Gerrards Cross in Buckinghamshire is supported by evidence from a credible source. The retrieved evidence confirms that there was indeed a proposal for new settlements in these locations. Additionally, the image is not AI-generated, which further supports the validity of the claim."
ds2926,Misinformation,0.9,False,True,"The claim that the icon for debugging tools on the touch bar is a can of bug spray is incorrect. The debugging tool icon typically represents a tool used for identifying and fixing software bugs, and it is often depicted as a lightning bolt symbol, not a can of bug spray. The evidence confirms that the term 'bug' in this context refers to errors in code, not insects. Therefore, the claim is misleading."
ds1829,Not Misinformation,0.9,False,True,"The image depicts an MRAP vehicle, which is consistent with the claim that US school districts have acquired such vehicles under a Pentagon program. The evidence supports that schools have indeed received MRAPs through military surplus programs, confirming the claim's accuracy. Additionally, the visual veracity check indicates that the image is not AI-generated, further supporting the authenticity of the claim."
ds4158,Misinformation,0.9,False,True,"The claim that Hillary Clinton filed for divorce is false. Multiple credible sources confirm that there are no legal filings for divorce by Hillary Clinton in any court, including New York. The rumors surrounding her divorce are largely considered unfounded and have been debunked. The image, while appearing genuine, does not provide any evidence to support the claim, and the overall context indicates that the headline is misleading."
ds9891,Not Misinformation,0.9,False,True,"The image is not AI-generated and depicts a historical gathering that aligns with the theme of 'Pride and Prejudice.' The evidence confirms that the BBC's adaptation refers to the well-known 1995 television drama, which is celebrated for its portrayal of Jane Austen's novel. The signals indicate a strong relevance to the claim, and the visual veracity is confirmed as authentic."
3477,Misinformation,0.9,False,True,"The image is confirmed to be AI-generated with a high confidence level (0.9). Additionally, the claim that 'Trouble with the Curve' stars a squid is false, as the film does not feature any squid or octopus. The image does not align with the movie's content and presents a surreal scenario that is not representative of the film."
3415,Misinformation,0.9,False,True,"The claim that Hezbollah received zero support from Iran is directly contradicted by multiple sources indicating that Iran provides significant military, financial, and organizational support to Hezbollah. The evidence clearly shows that Iran has been a key patron of Hezbollah, providing funding, training, and weapons, which is well-documented in the retrieved evidence. Therefore, the claim is false."
ds4821,Not Misinformation,0.6,False,True,"The image is confirmed to be genuine and not AI-generated. While the claim about Meghan Markle keeping her romance with Prince Harry secret from her Suits castmates is not definitively supported by evidence, there are indications that her relationship was kept private during her time on the show. However, her castmates have expressed support for her relationship, suggesting that any secrecy may not have been as significant as implied. Therefore, the claim lacks strong evidence but is not outright false."
ds471,Not Misinformation,0.9,False,True,"The claim about Roboroach controlling cockroach movements through electrodes connected to a smartphone via Bluetooth is accurate. The image supports this claim by showing a smartphone with the Roboroach app alongside a cockroach, indicating the technology's functionality. Additionally, the evidence confirms that Roboroach is a real product that operates as described, with no indication of AI generation in the image."
ds4939,Not Misinformation,0.6,False,True,"The image shows a woman walking in high heels, which is relevant to the claim about stilettos. However, there is no direct evidence linking the individual in the image to knee surgery or confirming the context of 'crippling' or 'Cait'. The visual veracity indicates that the image is not AI-generated, which supports the claim's authenticity. While the headline suggests a specific individual and situation, the evidence does not confirm these details, leading to a medium confidence in the overall claim's validity."
1818,Misinformation,0.9,False,True,"The claim that the Opinion Debate section has moved to the Viewspaper is false. Evidence indicates that the Washington Post's opinion section is undergoing an overhaul, but there is no confirmation of it moving to a platform called Viewspaper. Additionally, the image is confirmed to be genuine and not AI-generated, but the claim itself is misleading based on the evidence."
ds4587,Not Misinformation,0.9,False,True,"The claim that Jennifer Aniston didn't spend $100K on a makeover is supported by evidence indicating that while she may have incurred significant expenses during a hotel stay, there is no direct evidence linking her to spending that amount specifically on a makeover. The image does not appear to be AI-generated and shows two individuals, which does not contradict the claim. Additionally, recent reports about Aniston's beauty choices suggest a shift towards a more natural look rather than a costly makeover."
ds9253,Not Misinformation,0.9,False,True,"The image accurately depicts a coffee beverage and a cake, which aligns with the claim. Although there is a banana present that is not mentioned in the headline, the main subjects of coffee and cake are clearly visible. Additionally, the visual veracity indicates that the image is not AI-generated, further supporting the authenticity of the claim."
ds8003,Misinformation,0.9,False,True,"The claim that a fireworks display in Weymouth marked the opening of the London 2012 Olympics is misleading. Evidence indicates that Weymouth did not have a fireworks display specifically for the London 2012 Olympics. The fireworks displays in Weymouth are part of a tradition during summer holidays and on November 5th, not tied to the Olympic opening. Therefore, the image and headline do not accurately represent the event described."
4557,Not Misinformation,0.9,False,True,"The image is confirmed to be genuine and not AI-generated, and the evidence supports the claim that Ruth Negga is gaining recognition and popularity in Hollywood. The retrieved evidence indicates her recent projects and her rising star status, aligning with the headline about her Hollywood star status soaring."
ds8684,Misinformation,0.9,False,True,"The image is confirmed to be AI-generated with a confidence level of 0.8, which indicates that it does not represent real animals or a real scene. Therefore, regardless of the alignment of the image with the claim, the definitive rule states that if the image is AI-generated, it is classified as misinformation."
