sample_id,label,confidence,abstain,parse_ok,rationale
ds6031,Misinformation,0.9,False,True,"The image is confirmed to be AI-generated with a high confidence level (0.9), which directly leads to the classification of the claim as misinformation. Additionally, the claim about 'Project Ribbit Thunder' does not align with the content of the image, which features a surreal combination of a tank and a floating frog, lacking any credible connection to military projects or declassified images. The evidence indicates that 'Project Ribbit Thunder' is related to a fictional character from 'The Amazing Digital Circus' and not a military project. Therefore, the combination of AI generation and the lack of relevance to the claim supports the misinformation label."
3397,Misinformation,0.9,False,True,"The image is identified as AI-generated with a confidence of 0.8, which meets the definitive rule for labeling as misinformation. Additionally, the claim that Planet Hollywood Las Vegas is owned by a corporation based in Paris, Texas, is false; it is owned and operated by Caesars Entertainment, as confirmed by multiple sources. Therefore, the combination of AI generation and the false claim leads to a high confidence in labeling this as misinformation."
ds2700,Not Misinformation,0.9,False,True,"The image depicts a scaled quail standing on one leg, which is consistent with the behavior of these birds as confirmed by multiple sources. The evidence supports that scaled quails can indeed stand on one leg, and the image aligns with this behavior. Additionally, the visual veracity indicates that the image is not AI-generated, further supporting its authenticity. The claim about the scaled quail is therefore accurate based on the evidence provided."
ds4880,Not Misinformation,0.9,False,True,"The image depicts a woman wearing a hijab, which aligns with the claim that Lindsay Lohan wore a hijab at a modest fashion event. The evidence confirms that Lindsay Lohan was indeed spotted wearing a hijab at the London Modest Fashion Week, and there are mixed reactions on social media regarding her appearance. The visual veracity indicates that the image is not AI-generated, further supporting the authenticity of the claim. The sources provide strong confirmation of both the event and the social media reactions."
ds8852,Not Misinformation,0.6,False,True,"The image shows three teddy bears, which aligns with part of the claim. However, there is no evidence confirming the presence of a stuffed cat or that the setting is a bedroom wall. The visual veracity indicates that the image is not AI-generated, which supports the claim's authenticity. The relevancy score is partial, indicating some alignment but not complete confirmation. Therefore, while the claim is not entirely accurate, it is not outright misinformation either."
7551,Not Misinformation,0.9,False,True,"The claim about snow falling in Kielder Water, Northumberland, is supported by evidence indicating that snow has indeed fallen across parts of northern England, including Kielder Water. The image aligns with the claim as it depicts a snowy landscape, and there are reliable sources confirming snowfall in the area. The visual veracity indicates that the image is not AI-generated, further supporting the authenticity of the claim."
365,Misinformation,0.9,False,True,"The image is identified as AI-generated with a confidence of 0.8, which meets the definitive rule for labeling as misinformation. Additionally, the claim about the naming ceremony aligns with the evidence that such an event occurred in Rwanda, but the visual veracity of the image undermines its authenticity. The presence of people in gorilla costumes is corroborated by evidence, but the AI-generated nature of the image is the decisive factor. Therefore, the claim cannot be trusted due to the AI generation of the image."
ds4717,Misinformation,0.9,False,True,"The claim that Khloe Kardashian was forced by Tristan Thompson to follow a strict pregnancy diet after a binge on cookies and ice cream is supported by multiple sources. Evidence indicates that Tristan has indeed influenced Khloe's diet during her pregnancy, particularly after she indulged in junk food. This aligns with the claim made in the headline. Additionally, the image does not depict Khloe or Tristan, but the claim itself is substantiated by the evidence provided."
4718,Not Misinformation,0.9,False,True,"The image is a genuine photograph of Jennifer Lopez, and the headline discusses her relationship with Alex Rodriguez, which is supported by evidence indicating they did take a break and eventually broke up. The evidence confirms that they ended their relationship after four years, which aligns with the claim. Additionally, the visual veracity indicates that the image is not AI-generated, further supporting the authenticity of the claim."
ds4306,Not Misinformation,0.9,False,True,"The image depicts Eric Trump, who is the subject of the claim regarding his statement about his father's tax returns. The evidence confirms that Eric Trump did indeed say it would be 'foolish' for his father to release his tax returns while under audit, aligning with the claim. The visual veracity indicates that the image is not AI-generated, further supporting the authenticity of the claim."
ds1370,Not Misinformation,0.9,False,True,"The image and headline are consistent with the evidence that confirms Kris and Bruce Jenner attended the Academy of Country Music Awards in Las Vegas. The image is not AI-generated, and the event details align with the historical attendance of the Jenners at the ACM Awards in 2009."
ds2101,Not Misinformation,0.9,False,True,"The image accurately depicts a table with two wine glasses and a centerpiece, which aligns perfectly with the claim. The visual veracity signals indicate that the image is not AI-generated, further supporting its authenticity. Additionally, the retrieved evidence confirms the definition and importance of centerpieces in table decor, reinforcing the claim's validity."
5000,Misinformation,0.9,False,True,"The claim that Obama admitted to a secret deal with China to hand over U.S. territory is unfounded and misleading. The evidence indicates that while Obama engaged in significant diplomatic dealings with China, there is no record of any agreement involving the handover of U.S. territory. Furthermore, the image of Obama and Michelle Obama does not support the claim of a secret deal. The context of the headline is not represented in the image, and the claim itself lacks credible support. Additionally, the visual veracity indicates that the image is genuine, but it does not relate to the claim made in the headline. Therefore, the overall assessment leads to the conclusion that this is misinformation."
ds4724,Not Misinformation,0.9,False,True,"The claim that George and Amal Clooney are sleeping in separate bedrooms is not supported by the evidence. Multiple sources indicate that while there are rumors about their relationship, they are still together and have adapted to each other's habits, including George's snoring. The image shows them together, which further supports the idea that they are not separated. The evidence from sources like menzfirst.com confirms that the notion of them sleeping separately is inaccurate. Additionally, reports from smoothradio.com and meaww.com highlight that despite facing some challenges, their marriage remains strong."
ds6329,Misinformation,0.9,False,True,"The image is confirmed to be AI-generated with a high confidence level (0.9), depicting an unrealistic scenario of a man inside a shark, which is not possible in reality. This aligns with the definitive rule that states if the image is AI-generated, it is classified as misinformation regardless of other signals. Additionally, the claim itself lacks relevance to the subjects mentioned in the headline, as there is no connection between 'What's Eating Gilbert Grape' and 'Arnie vs Sharkasaurus'. The evidence supports that there are no shark scenes in 'What's Eating Gilbert Grape' and that Arnie does not fight a shark, further reinforcing the misinformation aspect."
ds1157,Not Misinformation,0.6,False,True,"The image shows a banner related to the pope, which aligns with the claim about a person holding a banner during the pope's procession. However, the specific details of the event described in the headline are not fully confirmed by the evidence. The visual veracity indicates that the image is genuine and not AI-generated. While there is some historical context about the pope's visits to Fifth Avenue and St. Patrick's Cathedral, the evidence does not definitively confirm the specific action of holding a banner during the procession down Fifth Avenue. Therefore, the claim is not definitively false, but the lack of specific confirmation leads to a medium confidence level."
5013,Not Misinformation,0.9,False,True,"The image does not depict Brooke Burke or any specific event related to her dating revelation or divorce, but it is a genuine photograph. The headline discusses Brooke Burke's dating life and divorce, which is supported by multiple credible sources confirming her engagement to Scott Rigsby and the delays in their wedding plans. The evidence indicates ongoing developments in her love life, aligning with the claim made in the headline. Therefore, the claim is not misinformation."
3983,Misinformation,0.9,False,True,"The image is confirmed to be AI-generated with a confidence of 0.8, which directly leads to the classification of the claim as misinformation. The claim states that 'A Good Day to Die Hard' was directed by John Moore in 2008, which is incorrect as the film was actually released in 2013. The visual veracity indicates that the image does not accurately represent the subject matter of the claim, further supporting the misinformation label. Additionally, the retrieved evidence confirms that John Moore directed 'A Good Day to Die Hard', but the year stated in the claim is incorrect. Therefore, the combination of AI generation and the incorrect year leads to a high confidence in labeling this as misinformation."
ds9980,Not Misinformation,0.9,False,True,"The image depicts a child who appears to be smiling, which aligns with the claim about an Iraqi girl. The context of the family settling near a Kurdish checkpoint is supported by evidence indicating that many families, particularly from Mosul, are fleeing violence and seeking refuge at Kurdish checkpoints. The evidence also highlights the humanitarian situation in the region, which aligns with the claim. The visual veracity indicates that the image is not AI-generated, further supporting the authenticity of the claim."
ds2354,Not Misinformation,0.9,False,True,"The image depicts a big plane flying low on a cloudy sky, which aligns with the claim. The visual veracity indicates that the image is not AI-generated, and the signals support the claim's relevance. Additionally, there are recent reports and explanations regarding planes flying low due to various factors, including weather conditions, which further corroborate the claim."
ds9501,Misinformation,0.9,False,True,"The claim that Ford's reelection campaign was brilliant is misleading because Ford's campaign in 1976 was ultimately unsuccessful, as he lost to Jimmy Carter. The evidence clearly states that Ford's campaign faced significant challenges and did not achieve its goal. Additionally, the image does not provide any evidence to support the claim of brilliance, and the context of the campaign was marked by public cynicism. Therefore, the claim is not supported by the facts."
ds4,Not Misinformation,0.9,False,True,"The claim that Charlie Hebdo's surviving staff left their Paris offices for a temporary home at Liberation newspaper is supported by evidence. After the January 2015 attack, the staff did indeed relocate to Liberation for a temporary period before moving to a more permanent location. This is corroborated by multiple sources, including a New York Times article that states they squatted in an improvised space at Liberation for over six months before moving into rented office space (https://www.nytimes.com/2015/10/25/business/media/charlie-hebdos-recovery-from-attacks-opens-new-wounds-for-staff.html) and a Wikipedia entry confirming the same timeline (https://en.wikipedia.org/wiki/Charlie_Hebdo_shooting). The image, while relevant to the context of the attacks, does not directly confirm the s"
ds3871,Misinformation,0.9,False,True,"The claim that Meghan Markle was born in July is false; she was actually born on August 4, 1981. The image is AI-generated, which further supports the classification of misinformation. The visual veracity confidence is high due to clear indicators of AI generation, such as nonsensical text and surreal imagery. Additionally, the retrieved evidence confirms her birth date as August 4, 1981, from multiple reliable sources."
8830,Not Misinformation,0.6,False,True,"The image does not depict a clock hanging against the side of a barn, which is a key aspect of the claim. While there are instances of clocks on barns, the specific context of the image does not align with the claim. The visual veracity indicates that the image is not AI-generated, which supports the conclusion that it is a real object. However, the lack of direct evidence linking the image to the claim reduces confidence in its relevance."
ds5053,Not Misinformation,0.9,False,True,"The claim that drinking green tea daily may increase lifespan is supported by evidence indicating that green tea consumption is linked to reduced risks of cardiovascular disease and other health benefits. The retrieved evidence includes studies suggesting that green tea may contribute to longevity and lower mortality rates. Specifically, the study by Dr. Shinichi Kuriyama indicates a potential link between green tea and increased lifespan (https://benzingeronhealth.com/green-tea-may-lengthen-life-span-2/). Additionally, other sources confirm that regular consumption of green tea is associated with various health benefits that could contribute to longevity (https://lukeclarke.com.au/blog/green-increase-lifespan/)."
ds2437,Not Misinformation,0.6,False,True,"The image does not depict an animal food tray or cage, but rather a disc golf basket, which is unrelated to the claim. The visual veracity indicates that the image is genuine and not AI-generated. However, the claim about the animal food tray being empty is not supported by the image, leading to a medium confidence in the classification. The evidence retrieved does not directly support the claim about an empty animal food tray or cage, but it does provide context about empty trays and cages in general."
ds6090,Misinformation,0.9,False,True,"The image is confirmed to be AI-generated with a confidence of 0.8, which directly leads to the classification of misinformation regardless of the context of the claim. Additionally, the claim about Outside Lands being fun is misleading as the festival did not occur in 2023, with the next event scheduled for 2026. This is supported by evidence from multiple sources indicating the festival's future dates. Therefore, the combination of AI generation and the false claim about the festival's occurrence leads to a high confidence in labeling this as misinformation."
ds742,Not Misinformation,0.9,False,True,"The image shows demonstrators with a banner that reads 'WALL OFF TRUMP,' which aligns with the claim about a protest against Trump. However, the evidence indicates that while protests occurred outside Quicken Loans Arena during the Republican National Convention, there is no specific confirmation that demonstrators formed a barrier to block Trump. The sources discuss protest routes and events but do not confirm the specific action described in the claim. Therefore, while the image is relevant, the claim lacks definitive support. The visual veracity is confirmed as not AI-generated, further supporting the conclusion that the claim is not misinformation."
ds1754,Not Misinformation,0.9,False,True,"The image and headline accurately depict Benedict Cumberbatch portraying Julian Assange in the film 'The Fifth Estate.' The signals indicate a strong alignment between the image and the claim, with high confidence in the relevancy of the content. The retrieved evidence confirms that Cumberbatch plays Assange in the film, supporting the claim's validity."
4580,Not Misinformation,0.6,False,True,"The image does not confirm the specific subjects mentioned in the headline, as it shows three women without clear identification. However, the evidence indicates that Kourtney Kardashian has collaborated with Kylie Jenner on beauty products, which supports the context of the claim. There is no definitive evidence that Kourtney explicitly picks Kylie's products over Kim's, but there are indications of a preference in certain contexts. The visual veracity indicates the image is genuine and not AI-generated."
ds50,Not Misinformation,0.9,False,True,"The image is confirmed to be a genuine photograph, and the headline aligns with the evidence that Rachael Drouet has not tracked down the owners of the decorations. The evidence supports the claim that her cat, Theo, has been stealing Christmas decorations, and she has been trying to find their owners. The relevant sources confirm her ongoing efforts and the context of the decorations being related to her cat's behavior."
8392,Misinformation,0.9,False,True,"The image does not relate to the claim about GNC and the allegations made by Oregon Attorney General Ellen Rosenblum. The image shows a product that is not a dietary supplement, which is the focus of the claim. Additionally, the evidence confirms that GNC was indeed sued for selling supplements containing illegal synthetic chemicals, specifically BMPEA and picamilon, as stated in multiple sources. The visual content does not support the claim and is misleading in this context."
ds7878,Not Misinformation,0.9,False,True,"The image shows individuals wading through flood water, which aligns with the claim of a family in a flood situation. The evidence confirms that significant flooding has occurred in Harinagar, Satkhira, and that families have been affected, with reports of damage and displacement due to recent floods. The visual veracity indicates that the image is not AI-generated, further supporting the authenticity of the claim."
ds4278,Misinformation,0.9,False,True,"The claim that Russian mansions seized by Obama were meant as illegal gifts to Sasha and Malia is false. There is no evidence supporting the idea that these mansions were intended as gifts to the Obama daughters. The seized properties were diplomatic compounds related to sanctions against Russia for election interference, not personal gifts. Additionally, the sources confirm that the mansions were seized as part of a political response, not for any personal reasons related to Sasha and Malia. The evidence clearly indicates that the claim is fabricated."
ds6954,Misinformation,0.9,False,True,"The image is confirmed to be AI-generated, which is a definitive indicator of misinformation regardless of the claim's accuracy. The visual veracity signal indicates a high confidence (0.8) that the image is not real. Additionally, the claim about Prof. Martin Hairer being an Austrian mathematician is accurate, but the image does not relate to him and is misleading. The evidence supports that he is a mathematician at EPFL and Imperial College London (https://en.wikipedia.org/wiki/Martin_Hairer, https://www.epfl.ch/labs/propde/prof-martin-hairer/)."
ds3520,Misinformation,0.9,False,True,"The claim that Ice-T signed to Sire Records in 1987 when he was 18 years old is false. Ice-T was actually born on February 16, 1958, which means he was 29 years old when he signed with Sire Records in 1987. This is corroborated by multiple sources, including his biography on Wikipedia and other music-related sites. The image does not provide evidence to support the claim, but the factual inaccuracies in the claim itself are clear and well-supported by the evidence."
7044,Not Misinformation,0.9,False,True,"The image is not AI-generated, and there is substantial evidence that Hillary Clinton has spoken at rallies in Columbus, Ohio. The claim aligns with historical events where she addressed supporters in that location, particularly during her 2016 campaign. The visual veracity indicates that the image is genuine, and the context of her being at a rally in Columbus is supported by multiple sources."
ds9094,Misinformation,0.9,False,True,"The image is identified as AI-generated with a confidence of 0.8, which indicates manipulation or generation artifacts, such as nonsensical text. This directly leads to the conclusion that the claim is misinformation. Additionally, the relevance of the image to the claim is only partial, further supporting the misinformation label."
ds3303,Not Misinformation,0.9,False,True,"The claim that Scandinavia includes the remote Norwegian islands of Svalbard and Jan Mayen is not accurate. While Svalbard is part of the Kingdom of Norway, it is not considered part of geographical Norway or the Scandinavian region, but rather part of the Nordic region. Jan Mayen is also not included in the traditional definition of Scandinavia, which typically comprises only Norway, Sweden, and Denmark. This is supported by multiple sources that clarify the distinction between Nordic and Scandinavian regions."
ds7131,Not Misinformation,0.6,False,True,"The image shows a singer performing, which aligns with the context of the headline about Karen O. However, there is no specific evidence confirming the details of the dress and jewels she wore. While the performance is confirmed, the lack of specific information about her attire leads to uncertainty. The visual veracity indicates that the image is genuine and not AI-generated, which supports the claim's authenticity. However, the absence of direct evidence regarding the dress and jewels prevents a high confidence level in the claim's accuracy."
ds7823,Not Misinformation,0.9,False,True,"The image does not depict the Berlaymont building, which is confirmed by the relevancy signal indicating that the structure shown does not match the description in the headline. However, the visual veracity signal confirms that the image is not AI-generated. The retrieved evidence supports the claim that the Berlaymont building is indeed the headquarters of the European Commission located in Brussels, as detailed in multiple sources. Therefore, while the image is not accurate, the claim itself about the Berlaymont building is true."
1047,Not Misinformation,0.9,False,True,"The claim that Kentucky Governor Matt Bevin addressed the Kentucky Chamber of Commerce dinner on January 7, 2016, is supported by multiple reliable sources. The evidence confirms that Bevin did indeed speak at this event, and the image shows a man speaking at a formal gathering, which aligns with the context of the claim. Additionally, the visual veracity indicates that the image is not AI-generated, further supporting the authenticity of the claim."
ds8744,Not Misinformation,0.9,False,True,"The image depicts a shirtless man on a skateboard in mid-air, which aligns with the claim. The visual veracity indicates that the image is not AI-generated, and the context of the skateboarder is plausible. The evidence supports the idea that skateboarding stunts are being performed, and the focus on the skateboarder aligns with the claim. Additionally, the retrieved evidence discusses skateboard incidents and stunts, reinforcing the authenticity of the scenario presented in the claim."
ds9896,Not Misinformation,0.6,False,True,"The claim about Alan Johnson having a 'bad case' is ambiguous and lacks specific context. While the image does depict a man who could be Alan Johnson, there is no definitive evidence linking him to any current health issues. The retrieved evidence indicates that Alan Johnson is currently in a positive personal situation, having recently married, and there are no recent reports of health problems. Therefore, the claim does not have sufficient support. However, the relevancy confidence is moderate due to the potential connection to a public figure."
ds3482,Not Misinformation,0.9,False,True,"The claim that 'Gotham City Sirens failed to be published' is incorrect. Evidence indicates that the series has been published and continues to have new issues released, with the latest issue scheduled for August 21, 2024. Additionally, there are ongoing discussions about the series, suggesting it is not canceled but may be on hold for strategic reasons. The image aligns with the subject matter, showing comic book covers related to 'Gotham City Sirens', further supporting the claim that the series exists and is being published."
3081,Misinformation,0.9,False,True,"The claim that 'Story of My Life' was recorded exclusively by a girl band is false. The song is primarily known for being recorded by One Direction, a boy band, and there is no evidence supporting that a girl band recorded it. The image does not depict a girl band, further contradicting the claim. Additionally, the retrieved evidence confirms that One Direction is the band associated with this song, and there is no mention of a girl band recording it."
6149,Misinformation,0.9,False,True,"The image is identified as AI-generated with a confidence of 0.8, which is above the threshold of 0.6. The surreal nature of the image, depicting a dog reading a book with nonsensical text, supports this classification. Additionally, the headline 'sometimes it's better not to know' does not align with the content of the image, further indicating a disconnect. The definitive rule states that if the image is AI-generated, it is classified as misinformation regardless of other signals."
ds6053,Misinformation,0.9,False,True,"The image is confirmed to be AI-generated with a high confidence level (0.9), which directly leads to the classification of the content as misinformation. The visual veracity signal indicates that the scenario depicted (a rabbit riding a pink tricycle) is unrealistic and surreal, further supporting the claim of misinformation. Additionally, the headline does not align with the image content, which weakens any potential connection. The evidence from the visual veracity signal is strong enough to classify this as misinformation regardless of the headline's context."
5357,Not Misinformation,0.9,False,True,"The image is confirmed to be a genuine photograph, and the headline discusses a controversial plan by the Education Secretary, which aligns with the retrieved evidence regarding the administration's education policies and the criticisms they face. The evidence supports the claims made in the headline about financial risks and the reactions from critics. The connection between the image and the claim is relevant, as it depicts an educational setting, although it does not provide specific details about the plan itself. Overall, the signals indicate that the claim is substantiated by credible evidence."
ds3839,Misinformation,0.9,False,True,"The claim that Dev Patel starred in an animated movie called 'Chappie' is misleading. While Dev Patel did star in 'Chappie', the film is not an animated movie; it is a live-action film that features a character created using motion capture and visual effects. Additionally, the image is identified as AI-generated, which further supports the classification of this claim as misinformation."
7469,Not Misinformation,0.9,False,True,"The image shows Donald Trump speaking, which aligns with the claim about him speaking at a rally. The evidence confirms that Donald Trump did indeed hold a rally in Bangor, Maine on October 15, 2016, where he addressed various issues. The visual veracity indicates that the image is not AI-generated, further supporting the authenticity of the claim. Specific evidence includes the confirmation of the rally date and location from multiple sources, including a YouTube video and news articles detailing the event."
ds3252,Misinformation,0.9,False,True,"The claim that 'Little Dorrit' was only published in the 1980s is false, as the novel was originally published in serial form between 1855 and 1857. Additionally, the image is identified as AI-generated, which further supports the classification of this claim as misinformation. The visual veracity confidence is high due to the clear signs of AI generation in the image."
ds3976,Misinformation,0.9,False,True,"The claim that the United States is one of the ABC Islands is false. The ABC Islands, which include Aruba, Bonaire, and Curaçao, are part of the Kingdom of the Netherlands and not the United States. Additionally, the image is identified as AI-generated, which further supports the classification of the claim as misinformation. The visual elements do not provide any factual basis for the claim, and the AI generation indicates a lack of authenticity."
9974,Not Misinformation,0.9,False,True,"The image is confirmed to be a genuine photograph, not AI-generated, which supports the claim's validity. The headline references Kanye West, who is indeed featured in the image, aligning the visual content with the claim. Additionally, the retrieved evidence confirms that Kanye has been active on Twitter, making the claim relevant and accurate."
4125,Not Misinformation,0.9,False,True,"The claim that Kevin Hart relives his cheating scandal by playing himself in a J. Cole music video is supported by evidence indicating that he indeed appeared in a J. Cole music video where he portrayed an unfaithful man, reflecting his real-life experiences. The image does not appear to be AI-generated and shows a genuine photograph. The connection between the image and the claim is weak, but the claim itself is accurate based on the evidence provided."
ds2506,Not Misinformation,0.9,False,True,"The image shows a building with a protective fence underneath, which aligns with the claim about the fence being there to protect pedestrians from falling bricks. The evidence supports that there are indeed fences around certain buildings in Warsaw to catch falling bricks, as indicated in the retrieved evidence. Specifically, one source mentions that fencing has been installed around the first two buildings to prevent hazards from debris (https://clcormier.wordpress.com/2012/07/14/ulica-prozna-warsaw/). Additionally, there have been incidents of falling bricks in Warsaw, which further supports the rationale for such protective measures (https://www.mirror.co.uk/news/uk-news/woman-hit-falling-bricks-plunged-12264647)."
ds6253,Misinformation,0.9,False,True,"The image is confirmed to be AI-generated with a high confidence level (0.9). The visual veracity signal indicates that the image features a surreal combination of elements that do not align with realistic depictions, further supporting the conclusion that it is artificially created. Additionally, the claim aligns with the popular meme from the movie 'Mean Girls,' but the AI-generated nature of the image overrides this alignment. Therefore, it is classified as misinformation."
ds6291,Misinformation,0.9,False,True,"The image is confirmed to be AI-generated, which is a definitive indicator of misinformation. The visual veracity signal indicates a high confidence that the image depicts an impossible scenario, further supporting the claim of manipulation. Additionally, the evidence retrieved confirms the existence of a statue of a girl riding a gazelle, but the image in question does not represent a real photograph of this statue, reinforcing the misinformation label."
ds9638,Not Misinformation,0.9,False,True,"The image shows two presenters who are indeed discussing a story that was staged, which aligns with the claim. The evidence confirms that Tania Reza and Enrique Tovar later appeared on YouTube to clarify that the incident during their live broadcast was orchestrated. This is supported by multiple sources indicating that the incident was a hoax and that they were pressured into supporting the network's narrative. The visual veracity indicates that the image is genuine and not AI-generated, further supporting the claim's authenticity."
ds994,Not Misinformation,0.9,False,True,"The image and headline align well, depicting performers forming the Olympic rings during a closing ceremony. The visual veracity indicates that the image is genuine and not AI-generated. Additionally, evidence confirms that the Olympic rings were indeed featured during the closing ceremony of the Paris 2024 Olympics, supporting the claim made in the headline."
ds5728,Not Misinformation,0.9,False,True,"The image aligns well with the headline about Jenny McCarthy's rise to fame, as it features her prominently and reflects her career in the entertainment industry. The evidence supports her timeline and achievements, confirming that she gained fame in the 1990s, particularly around 1995 when she was named Playmate of the Year. The visual veracity indicates that the image is not AI-generated, further supporting its authenticity."
2731,Not Misinformation,0.9,False,True,"The image depicts a toy doll in a car window, which aligns with the claim of an innovative take on the 'baby on board' sticker. The signals indicate that the image is not AI-generated, and the description matches the humorous and creative nature of modern 'baby on board' stickers. The evidence supports the existence of various innovative and funny designs for 'baby on board' stickers, confirming the claim's validity."
ds2331,Not Misinformation,0.9,False,True,"The image depicts a man on a tennis court holding a racquet, which aligns perfectly with the claim. The visual veracity indicates that the image is not AI-generated, further supporting the authenticity of the claim. The evidence from stock photo sites confirms the existence of such images, reinforcing the claim's validity."
9107,Misinformation,0.9,False,True,"The image is confirmed to be AI-generated with a confidence level of 0.8, which directly leads to the classification of misinformation regardless of the claim's content. The visual anomalies and technical perfection of the image suggest it is not a real photograph. Additionally, the claim about a silver oven is not verifiable due to the nature of the image. Therefore, the definitive rule applies here. Evidence supporting the AI-generated nature includes the visual veracity signal and the context of the image being inconsistent with typical kitchen environments."
ds3649,Misinformation,0.9,False,True,"The claim that 'An Educated' was created only by journalist Nora Ephron is false. The evidence clearly states that Nora Ephron did not create 'An Educated'; rather, it is a memoir by Tara Westover. Additionally, the retrieved evidence confirms that Ephron was known for her work in romantic comedies and journalism, but not for this particular title. The image's relevance to journalism does not support the claim about the authorship of 'An Educated.'"
7187,Not Misinformation,0.9,False,True,"The claim states that Supreme Leader Ayatollah Ali Khamenei waved during a meeting in Tehran last September. Evidence confirms that Khamenei did indeed make public appearances in September 2022, specifically on September 17 and September 21, where he addressed attendees and was seen waving. The image in question is not AI-generated, and the context aligns with the events described. The evidence supports the claim that he participated in these meetings and ceremonies during that time."
ds5161,Not Misinformation,0.9,False,True,"The image is confirmed to be a genuine photograph, and there is no evidence supporting the claim that Mike Pence has secret ties to a Russian spy agency. The retrieved evidence indicates that Pence has publicly opposed Russian aggression and has not been linked to espionage activities. The sources confirm that there are no credible reports of such ties, focusing instead on his statements against Russian influence."
ds4423,Misinformation,0.9,False,True,"The claim that Floyd Mayweather Jr. donated a significant sum of money to Houston after a hurricane is false. Evidence from multiple sources confirms that he did not make such a donation, specifically stating that the claim of him donating $200 million to Houston for Hurricane Harvey relief is fake news (source: https://www.thatsnonsense.com/floyd-mayweather-donate-200-million-houston-fact-check/ and https://www.politifact.com/factchecks/2017/aug/30/houstonchronicle-tvcom/its-fake-news-floyd-mayweather-jr-donated-200-mill/). The image does not provide any additional context that would support the claim, and the visual veracity indicates it is not AI-generated, but the claim itself is definitively false based on the evidence provided."
8155,Misinformation,0.9,False,True,"The claim that Charlie Pierce, a journalist, made a phone call in a wire factory in Ohio in 2012 is misleading. Evidence indicates that Charlie Pierce did not work for Mitt Romney and has not been associated with any phone call in a wire factory during that time. Additionally, the image does not depict a wire factory but rather a disaster scene, which further discredits the claim. The sources confirm that Charlie Pierce is a journalist who has critiqued Romney but was not part of his staff, and there is no record of the specific incident mentioned. Therefore, the claim is false and misleading."
ds7055,Not Misinformation,0.9,False,True,"The image does not depict the specific subjects or event mentioned in the headline, but it is not AI-generated and appears to be a genuine photograph. The historical context of the individuals mentioned aligns with the evidence retrieved, confirming their existence and relevance to the time period. The image's authenticity is supported by the lack of AI generation signs and the historical records of the Murray family. Additionally, the location, Hampstead Heath, is known for family photography, which adds credibility to the context of the claim."
8165,Not Misinformation,0.9,False,True,"The image shows a group of people dancing, which aligns with the context of the Blue Ribbon Bacon Fest where dancing and entertainment are part of the festivities. The evidence confirms that Emily Cruse Elliott performed at Club Sizzle during the festival, supporting the claim. Additionally, the event itself is verified to have occurred, further substantiating the context of the claim. Therefore, the claim is accurate based on the available evidence."
1449,Not Misinformation,0.9,False,True,"The claim about Hinchliffe Stadium opening in 1932, hosting Negro League games, and being abandoned aligns with the retrieved evidence. The stadium was indeed constructed in 1932 and has a significant history related to the Negro Leagues. Although it was abandoned for many years, it has recently undergone renovations and reopened in 2023. The image, while not definitively identified as Hinchliffe Stadium, shows an abandoned structure that fits the description provided. Therefore, the claim is accurate based on the evidence provided."
4647,Not Misinformation,0.9,False,True,"The claim states that Angelina Jolie and Jennifer Aniston did not have a face-to-face meeting, which is supported by evidence indicating that they met only once in 2004. The image of Angelina Jolie is relevant but does not confirm or deny the specifics of the meeting with Aniston. The retrieved evidence confirms that they did meet, albeit briefly, which contradicts the claim. Therefore, the claim is not accurate."
ds4064,Not Misinformation,0.9,False,True,"The image depicts Brad Pitt, who is the subject of the headline regarding his net worth, and the information provided aligns with credible sources. The estimates of his net worth range from $300 million to $400 million, which are supported by multiple reliable sources. The visual veracity indicates that the image is not AI-generated, further supporting the authenticity of the claim."
ds2877,Not Misinformation,0.9,False,True,"The image shows a decomposing leaf, which aligns with the claim about finding such leaves offshore at a local reservoir. The visual veracity indicates that the image is genuine and not AI-generated. Additionally, the evidence supports the claim, as one of the retrieved snippets directly states, 'One of many decomposing leaves found just offshore at the local reservoir' (https://www.reddit.com/r/mildlyinteresting/comments/cyu5jq/one_of_many_decomposing_leaves_found_just/). This confirms the context of the claim. Furthermore, the relevance of leaf decomposition in reservoirs is supported by studies indicating its impact on nutrient dynamics (https://www.nature.com/articles/s41598-020-74062-4)."
7330,Misinformation,0.9,False,True,"The image does not depict Jonathan Jones or the Millennium Bridge in central London, as it shows a group of people in a different setting. The evidence confirms that there is no connection between Jonathan Jones and the Millennium Bridge, and the image does not align with the claim made in the headline. Additionally, the visual veracity assessment indicates that the image is not AI-generated, but the context is still misleading. Therefore, the claim is deemed misinformation."
ds5062,Misinformation,0.9,False,True,"The claim that the COVID-19 vaccine alters DNA and increases the risk of genetic mutations is false. Evidence indicates that COVID-19 vaccines, particularly mRNA vaccines, do not alter human DNA as they do not enter the nucleus of cells where DNA is located (source: https://www.goodmorningamerica.com/wellness/story/pregnant-doctor-covid-19-vaccine-75221055). Additionally, there is no evidence from reputable studies that COVID vaccines increase the risk of genetic mutations or cancer (source: https://www.acibademhealthpoint.com/the-covid-vaccine-cause-cancer-fact-check-analysis/)."
ds5124,Misinformation,0.9,False,True,"The claim that Biden admitted to plotting election fraud with foreign powers is false. Evidence shows that Biden did not make such admissions, and the context of his statements has been misrepresented. The image does not relate to Biden or the claim, but the misinformation is clear based on the evidence provided. The sources confirm that Biden's comments were taken out of context and that there is no credible evidence supporting the claim of election fraud involving foreign powers."
6119,Misinformation,0.9,False,True,"The image is confirmed to be AI-generated with a confidence level of 0.8, which meets the definitive rule for labeling as misinformation. The visual elements are bizarre and surreal, lacking coherence, which further supports the AI generation claim. Additionally, the headline does not align with the content of the image, indicating a disconnect between the two."
5317,Misinformation,0.9,False,True,"The claim that herbal tea from the Amazon rainforest can eradicate COVID-19 is misleading and unsupported by scientific evidence. Multiple sources confirm that herbal tea does not cure or prevent COVID-19, and the World Health Organization does not endorse such claims. Additionally, the evidence indicates that while herbal teas may have some health benefits, they do not provide a cure for COVID-19. The image, while not AI-generated, does not change the fact that the claim itself is false."
ds8378,Not Misinformation,0.9,False,True,"The claim that Richard Dawkins and Rowan Williams debated the role of religion in the 21st century is accurate. Evidence confirms that they indeed participated in a debate on January 31, 2013, where Dawkins argued that religion has no place in the 21st century, but ultimately lost the debate as the majority voted in favor of the opposing view. The image does not appear to be AI-generated, and the context aligns with the claim made in the headline."
8719,Misinformation,0.9,False,True,"The image is confirmed to be AI-generated with a confidence level of 0.8, which directly leads to the classification of misinformation regardless of the other signals. The visual veracity indicates that the bus's colors and textures appear unnatural, supporting the AI generation claim. Additionally, the claim about a pink and green bus does not align with the evidence, as the sources discuss various bus colors but do not confirm the existence of a pink and green bus parked together. Therefore, the combination of AI generation and lack of supporting evidence for the claim leads to a high confidence in labeling this as misinformation."
6563,Misinformation,0.9,False,True,"The image is identified as AI-generated with a confidence of 0.8, which is above the threshold of 0.6. This indicates that the image does not represent a real person in a factory setting, despite the claim. The visual veracity signals suggest manipulation, particularly with the lighting and the unusual appearance of the subject. Therefore, the claim cannot be considered true. Additionally, the evidence retrieved does not support the existence of a woman in a pink towel working in a factory, further reinforcing the misinformation label."
ds3412,Misinformation,0.9,False,True,"The claim that Castlevania came out in Japan in 1990 is incorrect. The original Castlevania game was released in Japan on September 26, 1986. Multiple sources confirm this, including Wikipedia and the Castlevania Wiki, which state that the game was first released in 1986, not 1990. The confusion may stem from the release of a different game, Kid Dracula, which was released in 1990. Therefore, the claim is definitively false."
966,Misinformation,0.9,False,True,"The claim that Marco Rubio grilled at the Iowa State Fair in 2015 is not supported by evidence. Multiple sources confirm that there is no record of Rubio grilling at the Iowa Pork Producers Pork Tent during the fair. The image may depict a man grilling, but it does not provide definitive proof that it is Rubio or that he participated in this activity. Additionally, the context of the event aligns with other candidates like Donald Trump and Carly Fiorina, who were noted to have engaged with attendees at the tent, but Rubio's involvement in grilling is unsubstantiated."
ds5156,Misinformation,0.9,False,True,"The claim that the COVID-19 vaccine causes permanent memory loss is not supported by any credible evidence. The retrieved evidence indicates that there is no mention of memory loss as a side effect of the COVID-19 vaccine. Instead, the sources discuss other side effects and concerns, such as myocarditis and weight loss, but do not link the vaccine to cognitive effects. Additionally, the image does not depict any AI-generated content, but the claim itself is misleading and lacks scientific backing."
ds2814,Not Misinformation,0.9,False,True,"The image shows a handwritten Father's Day note, which aligns with the claim of finding such a note in a used bookstore. The context of the note being used as a placeholder in a fishing book is plausible, given that Knoxville has several used bookstores that sell fishing books. The visual veracity indicates that the image is not AI-generated, further supporting the authenticity of the claim."
ds6955,Misinformation,0.9,False,True,"The image is confirmed to be AI-generated with a confidence of 0.8, which directly leads to the classification of the claim as misinformation. Additionally, the claim about Henry Kissinger's association with Sepp Blatter is unsupported by evidence, as both figures operated in entirely different domains without documented interactions. The retrieved evidence confirms that Kissinger was primarily involved in U.S. foreign policy, while Blatter was focused on football governance, with no overlap in their professional paths."
ds6481,Not Misinformation,0.9,False,True,"The image is confirmed to depict Vladimir Putin and Borut Pahor, as supported by the aligned signals and the retrieved evidence. The context of their meeting in Slovenia on July 30, 2016, is corroborated by multiple sources, including the STA report and the Kremlin's official announcement. Additionally, there are no indications that the image is AI-generated, further supporting its authenticity."
5084,Misinformation,0.9,False,True,"The image is confirmed to be AI-generated, which directly leads to the classification of the claim as misinformation. Additionally, the evidence indicates that there has been no Senate vote to ban independent media, further supporting the misinformation label."
ds1963,Not Misinformation,0.9,False,True,"The image depicts heavy traffic on a motorway, which aligns with the claim about heavy traffic on the M5 motorway during a busy Easter getaway. The evidence supports the occurrence of heavy traffic on the M5 during Easter, with reports indicating significant delays and increased journey times for holidaymakers. The visual veracity indicates that the image is not AI-generated, further supporting its authenticity. Specific evidence items confirm the heavy traffic situation on the M5 during Easter getaways, such as reports of delays and congestion (e.g., https://www.cornwalllive.com/news/local-news/easter-holiday-traffic-hell-drivers-9200197?int_source=nba and https://www.somersetlive.co.uk/news/local-news/m5-traffic-delays-60-minutes-6950642)."
9347,Not Misinformation,0.9,False,True,"The image depicts a man wearing glasses and a purple scarf, which is similar to the claim of a man wearing glasses and a lavender shirt. The visual veracity indicates that the image is not AI-generated, and the details align closely with the claim, despite the specific color of the shirt not being fully visible. The evidence supports the existence of men wearing glasses and lavender shirts in fashion trends, confirming the relevance of the claim."
ds4921,Not Misinformation,0.9,False,True,"The image does not appear to be AI-generated, and the context of the headline aligns with the evidence that Justin Bieber and Kourtney Kardashian have been in contact. The evidence supports the claim that they still communicate, and there are no indications that the image misrepresents the situation. Additionally, the discussions around Selena Gomez and Younes Bendjima are relevant to the context provided in the headline."
3169,Misinformation,0.9,False,True,"The claim that Ian Gillan was born on May 19, 1945, is false; he was actually born on August 19, 1945. Additionally, the image is identified as AI-generated, which further supports the classification of this claim as misinformation. The visual anomalies in the image suggest it is not a real photograph, and the birth date is confirmed by multiple reliable sources."
2004,Not Misinformation,0.9,False,True,"The image clearly depicts a basketball game in progress, which aligns with the claim that there is a basketball game happening. The visual veracity indicates that the image is not AI-generated, further supporting the authenticity of the claim. Additionally, the retrieved evidence confirms that there are basketball games occurring, although specific details about the game in the image are not provided. The high relevancy and low AI-generated confidence reinforce the conclusion that the claim is accurate."
4046,Misinformation,0.9,False,True,"The claim states that George H.W. Bush has died at 94, which is true as he passed away on November 30, 2018, at the age of 94. However, the image accompanying the claim shows him alive and smiling, which contradicts the headline. This inconsistency indicates that the image does not accurately represent the claim. Additionally, the image is confirmed to be genuine and not AI-generated, which further supports the misinformation label due to the misleading nature of the visual content."
8531,Not Misinformation,0.9,False,True,"The image depicts a kitchen that aligns with the claim of having a decorated interior, as it shows decorative elements typical of such spaces. The visual veracity indicates that the image is not AI-generated, which supports the authenticity of the claim. The evidence retrieved discusses the characteristics of decorated kitchens and trends in small kitchen design, reinforcing the idea that a smaller kitchen can indeed be decorated effectively. Therefore, the claim is supported by the visual and contextual evidence."
ds8617,Misinformation,0.9,False,True,"The image is confirmed to be AI-generated with a confidence of 0.8, which directly leads to the classification of the claim as misinformation. The visual veracity signal indicates that the image does not represent a real parking meter in front of a restaurant and parking lot, as it is artificially created. Additionally, the relevancy signal indicates that while the image shows a parking meter, it does not confirm the presence of a restaurant or parking lot, further supporting the misinformation label."
1052,Not Misinformation,0.9,False,True,"The claim about the iPhone 5C being displayed during an Apple product announcement at the Apple campus in Cupertino, California, and its release date of September 20, 2013, is accurate. The image shows multiple iPhone 5C devices, which aligns with the context of the announcement. Additionally, the evidence confirms that the iPhone 5C was indeed announced on September 10, 2013, and released on September 20, 2013. The visual veracity indicates that the image is not AI-generated, further supporting the authenticity of the claim."
2929,Not Misinformation,0.9,False,True,"The image depicts a nurse with colorful hair, which aligns with the headline about a nurse responding to criticism regarding her appearance. The visual veracity indicates that the image is not AI-generated, and the evidence supports the claim that the nurse received criticism and responded positively. The retrieved evidence confirms the nurse's pride in her colorful hair and her effective response to critics, which is consistent with the claim made in the headline."
5939,Misinformation,0.9,False,True,"The image is identified as AI-generated with a confidence of 0.8, which directly leads to the classification of the content as misinformation. Additionally, the claim about Vic Mensa's roots in Houston, Texas is false, as he was born and raised in Chicago, Illinois, which is supported by multiple sources. The visual does not provide clear evidence of Vic Mensa or his connection to Houston, further reinforcing the misinformation status."
ds3503,Misinformation,0.9,False,True,"The image is confirmed to be AI-generated, which is a definitive indicator of misinformation. Additionally, the claim that 'The Hunger Games are based on a play' is misleading; while there is a stage adaptation, the original source material is a series of novels. The evidence supports that the novels are the primary source, and the play is an adaptation. Therefore, the claim is not accurate. The visual veracity indicates AI generation, which further solidifies the misinformation label."
ds6940,Misinformation,0.9,False,True,"The image is identified as AI-generated with a high confidence level (0.8). The unusual combination of a child reading a comic book alongside a skeleton, along with garbled text on the book, suggests manipulation typical of AI-generated images. This directly leads to the conclusion that the image cannot be trusted as a genuine representation of a girl reading a comic about trafficking. Additionally, while there are discussions about trafficking awareness comics, there is no specific evidence confirming the existence of such a comic in Indonesia, further supporting the misinformation label."
ds8840,Misinformation,0.9,False,True,"The image is confirmed to be AI-generated with a confidence of 0.8, which directly leads to the classification of misinformation regardless of the other signals. The claim about the yellow dump truck sitting on green asphalt is also misleading, as the truck is actually on grass, not asphalt. The visual veracity signal indicates that the image's details appear overly polished, suggesting AI generation. Therefore, the definitive rule applies here. Additionally, the evidence supports the existence of yellow dump trucks on asphalt, but not in this specific context. Evidence items include: https://www.pexels.com/photo/yellow-dump-truck-on-road-17605956/ and https://stock.adobe.com/be_fr/search?k=dump+truck+asphalt."
ds4482,Misinformation,0.9,False,True,"The claim that the San Juan Teamsters didn't show up for work to distribute relief supplies is contradicted by evidence indicating that the Teamsters are actively involved in relief efforts. Specifically, sources highlight that the Teamsters are working to assist members and communities, particularly in disaster relief efforts in Puerto Rico. Additionally, there is no evidence supporting the claim that they skipped work. The image does not provide direct evidence related to the claim, but the context of the Teamsters' involvement in relief efforts suggests that the claim is misleading."
ds4702,Not Misinformation,0.6,False,True,"The image is confirmed to be genuine and not AI-generated, which supports the credibility of the claim. While there are rumors about Gwen Stefani's pregnancy, there is no confirmed news or official statement regarding it. The evidence indicates that speculation exists but does not confirm the claim. Additionally, the mention of friends thinking she has a secret aligns with reports about her recent changes in public image, but lacks concrete evidence of a pregnancy. Therefore, the claim is not definitively false, but also not confirmed, leading to a medium confidence level."
1231,Not Misinformation,0.6,False,True,"The image shows a player running during pregame warmups, which aligns with the context of the headline. However, the specific identification of Robert Griffin III cannot be confirmed from the evidence provided. While the sources confirm that he played for the Redskins and participated in games at Raymond James Stadium, they do not provide direct evidence of him warming up there. Therefore, the claim cannot be definitively verified, leading to a medium confidence level."
4217,Misinformation,0.9,False,True,"The claim suggests that J.Lo and A-Rod are currently involved in passionate kisses and a romantic relationship, which contradicts the evidence indicating that they have officially split and are no longer together. The evidence shows that J.Lo has moved on to a relationship with Ben Affleck, and there are no recent details supporting the claim of rekindled romance or passionate make-outs. Additionally, the image does not confirm the context of their relationship as stated in the headline. Therefore, the claim is misleading."
992,Not Misinformation,0.9,False,True,"The image depicts a flooded area that aligns with the claim about high water affecting homes and businesses near the Shiawassee River and Shiawassee National Wildlife Refuge. The visual veracity indicates that the image is not AI-generated, and the evidence supports the occurrence of flooding in the area due to heavy rainfall. The retrieved evidence confirms that the Shiawassee River has overflowed and that local authorities are responding to the flooding situation, which corroborates the claim."
ds6586,Misinformation,0.9,False,True,"The image is confirmed to be AI-generated with a high confidence level (0.9), depicting a surreal scene that combines a human hand with jellyfish in a bedroom setting, which is not a natural occurrence. This aligns with the definitive rule that states if the image is AI-generated, it is classified as misinformation regardless of other signals. Additionally, the context of the image does not match the claim of a person holding their hand on a bed, further supporting the misinformation label."
ds1582,Misinformation,0.9,False,True,"The claim states that Norway won against England in the European Under-21 Championship, but evidence shows that Norway lost to England with a score of 1-2 in a match that took place on July 11, 2026, during the FIFA World Cup, not the Under-21 Championship. Additionally, the image does not confirm that the goalkeeper is Nyland Haskjold, and the context of the match is incorrect. Therefore, the claim is misleading."
ds6549,Misinformation,0.9,False,True,"The image is identified as AI-generated with a confidence of 0.8, which is above the threshold of 0.6. The presence of surreal elements, such as angel wings, indicates that the image does not depict a realistic scenario, thus categorizing it as misinformation. The claim about a smiling young mother holding her infant child does not hold true in the context of the image's veracity."
ds1547,Misinformation,0.9,False,True,"The claim states that the 105200 hectares of land in Watarrka National Park is under the custodianship of the Martutjarra-Luritja people. However, evidence indicates that Watarrka National Park is primarily under the custodianship of the Anangu Aboriginal people, not specifically the Martutjarra-Luritja. The park is recognized for its cultural significance to the Anangu, and while the Martutjarra-Luritja people are associated with the region, they do not hold custodianship over the park itself. This discrepancy in custodianship undermines the accuracy of the claim."
ds9027,Misinformation,0.9,False,True,"The image is confirmed to be AI-generated, which directly leads to the classification of misinformation regardless of the claim's alignment with the visual content. The visual veracity signal indicates a high confidence that the image is not real, as it exhibits unnatural textures and proportions typical of AI-generated images. This is supported by the evidence that discusses the characteristics of Chicago deep dish pizza, but the AI-generated nature of the image overrides any potential accuracy in the claim. Therefore, the claim cannot be trusted. Evidence items include: https://www.enjoyillinois.com/plan-your-trip/travel-inspiration/deep-dish-pizza-a-love-letter/ and https://www.onceuponachef.com/recipes/deep-dish-pizza.html."
ds8208,Not Misinformation,0.9,False,True,"The image depicts a protest, which aligns with the claim about activists protesting the Summer Olympics in Brazil. The evidence supports the existence of protests against the Olympics in Brazil, particularly regarding issues of corruption and mismanagement. Specific evidence includes reports of activists protesting broken promises related to water pollution and the construction of Olympic venues, which are directly related to the claims made in the headline. Additionally, the protests were indeed a response to the perceived corruption and mismanagement surrounding the event."
ds1877,Not Misinformation,0.9,False,True,"The claim that Gordon Taylor settled into his role as chairman of the Professional Footballers Association in November 1978 and later became chief executive in 1981 is supported by multiple reliable sources. Specifically, the evidence confirms that he became chairman in November 1978 and chief executive in 1981, with a long tenure in both roles. The image is not AI-generated, and while it does not specifically depict the event, it aligns with the context of his professional role. Therefore, the claim is accurate and not misleading."
ds1998,Not Misinformation,0.9,False,True,"The image depicts a protest scene that aligns with the claim about spending cuts likely sparking protests. The evidence supports the assertion that spending cuts lead to public dissent, particularly in recent protests in France against proposed budget cuts. The visual veracity indicates that the image is not AI-generated, further supporting the authenticity of the claim."
578,Not Misinformation,0.9,False,True,"The image shows a person working with a pump in a flooded area, which aligns with the context of trying to keep floodwaters out of a property. While the specific identity of the person as Bob Bailey and the exact location as Clarksville, Mo, cannot be confirmed, the overall context of flooding in Clarksville is supported by multiple sources. The Mississippi River is expected to crest, leading to significant flooding in the area, which is corroborated by evidence from local news reports. Therefore, the claim is plausible and not definitively false."
ds4435,Not Misinformation,0.9,False,True,"The claim that Trump is removing Marines from the Navy is not supported by the evidence. The retrieved snippets indicate that there is no indication of such a removal, and discussions around the Marines focus on standards and operations rather than any removal by Trump. Additionally, the image does not appear to be AI-generated, further supporting the authenticity of the claim's context. The evidence clearly shows that the claim lacks substantiation."
4186,Misinformation,0.9,False,True,"The claim that Katie Holmes reignites a friendship with James Van Der Beek to make Jamie jealous is misleading. The evidence indicates that James Van Der Beek has passed away, which makes the premise of rekindling a friendship impossible. Additionally, there is no substantial evidence to support the idea that Jamie is jealous of any relationship between Katie and James. The sources primarily discuss Katie's past relationships and her tribute to Van Der Beek after his death, which contradicts the claim of a rekindled friendship. Therefore, the claim is false and misleading."
ds5919,Misinformation,0.9,False,True,"The claim that Ares is a nephew of Zeus is incorrect; Ares is actually the son of Zeus and Hera, making him Zeus's child rather than his nephew. This is supported by multiple sources, including Wikipedia, which states that Ares is the son of Zeus and Hera (https://en.wikipedia.org/wiki/Ares) and further confirmed by the Theoi Project (https://www.theoi.com/Olympios/AresFamily.html). The image does not provide any evidence to support the claim and is not AI-generated, but the misinformation in the claim is definitive based on the evidence."
ds379,Misinformation,0.9,False,True,"The claim states that three people died during a police raid in Saint-Denis, which is supported by evidence indicating that two suspects were killed during the raid, along with a woman who detonated an explosive device, leading to her death. This aligns with the retrieved evidence that confirms the deaths during the operation. Additionally, the date of the raid being five days after the Paris attacks is corroborated by multiple sources. Therefore, the claim is misleading as it inaccurately states the number of deaths as three, while the evidence suggests two suspects and one woman, totaling three deaths, but the context of the claim may imply a different understanding of the events."
ds3753,Not Misinformation,0.9,False,True,"The claim that the Icelandic Coast Guard rarely performs a service is contradicted by substantial evidence indicating that the Coast Guard is actively involved in various critical operations, including search and rescue, maritime safety, and law enforcement. The retrieved evidence confirms that the Icelandic Coast Guard has a long history of service and continues to operate in various capacities, including emergency responses and surveillance. For instance, the Coast Guard is responsible for search and rescue operations and maintains a continuous watch on distress frequencies (https://en.wikipedia.org/wiki/Icelandic_Coast_Guard, https://www.icelandreview.com/news/society/iceland-coast-guard-rescue-surge/). Additionally, they have been involved in recent missions and collaborations, reflect"
ds6032,Not Misinformation,0.9,False,True,"The image depicts a real ostrich interacting with a person, which aligns with the claim about the ostrich's table manners. The visual veracity signal indicates that the image is not AI-generated, and the relevancy signal supports the connection between the image and the claim. Additionally, the evidence suggests that while ostriches do not have human-like table manners, the humorous context of the claim is acknowledged in various sources, reinforcing the idea that the claim is playful rather than misleading."
3980,Not Misinformation,0.9,False,True,"The claim that 'Touch My Body is a law' is incorrect, as there is no specific law by that name. The evidence indicates that laws regarding physical contact are generally related to assault, battery, or harassment, which protect individuals from non-consensual touching (https://lawshun.com/article/is-there-a-law-about-touching-people). Additionally, the song 'Touch My Body' by Mariah Carey is not a law but a musical work released in 2008 (https://www.youtube.com/watch?v=9b8erWuBA44). The image does not appear to be AI-generated and depicts a courtroom setting, which is relevant to the legal context but does not support the claim."
ds2845,Not Misinformation,0.6,False,True,"The image shows a premium gas pump, which aligns with the claim about a premium pump in Arkansas. However, there is no evidence confirming the presence of a spider web on it or that it is located in a secluded area. The signals indicate partial relevancy, and while the visual veracity is confirmed as genuine, the specifics of the claim are not substantiated by the evidence. The lack of specific reports about a spider web on a gas pump in Arkansas further supports this conclusion."
1318,Not Misinformation,0.9,False,True,"The image shows patrons seated at a bar and in rows, which aligns with the context of the headline about relaxing while waiting to play bocce. The visual veracity indicates that the image is not AI-generated, and the evidence supports the existence of venues where bocce can be played in bars. Additionally, the retrieved evidence confirms that bocce is often played in relaxed settings, including bars, which aligns with the claim."
ds2773,Not Misinformation,0.9,False,True,"The image shows a drawer containing a Bible and a Book of Mormon, which aligns with the claim about a hotel in Detroit having these items. The evidence supports that many hotels, particularly those affiliated with Marriott, include both the Bible and the Book of Mormon in their rooms due to historical ties with the Church of Jesus Christ of Latter-day Saints. The visual veracity indicates that the image is genuine and not AI-generated, further supporting the claim's authenticity."
ds8795,Not Misinformation,0.9,False,True,"The image depicts two men in formal attire, likely at night, which aligns with the claim of two men crossing the street at night. While the specific detail of them wearing sunglasses is not confirmed, the context of the setting is consistent with the headline. Additionally, the evidence supports that men do wear sunglasses at night for various reasons, and there are reports of men crossing streets at night, further validating the claim. The visual veracity indicates that the image is not AI-generated, which strengthens the reliability of the claim."
6395,Misinformation,0.9,False,True,"The image is confirmed to be AI-generated with a high confidence level (0.9), which directly leads to the classification of the claim as misinformation. The visual veracity signal indicates that the image displays clear signs of manipulation, such as exaggerated facial features and unnatural body proportions. Additionally, the context of the claim suggests a humorous take on a recognizable figure, which further supports the idea that the image is not authentic. The evidence items confirm that Beyoncé has not worn disguises on stage and that her performances are well-documented, reinforcing the notion that the image in question is not a genuine representation of her. Therefore, the combination of AI generation and the context of the claim leads to a high confidence in labeling this as misin"
ds5285,Not Misinformation,0.9,False,True,"The claim that Hillary Clinton is secretly planning to run for president in 2024 is contradicted by multiple sources. Clinton has publicly denied any interest in running for president in 2024, stating that she believes President Biden's decision to seek reelection is a 'terrible mistake' and has not announced any intention to run herself. Additionally, she has indicated a focus on supporting other Democratic candidates rather than pursuing her own campaign. The image is a genuine photograph, further supporting the credibility of the information presented."
ds7674,Not Misinformation,0.6,False,True,"The claim states that the Highlands attracts 80% of its visitors from other parts of the UK. While the evidence does not directly confirm this statistic, it does indicate that the Highlands attract many visitors due to its scenery and culture. The retrieved evidence mentions that visitors typically stay an average of 4.1 nights in the Highlands and that tourism significantly boosts the local economy, suggesting a strong visitor presence. However, the specific percentage of visitors from the UK is not substantiated in the evidence provided, leading to a medium confidence level in the claim's accuracy."
2728,Not Misinformation,0.9,False,True,"The claim that an activist faced years in prison for helping migrants and that jurors wouldn't convict him is supported by multiple pieces of evidence. Specifically, the case of Scott Daniel Warren, who faced charges for providing aid to migrants, aligns with the claim. The jury's inability to reach a verdict reflects a stance against the criminalization of humanitarian aid, which is corroborated by the evidence from The Guardian (https://www.theguardian.com/us-news/2019/jun/11/arizona-activist-migrant-water-scott-daniel-warren-verdict) and GV Wire (https://gvwire.com/2019/06/12/an-activist-faced-20-years-in-prison-for-helping-migrants-but-jurors-wouldnt-convict-him/). Additionally, the broader context of activists facing legal repercussions for aiding migrants is well-documented, further "
ds8721,Not Misinformation,0.9,False,True,"The image shows a bowl of white rice and broccoli, which aligns with the general context of the headline about a dish containing white rice, beef, and vegetables. Although the image does not show beef, the visual veracity indicates that the image is not AI-generated, and the context of rice and vegetables is accurate. The evidence supports the claim that white rice and beef is a common dish, as seen in various cuisines (e.g., Japanese and Cantonese) which often pair rice with beef and vegetables. Therefore, the claim is not misinformation."
ds9200,Misinformation,0.9,False,True,"The image is identified as AI-generated with a high confidence level (0.9), which directly leads to the classification of misinformation regardless of the other signals. The visual veracity indicates that the dog's anatomy appears distorted, suggesting manipulation typical of AI-generated images. Additionally, the claim about a plaid couch is only partially aligned with the image, further supporting the conclusion that the image does not accurately represent a real scene."
ds3723,Misinformation,0.9,False,True,"The claim that 'The Originals' began airing on The CW in October of 2005 is false. The series actually premiered on October 3, 2013. Additionally, the image is confirmed to be AI-generated, which further supports the classification of this claim as misinformation. The visual veracity confidence is high due to the AI-generated nature of the image, and the evidence clearly states the correct premiere date of the series."
7601,Not Misinformation,0.9,False,True,"The image depicts security personnel in a context that aligns with the claim about the Dhaka restaurant attack on July 1, 2016. The retrieved evidence confirms that Bangladeshi security personnel were indeed present near the site of the attack, which involved gunmen taking hostages at a restaurant. The visual veracity indicates that the image is not AI-generated, further supporting the authenticity of the claim."
9081,Not Misinformation,0.9,False,True,"The image shows a lunch box that contains sandwiches and carrots, which aligns with the claim. Although it does not clearly show a muffin or a salad, the overall contents are consistent with typical lunch box items. The visual veracity indicates that the image is not AI-generated, which supports the authenticity of the claim. The evidence retrieved supports the idea of what is commonly included in lunch boxes, reinforcing the claim's validity."
ds2006,Not Misinformation,0.6,False,True,"The image shows people lined up near an airplane, which partially aligns with the claim. However, the visibility of details regarding military uniforms is limited, making it unclear if any individuals are in military attire. The visual veracity indicates that the image is not AI-generated, which supports the authenticity of the scene. The evidence suggests that military personnel can often be seen at airports, but there is no specific confirmation of their presence in this particular image. Therefore, while the claim is not definitively false, it lacks full verification."
ds6266,Misinformation,0.9,False,True,"The image is confirmed to be AI-generated with a high confidence level (0.9), depicting an unrealistic scenario of a turkey flying over a cityscape. This visual does not align with the claim in the headline, which lacks context or relevance to the image. The definitive evidence of AI generation leads to the conclusion of misinformation regardless of other signals."
708,Not Misinformation,0.9,False,True,"The image depicts Carmelo Anthony and La La Vazquez Anthony, aligning with the claim about their relationship and the context of Carmelo's trade in 2011. The evidence supports that La La did not force Carmelo to seek a trade, but rather that the trade contributed to the decline of their marriage. The visual veracity indicates that the image is genuine and not AI-generated. Additionally, the retrieved evidence confirms the context of their relationship and the events surrounding the trade."
ds354,Not Misinformation,0.9,False,True,"The claim that Aon was unveiled as the sponsor of Manchester United in July 2010 is accurate. Aon signed a four-year sponsorship deal with Manchester United in June 2009, which officially began on June 1, 2010. The new Manchester United home kit featuring Aon's logo was revealed shortly after, on July 14, 2010. The image showing Manchester United jerseys with the Aon logo supports this claim, confirming the sponsorship context. Additionally, the retrieved evidence corroborates the timeline and details of the sponsorship agreement."
7119,Misinformation,0.9,False,True,"The claim that Julian Assange is calling for the threat of arrest to be lifted is not supported by the evidence. Multiple sources indicate that there are no recent statements from Assange regarding lifting any arrest threats. Instead, they focus on his ongoing legal issues and past actions. Additionally, the image does not depict a specific event related to the claim, as it shows Assange holding a newspaper rather than making a statement. Therefore, the claim is misleading."
6424,Misinformation,0.9,False,True,"The image is confirmed to be AI-generated with a high confidence level (0.9). This indicates that it does not represent a real harpy or any real event, despite the claim about a harpy coming in for a landing. The surreal nature of the image further supports this conclusion. Additionally, the claim about a harpy is misleading as harpies are mythological creatures and not real entities. The evidence confirms that harpies are symbolic and not actual beings, which aligns with the AI-generated nature of the image."
5060,Not Misinformation,0.9,False,True,"The claim that experts warn against using smartphones due to harmful radiation exposure linked to cancer is not definitively supported by the evidence. While there are concerns about smartphone radiation, the consensus among experts is that there is insufficient evidence to conclusively link smartphone use to cancer. The retrieved evidence indicates that while smartphones emit radiation, studies have not proven a direct link to cancer, and many experts believe the risks are minimal. For instance, the World Health Organization is reviewing the evidence, but current research suggests the risk is low (https://www.telegraph.co.uk/technology/2019/03/03/world-health-organisation-reviews-whether-smartphones-might/ and https://www.nytimes.com/2023/11/14/well/live/cellphone-radiation-effects.html)."
3899,Not Misinformation,0.9,False,True,"The claim that the Tenth Doctor is accompanied by Rose Tyler for 'The End of Time' is supported by evidence indicating that Rose Tyler was indeed a companion of the Tenth Doctor. The retrieved evidence confirms that Rose was a companion of both the Ninth and Tenth Doctors (https://en.wikipedia.org/wiki/Rose_Tyler, https://tardis.fandom.com/wiki/Rose_Tyler). Additionally, the Tenth Doctor's companions include Rose Tyler, as noted in the sources (https://en.wikipedia.org/wiki/Tenth_Doctor, https://tardis.fandom.com/wiki/Category:Tenth_Doctor_companions). While the specific context of 'The End of Time' is not directly addressed, the relationship between the Doctor and Rose is well-established, leading to a high confidence in the claim's validity."
ds511,Not Misinformation,0.9,False,True,"The image depicts the entrance of Whiskey Down, which is confirmed to be located inside the MGM Grand casino in Las Vegas. The evidence supports the claim that Whiskey Down offers a wide selection of whiskies and is a gaming lounge. The visual veracity indicates that the image is not AI-generated, further supporting the authenticity of the claim."
3537,Misinformation,0.9,False,True,"The image is confirmed to be AI-generated, which directly leads to the classification of the claim as misinformation. Additionally, the claim that action films are a subgenre of martial arts films is incorrect; while martial arts films can be considered a subset of action films, the reverse is not true. Action films encompass a broader range of themes and styles beyond just martial arts. This is supported by evidence that defines martial arts films and their characteristics, which do not align with the claim made. The visual veracity signal confirms the AI generation with high confidence, further solidifying the misinformation label."
ds9777,Not Misinformation,0.9,False,True,"The claim that Des Warren and Ricky Tomlinson were blacklisted for their union activity is supported by historical evidence. Both were imprisoned for their involvement in union activities, which led to significant repercussions in their careers. The image does not appear to be AI-generated, and the context aligns with the evidence provided. The retrieved evidence confirms their blacklisting and the impact it had on their lives, particularly in the building industry. Specifically, the sources from The Guardian and the Pilc.org article detail their imprisonment and subsequent blacklisting, reinforcing the claim's validity."
5524,Not Misinformation,0.9,False,True,"The image does not appear to be AI-generated, and the evidence indicates that there is no substantiated claim that Jennifer Aniston sabotaged Brad Pitt's Hollywood comeback. The retrieved evidence supports that their divorce was due to various factors, including career demands and differing views on parenthood, rather than any malicious intent from Aniston. Additionally, there are no credible reports linking Aniston to any actions that would sabotage Pitt's career. Therefore, the claim lacks factual basis."
ds4669,Not Misinformation,0.9,False,True,"The image does not depict Bradley Cooper or Lady Gaga, but it is not AI-generated. The claim about 'A Star Is Born' being a remake is accurate, and the film features the mentioned stars. The visual veracity indicates that the image is not AI-generated, which supports the authenticity of the claim. The evidence confirms that 'A Star Is Born' is indeed a remake and that Bradley Cooper and Lady Gaga star in it, aligning with the claim. Therefore, the overall assessment is that the claim is not misinformation."
2169,Not Misinformation,0.9,False,True,"The image shows various items including shoes, a cap, and an iPod, which are mentioned in the headline. The visual veracity signal indicates that the image is not AI-generated, and the items align with common contents found in bags. The evidence supports the claim regarding the significance of the items listed, particularly the iPod and name tags, which are relevant in social contexts. Therefore, the claim is accurate and not misleading."
889,Not Misinformation,0.9,False,True,"The claim about migrants being seen on the shore in Rhodes, Greece, is supported by evidence indicating a significant migrant crisis on the island. The retrieved evidence confirms that Rhodes is currently facing challenges with a high number of undocumented migrants, with reports of over 700 migrants exceeding local accommodation capacity and living in makeshift camps. This aligns with the context of the image showing a group of people on the shore. Additionally, the visual veracity assessment indicates that the image is not AI-generated, further supporting the authenticity of the claim."
ds4772,Not Misinformation,0.6,False,True,"The claim that Ed Sheeran admits he was able to bed hot women because of Taylor Swift is not directly supported by the evidence. While Ed Sheeran has made comments about Taylor Swift, such as referring to her as a 'middle-aged woman trapped in a 20-something's body' (source: https://www.etonline.com/music/147731_ed_sheeran_calls_taylor_swift_a_middle_aged_woman) and discussing their close friendship (source: https://www.aol.com/articles/ed-sheeran-says-taylor-swift-225743121.html), there is no evidence that he specifically attributes his dating success to her influence. Additionally, the sources do not provide any direct quotes or statements from Sheeran regarding dating attractive women, which weakens the claim's validity."
ds372,Not Misinformation,0.9,False,True,"The image of the rusting emergency vehicle aligns with the historical context of the Jackson State College protests in 1970, which involved significant student activism and police confrontations. While the specific vehicle's connection to the protests cannot be definitively confirmed, the evidence supports the relevance of the vehicle to the events of that time. The visual veracity indicates that the image is not AI-generated, further supporting its authenticity. The evidence from Wikipedia and other sources confirms the historical significance of the protests and the context in which such vehicles may have been used."
6440,Misinformation,0.9,False,True,"The image is confirmed to be AI-generated with a high confidence level (0.9), depicting a surreal scenario that does not align with reality. The claim about Kim Jong-un taking a smoke break is partially supported by evidence, but the bizarre depiction of stilt legs and the overall context of the image suggest it is not a factual representation. Therefore, the misinformation label is appropriate due to the AI generation of the image."
ds2864,Not Misinformation,0.6,False,True,"The claim about the dye leaking and giving the egg a polka dot appearance is partially supported by evidence of a dye leak contaminating the water supply in Kochi, which could suggest a connection to dye effects on eggs. However, the evidence does not directly confirm that the speckled appearance of the egg in the image is due to this dye leak. The visual veracity indicates that the image is not AI-generated, and the context of dyeing eggs with polka dots is also discussed in the retrieved evidence. Therefore, while there is some relevance, the direct connection to the claim is not definitively established."
ds9049,Not Misinformation,0.6,False,True,"The image depicts a living room with a table and chairs, which aligns with the claim. However, the absence of a fireplace means it does not fully meet the specifics of the claim. The visual veracity indicates that the image is genuine and not AI-generated. Therefore, while the claim is partially true, it is not entirely accurate due to the missing fireplace."
1505,Not Misinformation,0.9,False,True,"The claim that business rates have added about £500 million to retailers' costs in the past three years is supported by evidence indicating significant increases in business rates impacting retailers. Specifically, one source mentions a £140 million hike in business rates expected next April and an additional £242 million from another source, which aligns with the claim. Furthermore, the visual veracity indicates that the image is genuine and relevant to the retail context. Therefore, the claim is credible and not misinformation."
ds1418,Not Misinformation,0.6,False,True,"The image depicts a live music performance with a crowd, which aligns with the context of a music event. However, the specifics of it being a free event featuring Brazilian music stars or the Alternative Olympic Opening Ceremonies are not confirmed by the evidence. The retrieved evidence indicates that alternative Olympic opening ceremonies have occurred, but does not provide details about a specific event matching the claim. Additionally, while there are mentions of Brazilian music performances, there is no direct evidence linking them to the event in question. Therefore, the claim cannot be definitively verified as true or false."
690,Misinformation,0.9,False,True,"The claim states that Gus Malzahn is on the sideline during a game, but he is not the head coach of Auburn as of 2023. He was the head coach from 2013 to 2020 and is currently the head coach at the University of Central Florida. Therefore, the image cannot accurately depict him as the Auburn coach during the specified time. Additionally, the image does not confirm that it is during the third quarter of a game. The evidence clearly states that Malzahn is no longer associated with Auburn, which contradicts the claim."
ds7963,Not Misinformation,0.9,False,True,"The claim that 96 people died at the 1989 FA Cup semifinal at Hillsborough stadium is accurate. The retrieved evidence confirms that 96 people died as a result of the Hillsborough disaster, which occurred during the FA Cup semifinal on April 15, 1989. The evidence from multiple sources corroborates this figure and provides context about the event. The image, while not directly related to the specific claim, does not contradict the information provided in the headline."
ds9935,Not Misinformation,0.6,False,True,"The image does not appear to be AI-generated and shows David Cameron in a political context. However, the claim that he is celebrating himself as he heads to the EU summit is misleading, as the image does not depict any celebration or specific event related to the EU summit. The evidence confirms that David Cameron attended an EU summit in Brussels, but it does not support the celebratory aspect of the claim. Therefore, while the image is genuine, the claim itself is not accurately represented."
4960,Not Misinformation,0.9,False,True,"The image depicts a couple in a romantic setting, which aligns with the themes of love and beauty mentioned in the headline. The visual veracity indicates that the image is not AI-generated, and the context supports the connection to Jennifer Lopez and Alex Rodriguez. Additionally, the retrieved evidence confirms their past relationship and discussions about love and redemption, further supporting the claim."
5286,Misinformation,0.9,False,True,"The claim that Biden accepted illegitimate votes in the 2020 election is not supported by credible evidence. Numerous investigations and lawsuits have confirmed the legitimacy of the election results, and claims of widespread voter fraud have been widely debunked. The evidence indicates that while some individuals may believe in the existence of illegitimate votes, these claims lack substantiation. Additionally, the image of Biden does not provide any context or evidence to support the claim, further indicating a disconnect between the headline and the visual content. Therefore, the claim is classified as misinformation."
ds6300,Misinformation,0.9,False,True,"The image is confirmed to be AI-generated, which is a definitive indicator of misinformation. The presence of a cartoon character in a supposedly real-life scene further supports this conclusion. Additionally, the claim about Hillary Clinton breaking ground at Goldman's Pharmacy lacks credible evidence and is likely fabricated, as there are no reports of such an event occurring. The visual veracity signal indicates a high confidence in the AI-generated nature of the image, which is corroborated by the surreal context of the scene."
ds9486,Misinformation,0.9,False,True,"The image is confirmed to be AI-generated, which directly leads to the classification of misinformation regardless of the other signals. The visual veracity signal indicates a high confidence (0.8) that the image features unnatural anatomical structures and poses, suggesting manipulation. Additionally, the claim about the presence of two sneakers is not verified by the image, further supporting the misinformation label. The evidence regarding striped cats being common pets and their interaction with sneakers does not negate the fact that the image is AI-generated."
ds252,Not Misinformation,0.9,False,True,"The claim that Dave Lee Travis was one of broadcasting's biggest stars in the 70s and 80s is supported by multiple credible sources. Evidence indicates that he was a prominent figure during that time, particularly known for his role on 'Top of the Pops' and as a DJ on BBC Radio 1. The image does not appear to be AI-generated, and the visual veracity is confirmed as genuine. The alignment of the image with the claim is partial, but the overall context supports the claim's validity."
7904,Not Misinformation,0.9,False,True,"The image does not depict boys from the Mandari tribe or the specific context of fishing in Terekeka, South Sudan. However, the evidence indicates that the Mandari tribe primarily focuses on pastoralism and agriculture, with no specific mention of fishing by the Nile. The Terekeka fishing community was engaged in traditional fish smoking in September 2012, which aligns with the context of fishing activities along the Nile. Therefore, while the image does not accurately represent the claim, the claim itself is not entirely false as it relates to the fishing community's activities."
ds4659,Misinformation,0.9,False,True,"The claim that Kanye West auditioned for American Idol in San Francisco is supported by multiple sources confirming that he did indeed have a surprise audition during the show's final season in that location. The image shows two individuals who appear to be Kanye West and Kim Kardashian, which aligns with the claim. Additionally, the visual veracity indicates that the image is not AI-generated, further supporting the authenticity of the claim. Therefore, the evidence strongly supports the claim as true."
6609,Misinformation,0.9,False,True,"The image is confirmed to be AI-generated, which is a definitive indicator of misinformation. The visual veracity signal indicates a high confidence that the image depicts an impossible scenario of a horse levitating on a rocking chair, which is not typical of real-world photography. Additionally, the evidence supports that while horses can be depicted in unusual scenarios, the specific image in question is not a genuine photograph but rather an AI creation. This aligns with the definitive rule that AI-generated images are classified as misinformation."
5292,Misinformation,0.9,False,True,"The claim that Biden promised to abolish the Second Amendment is false. Evidence indicates that Biden has not made such a promise and instead advocates for responsible gun laws while respecting the Second Amendment. Additionally, the image is confirmed to be a genuine photograph, but the claim itself is misleading. The retrieved evidence supports the assertion that Biden has not promised to abolish the Second Amendment (see: https://politifact.com/truth-o-meter/promises/biden-promise-tracker/ and https://bearingarms.com/tomknighton/2020/08/19/biden-doesnt-get-second-amendment-n38723)."
5049,Not Misinformation,0.9,False,True,"The image does not appear to be AI-generated, and the signals indicate a relevant connection to the controversy surrounding 'The Bachelorette' rankings. The evidence supports the claim of fan outrage and biased reviews, with multiple sources discussing the controversies and manipulations within the franchise. The image aligns with the themes of romance and competition typical of the show, further supporting the claim's context."
ds8246,Not Misinformation,0.6,False,True,"The image does not depict Tony Abbott or any relevant event related to the headline, which raises questions about its relevance. However, the claim regarding Tony Abbott wanting lower taxes is supported by evidence that he has made such claims in the past, although there is skepticism about his fulfillment of those promises. The retrieved evidence indicates that Abbott has been criticized for not standing for lower taxes despite his claims. Therefore, while the image is not relevant, the claim itself has some basis in reality, leading to a medium confidence level."
5575,Misinformation,0.9,False,True,"The claim that Bradley Cooper and Lady Gaga were spotted kissing in Italy is not supported by any confirmed reports. While the image shows a couple kissing, there is no evidence that identifies them as Cooper and Gaga or confirms the location as Italy. Additionally, the sources indicate that while they have shared romantic moments, there is no specific documentation of a kiss in Italy. Therefore, the claim is misleading."
561,Not Misinformation,0.9,False,True,"The claim that Hurricane Matthew was photographed from the International Space Station on October 3, 2016, is supported by multiple pieces of evidence. The image aligns with the event described, and the visual veracity indicates that the image is genuine. Additionally, evidence confirms that Hurricane Matthew was indeed photographed from the ISS during this timeframe, specifically on October 4, 2016, which is close to the date mentioned in the claim. The context and details provided in the evidence reinforce the accuracy of the claim."
1970,Not Misinformation,0.9,False,True,"The image is a bar graph that accurately represents data related to the claim about younger patients being more informed about financial help compared to older patients. The visual veracity indicates that the image is not AI-generated, and the evidence supports the claim regarding financial help awareness among different age groups. The retrieved evidence includes references to the Cancer Patient Experience Survey and the importance of financial awareness, which aligns with the claim."
ds1060,Not Misinformation,0.9,False,True,"The image aligns well with the claim of a man holding his son during a candlelight vigil in New York. The visual signals support the context of a solemn gathering, consistent with the description of a vigil. Additionally, the evidence confirms that candlelight vigils have occurred in New York for various causes, including the recent vigil for Tibetan independence activist Lobga Rangzen and the vigil for Inisa BK, which further supports the claim's validity. There are no indications that the image is AI-generated, and the visual veracity confidence is low, indicating it is likely a genuine scene."
ds3938,Misinformation,0.9,False,True,"The claim that Northwestern University is a founding member of the Big Ten Conference starting in 1893 is incorrect. The Big Ten Conference was actually founded in 1896, not 1893. While Northwestern is indeed a charter member of the conference, the founding date is critical to the accuracy of the claim. The evidence clearly states that the Big Ten Conference was established in 1896 (source: https://en.wikipedia.org/wiki/Big_Ten_Conference and https://simple.wikipedia.org/wiki/Big_Ten_Conference). Therefore, the claim is misleading and qualifies as misinformation."
6399,Misinformation,0.9,False,True,"The image is identified as AI-generated with a confidence of 0.8, which indicates that it does not represent a real event or scenario. The surreal combination of police officers and Ninja Turtles suggests a fictional or digitally created context rather than a factual occurrence. Additionally, the retrieved evidence does not support the claim of Polish police officers posing with Ninja Turtles, as it primarily discusses stock images and unrelated events. Therefore, the claim is deemed misinformation."
6807,Misinformation,0.9,False,True,"The image is confirmed to be AI-generated, depicting a dragon with a bowl of vegetables, which is a surreal and fantastical scenario. This does not align with the claim of a simple large bowl with vegetables and broccoli. The visual veracity signal indicates a high confidence that the image is AI-generated, which leads to the conclusion of misinformation regardless of the claim's content."
ds9233,Not Misinformation,0.9,False,True,"The image clearly depicts a scene of people waiting at a bus terminal, which aligns with the claim. The visual veracity signals indicate that the image is not AI-generated, and the context supports the claim of people waiting for buses. The evidence from various sources confirms that bus terminals are indeed places where people wait for transportation, further validating the claim."
7506,Not Misinformation,0.6,False,True,"The image is not AI-generated, and there is evidence supporting the claim that coach parties from Shenzhen do visit Dedham Vale, particularly during the spring and summer months. However, the specific timing of their arrival in May and the details about their stay until autumn are not definitively confirmed by the evidence. The relevancy of the image to the claim is partial, as it depicts a natural scene that could relate to Dedham Vale but does not provide direct evidence of the coach parties or their schedule."
251,Not Misinformation,0.9,False,True,"The image and headline are consistent with the evidence that Sameena Jabeen Ahmed received her Best British Newcomer award from James Corden at the BFI London Film Festival. The image depicts her with Corden, which aligns with the claim. Additionally, the evidence confirms her award win and the context of the event. The visual veracity indicates that the image is genuine and not AI-generated."
ds1760,Misinformation,0.9,False,True,"The claim about a 400 km long human chain is misleading. The most notable event that fits this description is the Baltic Way, which occurred on August 23, 1989, where approximately two million people formed a human chain that spanned 675 kilometers (419 miles) across the Baltic states. The claim does not accurately represent this historical event, as it understates the length and the number of participants. Additionally, the image does not provide sufficient evidence to support the claim, as it lacks specific details about the event mentioned in the headline. Therefore, the claim is deemed misinformation."
ds5403,Not Misinformation,0.9,False,True,"The image depicts a genuine protest scene related to the topic of impeachment, which aligns with the headline discussing political strategy and public discourse manipulation. The visual veracity indicates that the image is not AI-generated, and the evidence supports the discussion of impeachment and political elites. The signals show a strong relevance to the claim, and the image context is consistent with the headline's themes."
ds8604,Misinformation,0.9,False,True,"The image is identified as AI-generated with a confidence of 0.8, which indicates manipulation or generation rather than a genuine photograph. This is a definitive signal of misinformation. Additionally, the claim about zebras socializing on rocks in an artificial lake lacks specific evidence to support the scenario described, further reinforcing the misinformation label."
ds8578,Not Misinformation,0.6,False,True,"The image depicts a man leaning over the back of a truck, which aligns with the claim. However, the specific location being in front of a Walmart is not definitively confirmed by the image alone. The visual veracity indicates that the image is not AI-generated, which supports its authenticity. The evidence retrieved discusses various incidents involving Walmart trucks, but does not directly confirm the specific scene in the image. Therefore, while the claim is plausible, it lacks definitive confirmation regarding the location, leading to a medium confidence level."
6114,Misinformation,0.9,False,True,"The image is identified as AI-generated with a confidence of 0.8, which directly leads to the classification of misinformation regardless of the claim's content. The visual does not depict a Mickey Mouse watch, but rather a surreal combination that suggests manipulation. Additionally, the claim about a mail order Mickey Mouse watch from Russia lacks specific evidence to support its validity, further reinforcing the misinformation label."
8341,Not Misinformation,0.9,False,True,"The claim that the Riverside Museum was awarded the European Museum of the Year in 2013 is supported by multiple sources, confirming the award and its significance. Additionally, the drop in visitor numbers aligns with broader trends affecting museums post-pandemic, as indicated by the evidence. The image does not provide any conflicting information and appears to depict a real location, further supporting the claim's validity."
1152,Not Misinformation,0.9,False,True,"The image depicts two individuals who appear to be Howard Stern and Beth Ostrosky, consistent with the claim that they were in attendance at an event. The visual signals align with the context provided in the headline. Additionally, evidence confirms that Howard Stern and Beth Ostrosky attended the North Shore Animal League America Gala, which supports the claim. The image is not AI-generated, further reinforcing its authenticity."
ds5714,Misinformation,0.9,False,True,"The image is confirmed to be AI-generated with a confidence level of 0.8, which directly leads to the classification of the claim as misinformation. Additionally, while Babur's contributions to education are acknowledged in historical contexts, the specific claim about him being a renowned educator paving the way for educational excellence lacks substantial evidence and is not explicitly supported by the sources. The evidence indicates that while Babur laid the groundwork for cultural advancements, specific educational reforms or contributions are not detailed. Therefore, the combination of the AI-generated image and the lack of concrete evidence for the claim supports the misinformation label."
ds9888,Not Misinformation,0.9,False,True,"The image shows Jerzy Janowicz celebrating after winning a set, which aligns with the claim that he took the first set on a tiebreak. The scoreboard in the image supports this context. Additionally, the evidence confirms that Janowicz has indeed won sets in tiebreak situations, such as against Andy Murray at Wimbledon. Therefore, the claim is accurate and supported by the visual and textual evidence."
7531,Not Misinformation,0.9,False,True,"The image and claim about the Occupy protest at St Paul's Cathedral in London are supported by multiple pieces of evidence confirming that such protests did occur at that location. The visual veracity indicates that the image is not AI-generated, and the relevancy score suggests a strong connection to the claim. The evidence from various sources confirms the occurrence of the Occupy protests at St Paul's Cathedral, including specific incidents like protesters chaining themselves to the pulpit. Therefore, the claim is accurate and well-supported."
1795,Not Misinformation,0.9,False,True,"The claim that Justin Fashanu is described as intelligent, witty, honest, and articulate in Nick Baker's 'Forbidden Forward' is supported by the evidence. The book is noted for its detailed research and candid portrayal of Fashanu's life, which aligns with the positive attributes mentioned in the claim. Additionally, the image of Fashanu is confirmed to be a genuine photograph, further supporting the authenticity of the claim. The evidence from the retrieved snippets confirms the book's focus on Fashanu's character and experiences, reinforcing the claim's validity."
7759,Not Misinformation,0.9,False,True,"The image is confirmed to be a genuine photograph of a power plant, and the claim about Dong Energy's gas-fired power station in Newport aligns with the evidence that Dong Energy operates a gas-fired power station in Newport, South Wales. Additionally, the UK government's stance on gas as a bridging technology is supported by evidence indicating that it is viewed as such, although there are criticisms regarding its long-term viability. The operational status of the power station is not explicitly confirmed, but it was operational as of its opening in 2011. Therefore, the claim is not misinformation based on the available evidence."
5697,Misinformation,0.9,False,True,"The image is confirmed to be AI-generated with a confidence of 0.8, which directly leads to the classification of the claim as misinformation. The claim about NASA revealing a second moon is misleading, as there is no permanent second moon for Earth, only temporary mini-moons that do not meet the criteria of a true moon. The evidence supports that the announcement regarding a second moon is based on a temporary object, not a new permanent celestial body. Additionally, the context of the image does not align with factual space exploration events."
3769,Misinformation,0.9,False,True,"The image is identified as AI-generated with a confidence of 0.8, which directly leads to the classification of the claim as misinformation. Additionally, the claim that 'Tangled is a shoelace' is factually incorrect, as 'Tangled' refers to a Disney animated film, not a shoelace. The evidence supports that 'Tangled' is not synonymous with shoelaces, further reinforcing the misinformation label. The visual veracity signal confirms the AI generation, which is a definitive rule for labeling misinformation regardless of other signals."
4905,Not Misinformation,0.9,False,True,"The claim that Lindsay Shookus is not pregnant is supported by multiple sources indicating that there are no credible reports confirming her pregnancy. The evidence suggests that while there were rumors about her being pregnant, they have not been substantiated. Additionally, the image does not depict either Lindsay Shookus or Ben Affleck, further distancing it from the claim. The visual veracity indicates that the image is not AI-generated, and the context aligns with the headline's assertion. Therefore, the claim is accurate based on the evidence provided."
6026,Misinformation,0.9,False,True,"The image is confirmed to be AI-generated with a high confidence level (0.8), which directly leads to the classification of the content as misinformation. Additionally, the headline does not align with the context of the image, which depicts a talk show setting without any indication of violence or killing. The visual manipulation further supports the conclusion that the image is not a genuine representation of reality."
5977,Not Misinformation,0.9,False,True,"The claim about Konidela Production Company emerging as a key player in the Chinese entertainment industry lacks supporting evidence. The company is primarily based in India and focuses on Indian film production, with no specific information found regarding its expansion or involvement in China. The image does not appear to be AI-generated, and the visual context aligns with a celebratory event, but it does not confirm the claim. The retrieved evidence consistently indicates that there is no current involvement of Konidela Production Company in the Chinese entertainment sector."
104,Not Misinformation,0.9,False,True,"The claim that there are hundreds of commercial airlines globally and that not all of them have inflight connectivity or access to the internet is supported by evidence. There are over 5,000 airlines globally, and approximately 70% of airlines provide some form of inflight connectivity, indicating that many do not. The image of model airplanes relates to commercial airlines, reinforcing the claim's context. The visual veracity indicates the image is genuine and not AI-generated."
ds9954,Misinformation,0.9,False,True,"The claim that Jinyun and Yahong celebrated in Morecambe Bay is unsupported by the evidence. The sources indicate that Jinyun and Yahong were involved in a tragic event where their husbands died while working as cocklepickers in Morecambe Bay, rather than a celebration. Additionally, the image does not provide clear evidence linking it to the claim, and the individuals depicted are not identified as Jinyun and Yahong. Therefore, the claim is misleading. Evidence from sources confirms the tragic context of Jinyun and Yahong's involvement in Morecambe Bay, rather than a celebratory event. (Sources: https://en.wikipedia.org/wiki/Morecambe_Bay, https://underagreysky.com/2012/03/29/on-morecombe-bay/)"
ds9091,Not Misinformation,0.9,False,True,"The claim describes an image that features a colorful umbrella in a black and white city scene. The evidence indicates that such images exist and are popular in stock photography, suggesting that the claim could be true. The visual veracity signal indicates that the image is not AI-generated, which supports the authenticity of the claim. Additionally, the retrieved evidence includes multiple sources that confirm the existence of colorful umbrellas in black and white city settings, reinforcing the likelihood that the claim is accurate."
ds1846,Misinformation,0.9,False,True,"The claim states that a vehicle belonging to Correa's security detail was set on fire by rioting police. However, evidence indicates that it was protesters who set a police car on fire during anti-government demonstrations, not the police setting a vehicle on fire. This contradicts the claim. Additionally, the image is not AI-generated, but the context of the event described does not align with the evidence provided."
ds2126,Not Misinformation,0.9,False,True,"The image depicts two street signs labeled 'EAST ST', which aligns with the claim about identical street signs. The evidence confirms that there have been instances of identical street signs causing confusion, as noted in the Swansea case where two identical signs were placed one behind the other (https://www.walesonline.co.uk/news/wales-news/ridiculous-reason-swansea-street-left-17442826). Additionally, the visual veracity assessment indicates that the image is not AI-generated, further supporting the authenticity of the claim. Therefore, the claim is substantiated by the evidence provided."
ds8631,Misinformation,0.9,False,True,"The image is confirmed to be AI-generated with a confidence of 0.8, which directly leads to the conclusion of misinformation regardless of the content of the headline. The visual elements described in the claim do not match the image, which features bananas instead of oranges and lacks the described tree and potted plants. The AI-generated nature of the image is a definitive indicator of misinformation."
ds6054,Not Misinformation,0.9,False,True,"The claim that 'everyone knows dachshunds don't work over water' aligns with the evidence that dachshunds are generally not good swimmers due to their physical build, which makes swimming difficult for them. The evidence supports the idea that while some dachshunds can swim, they are not typically known for their swimming abilities and may find it tiring. The image does not depict an actual scenario where a dachshund is working over water, but rather a fantastical scene, which does not contradict the claim. Therefore, the claim is not misinformation."
595,Not Misinformation,0.9,False,True,"The image is confirmed to be a genuine photograph of the Cleveland skyline, and it aligns with the claim that it was taken from Edgewater Park in 2012. The signals indicate a high relevancy and confidence in the visual veracity of the image. The evidence supports the claim that Edgewater Park provides views of the Cleveland skyline, and while specific images from 2012 are not directly mentioned, the context is consistent with the description."
ds4857,Not Misinformation,0.9,False,True,"The image does not appear to be AI-generated, and the content of the headline aligns with Kourtney Kardashian's recent experiences regarding her pregnancy and her relationships. The evidence confirms that Kourtney had a pregnancy scare and has had complex interactions with both Scott Disick and Younes Bendjima. The image, while not directly related, does not contradict the claims made in the headline."
8858,Not Misinformation,0.6,False,True,"The claim describes a man walking on his back in the snow, which does not match the image of a skier in a snowy environment. The visual veracity indicates that the image is not AI-generated, but the description does not align with the activity depicted. Therefore, while the image is not misleading in terms of being AI-generated, it does not accurately represent the claim. The confidence is medium due to the lack of strong evidence supporting the claim's accuracy."
ds4896,Not Misinformation,0.6,False,True,"The image is not AI-generated, and while the claim about Nicole Richie pleading with Sofia to end her romance with Scott Disick is not directly supported by the evidence, there is some context regarding their relationships. Nicole has advised Sofia in the past, and Sofia's relationship with Scott Disick ended in May 2020, which aligns with the timeline of the claim. However, there is no direct evidence of Nicole pleading with Sofia about this specific issue. Therefore, the claim lacks definitive support but is not outright false."
8916,Not Misinformation,0.6,False,True,"The image shows a white toilet, but it does not depict a black mirror or a tiled floor as described in the claim. The background is primarily black tiles, which weakens the connection to the claim. However, the visual veracity indicates that the image is not AI-generated, and the signals suggest that the claim is not entirely accurate but not outright false either. The evidence supports the idea of black-and-white bathroom designs, but does not confirm the specific elements mentioned in the claim."
ds562,Not Misinformation,0.9,False,True,"The claim that 30,000 people gather to celebrate SPAM luncheon meat in Hawaii is supported by multiple sources confirming the attendance at the Waikiki Spam Jam festival. The image aligns with the event described, showing a celebration related to SPAM. Additionally, the visual veracity indicates that the image is not AI-generated, further supporting the authenticity of the claim."
ds5647,Misinformation,0.9,False,True,"The claim that the Pfizer CEO secretly admits the COVID-19 vaccine causes permanent brain damage is false. Evidence indicates that there is no credible admission from the Pfizer CEO regarding brain damage caused by the vaccine. Multiple sources confirm that claims of permanent brain damage from the vaccine are not supported by scientific evidence, and the CEO has not made such statements. Additionally, the image does not provide any context that supports the claim, and the visual veracity indicates it is not AI-generated. Therefore, the claim is classified as misinformation."
160,Not Misinformation,0.6,False,True,"The image shows a cat wearing a cone, which suggests it may have undergone medical treatment, but there is no direct evidence linking this specific cat to the claim about Dorothy being shot. The retrieved evidence does not confirm any incident involving a cat named Dorothy being shot, and the sources primarily discuss unrelated topics. However, there are mentions of pellet gun incidents involving cats in Newport, which adds some context but does not directly support the claim about Dorothy. Therefore, while the claim lacks direct evidence, it is not definitively false either."
ds7704,Not Misinformation,0.6,False,True,"The image does not depict the River Severn winding through Leighton in Shropshire, as it shows a golf course and surrounding landscape instead. However, the River Severn does flow through Shropshire, and aerial views of the river in this area are common. The visual veracity indicates that the image is not AI-generated, which supports the claim that it is a genuine photograph, albeit not relevant to the specific claim about the River Severn. The evidence confirms the geographical presence of the River Severn in Shropshire, but the image does not accurately represent the claim made in the headline."
ds451,Misinformation,0.9,False,True,"The claim that Paul Wilson ran away from the scene after hitting Alwyn Pritchard is supported by multiple credible sources. Specifically, evidence indicates that Paul Wilson was involved in a fatal accident where he struck Alwyn Pritchard and subsequently fled the scene. This is corroborated by reports from both Wales Online and BBC News, which detail the incident and confirm Wilson's actions. Therefore, the claim is accurate and not misinformation."
ds4380,Misinformation,0.9,False,True,"The claim that Nancy Pelosi is resigning is misleading. While she has resigned from her leadership position, she has not resigned from her position as a member of Congress. PolitiFact confirms that the headline from NRTOnline is false and flagged as potentially fabricated. The image does not appear to be AI-generated, but the misinformation lies in the claim of her resignation. Therefore, the overall assessment is that this is misinformation."
1204,Not Misinformation,0.9,False,True,"The claim about the ambush of police officers in Jalisco is supported by multiple credible sources. The image shows police presence on a road, which aligns with the context of police deployment mentioned in the headline. The retrieved evidence confirms that on April 6, 2015, a convoy of the Jalisco State Police was indeed ambushed by members of the Jalisco New Generation Cartel, resulting in the deaths of 15 police officers. This incident is well-documented and is part of a broader context of violence involving organized crime in the region. The visual veracity indicates that the image is not AI-generated, further supporting the authenticity of the claim."
ds5364,Not Misinformation,0.9,False,True,"The image features Don Lemon, who is directly related to the claims made in the headline about his controversial remarks and the resulting media backlash. The evidence confirms that Don Lemon has made controversial remarks that have stirred outrage and led to significant media backlash, including comments about women over 50 and white men being a terror threat. The visual veracity indicates that the image is genuine and not AI-generated, which supports the credibility of the claim. Additionally, the evidence from multiple sources corroborates the claims made in the headline, further solidifying the connection between the image and the claim."
ds8199,Not Misinformation,0.9,False,True,"The claim that the death of former Putin aide Mikhail Lesin at a DC hotel was ruled accidental is supported by multiple credible sources. The evidence confirms that his death was indeed ruled an accident by US authorities, and it was attributed to blunt force trauma and excessive alcohol consumption. The image does not provide any context that contradicts this claim, and it is not AI-generated. Therefore, the claim is accurate and well-supported."
ds9128,Misinformation,0.9,False,True,"The image is identified as AI-generated with a confidence of 0.8, which indicates a high likelihood of manipulation. The description of the cow next to a blue door aligns with the claim, but the visual veracity indicates that the image does not represent a real scene. The unusual context and the cow's anatomy suggest it is not a genuine photograph. Therefore, the claim is deemed misinformation due to the AI-generated nature of the image."
ds8717,Not Misinformation,0.9,False,True,"The image depicts a bed with a blanket and multiple pillows, which aligns perfectly with the claim. The visual veracity indicates that the image is not AI-generated, further supporting the authenticity of the claim. The evidence retrieved also discusses the use of pillows and blankets, confirming their relevance to the claim."
ds1226,Not Misinformation,0.6,False,True,"The image shows a person carrying belongings out of a flooded area, which aligns with the context of the headline about flood damage in Hoboken, NJ. However, there is no specific evidence confirming the identity of the person as Matt Hampton or that the location is indeed his web design office. The visual veracity indicates that the image is not AI-generated, but the lack of specific identification lowers the confidence in the claim. The evidence regarding flooding in Hoboken is strong, but it does not directly link to Matt Hampton's office. Therefore, while the image and headline are related, the specifics are not confirmed."
ds4978,Misinformation,0.9,False,True,"The claim states that Nicole Kidman won an Emmy for Outstanding Lead Actress in a Limited Series or Movie at the 69th Emmy Awards. Evidence confirms that she did win this award at the 69th Emmy Awards, which took place in 2017. The image shows a woman holding an award, which aligns with the context of the Emmy Awards. Therefore, the claim is accurate based on the evidence provided. However, since the claim is about a past event and the image does not specifically confirm the identity of the award or the event, it could lead to confusion. Nonetheless, the evidence strongly supports the claim's validity."
6327,Misinformation,0.9,False,True,"The image is confirmed to be AI-generated with a high confidence level (0.9), which indicates it does not represent a real scene from a fish market. The visual veracity signals indicate clear signs of manipulation, such as a distorted face and unnatural hand positioning. This directly leads to the conclusion that the image cannot be trusted as a genuine representation of a fish market. Additionally, the claim about a fish market long ago and far away is not substantiated by any real historical context in the image, further supporting the misinformation label."
ds1360,Not Misinformation,0.6,False,True,"The image shows a bishop in traditional attire, which aligns with the subject of the headline about Bishop Franz-Peter Tebartz-van Elst. However, there is no definitive evidence confirming that the image is from August 30, 2013, or that it was taken in Limburg an der Lahn. The retrieved evidence indicates that he was suspended but does not confirm his presence at the cathedral on that specific date. Therefore, while the image is likely genuine, the claim cannot be fully verified."
ds3180,Misinformation,0.9,False,True,"The claim that Watertown, Massachusetts is in Vermont is definitively false. Watertown is located in Middlesex County, Massachusetts, and is part of Greater Boston. The evidence clearly states that Watertown is not in Vermont, confirming its location in Massachusetts. Additionally, the image does not provide any conflicting information regarding the location. Therefore, the claim is misinformation."
ds6722,Misinformation,0.9,False,True,"The image is identified as AI-generated with a confidence level of 0.8, which is above the threshold of 0.6. This classification is supported by the visual veracity signals indicating surreal elements and unnatural features in the image. Additionally, the claim aligns with the visual content, but the AI generation status overrides this alignment, leading to a definitive classification of misinformation."
ds4618,Not Misinformation,0.9,False,True,"The claim that Justin Bieber accidentally hit a photographer with his pick-up truck after church service is supported by multiple credible sources. The evidence confirms that the incident occurred on July 27, 2017, when Bieber struck a photographer while leaving a church service in Beverly Hills. The details align with the claim, and the image is not AI-generated, further supporting the authenticity of the event. Specific evidence includes reports from The Cut (https://www.thecut.com/2017/07/justin-bieber-hits-photographer-with-his-car-outside-church.html) and Daily Mail (https://www.dailymail.com/tvshowbiz/article-4734480/Justin-Bieber-hit-photographer-monster-truck.html) which detail the incident and confirm it was an accident."
ds2707,Not Misinformation,0.6,False,True,"The claim describes two palm trees in a way that anthropomorphizes them, suggesting they are 'stealing a private moment' and 'giggling.' While the image may depict two palm trees that could be interpreted as having a close or intimate appearance, there is no evidence to support the idea that trees can exhibit human-like behavior such as giggling. The visual veracity indicates that the image is not AI-generated, which supports the claim's authenticity. However, the anthropomorphism in the claim is misleading as trees do not possess consciousness or the ability to engage in human-like actions. Therefore, while the claim is not outright false, it misrepresents the nature of palm trees."
ds4910,Not Misinformation,0.9,False,True,"The image depicts a couple who appear to be Gwen Stefani and Blake Shelton in a cozy setting, which aligns with the headline about their relationship. The evidence supports the claim that Gwen Stefani is still in love with Blake Shelton and has not tried to change him. Reports indicate they are enjoying a 'honeymoon phase' and are very much in love (evidence from https://www.foxnews.com/entertainment/gwen-stefani-honeymoon-husband-blake-shelton and https://www.yahoo.com/entertainment/gwen-stefani-still-love-blake-000943512.html). Additionally, there are no credible sources indicating that Gwen has attempted to change Blake, which further supports the claim (evidence from https://news.meaww.com/i-am-in-love-with-my-best-friend-gwen-stefani-candidly-addresses-marriage-rumors-with-blake-shelt"
ds1096,Not Misinformation,0.9,False,True,"The image depicts lab technicians in a laboratory setting, which aligns with the context of processing tests. While the claim specifies Zika tests at the CDC's dengue branch in San Juan, the evidence confirms that Zika tests are indeed processed in Puerto Rico and that the CDC Dengue Branch is focused on dengue, but it does not explicitly state that Zika tests are processed there. However, the overall context supports the claim as plausible. The visual veracity indicates that the image is not AI-generated, further supporting the reliability of the claim."
ds803,Misinformation,0.9,False,True,"The claim that Johnny Maurice Avery is accused of shooting Mildred Martin is supported by evidence indicating that he was indeed indicted for her murder. The image is a mugshot, which aligns with the context of the claim. Additionally, the sources confirm that Mildred Martin was shot and killed by a stray bullet while sitting on her porch, and there is a clear connection to Johnny Maurice Avery being involved in her death. Therefore, the claim is accurate and not misinformation."
9249,Misinformation,0.9,False,True,"The image is confirmed to be AI-generated with a high confidence level (0.9), which indicates that it does not represent a real mother elephant and her baby. The visual characteristics of the elephants in the image are not typical, suggesting manipulation. Additionally, the claim about the elephants standing alongside a dry water pool is not substantiated by the evidence, which discusses elephants' behavior around water but does not confirm the specific scenario presented in the claim."
ds4946,Misinformation,0.9,False,True,"The claim about J.J. Watt, Tyler Perry, and Jamie Foxx donating to Texas flood relief lacks substantial evidence. The retrieved evidence indicates that many claims about celebrity donations for Texas flood relief are exaggerated or false, with no specific confirmations for the individuals mentioned in the headline. For instance, one source states that Facebook posts about celebrity donations were not based on real announcements (https://politifact.com/article/2025/jul/10/celebrity-donations-Texas-flood/). Additionally, there is no evidence supporting the donations from the mentioned celebrities (https://www.yahoo.com/news/articles/fake-stories-texas-floods-reached-130000066.html)."
1436,Not Misinformation,0.9,False,True,"The claim that musician Buddy Guy arrived at the Kennedy Center Honors reception at the White House is supported by multiple pieces of evidence. Specifically, evidence indicates that Buddy Guy did attend the Kennedy Center Honors on December 2, 2012, where he was recognized for his contributions to American culture. The image shows a man at a formal event, which aligns with the context of the Kennedy Center Honors. Additionally, the visual veracity indicates that the image is not AI-generated, further supporting its authenticity. Therefore, the claim is accurate and not misleading."
ds1062,Not Misinformation,0.9,False,True,"The image is a genuine photograph related to the Yellow Line and SafeTrack, and the claim aligns with the content of the image. The visual veracity indicates that the image is not AI-generated, and the relevancy score supports the connection to the Yellow Line during SafeTrack's fourth surge. Additionally, the evidence confirms the details about SafeTrack's impact on the Yellow Line, particularly during the specified time frame."
ds1686,Not Misinformation,0.9,False,True,"The claim about John McCririck's loyalty to Channel 4 Racing is supported by multiple sources confirming his long tenure and dedication to the broadcaster. The image is not AI-generated, and the context aligns with the claim. McCririck worked for Channel 4 Racing for 28 years and expressed his loyalty to the station, which is corroborated by evidence from his interviews and articles about his career."
7439,Misinformation,0.9,False,True,"The claim states that President Obama held a campaign event in Roanoke earlier this month, but there is no evidence to support that any such event occurred in October 2023. The retrieved evidence confirms that there are no records of a recent campaign event by Obama in Roanoke, and the only mentions of Roanoke relate to past events from 2008 and 2012. Additionally, the image is confirmed to be a genuine photograph, but it does not provide evidence for the specific claim about the October 2023 event. Therefore, the claim is misleading."
8870,Not Misinformation,0.9,False,True,"The image depicts a normal bathroom scene, which aligns with the claim about a bath towel in a small bathroom. The signals indicate that the image is not AI-generated and appears to show a typical bathroom setup. Additionally, the retrieved evidence supports the commonality of bath towels in small bathrooms and provides context for towel arrangements and storage solutions. The relevancy score is low, but the visual veracity confirms the image is genuine. Therefore, the claim is not misinformation."
ds8989,Not Misinformation,0.9,False,True,"The claim that two women are sitting near a table covered in fruit is supported by the image, which shows two women near a table with fruit. The evidence confirms that two women are indeed sitting by a window, which aligns with the claim. Additionally, the image is confirmed to be a genuine photograph, not AI-generated. Therefore, the claim is accurate based on the available evidence."
7101,Not Misinformation,0.9,False,True,"The image depicts a male tennis player in action, likely Rafael Nadal, and the claim states that Nadal was in action against Facundo Bagnis during their second-round match. The evidence confirms that Nadal did indeed play against Bagnis in the second round of the 2016 French Open, winning the match decisively. The visual veracity indicates that the image is not AI-generated, further supporting the authenticity of the claim."
ds7980,Misinformation,0.9,False,True,"The claim states that Japan will host the World Cup in 2019, which is false. Japan hosted the Rugby World Cup in 2019, not the FIFA World Cup. The FIFA World Cup is held every four years, and the last tournament before 2019 was in 2018 in Russia. Additionally, the image does not depict Japanese fans or relate to the World Cup, further misaligning with the claim."
ds9213,Misinformation,0.9,False,True,"The image is identified as AI-generated with a confidence of 0.8, which directly leads to the classification of the claim as misinformation. The visual veracity signal indicates that the image lacks realistic depth and context, suggesting it is not a genuine photograph of an airplane. Additionally, the claim about a plane leaving a tail aligns with factual information about contrails, but the AI-generated nature of the image overrides this. The evidence supports the existence of contrails and the conditions under which they form, but the image's authenticity is compromised. Therefore, the claim cannot be considered truthful."
ds8942,Not Misinformation,0.9,False,True,"The image depicts an old-fashioned kitchen setup that aligns well with the claim of being set up for guests. The visual veracity indicates that the image is not AI-generated, which supports the authenticity of the claim. Additionally, the evidence retrieved supports the idea that old-fashioned kitchens are popular for their charm and functionality, making them suitable for hosting guests. The sources confirm that traditional kitchen designs are appreciated for their inviting atmosphere, which aligns with the claim."
2649,Not Misinformation,0.9,False,True,"The image aligns well with the claim of trees growing through old farm equipment, supported by the surrounding environment of woods. The visual veracity indicates that the image is not AI-generated, and the context is plausible. Additionally, the evidence retrieved supports the phenomenon of nature reclaiming old machinery and the presence of abandoned farm equipment in wooded areas."
ds8677,Misinformation,0.9,False,True,"The image is confirmed to be AI-generated with a confidence level of 0.8, which directly leads to the classification of misinformation regardless of the content of the image. The visual elements described, such as the unnatural arrangement of the orange and spinach, further support this classification. Additionally, the headline claims the presence of various fruits, which is not substantiated by the image evidence. Therefore, the combination of AI generation and misleading content leads to a high confidence in labeling this as misinformation."
2915,Not Misinformation,0.9,False,True,"The claim states that the restroom has a detailed map for the blind. While the image shows a restroom map, it does not provide clear evidence that it is specifically designed for the blind, as there are no visible tactile features or braille. However, the evidence indicates that tactile restroom maps are being developed and are not common, which aligns with the uncertainty in the claim. The visual veracity indicates that the image is not AI-generated, further supporting the claim's validity. Therefore, the claim is not misinformation, but it lacks definitive support for the specific assertion about being for the blind."
4752,Misinformation,0.9,False,True,"The image is confirmed to be AI-generated with a high confidence level (0.8), which directly leads to the classification of the claim as misinformation. Additionally, the image does not depict Robert Pattinson or Kristen Stewart, nor does it relate to the claim about buzz cuts, further supporting the misinformation label. The headline's connection to the image is weak and misleading."
ds8815,Misinformation,0.9,False,True,"The image is confirmed to be AI-generated with a high confidence level (0.9), depicting a bear's head under a blanket, which is not a realistic scenario. This directly contradicts the claim about a baby blanket and comforter. The visual veracity indicates that the image does not represent a real-life context, further supporting the misinformation label. Additionally, the claim does not align with the content of the image, reinforcing the conclusion that the claim is false."
3855,Misinformation,0.9,False,True,"The claim that 'Maximum Overdrive' is only a 1980 romance film is false. 'Maximum Overdrive' is actually a 1986 science fiction action horror film directed by Stephen King. The image is identified as AI-generated, which further supports the classification of the claim as misinformation. The evidence clearly states the film's genre and release date, confirming that it is not a romance film."
2756,Misinformation,0.9,False,True,"The image is confirmed to be AI-generated with a high confidence level (0.9), which directly leads to the classification of the claim as misinformation. The visual veracity indicates that the image does not represent a real person, undermining the authenticity of the claim about the 'tree man' being cured. Additionally, the claim about the 'tree man' being cured is contradicted by recent reports indicating that his condition has returned and he is experiencing unbearable pain (evidence from [1] and [2])."
ds7291,Not Misinformation,0.9,False,True,"The image depicts a man with a horse, which aligns with the claim about Nicky Henderson and Sprinter Sacre. The evidence confirms that Nicky Henderson hosted an open day at Seven Barrows, where Sprinter Sacre was present. Specifically, the event is mentioned in the context of the Lambourn Open Day, which has been a tradition for over 30 years and featured Sprinter Sacre among other horses (https://www.racingpost.com/news/features/regulars/racing-ought-to-be-very-proud-of-it-nicky-henderson-centre-stage-as-lambourn-open-day-goes-down-a-treat-avnrb4D1NIZB/). Additionally, it is confirmed that Sprinter Sacre visited Seven Barrows in February 2013 (https://thevaulthorseracing.wordpress.com/2013/02/25/hes-better-than-frankel-sprinter-sacre/). Therefore, the claim is supported by reliable eviden"
ds7399,Misinformation,0.9,False,True,"The image does not depict Julia Stiles, Paul Greengrass, or Matt Damon, nor does it show the premiere of The Bourne Ultimatum. The claim is therefore misleading. Additionally, the image is confirmed to be genuine and not AI-generated, but the lack of relevance to the claim leads to a high confidence in misinformation."
9058,Misinformation,0.9,False,True,"The image is identified as AI-generated with a confidence of 0.8, which is above the threshold of 0.6. This indicates that the image does not represent a real plate of food, including broccoli, as claimed in the headline. Additionally, the relevancy signal confirms that the image does not depict broccoli at all, further supporting the conclusion that the claim is misleading. The combination of these factors leads to a high confidence in labeling this as misinformation."
ds2311,Not Misinformation,0.9,False,True,"The image depicts a cat sitting in a bowl, which aligns with the claim. The visual veracity indicates that the image is not AI-generated, and the context of cats enjoying small spaces supports the claim. The evidence confirms that big cats are not typically found in small bowls, but the claim does not specify that it refers to big wild cats, allowing for the interpretation of domestic cats. Therefore, the claim is not misleading."
ds3931,Misinformation,0.9,False,True,"The claim that Toy Story 2 was produced by DreamWorks is false. Toy Story 2 was produced by Pixar Animation Studios, as confirmed by multiple sources. The evidence clearly states that Toy Story 2 is a Pixar film and not associated with DreamWorks. Additionally, the image depicts characters from Toy Story, further supporting the claim that it is related to Pixar. Therefore, the headline is misleading and incorrect."
ds2471,Not Misinformation,0.9,False,True,"The image aligns well with the claim of a woman sitting on a chair with an umbrella. The visual veracity signals indicate that the image is not AI-generated, and the evidence supports the existence of similar images. The confidence in the relevancy is high, and the visual veracity confidence is low but does not indicate AI generation. Therefore, the claim is supported by the evidence provided."
9577,Not Misinformation,0.9,False,True,"The image does not appear to be AI-generated, and the context of the claim aligns with the emotional situation depicted in the image. The evidence supports the existence of Brian and Eileen Maguire and their involvement in discussions about tragic events related to their family. The claim about them stating it was an 'excellent waiting to happen' is not directly confirmed, but the emotional context is relevant. The visual veracity is confirmed as genuine, and the claim is plausible given the context of their experiences. Therefore, it does not qualify as misinformation."
ds7360,Not Misinformation,0.9,False,True,"The image shows Bernie Sanders speaking, which aligns with the claim that he appeals to students on big issues at George Mason University. The evidence confirms that he did indeed speak at George Mason University on October 28, 2015, addressing various political issues relevant to students. The visual veracity indicates that the image is genuine and not AI-generated. Therefore, the claim is supported by both the image and the retrieved evidence."
ds8806,Misinformation,0.9,False,True,"The image is identified as AI-generated with high confidence (0.9), as it features elephants with human-like legs, which is anatomically impossible. This indicates manipulation or generation rather than a genuine photograph. Additionally, the claim about elephants standing on a balcony is not supported by evidence, as elephants do not typically stand on balconies. The visual veracity signal strongly suggests that the image is not authentic, leading to the conclusion of misinformation."
ds9145,Misinformation,0.9,False,True,"The image is confirmed to be AI-generated with a high confidence level (0.8), which directly leads to the classification of the claim as misinformation. The visual veracity indicates that the image lacks natural imperfections and has inconsistent lighting, further supporting the AI generation claim. Additionally, the claim about the vase containing purple irises cannot be definitively verified, as the specific type of flower is not confirmed in the image."
ds137,Not Misinformation,0.9,False,True,"The image depicts a real-life scene involving police activity, which aligns with the claim about an arrest related to a building society raid. The evidence confirms that there were arrests made in connection with a building society raid, specifically mentioning the Nationwide Building Society in Wallsend. Additionally, the details about the building society raid involving a man named Michael Wheatley with a handgun further support the claim. The visual veracity indicates that the image is not AI-generated, reinforcing the credibility of the claim."
ds5761,Misinformation,0.9,False,True,"The image is identified as AI-generated with a confidence of 0.8, which meets the definitive rule for labeling as misinformation. Despite the claim about the Burj Khalifa being accurate, the AI-generated nature of the image overrides other signals. The visual veracity indicates that the image contains surreal elements that suggest manipulation, further supporting the classification as misinformation."
ds2309,Not Misinformation,0.9,False,True,"The image depicts a pizza pie being enjoyed in a cafe-like setting, which aligns with the claim. The visual veracity indicates that the image is not AI-generated, and the signals support the idea that pizza is commonly served in cafes. The evidence retrieved confirms the popularity of pizza in various dining establishments, including cafes, and provides examples of cafes known for their pizza offerings. Therefore, the claim is substantiated by both the image and the evidence."
7826,Not Misinformation,0.6,False,True,"The image does not depict a woman or any clear indication of a return from Mecca, which contradicts the claim. The visual veracity indicates that the image is not AI-generated, but the lack of specific evidence supporting the claim about a woman returning from Mecca in Novosasitli leads to a medium confidence level. The sources do not provide direct evidence of the claim being true or false, but they do not support the claim either."
ds8646,Misinformation,0.9,False,True,"The image is identified as AI-generated with a confidence of 0.8, which meets the definitive rule for labeling it as misinformation. The visual veracity signal indicates that the image exhibits unnatural characteristics typical of AI-generated content. Additionally, the claim about two people holding Wii remotes aligns with the image description, but the AI generation status overrides this alignment. Therefore, the image cannot be considered a truthful representation of reality."
ds5661,Misinformation,0.9,False,True,"The image is confirmed to be AI-generated, which directly leads to the classification of the claim as misinformation. The visual veracity signal indicates a high confidence (0.8) that the image is AI-generated, and the claim about dogs speaking human words is misleading as dogs cannot speak in the human sense. The evidence supports that while dogs can understand words and communicate through buttons, they do not speak human words. This aligns with the retrieved evidence that clarifies dogs' communication abilities (e.g., https://bigthink.com/surprising-science/do-dogs-speak-human/ and https://www.sciencealert.com/dogs-really-do-understand-the-words-in-those-viral-videos-study-confirms)."
ds2066,Not Misinformation,0.9,False,True,"The image depicts a giraffe standing in a zoo exhibit, which aligns perfectly with the claim. The visual veracity signals indicate that the image is not AI-generated, and the context is consistent with known giraffe exhibits in zoos. Additionally, the evidence supports the presence of giraffes in zoo settings, confirming the claim's accuracy."
1750,Not Misinformation,0.6,False,True,"The image does not appear to be AI-generated, and there is no evidence supporting the claim that Scarlett Johansson is panicking over a poster for a band called the Singles. The image does not provide context for the headline, and the retrieved evidence does not mention any such incident involving Johansson and a band poster. Therefore, while the claim lacks support, it is not definitively misinformation based on the available evidence."
ds5872,Misinformation,0.9,False,True,"The image is confirmed to be AI-generated, which directly leads to the classification of misinformation regardless of the content of the headline. The visual veracity signal indicates a high confidence that the image is not authentic. Additionally, the headline's claim about 'stellar performances' is not substantiated by the evidence, which focuses on the character and past portrayals rather than current performances. Therefore, the combination of AI generation and lack of supporting evidence for the claim leads to a high confidence in labeling this as misinformation."
8442,Not Misinformation,0.9,False,True,"The claim accurately describes an event where Ben Stokes was dismissed by a delivery from Peter Siddle, which is corroborated by multiple sources. The image does not depict the specific moment but is relevant to the context of cricket. The visual veracity indicates that the image is not AI-generated, and the evidence supports the claim about Stokes' dismissal. The connection to the event is strong based on the retrieved evidence."
ds7662,Not Misinformation,0.9,False,True,"The claim about the receding water line of Lake Hodges is supported by multiple credible sources indicating that the water levels are indeed decreasing due to drought conditions and safety regulations. The evidence confirms that Lake Hodges has experienced significant reductions in water levels, with reports stating that it has dropped to its lowest level in 40 years and that over 11 billion gallons of water have been released from the reservoir as part of state orders. The image, while not directly depicting the receding water line, does not contradict the claim and appears genuine. Therefore, the claim is accurate based on the evidence provided."
ds6690,Misinformation,0.9,False,True,"The image is confirmed to be AI-generated with a high confidence level (0.9), which directly leads to the classification of misinformation regardless of the other signals. The presence of a fictional character, Spider-Man, in a real-world context further supports the conclusion that the image does not represent reality. Additionally, the description of the stop sign and street signs aligns with factual information, but the overall context is altered by the AI-generated nature of the image. Therefore, the claim cannot be considered truthful."
8225,Not Misinformation,0.9,False,True,"The image does not depict Charles Kennedy, but the claim about him being on the campaign trail in 2005 shortly after the birth of his son Donald is accurate. Charles Kennedy did have a son named Donald, who was mentioned in a tribute, and he became a father during the 2005 election campaign. The evidence supports the claim about his personal life and political career during that time. The image's relevance is low, but the claim itself is substantiated by the evidence."
ds9362,Not Misinformation,0.9,False,True,"The image depicts a surfer riding a white surfboard, which aligns with the claim. Although the shorts are described as red and black in the claim, the image shows black and red shorts, which is a minor discrepancy. The visual veracity indicates that the image is not AI-generated, further supporting its authenticity. The evidence confirms that surfers do ride white surfboards, and while there are references to surfers in red shorts, they do not contradict the claim about the surfer's attire. Therefore, the overall context supports the claim despite the slight mismatch in the description of the shorts."
ds9100,Misinformation,0.9,False,True,"The image is confirmed to be AI-generated with a high confidence level (0.8), which directly leads to the classification of misinformation regardless of the other signals. The visual elements, such as the overly perfect and stylized flowers, further support this conclusion. Additionally, the claim about a kitchen table is only partially aligned with the image, as it depicts a picnic table instead. Therefore, the combination of AI generation and the misalignment with the claim solidifies the misinformation label."
2273,Not Misinformation,0.9,False,True,"The image depicts a modern bathroom with a white toilet, which aligns with the claim of a very simple and modern bathroom. The signals indicate that the image is not AI-generated, and the description of the bathroom being modern and featuring a white toilet is supported by the evidence regarding modern bathroom design trends and the popularity of white toilets. The evidence confirms that white toilets are a classic choice and that modern bathrooms often emphasize simplicity and functionality, which aligns with the claim."
ds7198,Not Misinformation,0.9,False,True,"The image shows a golfer holding a trophy, which aligns with the claim that Rory McIlroy celebrates with the FedEx Cup trophy and the Tour Championship trophy. The evidence confirms that Rory McIlroy has indeed won both the FedEx Cup and the Tour Championship multiple times, specifically noting his victory in 2022 for both titles. The visual veracity indicates that the image is not AI-generated, further supporting the authenticity of the claim. The combination of the image context and the corroborating evidence leads to a high confidence in the claim's validity."
ds1099,Not Misinformation,0.9,False,True,"The image shows rescue workers removing a body, which is consistent with the claim about a bombing in a park in Lahore. The context of the scene aligns with the tragic events described in the headline. Additionally, the visual veracity indicates that the image is not AI-generated, further supporting the authenticity of the claim. The evidence retrieved confirms the occurrence of bombings in Lahore and the involvement of rescue workers in body recovery operations, reinforcing the credibility of the claim."
540,Misinformation,0.9,False,True,"The claim states that Serena Williams questioned a call during a match, but the evidence indicates that there is no record of her doing so. Instead, it confirms that she advanced to the U.S. Open final after defeating Elina Svitolina. The image aligns with the headline about questioning a call, but the context of her advancing to the final is not supported by the evidence. Therefore, the claim is misleading. Additionally, the visual veracity indicates that the image is not AI-generated, which supports the authenticity of the image but does not validate the claim itself."
3405,Misinformation,0.9,False,True,"The image is confirmed to be AI-generated with a confidence of 0.8, which directly leads to the classification of the claim as misinformation. The visual veracity signal indicates that the image lacks authenticity due to its AI-generated nature. Additionally, while the claim about David Lloyd George being voted the second greatest British prime minister is supported by evidence, the AI-generated image undermines the overall credibility of the presentation. Therefore, the definitive rule applies here, and the claim is labeled as misinformation."
6581,Misinformation,0.9,False,True,"The image is identified as AI-generated with a confidence of 0.8, which is above the threshold of 0.6. The unusual context of a cat wearing glasses and a jacket further supports the conclusion that the image is not a genuine photograph. Additionally, the headline describes a simple scene that does not match the surreal elements present in the image."
4642,Not Misinformation,0.9,False,True,"The image does not depict Cindy Crawford or her daughter Kaia Gerber, which is a significant misalignment with the claim. However, the visual veracity indicates that the image is not AI-generated. The evidence supports the claim that Cindy Crawford has discussed her daughter Kaia Gerber's modeling future and her relationship with Kendall Jenner, as seen in multiple sources. Therefore, while the image is not relevant, the claim itself is substantiated by credible information."
ds3953,Misinformation,0.9,False,True,"The image is identified as AI-generated with a confidence of 0.8, which indicates it is not a genuine representation. The presence of nonsensical text and an overly perfect composition further supports this classification. Since the image is AI-generated, it falls under the misinformation category regardless of the claim's historical accuracy. The claim about the Ukrainian Soviet Socialist Republic's representation is historically valid, but the image's authenticity is compromised. Therefore, the overall assessment is misinformation."
4893,Not Misinformation,0.9,False,True,"The claim that Mark Wahlberg teased Mel Gibson about his weight and offered to become his personal trainer is supported by evidence indicating that such teasing occurred during the filming of 'Daddy’s Home 2'. Additionally, Mel Gibson's recent weight loss has been reported, which adds context to the teasing. The image does not depict either actor, but the claim itself is substantiated by reliable sources. Therefore, the claim is not misinformation."
ds8357,Not Misinformation,0.9,False,True,"The image does not depict Christian Grey or Anastasia, nor does it relate to the themes of the 'Fifty Shades' series. The visual veracity indicates that the image is not AI-generated, and the content of the claim aligns with the established character traits of Christian Grey, who is known for his BDSM preferences rather than vanilla tastes. The evidence supports that Christian Grey is characterized as non-vanilla due to his involvement in BDSM, which is a central theme in the series. Therefore, the claim is not misinformation."
ds9069,Not Misinformation,0.6,False,True,"The image shows a box of doughnuts, which is related to the claim about doughnuts but does not match the specific description of a rack with doughnuts in a glass case. The visual veracity indicates that the image is not AI-generated, which supports the claim's authenticity. However, the partial alignment with the claim leads to a medium confidence level. The evidence supports that doughnuts are commonly displayed in glass cases, but the image does not depict this scenario. Therefore, while the claim is not outright misinformation, it is not fully accurate either."
4230,Not Misinformation,0.9,False,True,"The image is a genuine photograph of Amber Heard, and the headline claims she talks about her marriage to Johnny Depp, which aligns with the retrieved evidence indicating she has made comments regarding the impact of her marriage and the subsequent trial. The evidence supports that she has discussed her experiences during their marriage, particularly in the context of the trial. Therefore, the claim is substantiated by the evidence provided."
ds7600,Not Misinformation,0.9,False,True,"The image depicts a realistic scene of traders monitoring multiple screens, which aligns with the financial context of the claim about Shanghai shares. The evidence indicates that Shanghai shares have indeed seen significant increases recently, supported by positive earnings reports and share repurchase plans. This supports the claim that Shanghai shares are contributing to gains in Asia's stock markets. The relevancy confidence is moderate, but the strong evidence regarding Shanghai's performance leads to a high confidence in the overall assessment."
6611,Misinformation,0.9,False,True,"The image is confirmed to be AI-generated, as indicated by the visual veracity signal with a confidence of 0.9. The surreal depiction of figures with shark-like heads is not a realistic scenario, further supporting the AI-generated classification. This definitive evidence leads to the conclusion that the image does not accurately represent the claim of a couple wearing umbrella hats next to the ocean. Additionally, the claim aligns with the visual content, but the AI generation status overrides this alignment. Therefore, the label is Misinformation."
ds7016,Not Misinformation,0.9,False,True,"The image depicts Oscar Pistorius, who is indeed the subject of the headline regarding his trial for the premeditated murder of Reeva Steenkamp. The evidence confirms that Pistorius shot Steenkamp on February 14, 2013, and his trial for murder began on March 3, 2014. The visual veracity indicates that the image is genuine and not AI-generated. Therefore, the claim is accurate and supported by reliable sources."
ds5610,Misinformation,0.9,False,True,"The image is identified as AI-generated with a confidence of 0.8, which directly leads to the classification of the claim as misinformation. Additionally, the claim about plants communicating telepathically is not scientifically supported; while plants do communicate through chemical signals, this does not equate to telepathy. The evidence from the retrieved snippets confirms that the concept of telepathic communication among plants is not recognized in scientific literature, as they communicate through mechanisms like 'nanomechanical oscillations' and airborne compounds, not telepathy. Therefore, the combination of the AI-generated image and the lack of scientific support for the claim leads to a high confidence in labeling this as misinformation."
5834,Misinformation,0.9,False,True,"The image is confirmed to be AI-generated, which directly leads to the classification of the claim as misinformation. The claim suggests that cats were involved in the design of the iPhone 4, which is factually incorrect as it was designed by Apple, not cats. The visual elements of the image, featuring a cat with anthropomorphic traits, further support the conclusion that it is not a genuine representation of reality. The evidence confirms that there is no credible source indicating that cats had any role in the creation of the iPhone 4."
8196,Not Misinformation,0.9,False,True,"The claim that Guy Scott of Scottish descent became interim president after the incumbent's death is accurate. Evidence confirms that he assumed the role of acting president of Zambia following the death of Michael Sata in October 2014. Additionally, it is established that Guy Scott is of Scottish descent. The image does not appear to be AI-generated, further supporting the authenticity of the claim."
ds9433,Not Misinformation,0.6,False,True,"The image does not depict a big long train with storage containers as described in the headline. Instead, it appears to show a passenger train, which does not align with the claim. However, the visual veracity indicates that the image is not AI-generated, and there is evidence supporting the existence of trains that carry storage containers. The confidence in the relevancy of the claim is low, but the image itself is genuine."
ds6106,Misinformation,0.9,False,True,"The image is confirmed to be AI-generated with a high confidence level (0.8), which directly leads to the classification of the claim as misinformation. The surreal nature of a child holding a grenade further supports this conclusion. Additionally, the claim's context about grenades does not align with the image, which lacks real-world grounding. The evidence indicates that grenades are indeed involved in various incidents, but the image's veracity undermines the claim's credibility."
1901,Not Misinformation,0.9,False,True,"The claim about Venice's San Michele island cemetery gaining a pontoon for scattering ashes is supported by evidence indicating that a floating bridge has been revived for All Souls' Day, facilitating access to the cemetery. This aligns with the claim about relatives being able to scatter ashes, as there are designated areas for this purpose within the cemetery. The image is confirmed to be genuine and not AI-generated, further supporting the credibility of the claim."
ds1009,Not Misinformation,0.9,False,True,"The image depicts two individuals in a court setting, which aligns with the claim that Russian soldiers Capt Yevgeny Yerofeyev and Sgt Alexander Alexandrov appeared in a Ukrainian court. The evidence confirms that both individuals were indeed tried in Ukraine for their involvement in the conflict, and they were convicted of terrorism-related charges. The visual veracity indicates that the image is genuine and not AI-generated, further supporting the claim's authenticity."
978,Not Misinformation,0.9,False,True,"The claim that Frank Gehry designed Power Play chairs is supported by multiple sources confirming that these chairs were indeed designed by him. The retrieved evidence includes a specific mention of the Power Play Club Chair designed by Gehry in 1990, which aligns with the claim. Additionally, the visual veracity indicates that the image is not AI-generated, further supporting the authenticity of the claim. The location of the Winter Garden is also confirmed to be in Winter Garden, Florida, which adds context to the claim. Therefore, the evidence strongly supports the claim's validity."
9323,Not Misinformation,0.6,False,True,"The image does not depict a sink with a cabinet on legs as claimed in the headline. Instead, it shows a bathroom setting with a toilet and a storage unit, which does not match the specifics of the claim. However, the image is confirmed to be a genuine photograph and not AI-generated. The relevancy confidence is low, but the visual veracity is confirmed as not AI-generated. Therefore, while the claim is inaccurate, it does not fall under misinformation due to the lack of AI generation."
4284,Not Misinformation,0.9,False,True,"The image does not appear to be AI-generated, and there is strong evidence supporting that Caitlyn Jenner was indeed at Nobu Malibu with Sophia Hutchins. The relationship between Caitlyn Jenner and Sophia Hutchins is characterized as a close friendship, and they have been seen together at events. The specific details about the car and the event align with the evidence provided."
1972,Not Misinformation,0.6,False,True,"The image appears to be a genuine photograph of a Chrysler 300C, and there are no indications that it is AI-generated. However, the claim that the new Chrysler 300C is 'softer looking' than the outgoing model is contradicted by evidence suggesting that the Chrysler 300C is characterized by bold styling and a muscular presence, rather than a softer look. The retrieved evidence indicates that the Chrysler 300C is known for its luxury and performance, which does not align with the claim of it being softer in appearance. Therefore, while the image is not misinformation, the claim itself lacks support from the evidence provided."
ds3859,Misinformation,0.9,False,True,"The claim states that Korn released 'See You on the Other Side' in 2002, which is incorrect. The album was actually released on December 6, 2005. This is confirmed by multiple sources, including Wikipedia and Genius, which state the correct release date. Therefore, the claim is false and constitutes misinformation."
8063,Not Misinformation,0.6,False,True,"The image shows Taiko drummers, which aligns with the claim about their performance at a festival. However, there is no definitive evidence confirming that this specific performance took place at the Deep River festival in Ontario, Canada. The sources do not mention Taiko drummers performing at the Deep River festival, and while the festival exists, the details about the drummers' participation are unclear. Therefore, while the image is relevant, the claim lacks full verification."
9677,Not Misinformation,0.9,False,True,"The image depicts two cricketers celebrating, which aligns with the context of the headline about Sri Lanka's captain Tillakaratne Dilshan and Kumar Sangakkara. The visual veracity indicates that the image is not AI-generated, and the evidence supports the claim that Dilshan and Sangakkara played together and celebrated significant victories. Specifically, they celebrated after a match against Bangladesh in the ICC Cricket World Cup 2014/15, where both scored centuries, contributing to Sri Lanka's victory. This is corroborated by evidence from multiple sources, including the match report from Cricinfo (https://www.cricinfo.com/series/icc-cricket-world-cup-2014-15-509587/bangladesh-vs-sri-lanka-18th-match-pool-a-656433/match-report) and the Wikipedia pages for both players (https://en.wikip"
7259,Not Misinformation,0.9,False,True,"The image depicts Bernie Sanders speaking, which aligns with the claim that he spoke in Des Moines, Iowa. The evidence confirms that he has spoken in Des Moines at various events, including rallies and caucus events. The visual veracity indicates that the image is not AI-generated, further supporting the authenticity of the claim."
ds100,Not Misinformation,0.9,False,True,"The image shows individuals in ice baths, which aligns with the claim about using ice baths for recovery after a physical challenge. The evidence confirms that the Wembley Challenge took place, and ice baths are recognized for their benefits in muscle recovery. The visual veracity indicates that the image is not AI-generated, further supporting the authenticity of the claim. Therefore, the claim is substantiated by the context and evidence provided."
ds3706,Not Misinformation,0.9,False,True,"The claim that Robert Singer is incapable of writing is contradicted by multiple sources that confirm he is an accomplished writer, producer, and director. The evidence shows that he has created and contributed to various television projects, including 'Supernatural' and 'Lois & Clark: The New Adventures of Superman', which highlights his writing capabilities. Additionally, the image does not provide any evidence to support the claim of incapacity in writing. Therefore, the claim is false."
1782,Misinformation,0.9,False,True,"The claim states that North Korean workers are currently employed at the South-owned Shinwon clothes company in the Kaesong industrial park. However, evidence indicates that the Kaesong Industrial Complex has been closed since 2016 due to political tensions, and North Korean workers are not actively employed there. The image does not provide specific confirmation that it depicts workers from Shinwon or the Kaesong complex, but the closure of the complex contradicts the claim. Therefore, the claim is misleading."
4300,Not Misinformation,0.9,False,True,"The image is a genuine photograph of Robert Pattinson and Kristen Stewart, aligning with the headline discussing their careers and public perception. The visual veracity indicates that the image is not AI-generated, and the evidence supports the claim that both actors are taken seriously in their careers despite their past association with 'Twilight'. The sources confirm their recognition in the industry and the mixed public perception surrounding them. Specifically, Robert Pattinson is noted for his diverse roles (https://en.wikipedia.org/wiki/Robert_Pattinson) and both actors have evolved in their careers (https://en.wikipedia.org/wiki/The_Twilight_Saga_(film_series))."
ds9598,Not Misinformation,0.6,False,True,"The image shows a performance that could be related to an event like a Congress, but it does not provide specific confirmation that it is indeed the annual Congress mentioned in the headline. The visual veracity indicates that the image is not AI-generated, which supports the claim's validity. However, the lack of direct evidence linking the image to the specific Congress event leads to a medium confidence level. The retrieved evidence confirms that the 119th United States Congress is currently in session and that critics have expressed various opinions about Congress, but it does not directly support the claim that critics say the annual Congress is a blessing. Therefore, while the claim is not outright misinformation, it lacks strong support."
2237,Not Misinformation,0.9,False,True,"The image depicts a large bird flying over a heavily forested area, which aligns with the claim. The visual veracity signals indicate that the image is not AI-generated, and the evidence supports the existence of large birds like the Harpy eagle in such environments. The claim is consistent with the characteristics of bird species found in heavily forested areas, as noted in the evidence from Wikipedia about the Harpy eagle (https://en.wikipedia.org/wiki/Harpy_eagle) and the description of bird species in forested areas (https://www.pinterest.com/pin/blueheaded-vireo-colorful-bird-species-in-forested-areas--111112315797531722/)."
8411,Not Misinformation,0.6,False,True,"The claim states that Mats Zuccarello scored for the New York Rangers, which is supported by evidence indicating that he has scored for the Rangers in various games. However, the specific event of him scoring 'a little more than two minutes later to make it 20' is not confirmed by the evidence provided. The image shows a hockey game involving the Rangers, but does not provide specific details about the goal or the score at that moment. Therefore, while the claim is plausible, it lacks definitive confirmation. The visual veracity indicates that the image is not AI-generated, which supports the authenticity of the context. Evidence items include: [1] https://en.wikipedia.org/wiki/Mats_Zuccarello, [3] https://thehockeywriters.com/revisiting-mats-zuccarellos-rangers-tenure-trade-to-the-stars/"
ds9228,Not Misinformation,0.9,False,True,"The image shows a boat on a canal, which aligns with the claim of a large passenger boat floating down a canal. While the specific size and capacity of the boat are not fully visible, the evidence supports the existence of large passenger boats operating on canals. The visual veracity indicates that the image is not AI-generated, further supporting its authenticity. Additionally, the retrieved evidence confirms that large passenger boats can indeed operate on canals, as seen in various contexts, including historical and modern examples."
ds461,Not Misinformation,0.9,False,True,"The claim that Bill Cosby's lawyers are attempting to get the case thrown out is supported by multiple sources. Specifically, the evidence from Fox LA states that Cosby's lawyers are pushing to have the sexual assault charges dismissed based on a previous commitment by a district attorney not to prosecute him. Additionally, the Wikipedia entry on Bill Cosby's sexual assault cases provides context about the ongoing legal challenges he faces, which aligns with the claim. The image of Bill Cosby is relevant as it depicts the subject of the headline, further supporting the claim's validity."
4368,Not Misinformation,0.9,False,True,"The image does not depict AI-generated content and appears to be a genuine photograph. The claim about Jennifer Garner and Josh Duhamel dating is supported by multiple sources, including a report that they have become inseparable and are rumored to be sharing a home address (https://okmagazine.com/videos/jennifer-garner-dating-josh-duhamel-romance-moving/). Additionally, there are reports indicating that Ben Affleck feels threatened by these dating rumors (https://hollywoodlife.com/2018/01/10/ben-affleck-threatened-jennifer-garner-josh-duhamel-dating-rumor/). Therefore, the claim is substantiated by credible evidence and the image does not mislead regarding the subjects of the headline."
6660,Misinformation,0.9,False,True,"The image is confirmed to be AI-generated, which is a definitive indicator of misinformation. The visual veracity signal indicates a high confidence (0.8) that the image depicts a surreal scenario that defies the laws of physics, such as a person skateboarding on a wall. Additionally, the claim about a man holding a ping pong paddle under a shelf is not supported by the evidence, which discusses various unrelated topics about ping pong but does not confirm the claim. Therefore, the combination of AI generation and lack of supporting evidence leads to the conclusion of misinformation."
ds831,Not Misinformation,0.9,False,True,"The claim that Scott Baio spoke at the Republican National Convention is supported by multiple pieces of evidence confirming his participation in the 2016 RNC. The image aligns with the context of a political convention, and there are no indications of AI generation. Additionally, the retrieved evidence confirms that Baio did indeed speak at the RNC, specifically in 2016, where he expressed support for Donald Trump. This aligns with the claim made in the headline."
723,Not Misinformation,0.6,False,True,"The image shows a football player celebrating, which aligns with the context of a touchdown. However, it does not confirm that the player is Reggie Bush or that the event is specifically against the Bills. The retrieved evidence indicates that Reggie Bush did not score against the Bills in the recent game on October 1, 2023, where the Bills defeated the Dolphins 48-20 (source: https://www.espn.com/nfl/game/_/gameId/401547443/dolphins-bills). Additionally, while Reggie Bush has had notable touchdowns in his career, there is no specific evidence linking him to a touchdown celebration in the context of the Bills game mentioned in the claim (source: https://en.wikipedia.org/wiki/Reggie_Bush). Therefore, while the image is not AI-generated, the claim lacks sufficient evidence to be fully accura"
ds4173,Misinformation,0.9,False,True,"The claim that a federal judge granted permission to subpoena Trump is misleading. While there have been instances of subpoenas related to Trump, the specific claim in the headline does not accurately reflect the legal context. A federal judge did not grant a subpoena for Trump himself; rather, rulings have been made regarding third-party subpoenas and document preservation. This is supported by evidence from PolitiFact, which states that the judge's ruling was about third-party subpoenas, not Trump directly (https://www.politifact.com/factchecks/2017/dec/05/newsgroopspeakcom/no-judge-grant-subpoena-president-donald-trump/). Additionally, the retrieved evidence indicates that while subpoenas have been issued in cases involving Trump, the specific claim lacks accuracy (https://www.cbsnews.c"
ds9215,Misinformation,0.9,False,True,"The image is identified as AI-generated with a confidence of 0.8, which is above the threshold for labeling it as misinformation. The visual veracity signals indicate that the cow's appearance is unnatural, suggesting manipulation. Additionally, there is no evidence confirming the presence of a cow in front of a woodpile, which further supports the misinformation claim."
ds6725,Misinformation,0.9,False,True,"The image is identified as AI-generated with a confidence of 0.8, which is above the threshold of 0.6. This indicates that the visual content does not represent a real fire hydrant painted in patriotic colors, despite the claim. The surreal elements in the image, such as the levitating coffee cup, further support the conclusion that it is not a genuine photograph. Additionally, the evidence confirms that while fire hydrants can be painted in patriotic colors, the specific image in question is not authentic. Therefore, it is classified as misinformation."
1792,Not Misinformation,0.9,False,True,"The claim discusses Ricky Muir's election to the Senate and his low first preference vote, which is accurate based on historical data. Muir was indeed elected with only 0.51% of the primary vote in 2013, and he served from 2014 to 2016. The image is confirmed to be a genuine photograph, not AI-generated, which supports the credibility of the claim. Additionally, the evidence confirms that Muir did not participate in the 2023 elections, as he is a former senator. Therefore, the claim is consistent with the evidence provided."
2826,Not Misinformation,0.9,False,True,"The claim about the mug changing color depending on the amount of coffee in it is plausible, as color-changing mugs do exist and function based on temperature changes. The image shows a hand holding a mug with coffee, which aligns with the claim. Additionally, the evidence confirms that color-changing mugs are available and work by reacting to heat. The visual veracity indicates that the image is not AI-generated, further supporting the authenticity of the claim."
ds709,Not Misinformation,0.6,False,True,"The image shows a Bombardier CRJ700 landing, which aligns with the claim about a Delta Connection Bombardier CRJ700. However, the specific details regarding the location (Seattle-Tacoma International Airport) and the time (dusk in September 2015) cannot be confirmed from the image alone. The evidence indicates that Delta Connection did plan to operate flights to Seattle in 2015, but it does not confirm a specific landing of a CRJ700 at that airport during that time. Therefore, while the image is relevant, the claim cannot be fully substantiated."
ds3448,Misinformation,0.9,False,True,"The image is confirmed to be AI-generated with a confidence of 0.8, which directly leads to the classification of misinformation regardless of the claim's validity. Additionally, the claim about Younger being a town is partially supported by the evidence that mentions Young, New South Wales, as a town (https://en.wikipedia.org/wiki/Young), but it does not confirm the specific existence of a town named 'Younger.' The visual veracity indicates that the image does not represent a real scene, further supporting the misinformation label."
ds2474,Not Misinformation,0.9,False,True,"The image accurately depicts boats by a dock in water, which aligns perfectly with the claim. The visual veracity indicates that the image is not AI-generated, and the evidence supports the presence of boats at docks in various contexts. The signals of relevancy and visual veracity are both strong, confirming the authenticity of the claim."
ds2010,Not Misinformation,0.9,False,True,"The image clearly depicts a tennis player serving the ball, which aligns perfectly with the claim. The visual veracity indicates that the image is not AI-generated, and the signals confirm the act of serving is accurately represented. The evidence supports the claim that a tennis player is serving the ball, as seen in various stock images and descriptions of tennis gameplay."
ds1564,Misinformation,0.9,False,True,"The claim that Woody Allen received the Cecil B. DeMille Lifetime Achievement Award in 2023 is false. The evidence clearly states that Eddie Murphy received this award at the Golden Globes in January 2023, not Woody Allen. Additionally, there is no credible source confirming that Woody Allen received this award. The image is not AI-generated, but the claim itself is incorrect based on the evidence provided."
ds2594,Misinformation,0.9,False,True,"The image is identified as AI-generated with a confidence of 0.8, indicating that it does not represent a real scenario. The claim about nail polish changing appearance based on lighting is valid, but the image itself cannot be trusted due to its AI-generated nature. The evidence supports that nail polish can change color under different lighting conditions, but since the image is not authentic, it leads to misinformation. The visual veracity signal is definitive in this case."
2501,Not Misinformation,0.6,False,True,"The image shows a girl who appears happy while holding a bullfrog, which aligns with the claim. Although the evidence does not confirm a specific instance of a girl catching a bullfrog, it does indicate that catching bullfrogs is possible and provides techniques for doing so. The visual veracity confidence is low, but there are no indications that the image is AI-generated. Therefore, while the claim cannot be definitively verified, it is plausible based on the context provided."
7697,Not Misinformation,0.9,False,True,"The claim about a draft proposal suggesting two garden cities at Yalding in Kent and Gerrards Cross in Buckinghamshire is supported by evidence from a credible source. Specifically, the article from Andrew Lainton confirms that there was a proposal for new settlements in both locations. Additionally, the visual veracity indicates that the image is not AI-generated, which further supports the authenticity of the claim. The evidence aligns well with the claim, providing a strong basis for its validity."
ds2926,Not Misinformation,0.6,False,True,"The claim that the icon for debugging tools on the touch bar is a can of bug spray is not supported by the evidence. The debugging tool icon is typically represented by a lightning bolt symbol, not a bug spray can. The evidence indicates that the term 'bug' in this context refers to software errors, not insects. Additionally, the image is confirmed to be genuine and not AI-generated, which supports the conclusion that the claim is inaccurate but not outright misinformation. However, the relevancy of the evidence is partial, leading to a medium confidence level."
ds1829,Not Misinformation,0.9,False,True,"The image depicts an MRAP vehicle, which is consistent with the claim regarding US school districts acquiring military equipment through Pentagon programs. The evidence confirms that some U.S. schools have indeed acquired MRAP vehicles through military surplus programs, such as the 1033 program. Additionally, the visual veracity indicates that the image is not AI-generated, further supporting the authenticity of the claim."
ds4158,Misinformation,0.9,False,True,"The claim that Hillary Clinton filed for divorce is false. Multiple credible sources confirm that there are no legal filings for divorce by Hillary Clinton in any court, including New York. Reports suggesting a divorce have been debunked as unfounded rumors. The image, while appearing to show Hillary Clinton, does not provide any context that supports the claim of a divorce filing. Therefore, the claim is classified as misinformation."
ds9891,Not Misinformation,0.9,False,True,"The image depicts a gathering that aligns with the theme of 'Pride and Prejudice,' and there is no evidence suggesting it is AI-generated. The signals indicate a strong relevancy to the BBC's adaptation of 'Pride and Prejudice,' particularly since the adaptation is well-known and celebrated. The retrieved evidence confirms that the BBC's adaptation is a significant cultural reference, and the image likely represents a scene or event related to it. Additionally, the visual veracity indicates that the image is not AI-generated, further supporting the claim's authenticity."
3477,Misinformation,0.9,False,True,"The image is AI-generated, depicting an oversized octopus in a baseball setting, which is a surreal and impossible scenario. This aligns with the visual veracity signal indicating that the image is not real. Additionally, the claim about 'Trouble with the Curve' featuring a squid is false, as the film does not include any such creature. The evidence confirms that the film is a sports drama centered around baseball and does not feature any squids or octopuses."
3415,Misinformation,0.9,False,True,"The claim that Hezbollah received zero support from Iran is directly contradicted by multiple credible sources. Evidence indicates that Iran has been a key supporter of Hezbollah, providing significant funding, training, weapons, and various forms of political and organizational aid. For instance, the US State Department states that Iran provides Hezbollah with 'most of its funding, training, weapons and explosives' (source: https://www.straitstimes.com/world/what-is-hezbollah-s-role-in-the-israel-hamas-war). Additionally, historical context shows that Iran helped establish Hezbollah shortly after Israel's invasion of Lebanon in 1982, sending Revolutionary Guard soldiers to assist in its formation (source: https://simple.wikipedia.org/wiki/Hezbollah). Therefore, the claim of zero support i"
ds4821,Not Misinformation,0.6,False,True,"The claim that Meghan Markle kept her romance with Prince Harry secret from her Suits castmates lacks definitive evidence. While some sources suggest that her relationship was kept private, there are also indications that her co-stars expressed support and excitement regarding her romance. The image is confirmed to be genuine and not AI-generated, which supports the credibility of the claim. However, the evidence does not conclusively prove or disprove the claim, leading to a medium confidence level."
ds471,Not Misinformation,0.9,False,True,"The claim about Roboroach controlling cockroach movements through electrodes connected to a smartphone via Bluetooth is accurate. The image supports this claim, showing a smartphone with the Roboroach app alongside a cockroach. The evidence confirms that Roboroach is a real product that allows users to control cockroaches using a smartphone app, which aligns with the claim. Additionally, the retrieved evidence explains how the technology works, further supporting the claim's validity."
ds4939,Not Misinformation,0.6,False,True,"The image shows a woman in high heels, which relates to the claim about stilettos. However, there is no specific evidence linking the individual in the image to knee surgery or confirming the context of 'crippling' or 'Cait'. While high heels are known to cause health issues, the claim lacks direct evidence regarding the individual mentioned. The visual veracity indicates the image is not AI-generated, but the overall connection to the claim is weak."
1818,Misinformation,0.9,False,True,"The claim that the Opinion Debate section has moved to the Viewspaper is false. Evidence indicates that the Washington Post's opinion section is undergoing an overhaul, but there is no mention of it moving to a platform called Viewspaper (source: https://www.fastcompany.com/91285714/jeff-bezos-washington-post-opinion-overhaul-strong-reactions, https://nypost.com/2025/02/26/media/jeff-bezos-fires-washington-post-opinion-editor-david-shipley/). Additionally, there is no specific information confirming that there is more room for reader letters in the Viewspaper (source: https://www.ukviewspaper.com/why-we-rebranded-from-the-uk-newspaper-to-the-uk-viewspaper/). The image is not AI-generated, which supports the conclusion that the claim is misleading rather than a product of AI manipulation."
ds4587,Not Misinformation,0.6,False,True,"The image does not appear to be AI-generated, and there is no direct evidence confirming that Jennifer Aniston spent $100K specifically on a makeover. The evidence indicates that while she has made headlines for her new look, which includes reducing her use of facial fillers, there is no substantiated claim regarding the $100K figure related to a makeover. The signals suggest a lack of alignment between the claim and the evidence, but the image's authenticity supports a lower confidence in misinformation."
ds9253,Not Misinformation,0.9,False,True,"The image aligns well with the claim, showing a coffee beverage and a cake, which are both mentioned in the headline. Although there is a banana present that is not specified in the claim, the main subjects are accurately represented. The visual veracity indicates that the image is not AI-generated, further supporting the authenticity of the claim. The evidence from Wikipedia confirms the nature of coffee cake and its common pairing with coffee, reinforcing the relevance of the image to the claim."
ds8003,Misinformation,0.9,False,True,"The claim that a fireworks display in Weymouth marked the opening of the London 2012 Olympics is false. Evidence indicates that Weymouth did not have fireworks specifically for the London 2012 Olympics, as the town has a tradition of organizing firework displays during the summer holidays and on November 5th, but not for this particular event. Additionally, the opening ceremony of the London 2012 Olympics featured a different set of events and performances, which did not include a fireworks display in Weymouth. Therefore, the image and claim do not align with the factual context of the events surrounding the London 2012 Olympics."
4557,Not Misinformation,0.9,False,True,"The image does not appear to be AI-generated, and the signals indicate that Ruth Negga is indeed gaining recognition in Hollywood, supported by her recent projects and performances. The evidence confirms her rising star status, particularly due to her acclaimed roles in films like 'Passing' and 'Loving'. The connection to the headline is supported by her increasing visibility and participation in awards conversations."
ds8684,Misinformation,0.9,False,True,"The image is confirmed to be AI-generated, which directly leads to the classification of misinformation regardless of the other signals. The visual veracity signal indicates a high confidence (0.8) that the image is AI-generated due to unusual fur patterns and colors. Additionally, the headline's claim about a cat and dog on wooden benches next to a stairwell is not fully supported by the image, which lacks these specific elements. Therefore, the definitive rule applies here."
