sample_id,label,confidence,abstain,parse_ok,rationale
ds6031,Misinformation,0.9,False,True,"The image is confirmed to be AI-generated, which categorically qualifies it as misinformation regardless of the context or claim about 'project ribbit thunder'. The surreal combination of a tank and a floating frog further supports the conclusion that this image does not represent a legitimate declassified military image."
3397,Misinformation,0.9,False,True,"The image is confirmed to be AI-generated, which leads to the classification of the claim as misinformation regardless of the content of the headline. Additionally, the ownership of Planet Hollywood Las Vegas is clearly stated to be under Caesars Entertainment, not a corporation based in Paris, Texas."
ds2700,Not Misinformation,0.9,False,True,"The image depicts a scaled quail standing on one leg, which is consistent with the behavior of these birds as confirmed by multiple sources. Additionally, there are no indications that the image is AI-generated. The claim aligns well with the observed behavior of scaled quails."
ds4880,Not Misinformation,0.9,False,True,"The image depicts Lindsay Lohan wearing a hijab, which aligns with the claim that she wore a hijab at a modest fashion event. Multiple sources confirm her appearance and the mixed reactions it generated on social media. The evidence supports the claim without any indication of misinformation."
ds8852,Not Misinformation,0.6,False,True,"The image shows three teddy bears, which aligns with part of the claim. However, there is no confirmation of a stuffed cat or that the setting is a bedroom wall, leading to partial alignment with the claim. The visual veracity indicates that the image is not AI-generated, which supports the claim's authenticity. Therefore, while the claim is not fully accurate, it is not outright misinformation."
7551,Not Misinformation,0.9,False,True,"The claim about snow falling in Kielder Water, Northumberland, is supported by multiple sources confirming snowfall in the area and predictions for more snow over the weekend. The image aligns with the claim, depicting a snowy landscape, and there is no evidence suggesting it is AI-generated."
365,Misinformation,0.9,False,True,"The image is confirmed to be AI-generated, which categorically classifies it as misinformation regardless of the alignment with the headline. The visual veracity signal indicates a high confidence that the image is not real, as it depicts exaggerated features and expressions typical of AI-generated content. Additionally, the claim about the event aligns with factual information about the gorilla naming ceremony, but the image's authenticity is compromised."
ds4717,Misinformation,0.9,False,True,"The claim that Khloe Kardashian was forced by Tristan Thompson to follow a strict pregnancy diet after a binge on cookies and ice cream is supported by multiple sources. Reports indicate that Tristan has indeed influenced Khloe's diet during her pregnancy, particularly after she indulged in junk food. This aligns with the claim made in the headline."
4718,Not Misinformation,0.9,False,True,"The claim about Jennifer Lopez potentially taking a break from Alex Rodriguez is supported by evidence that they did indeed take a break and eventually broke up. The image is confirmed to be genuine and not AI-generated, which adds to the credibility of the claim."
ds4306,Not Misinformation,0.9,False,True,"The claim that Eric Trump stated it would be 'foolish' for his father to release tax returns is supported by multiple credible sources. Eric Trump made this statement during interviews in August 2016, emphasizing that releasing the tax returns while under audit would lead to uninformed assumptions. The image of Eric Trump aligns with the context of the claim, and there are no indications of AI generation."
ds1370,Not Misinformation,0.9,False,True,"The image and headline accurately depict Kris and Bruce Jenner attending the Academy of Country Music Awards in Las Vegas, supported by multiple sources confirming their attendance at the event in 2009."
ds2101,Not Misinformation,0.9,False,True,"The image accurately depicts a table with two wine glasses and a centerpiece, which aligns with the claim. Additionally, the visual veracity indicates that the image is not AI-generated, further supporting its authenticity."
5000,Misinformation,0.9,False,True,"The claim that Obama admitted to a secret deal with China to hand over U.S. territory to settle debt is unfounded and misleading. There is no evidence supporting such a deal, and the context of U.S.-China relations during Obama's presidency involved complex diplomatic engagements rather than any territorial handover. Additionally, the claim misrepresents the nature of U.S. debt to China and the historical context of Hong Kong's status. The image does not provide any relevant context to support the claim."
ds4724,Not Misinformation,0.9,False,True,"The claim that George and Amal Clooney are sleeping in separate bedrooms is not supported by credible evidence. Reports indicate that while there are rumors of marital issues, they have been seen together publicly and are described as a happy couple. Additionally, the specific claim about their sleeping arrangements has been refuted by sources stating that they have adapted to each other's habits over the years."
ds6329,Misinformation,0.9,False,True,"The image is confirmed to be AI-generated, which is a definitive indicator of misinformation. Additionally, the content of the image does not relate to the subjects mentioned in the headline, further supporting the classification."
ds1157,Not Misinformation,0.6,False,True,"The image shows a banner with an image of the pope, which suggests a connection to the event described in the headline. However, while the pope has visited Fifth Avenue and St. Patrick's Cathedral, the specific claim about a person holding a banner during the procession is not definitively confirmed by the evidence. The visual veracity indicates that the image is genuine and not AI-generated."
5013,Not Misinformation,0.9,False,True,"The image does not depict Brooke Burke or any specific event related to her dating revelation or divorce, but the headline accurately reflects ongoing developments in her love life and divorce situation. The evidence supports that Brooke Burke is engaged to Scott Rigsby and has discussed her dating life following her split from David Charvet."
3983,Misinformation,0.9,False,True,"The image is confirmed to be AI-generated, which is a definitive indicator of misinformation. Additionally, the claim about the film's director and release year is accurate, but the AI generation of the image overrides this accuracy."
ds9980,Not Misinformation,0.6,False,True,"The image depicts a child who appears to be smiling, which aligns with the claim about an Iraqi girl. However, the specific context of the family settling in a field near a Kurdish checkpoint is not clearly supported by the evidence. The visual veracity indicates that the image is not AI-generated, which supports the authenticity of the claim. The evidence regarding Kurdish checkpoints and family settlements in northern Iraq provides context but does not definitively confirm the specific scenario described in the claim."
ds2354,Not Misinformation,0.9,False,True,"The image depicts a big plane flying low on a cloudy sky, which aligns with the claim. There are no indications that the image is AI-generated, and the context of low-flying planes is supported by recent reports and explanations regarding flight behavior in cloudy conditions."
ds9501,Misinformation,0.9,False,True,"The claim that Ford's reelection campaign was brilliant is misleading, as Gerald Ford's 1976 presidential campaign was ultimately unsuccessful. He lost to Jimmy Carter, and the campaign faced significant challenges, including public cynicism due to the Watergate scandal. This contradicts the assertion of brilliance in the campaign."
ds4,Not Misinformation,0.9,False,True,"The claim that Charlie Hebdo's surviving staff left their Paris offices for a temporary home at Liberation newspaper is supported by multiple sources. After the January 2015 attack, the staff did indeed move into the offices of Liberation temporarily before relocating to rented office space later. This is corroborated by evidence from reputable sources such as The New York Times and ABC News."
ds3871,Misinformation,0.9,False,True,"The image is confirmed to be AI-generated, which leads to the classification of the claim as misinformation. Additionally, Meghan Markle's actual birth date is August 4, 1981, not July."
8830,Not Misinformation,0.6,False,True,"The image does not appear to be AI-generated and depicts a traditional clock. However, the context of the clock being against a barn is not supported by the evidence, as the image does not show a barn. While there are instances of clocks on barns, the specific claim lacks direct visual support."
ds5053,Not Misinformation,0.9,False,True,"The claim that drinking green tea daily may increase lifespan is supported by multiple studies indicating potential health benefits, including reduced risk of cardiovascular disease and longevity. The evidence suggests that while there are positive associations, definitive conclusions about lifespan extension require more research. The image is relevant to the topic as it depicts tea leaves, aligning with the subject matter."
ds2437,Not Misinformation,0.6,False,True,"The image does not depict an animal food tray or cage, but rather a disc golf basket, which is unrelated to the claim. The visual veracity indicates that the image is genuine, and there are no signs of AI generation. However, the lack of relevance to the claim affects the overall confidence."
ds6090,Misinformation,0.9,False,True,"The image is confirmed to be AI-generated, which categorically qualifies it as misinformation regardless of the context of the claim about Outside Lands being fun. The presence of surreal elements in the image further supports this classification."
ds742,Not Misinformation,0.9,False,True,"The image depicts a protest scene with demonstrators holding a banner that reads 'WALL OFF TRUMP,' which aligns with the claim about demonstrators forming a barrier against Trump. While the specific location of Quicken Loans Arena is not confirmed in the evidence, the context of the protest aligns with the events that occurred during the Republican National Convention. The visual veracity indicates that the image is not AI-generated, further supporting the authenticity of the claim."
ds1754,Not Misinformation,0.9,False,True,"The image and headline accurately depict Benedict Cumberbatch portraying Julian Assange in the film 'The Fifth Estate.' The evidence confirms that Cumberbatch plays this role in a biographical thriller about WikiLeaks, aligning with the claim made in the headline."
4580,Not Misinformation,0.6,False,True,"The image does not confirm the specific subjects mentioned in the headline, and while it shows three women, it does not provide context about Kourtney Kardashian's preference for Kylie Jenner's lip kit over Kim Kardashian's contour sticks. However, there is no evidence that Kourtney explicitly picks Kylie over Kim, and the image appears to be genuine. Therefore, the claim cannot be definitively labeled as misinformation."
ds50,Not Misinformation,0.9,False,True,"The claim that Rachael Drouet has still not tracked down the owners of the decorations is supported by multiple sources. The evidence confirms that Rachael Drouet's cat, Theo, has been stealing Christmas decorations, and she has been unable to find the owners of these items. The image does not appear to be AI-generated, and the context aligns with the claim."
8392,Not Misinformation,0.9,False,True,"The image does not appear to be AI-generated and is a genuine photograph. The headline accurately reflects the allegations made by Oregon Attorney General Ellen Rosenblum against GNC regarding the sale of supplements containing synthetic chemicals. The evidence supports the claim that GNC was sued for selling products with illegal ingredients, specifically BMPEA and picamilon."
ds7878,Not Misinformation,0.9,False,True,"The image depicts a realistic scene of individuals wading through floodwaters, which aligns with the claim of a family in a flood situation in Harinagar, Satkhira. The evidence confirms that significant flooding has occurred in Harinagar, Satkhira, due to heavy rainfall, causing damage and displacing families. The claim is plausible and supported by multiple sources."
ds4278,Misinformation,0.9,False,True,"The claim that Russian mansions seized by Obama were meant as illegal gifts to Sasha and Malia is false. There is no evidence supporting the idea that these mansions were intended as gifts to the Obama daughters. The seized properties were diplomatic compounds related to political tensions, not personal gifts. Additionally, the image does not relate to the claim, further indicating misinformation."
ds6954,Misinformation,0.9,False,True,"The image is confirmed to be AI-generated, which directly leads to the classification of misinformation regardless of the accuracy of the claim about Prof Martin Hairer. The visual veracity confidence is high due to the surreal nature of the image, which does not align with the subject matter. Additionally, the claim about Prof Martin Hairer being an Austrian mathematician is accurate, but the AI-generated nature of the image overrides this."
ds3520,Misinformation,0.9,False,True,"The claim that Ice-T signed to Sire Records in 1987 when he was 18 years old is false. Ice-T was born on February 16, 1958, which means he was 29 years old when he signed with Sire Records in 1987. This is corroborated by multiple sources that confirm his age and the timeline of his signing."
7044,Not Misinformation,0.9,False,True,"The image does not appear to be AI-generated, and there is substantial evidence confirming that Hillary Clinton has spoken at rallies in Columbus, Ohio. The context of her being at a rally aligns with historical events, particularly during her presidential campaigns in 2008 and 2016."
ds9094,Misinformation,0.9,False,True,"The image is confirmed to be AI-generated, as indicated by the nonsensical text present in the image. This directly violates the claim's integrity, regardless of the relevance of the visual content to the headline."
ds3303,Not Misinformation,0.9,False,True,"The claim that Scandinavia includes the remote Norwegian islands of Svalbard and Jan Mayen is not accurate. While Svalbard is part of the Kingdom of Norway, it is not considered part of geographical Norway or the Scandinavian region, which traditionally includes only Norway, Sweden, and Denmark. Jan Mayen is also not included in the traditional definition of Scandinavia. This is supported by multiple sources that clarify the distinction between Scandinavian and Nordic regions."
ds7131,Not Misinformation,0.6,False,True,"While the image shows a singer performing, which aligns with the context of the headline, the specific details about the dress and jewels worn by Karen O are not confirmed by the evidence. However, it is established that Karen O performed at the ceremony, and the image is not AI-generated."
ds7823,Misinformation,0.9,False,True,"The image does not depict the Berlaymont building, which is the subject of the claim. The description in the headline is not supported by the visual content, indicating a mismatch between the claim and the image. Additionally, the visual veracity indicates that the image is not AI-generated, but it still does not correspond to the claim."
1047,Not Misinformation,0.9,False,True,"The evidence confirms that Governor Matt Bevin did address the Kentucky Chamber of Commerce dinner on January 7, 2016. Multiple sources corroborate this event, including a specific mention in a news article and a Wikipedia entry. The image does not appear to be AI-generated, further supporting the authenticity of the claim."
ds8744,Not Misinformation,0.9,False,True,"The image depicts a shirtless man on a skateboard in mid-air, which aligns with the claim. The visual veracity indicates that the image is not AI-generated, and the context provided in the evidence supports the plausibility of the scenario. The focus on the skateboarder and the surrounding environment suggests that the claim is accurate."
ds9896,Not Misinformation,0.6,False,True,"The claim about Alan Johnson having a 'bad case' is ambiguous and lacks specific context. While there are references to personal matters and health discussions, there is no definitive evidence indicating that he is currently suffering from any serious health issues. The image does not appear to be AI-generated, and the visual veracity is confirmed as genuine. However, the lack of clear evidence regarding the claim's specifics leads to a medium confidence level."
ds3482,Not Misinformation,0.9,False,True,"The claim that 'Gotham City Sirens failed to be published' is incorrect. Evidence shows that the series has been published and continues to have new issues released, with ongoing developments as of 2024. The image aligns with the subject matter, depicting comic book covers related to 'Gotham City Sirens'."
3081,Misinformation,0.9,False,True,"The claim that 'Story of My Life' was recorded exclusively by a girl band is false. The song is primarily known for being recorded by the boy band One Direction, and there is no evidence supporting that a girl band recorded it. Additionally, the evidence confirms that One Direction is the group associated with this song."
6149,Misinformation,0.9,False,True,"The image is identified as AI-generated with a confidence of 0.8, which indicates it is not a genuine photograph. The surreal nature of the image, depicting a dog reading a book with nonsensical text, further supports this classification. According to the definitive rule, AI-generated images are classified as misinformation regardless of other signals."
ds6053,Misinformation,0.9,False,True,"The image is confirmed to be AI-generated, which directly leads to the classification of misinformation. The surreal nature of the image, depicting a rabbit riding a pink tricycle, further supports this classification as it does not align with realistic scenarios."
5357,Not Misinformation,0.9,False,True,"The image is confirmed to be a genuine photograph, and the headline discusses a real issue regarding the Education Secretary's plan and its financial implications. The evidence supports the claim about the controversial plan and the criticisms surrounding it, indicating that the information is accurate."
ds3839,Misinformation,0.9,False,True,"The image is confirmed to be AI-generated, which directly leads to the classification of misinformation. Additionally, while Dev Patel did star in 'Chappie', the claim that it is an animated movie is misleading as 'Chappie' is a live-action film with animated elements, not a traditional animated movie."
7469,Not Misinformation,0.9,False,True,"The image shows Donald Trump speaking at a rally, which aligns with the claim that he spoke at a rally in Bangor, Maine on October 15, 2016. The evidence confirms that he did hold a rally in Bangor on that date, where he addressed various issues. The visual veracity indicates that the image is not AI-generated."
ds3252,Misinformation,0.9,False,True,"The claim that 'Little Dorrit' was only published in the 1980s is false. The novel was originally published in serial form between 1855 and 1857, as confirmed by multiple sources. Additionally, the image is identified as AI-generated, which further supports the classification of misinformation."
ds3976,Misinformation,0.9,False,True,"The image is confirmed to be AI-generated, which leads to a definitive classification of misinformation. Additionally, the claim that the United States is one of the ABC Islands is false, as the ABC Islands (Aruba, Bonaire, and Curaçao) are part of the Kingdom of the Netherlands, not the United States."
9974,Not Misinformation,0.9,False,True,"The image is confirmed to be a genuine photograph, and the headline references Kanye West, who is indeed a relevant figure in the image. The context of the tweet is not fully visible, but the evidence supports that Kanye has been active on Twitter recently, making the claim plausible."
4125,Not Misinformation,0.9,False,True,Kevin Hart did appear in a J. Cole music video where he played a role reflecting his real-life experiences with infidelity. This aligns with the claim made in the headline. The image does not show any signs of being AI-generated and appears to be a genuine photograph.
ds2506,Not Misinformation,0.9,False,True,"The image shows a building with a protective fence underneath, which aligns with the claim about safety measures for pedestrians. Additionally, there is evidence that fencing has been installed around buildings in Warsaw to catch falling bricks, supporting the claim's context. The visual veracity indicates that the image is not AI-generated, further reinforcing the credibility of the claim."
ds6253,Misinformation,0.9,False,True,"The image is confirmed to be AI-generated with a high confidence level (0.9), which categorically qualifies it as misinformation. The surreal elements and nonsensical text further support this classification."
ds6291,Misinformation,0.9,False,True,"The image is confirmed to be AI-generated, which indicates manipulation and unreliability. The visual veracity confidence is high, and the claim about a statue riding a gazelle is not supported by real-world evidence."
ds9638,Not Misinformation,0.9,False,True,"The image shows two presenters on YouTube, which aligns with the claim that they discussed a story being staged. The evidence confirms that Tania Reza and Enrique Tovar did appear on YouTube to clarify the incident, which was later revealed to be a hoax. The visual veracity indicates that the image is genuine and not AI-generated."
ds994,Not Misinformation,0.9,False,True,"The image accurately depicts performers forming the Olympic rings during the closing ceremony, which aligns with the claim. The evidence supports that the Olympic rings were indeed formed during the closing ceremony of the Paris 2024 Olympics."
ds5728,Not Misinformation,0.9,False,True,"The image features Jenny McCarthy and aligns with the headline about her rise to fame. The evidence supports her career milestones and achievements since her debut in the entertainment industry, confirming the accuracy of the claim."
2731,Not Misinformation,0.9,False,True,"The image depicts a toy doll in a car window, which aligns with the innovative take on the 'baby on board' sticker mentioned in the headline. The visual veracity indicates that the image is not AI-generated, and the evidence supports the existence of various creative and humorous 'baby on board' stickers."
ds2331,Not Misinformation,0.9,False,True,"The image depicts a man on a tennis court holding a racquet, which aligns perfectly with the claim. The visual veracity indicates that the image is not AI-generated, and the evidence supports the existence of similar images in stock photo collections."
9107,Misinformation,0.9,False,True,"The image is confirmed to be AI-generated with a confidence level of 0.8, which directly leads to the classification of misinformation regardless of the claim's content. The visual anomalies noted further support this classification."
ds3649,Misinformation,0.9,False,True,"The claim that 'An Educated' was created only by journalist Nora Ephron is false. The correct title is 'Educated,' a memoir by Tara Westover, and there is no evidence linking Nora Ephron to this work. Additionally, the evidence confirms that Ephron was not involved in creating 'An Educated.'"
7187,Not Misinformation,0.9,False,True,"The claim that Supreme Leader Ayatollah Ali Khamenei waved during a meeting in Tehran last September is supported by multiple sources confirming his public appearances on September 17 and September 21, 2022. The image is not AI-generated and aligns with the events described."
ds5161,Not Misinformation,0.9,False,True,"The image is confirmed to be genuine and not AI-generated. While the claim about Pence's secret ties to a Russian spy agency is not substantiated by credible evidence, the image does relate to Pence, and the overall context does not support the headline's assertion. The evidence indicates that there are no credible reports linking Pence to Russian espionage, focusing instead on his opposition to Russian aggression."
ds4423,Misinformation,0.9,False,True,"The claim that Floyd Mayweather Jr. donated a significant sum to Houston after a hurricane is false. Multiple sources confirm that he did not make such a donation, specifically stating that the claim of a $200 million donation is fake news. The image does not provide context to support the claim, and the evidence clearly refutes it."
8155,Misinformation,0.9,False,True,"The claim that Charlie Pierce made a phone call in the doorway of a wire factory in Ohio in 2012 is unsupported by evidence. Charlie Pierce did not work for Mitt Romney, and there is no record of such a phone call occurring in that context. Additionally, the image does not relate to the claim and depicts a disaster scene, which further discredits the claim."
ds7055,Not Misinformation,0.6,False,True,"The image does not depict the specific subjects or event mentioned in the headline, as it shows a person sitting outside a building rather than the family described. However, there is evidence that Leeroy Murray existed in 1947 and that the family is historically relevant. The image appears to be genuine and not AI-generated, but the connection to the claim is weak."
8165,Not Misinformation,0.9,False,True,"The claim that Emily Cruse Elliott danced in Club Sizzle at the Blue Ribbon Bacon Fest in Des Moines is supported by multiple sources confirming both the event's occurrence and her participation. The image shows a genuine photograph of people dancing, which aligns with the context of the event. Additionally, the evidence confirms the festival took place and that Emily Cruse Elliott performed there."
1449,Not Misinformation,0.9,False,True,"The claim about Hinchliffe Stadium opening in 1932, hosting Negro League games, and being abandoned aligns with the retrieved evidence. The stadium was indeed constructed in 1932 and has a significant history with the Negro Leagues. Although it was abandoned for many years, it has recently been renovated and reopened in 2023, which is consistent with the claim that it is now in ruins, although it is no longer abandoned."
4647,Not Misinformation,0.9,False,True,"The claim that Angelina Jolie and Jennifer Aniston did not have a face-to-face meeting is supported by evidence indicating that they did meet in 2004. Aniston has described this meeting as friendly, which contradicts the claim. The image of Angelina Jolie is relevant but does not confirm or deny the specifics of the meeting with Aniston. Therefore, the claim is not accurate."
ds4064,Not Misinformation,0.9,False,True,"The image is a genuine photograph of Brad Pitt, and the claim about his net worth aligns with multiple credible sources that estimate his net worth to be around $300 million to $400 million. The information is relevant and corroborated by the evidence provided."
ds2877,Not Misinformation,0.9,False,True,"The image is a genuine photograph of a decomposing leaf, and the claim about finding decomposing leaves offshore at a local reservoir is supported by evidence from a Reddit post that directly states this. The relevancy score indicates a strong connection between the image and the claim, despite some uncertainty about the specific location."
7330,Misinformation,0.9,False,True,"The image does not depict Jonathan Jones or the Millennium Bridge in central London, as it shows a group of people in a different setting. Additionally, there is no evidence linking Jonathan Jones to the Millennium Bridge. The sources confirm that Jonathan Jones is not associated with the bridge, and the image does not match the claim."
ds5062,Misinformation,0.9,False,True,"The claim that the COVID-19 vaccine alters DNA and increases the risk of genetic mutations is false. Multiple reputable sources confirm that COVID-19 vaccines, particularly mRNA vaccines, do not alter human DNA. They work by providing instructions to cells to produce a harmless piece of the virus's spike protein and do not enter the nucleus where DNA is located. Additionally, there is no evidence that COVID-19 vaccines increase the risk of genetic mutations or cancer."
ds5124,Misinformation,0.9,False,True,"The claim that Biden admitted to plotting election fraud with foreign powers is false. Multiple sources confirm that Biden did not make such admissions, and the context of his statements has been misrepresented. The image does not relate to Biden or the specific claim, further indicating misinformation."
6119,Misinformation,0.9,False,True,"The image is confirmed to be AI-generated with a confidence level of 0.8, which meets the definitive rule for misinformation. The visual elements are bizarre and surreal, lacking coherence, which further supports the classification as misinformation."
5317,Misinformation,0.9,False,True,"The claim that herbal tea from the Amazon rainforest can eradicate COVID-19 is misleading and unsupported by scientific evidence. Multiple sources confirm that herbal tea does not cure or prevent COVID-19, and claims of such nature have been deemed false by health authorities. Additionally, the image is not AI-generated, but the claim itself is false based on the evidence provided."
ds8378,Not Misinformation,0.9,False,True,"The claim that Richard Dawkins and Rowan Williams debated the role of religion in the 21st century is accurate. They indeed participated in a debate on January 31, 2013, at the Cambridge Union, where the motion was 'this house believes religion has no place in the 21st century.' Dawkins supported the motion but ultimately lost the debate, as the majority voted in favor of the opposing view that religion does have a place in modern society. This is corroborated by multiple sources."
8719,Misinformation,0.9,False,True,"The image is confirmed to be AI-generated, which directly leads to the classification of misinformation regardless of the other signals. The visual veracity indicates a high confidence that the image is not a real photograph but rather a generated image, which undermines the authenticity of the claim."
6563,Misinformation,0.9,False,True,"The image is confirmed to be AI-generated, which directly leads to the classification of misinformation regardless of the context or details provided in the headline."
ds3412,Misinformation,0.9,False,True,"The claim that Castlevania came out in Japan in 1990 is false. The original Castlevania game was released in Japan on September 26, 1986. The confusion may stem from the release of a different game, Kid Dracula, which was released in 1990. This is supported by multiple sources confirming the original release date of Castlevania."
966,Misinformation,0.9,False,True,"The claim that Marco Rubio grilled at the Iowa State Fair in 2015 is not supported by evidence. Multiple sources confirm that there is no record of Rubio grilling at the event, despite the context of the Iowa Pork Producers Pork Tent being relevant to the fair. The image does not provide definitive proof of his presence at the grill."
ds5156,Misinformation,0.9,False,True,"The claim that the COVID-19 vaccine causes permanent memory loss is not supported by any credible evidence. The retrieved sources do not mention any link between COVID-19 vaccines and memory loss, focusing instead on other side effects and concerns. Additionally, the image is not AI-generated, but the claim itself is misleading and lacks scientific backing."
ds2814,Not Misinformation,0.9,False,True,"The image depicts a handwritten Father's Day note, which aligns with the claim of finding such a note in a used bookstore. The context of the note being used as a placeholder in a fishing book is plausible given the nature of used bookstores. Additionally, the sources confirm the existence of used bookstores in Knoxville, TN, where such a note could be found."
ds6955,Misinformation,0.9,False,True,"The image is confirmed to be AI-generated, which directly leads to the classification of the claim as misinformation. Additionally, there is no evidence supporting any association between Henry Kissinger and Sepp Blatter."
ds6481,Not Misinformation,0.9,False,True,"The image depicts Vladimir Putin and Borut Pahor, which is consistent with the claim. The context of their meeting aligns with the evidence provided, confirming their identities and the event they attended together."
5084,Misinformation,0.9,False,True,"The image is confirmed to be AI-generated, which directly leads to the classification of the claim as misinformation. Additionally, there is no evidence supporting the claim that the Senate voted to ban independent media, as the retrieved evidence indicates that the Senate has not taken such action."
ds1963,Not Misinformation,0.9,False,True,"The image depicts heavy traffic on a motorway, which aligns with the claim about heavy traffic on the M5 motorway during a busy Easter getaway. The evidence supports the occurrence of heavy traffic on the M5 during Easter, confirming the claim's validity."
9347,Not Misinformation,0.9,False,True,"The image depicts a man wearing glasses and a purple scarf, which is similar to a lavender shirt. The visual veracity indicates that the image is not AI-generated, and the details align closely with the claim. The evidence supports the existence of men wearing glasses and lavender shirts in fashion trends, confirming the relevance of the claim."
ds4921,Not Misinformation,0.9,False,True,"The image does not depict Justin Bieber or Kourtney Kardashian, and the context of the headline is supported by evidence indicating that they still communicate as friends. Additionally, the image is confirmed to be real and not AI-generated."
3169,Misinformation,0.9,False,True,"The claim that Ian Gillan was born on May 19, 1945, is false; he was actually born on August 19, 1945. Additionally, the image is identified as AI-generated, which further supports the classification of this claim as misinformation."
2004,Not Misinformation,0.9,False,True,"The image clearly depicts a basketball game in progress, which aligns with the claim. Additionally, the sources confirm that there are various basketball games happening currently, supporting the claim that a basketball game is ongoing."
4046,Misinformation,0.9,False,True,"The claim that George H.W. Bush has died at 94 is true, as he passed away on November 30, 2018. However, the image shows him alive and smiling, which contradicts the claim. Therefore, the combination of the headline and the image creates misinformation."
8531,Not Misinformation,0.9,False,True,"The image depicts a kitchen with decorative elements, aligning with the claim of a decorated interior. The visual veracity indicates that the image is not AI-generated, and the relevancy score supports the idea that it represents a smaller kitchen, even if not fully visible. The evidence from the retrieved sources supports the definition and trends in small kitchen design and decoration."
ds8617,Misinformation,0.9,False,True,"The image is confirmed to be AI-generated, which categorically classifies it as misinformation regardless of the relevance to the claim. The visual veracity confidence is above the threshold, indicating a strong likelihood of AI generation."
1052,Not Misinformation,0.9,False,True,"The claim about the iPhone 5C being displayed during an Apple product announcement at the Apple campus in Cupertino, California, and its release date of September 20, 2013, is accurate. The image supports this claim as it depicts the iPhone 5C, and the retrieved evidence confirms both the announcement and release details."
2929,Not Misinformation,0.9,False,True,"The image depicts a nurse with colorful hair, which aligns with the subject of the headline. The nurse's response to criticism about her appearance has been widely reported, confirming the authenticity of the claim. The evidence supports the narrative that the nurse expressed pride in her colorful hair and emphasized that it does not affect her ability to perform her job."
5939,Misinformation,0.9,False,True,"The image is confirmed to be AI-generated, which directly leads to the classification of misinformation regardless of the claim's content. Additionally, the claim about Vic Mensa's roots in Houston, Texas is false, as he was born and raised in Chicago, Illinois, with no ties to Houston. This is supported by multiple sources confirming his background."
ds3503,Misinformation,0.9,False,True,"The image is confirmed to be AI-generated, which leads to the classification of the claim as misinformation. Additionally, the claim that 'The Hunger Games' is based on a play is misleading; while there is a stage adaptation, the original source material is a series of novels, not a play."
ds6940,Misinformation,0.9,False,True,"The image is confirmed to be AI-generated, which directly leads to the classification of misinformation regardless of the claim's content. The unusual elements in the image, such as a child reading a book alongside a skeleton, further support this conclusion. Additionally, the text on the book appears garbled, indicating manipulation."
ds8840,Misinformation,0.9,False,True,"The image is confirmed to be AI-generated with a high confidence level, which categorizes it as misinformation regardless of the claim's other aspects. The claim about the yellow dump truck sitting on green asphalt is also misleading, as the truck is actually on grass, not asphalt."
ds4482,Not Misinformation,0.6,False,True,"The evidence indicates that the San Juan Teamsters have been actively involved in relief efforts rather than skipping work. There is no confirmation that they did not show up for work to distribute relief supplies. The image does not provide direct evidence related to the claim, and the context of the situation suggests ongoing support from the Teamsters."
ds4702,Not Misinformation,0.9,False,True,"The image is confirmed to be genuine and not AI-generated. While there are rumors about Gwen Stefani's pregnancy, there is no definitive evidence supporting the claim in the headline. The evidence indicates that speculation exists but lacks confirmation. Additionally, the mention of friends being concerned about her 'MAGA makeover' aligns with the claim about secrets."
1231,Not Misinformation,0.6,False,True,"The image shows a player running during pregame warmups, which aligns with the context of the headline. However, the specific identification of Robert Griffin III cannot be confirmed, hence the partial alignment. There is no definitive evidence confirming that Robert Griffin III warmed up at Raymond James Stadium, but he did play there during his time with the Redskins. The visual veracity indicates that the image is not AI-generated, which supports the claim's authenticity."
4217,Not Misinformation,0.6,False,True,"The image is not AI-generated and appears to be a genuine photograph. However, the connection between the image and the claim about J.Lo and A-Rod's passionate kisses is weak, as recent evidence suggests they are no longer together and there are no confirmed details about them making out. The claim may be misleading based on the current status of their relationship."
992,Not Misinformation,0.9,False,True,"The image depicts a flooded area that aligns with the claim about high water overrunning homes and businesses near the Shiawassee River and Shiawassee National Wildlife Refuge in Michigan. The evidence supports the occurrence of flooding in this region due to heavy rainfall, which is consistent with the claim."
ds6586,Misinformation,0.9,False,True,"The image is confirmed to be AI-generated, depicting a surreal scene with jellyfish in a bedroom, which is not a natural occurrence. This aligns with the definitive rule that any AI-generated image is classified as misinformation regardless of other signals."
ds1582,Misinformation,0.9,False,True,"The claim states that Norway won against England in the European Under-21 Championship, but evidence indicates that Norway lost to England with a score of 1-2 in a different match context (FIFA World Cup). Additionally, the image does not confirm the identity of the goalkeeper as Nyland Haskjold, nor does it verify the specific match referenced in the claim."
ds6549,Misinformation,0.9,False,True,"The image is identified as AI-generated with a confidence of 0.8, which meets the definitive rule for misinformation. The surreal element of angel wings on the mother indicates that the image does not represent a real-life scenario, thus categorizing it as misinformation."
ds1547,Not Misinformation,0.6,False,True,"While the claim states that the Martutjarra Luritja people are the custodians of Watarrka National Park, evidence indicates that the park is primarily under the custodianship of the Anangu Aboriginal people. The Martutjarra Luritja people are associated with the broader Luritja group and have rights to land in Central Australia, but the specific custodianship of Watarrka National Park is attributed to the Anangu. Therefore, the claim is misleading but not entirely false, as it does not outright deny the presence of the Martutjarra Luritja people in the region."
ds9027,Misinformation,0.9,False,True,"The image is confirmed to be AI-generated, which categorically makes the claim misinformation regardless of the content of the headline. The visual veracity confidence is high due to the unnatural appearance of the pizza."
ds8208,Not Misinformation,0.9,False,True,"The image depicts a protest, which aligns with the claim about activists protesting the Summer Olympics in Brazil. The evidence supports that there were indeed protests related to the Olympics, specifically addressing issues of corruption and mismanagement. Activists protested against the Olympics in Rio de Janeiro, raising concerns about water pollution and broken promises, which are directly related to the claim."
ds1877,Not Misinformation,0.9,False,True,"The claim that Gordon Taylor settled into his role as chairman at the Professional Footballers Association in November 1978 and later became chief executive in 1981 is supported by multiple reliable sources. The image is confirmed to be genuine and not AI-generated, and the historical context aligns with the evidence provided."
ds1998,Not Misinformation,0.9,False,True,"The image depicts a protest scene that aligns with the claim about spending cuts likely sparking protests. The evidence supports the assertion that spending cuts lead to public dissent, particularly in recent protests in France against proposed budget cuts. The visual context and the retrieved evidence confirm the relationship between spending cuts and protests."
578,Not Misinformation,0.9,False,True,"The image depicts a person working with a pump in a flooded area, which aligns with the context of trying to keep floodwaters out of a property. While the specific identity of the person as Bob Bailey and the exact location as Clarksville, Mo, cannot be confirmed, the overall scenario is plausible and supported by evidence of flooding in the area. Additionally, the image is confirmed to be not AI-generated."
ds4435,Not Misinformation,0.6,False,True,"The claim that Trump is removing Marines from the Navy is not supported by the evidence. The sources retrieved do not indicate any action taken by Trump regarding the removal of Marines from the Navy. Instead, they discuss various unrelated topics, and there is no direct evidence to substantiate the claim. However, the image does not appear to be AI-generated, which allows for a lower confidence in labeling it as misinformation."
4186,Misinformation,0.9,False,True,"The claim that Katie Holmes reignites a friendship with James Van Der Beek to make Jamie jealous is misleading. James Van Der Beek has recently passed away, and the context of their relationship is one of mourning rather than rekindling a friendship. Additionally, there is no evidence to support the notion that Jamie is jealous of this supposed friendship. The image does not depict the subjects mentioned in the headline, further indicating a lack of relevance."
ds5919,Misinformation,0.9,False,True,"The claim that Ares is a nephew of Zeus is incorrect; Ares is actually the son of Zeus and Hera, making him Zeus's child rather than his nephew. This is supported by multiple sources that confirm Ares' lineage as the son of Zeus and Hera (e.g., https://en.wikipedia.org/wiki/Ares, https://www.theoi.com/Olympios/AresFamily.html)."
ds379,Misinformation,0.9,False,True,"The claim states that three people died during a police raid in Saint-Denis five days after the attacks. Evidence confirms that two suspects were killed during the raid, and a woman detonated an explosive device, resulting in her death, which aligns with the claim of three deaths. However, the claim is misleading as it does not clarify that the third death was due to the woman's actions rather than a direct police action. Therefore, while the claim has elements of truth, it is presented in a way that could mislead readers about the nature of the events."
ds3753,Not Misinformation,0.9,False,True,"The Icelandic Coast Guard actively performs various services, including search and rescue, maritime safety, and surveillance. The evidence clearly supports that the Coast Guard is involved in numerous operations and maintains a continuous watch for emergencies, contradicting the claim that they rarely perform a service."
ds6032,Not Misinformation,0.9,False,True,"The image depicts a real ostrich interacting with a person, which aligns with the humorous claim about the ostrich's table manners. There are no indications that the image is AI-generated, and the context supports the headline's playful nature regarding ostrich behavior."
3980,Not Misinformation,0.6,False,True,"The claim that 'Touch My Body is a law' is incorrect, as 'Touch My Body' refers to a song by Mariah Carey and not a legal statute. The evidence supports that laws regarding physical contact are related to assault, battery, or harassment, not a specific law named 'Touch My Body'. However, the image does not appear to be AI-generated, and the confidence in the misinformation claim is not high due to the lack of direct evidence linking the claim to a definitive falsehood."
ds2845,Not Misinformation,0.6,False,True,"The image is confirmed to be a genuine photograph of a gas pump, and while the claim about a spider web is not substantiated by specific evidence, the existence of premium pumps in Arkansas is confirmed. However, there is no evidence directly linking a spider web to a gas pump in Arkansas, which limits the overall confidence in the claim."
1318,Not Misinformation,0.6,False,True,"The image shows patrons seated at a bar and in rows, which aligns with the context of the headline. However, it does not confirm the presence of bocce or the specific activity mentioned. While there are venues that combine bars and bocce, the claim about patrons relaxing in theater seats while waiting to play bocce is not fully supported by the evidence."
ds2773,Not Misinformation,0.9,False,True,"The image shows a Bible and a Book of Mormon in a hotel drawer, which aligns with the claim about a hotel in Detroit having these items. This practice is common in many hotels, especially those affiliated with the Marriott chain, due to their historical ties to the Church of Jesus Christ of Latter-day Saints."
ds8795,Not Misinformation,0.9,False,True,"The image depicts two men in formal attire, likely at night, which aligns with the claim. While the specific detail of them wearing sunglasses is not confirmed, the context of men crossing the street at night is supported by evidence. Additionally, the image is not AI-generated, further supporting its authenticity."
6395,Misinformation,0.9,False,True,"The image is confirmed to be AI-generated, which categorically classifies it as misinformation regardless of the context or resemblance to Beyoncé. The visual veracity signal indicates a high confidence in the AI generation of the image."
ds5285,Not Misinformation,0.9,False,True,"Hillary Clinton has publicly denied any intention to run for president in 2024, stating that she is not running and focusing on supporting other Democratic candidates. This is supported by multiple sources confirming her lack of plans for a 2024 campaign."
ds7674,Not Misinformation,0.6,False,True,"The claim about the Highlands attracting 80% of its visitors from other parts of the UK is not directly supported by the evidence provided. While the evidence indicates that the Highlands attract many visitors due to their scenery and culture, it does not specify the exact percentage of visitors from the UK. The visual veracity indicates that the image is not AI-generated, but the relevancy is low as the image does not depict anything related to tourism in the Highlands."
2728,Not Misinformation,0.9,False,True,"The claim that an activist faced years in prison for helping migrants but jurors wouldn't convict him is supported by multiple sources. Specifically, Scott Daniel Warren faced charges for providing aid to migrants, and jurors did not convict him, reflecting a stance against the criminalization of humanitarian aid. This aligns with the evidence retrieved, which confirms the details of the case and the jury's decision."
ds8721,Not Misinformation,0.9,False,True,"The image shows a bowl of white rice and broccoli, which aligns with the general context of the headline about a bowl of rice and a vegetable dish. While the specific mention of beef is not confirmed in the image, the overall context is still relevant. Additionally, the visual veracity indicates that the image is not AI-generated."
ds9200,Misinformation,0.9,False,True,"The image is confirmed to be AI-generated with a high confidence level (0.9), which indicates manipulation and distortion, particularly around the dog's anatomy. This directly leads to the classification of the claim as misinformation, regardless of the relevance of the content."
ds3723,Misinformation,0.9,False,True,"The claim that 'The Originals' began airing on The CW in October of 2005 is false. The series actually premiered on October 3, 2013. Additionally, the image is confirmed to be AI-generated, which further supports the classification of misinformation."
7601,Not Misinformation,0.9,False,True,"The image depicts Bangladeshi security personnel standing guard near a restaurant that was attacked by gunmen in Dhaka on July 1, 2016. This aligns with the historical event where security forces were deployed in response to the attack, confirming the context of the claim."
9081,Not Misinformation,0.9,False,True,"The image shows a lunch box that contains sandwiches and carrots, which aligns with the claim. Although it does not clearly show a muffin or a salad, the overall contents are consistent with typical lunch box items. The visual veracity indicates that the image is not AI-generated, supporting the authenticity of the claim."
ds2006,Not Misinformation,0.6,False,True,"The image shows people lined up near an airplane, which partially aligns with the claim. However, the visibility of details regarding military uniforms is limited, making it unclear if any individuals are in military attire. The visual veracity indicates that the image is not AI-generated, but the evidence does not strongly confirm the presence of military personnel."
ds6266,Misinformation,0.9,False,True,"The image is confirmed to be AI-generated, depicting an unrealistic scenario of a turkey flying over a cityscape, which does not align with the context of the headline. The visual veracity confidence is high due to the clear indication of AI generation."
708,Not Misinformation,0.9,False,True,"The image is confirmed to be a genuine photograph of Carmelo Anthony and La La Vazquez Anthony, aligning with the context of the claim regarding their relationship and the trade rumors from 2011. The evidence supports that La La did not force Carmelo to seek a trade, but rather that the trade contributed to the decline of their marriage."
ds354,Not Misinformation,0.9,False,True,"The claim that Aon was unveiled as the sponsor of Manchester United in July 2010 is accurate. Aon signed a four-year sponsorship deal in June 2009, which took effect from the start of the 2010/11 season, and the new kit featuring Aon's logo was revealed on July 14, 2010. This aligns with the evidence provided."
7119,Misinformation,0.9,False,True,"The claim that Julian Assange is calling for the threat of arrest to be lifted is not supported by the evidence. Multiple sources indicate that he has not made such a call, and instead, his legal troubles continue. Additionally, the image does not depict the specific event mentioned in the claim, further undermining its accuracy."
6424,Misinformation,0.9,False,True,"The image is confirmed to be AI-generated with a high confidence level (0.9), which indicates that it does not represent a real harpy or any real event. The surreal nature of the creature depicted further supports this conclusion. Additionally, the claim about a harpy coming in for a landing is not substantiated by any real-world evidence, as harpies are mythological beings."
5060,Not Misinformation,0.6,False,True,"While the claim about harmful radiation exposure from smartphones is debated, the current scientific consensus suggests that there is insufficient evidence to definitively link smartphone use to cancer. The image does not depict AI generation, and the connection to the claim is weak but not entirely unfounded. Experts have mixed views, and ongoing research is recommended, indicating that caution is warranted but not alarm."
3899,Not Misinformation,0.9,False,True,"The Tenth Doctor is indeed accompanied by Rose Tyler, as she is a well-known companion of both the Ninth and Tenth Doctors. The evidence confirms their relationship and presence together during the series. Additionally, the image does not appear to be AI-generated, further supporting the claim's validity."
ds511,Not Misinformation,0.9,False,True,"The image and headline accurately represent Whiskey Down, a gaming lounge located in MGM Grand, Las Vegas, which offers a wide selection of whiskies. The evidence confirms its existence and features, aligning with the claim."
3537,Misinformation,0.9,False,True,"The image is confirmed to be AI-generated, which directly leads to the classification of the claim as misinformation. Additionally, the claim that action films are a subgenre of martial arts films is misleading, as action films encompass a broader range of themes and styles beyond just martial arts."
ds9777,Not Misinformation,0.9,False,True,"The claim that Des Warren and Ricky Tomlinson were blacklisted for their union activity is supported by historical evidence. They were imprisoned for their involvement in union activities during the 1972 strike, which led to significant repercussions in their careers. The image does not appear to be AI-generated, and the identities of the individuals align with the context provided."
5524,Not Misinformation,0.6,False,True,"The claim about Jennifer Aniston sabotaging Brad Pitt's Hollywood comeback is not supported by evidence. While there are discussions about their past relationship and divorce, there is no indication that Aniston is currently involved in any sabotage. The image does not appear to be AI-generated, and the context of the claim does not align with the evidence provided."
ds4669,Not Misinformation,0.6,False,True,"The image does not depict Bradley Cooper or Lady Gaga, nor does it represent the specific subject of 'A Star Is Born.' However, the claim about the film being a remake is accurate, and the visual veracity indicates that the image is not AI-generated. Therefore, while the image does not align with the claim, it does not constitute misinformation."
2169,Not Misinformation,0.9,False,True,"The image accurately depicts various items mentioned in the claim, including shoes, a cap, and an iPod. The visual veracity assessment confirms that the image is not AI-generated, supporting the authenticity of the claim. Additionally, the relevance of the items aligns well with common contents found in bags, as supported by the evidence."
889,Not Misinformation,0.9,False,True,"The claim about migrants being seen on the shore in Rhodes, Greece, aligns with the current situation reported in various sources. There is evidence of a significant number of migrants on Rhodes, with reports indicating that the island is facing a migrant crisis. The image shows a group of people on the shore, which is consistent with the context of migrants arriving in Greece. Additionally, the visual veracity indicates that the image is not AI-generated, further supporting the claim's authenticity."
ds4772,Not Misinformation,0.6,False,True,"While the claim suggests that Ed Sheeran attributes his ability to date attractive women to Taylor Swift, the evidence does not support this specific assertion. Ed Sheeran has made comments about Taylor Swift, but there are no direct quotes or statements from him that confirm he believes he can date 'hot women' because of her. The relationship between Sheeran and Swift is characterized by friendship and mutual support, rather than the claim made in the headline."
ds372,Not Misinformation,0.6,False,True,"The image depicts a rusting emergency vehicle, which is relevant to the claim about the 1970 protests at Jackson State College. However, while the vehicle may symbolize the historical events, there is no definitive evidence confirming that this specific vehicle was used during the protests. The visual veracity indicates that the image is not AI-generated, which supports the claim's authenticity. The confidence is moderate due to the lack of specific evidence linking the vehicle to the protests."
6440,Misinformation,0.9,False,True,"The image is confirmed to be AI-generated, which directly leads to the classification of the claim as misinformation. The surreal nature of the image, depicting a leader with mechanical legs, further supports this conclusion. Additionally, the claim about Kim Jong-un taking a smoke break is partially supported by evidence, but the visual veracity of the image is the overriding factor."
ds2864,Not Misinformation,0.6,False,True,"The claim about dye leaking and giving the egg a polka dot appearance is plausible given the context of dye usage in egg decoration. However, the evidence does not directly confirm that the speckled appearance is due to dye leaking during peeling. The image shows colored eggs, which could be a result of various dyeing methods, not necessarily a leak. The evidence regarding dye leaks pertains to a separate incident involving a fabric dye unit, which does not directly relate to the claim about eggs."
ds9049,Not Misinformation,0.6,False,True,"The image depicts a living room with a table and chairs, which aligns with the claim. However, the absence of a fireplace means it does not fully meet the specifics of the claim. The visual veracity indicates that the image is genuine and not AI-generated."
1505,Not Misinformation,0.6,False,True,"The claim that business rates have added about 500m to retailers' costs in the past three years is supported by evidence indicating significant increases in business rates impacting retailers. However, the specific figure of 500m is not directly confirmed by the evidence provided. The evidence does mention increases in costs due to business rates, including a £140m hike and an additional £242m, which suggests that the claim could be plausible but lacks precise verification."
ds1418,Not Misinformation,0.6,False,True,"The image depicts a live music performance with a crowd, which aligns with the context of a music event. However, there is no definitive evidence confirming the specifics of it being a free event featuring Brazilian music stars or the Alternative Olympic Opening Ceremonies. The claim about the Alternative Olympic Opening Ceremonies is supported by evidence of similar events occurring, but the specifics of this event remain unverified."
690,Misinformation,0.9,False,True,"The claim that Gus Malzahn is on the sideline during the third quarter is misleading because he is not the current coach of Auburn, having been replaced after the 2020 season. The image does not confirm the identity of the individual in the center as Malzahn, and the context of the game is not specified. Additionally, the evidence confirms that Malzahn is currently the head coach at the University of Central Florida, not Auburn."
ds7963,Not Misinformation,0.9,False,True,"The claim that ninety-six people died at the 1989 FA Cup semifinal at Hillsborough stadium is accurate. Multiple sources confirm that 96 Liverpool fans lost their lives due to the crowd crush during the disaster. The image of the memorial aligns with the context of the event, further supporting the claim."
ds9935,Not Misinformation,0.6,False,True,"The image does not depict David Cameron celebrating himself, nor does it clearly show him heading to the EU summit in Brussels. While he did attend an EU summit, the context of the image does not align with the claim made in the headline. The visual veracity indicates that the image is genuine, and there is no evidence suggesting it is AI-generated."
4960,Not Misinformation,0.9,False,True,"The image and headline align well with the themes of love, beauty, and redemption associated with Jennifer Lopez and Alex Rodriguez. The image is confirmed to be a well-composed photograph, not AI-generated, and the context supports the claim about their relationship. Additionally, the retrieved evidence corroborates the connection between the couple and the themes mentioned in the headline."
5286,Misinformation,0.9,False,True,"The claim that Biden accepted illegitimate votes in the 2020 election is widely debunked. Numerous investigations and court rulings have confirmed the legitimacy of the election results, stating that there is no credible evidence of widespread voter fraud that could have affected the outcome. Additionally, the image does not provide any context or evidence supporting the claim, further indicating misinformation."
ds6300,Misinformation,0.9,False,True,"The image is confirmed to be AI-generated, which indicates manipulation and unreliability. The presence of a cartoon character in a supposedly real event further supports this conclusion. Therefore, the claim about Hillary Clinton breaking ground at Goldman's Pharmacy is misleading."
ds9486,Misinformation,0.9,False,True,"The image is confirmed to be AI-generated, which indicates that it does not represent real cats or a real scene. The unusual anatomical features and poses of the cats further support this conclusion. Therefore, the claim about two striped cats lying with two sneakers is misleading."
ds252,Not Misinformation,0.9,False,True,"The claim that Dave Lee Travis was one of broadcasting's biggest stars in the 70s and 80s is supported by multiple sources. He was a prominent figure on BBC Radio 1 and hosted 'Top of the Pops', which solidifies his status during that era. The evidence confirms his popularity and significance in British broadcasting during the specified time period."
7904,Not Misinformation,0.6,False,True,"The image does not depict boys from the Mandari tribe or the specific context of fishing in Terekeka, South Sudan. However, the visual veracity indicates that the image is not AI-generated. The Mandari tribe is primarily focused on pastoralism and agriculture, with no specific mention of fishing by the Nile, which aligns with the evidence that suggests fishing is not a primary activity for them. The Terekeka fishing community was engaged in traditional fish smoking in September 2012, which is relevant to the claim but does not confirm the specific details about the Mandari tribe."
ds4659,Not Misinformation,0.9,False,True,"The claim that Kanye West auditioned for American Idol in San Francisco is supported by multiple sources confirming the event. The image does not appear to be AI-generated, and the details align with the evidence provided."
6609,Misinformation,0.9,False,True,"The image is confirmed to be AI-generated, depicting a scenario that is impossible in reality, such as a horse levitating on a rocking chair. This aligns with the definitive rule that any AI-generated image is classified as misinformation."
5292,Misinformation,0.9,False,True,"The claim that Biden promised to abolish the Second Amendment is false. Evidence shows that Biden has not made such a promise and instead advocates for responsible gun laws while respecting the Second Amendment. Additionally, the image is confirmed to be genuine and not AI-generated."
5049,Not Misinformation,0.9,False,True,"The image does not appear to be AI-generated, and the content of the headline aligns with ongoing discussions and controversies surrounding 'The Bachelorette' franchise. The evidence supports claims of fan outrage and biased reviews, which are relevant to the headline."
ds8246,Not Misinformation,0.6,False,True,"The claim discusses Tony Abbott's stance on taxes and budgetary decisions. While there are conflicting views on his commitment to lower taxes, the evidence suggests that he has made such claims in the past, but there are also critiques of his record. The image does not depict Abbott, but the information regarding his tax proposals and budgetary actions is relevant. However, the lack of a direct connection to the image and the mixed signals about his tax policies lead to a medium confidence level."
5575,Misinformation,0.9,False,True,"The claim that Bradley Cooper and Lady Gaga were spotted kissing on a romantic getaway to Italy is not substantiated by any credible sources. While they have shared romantic moments in the past, there is no confirmed report of them kissing in Italy. The evidence indicates that their relationship is more of a close friendship rather than a romantic one at this time."
561,Not Misinformation,0.9,False,True,"The claim that Hurricane Matthew was photographed from the International Space Station on October 3, 2016, is supported by multiple sources confirming that the hurricane was indeed observed from the ISS during that timeframe. The image is not AI-generated and depicts a real event."
1970,Not Misinformation,0.9,False,True,The image is a bar graph that accurately represents data related to the claim about younger patients being more informed about financial help compared to older patients. The evidence supports the claim and the visual veracity indicates that the image is not AI-generated.
ds1060,Not Misinformation,0.9,False,True,"The image aligns with the claim of a man holding his son during a candlelight vigil in New York. The evidence confirms that candlelight vigils have occurred in New York for various causes, including the recent vigil for Lobga Rangzen and the Nepali community's vigil for Inisa BK. The visual veracity indicates that the image is not AI-generated, further supporting the authenticity of the claim."
ds3938,Misinformation,0.9,False,True,"The claim that Northwestern University is a founding member of the Big Ten Conference starting in 1893 is incorrect. The Big Ten Conference was actually founded in 1896, not 1893. While Northwestern is indeed a charter member of the conference, the founding date is a critical detail that makes the claim false."
6399,Misinformation,0.9,False,True,"The image is confirmed to be AI-generated, which directly leads to the classification of the claim as misinformation. The surreal combination of police officers and Ninja Turtles is not a realistic scenario, further supporting this classification."
6807,Misinformation,0.9,False,True,"The image is confirmed to be AI-generated, depicting a dragon with a bowl of vegetables, which is a surreal and fantastical scenario that does not align with real-world contexts. This directly contradicts the claim of a simple large bowl with vegetables and broccoli."
ds9233,Not Misinformation,0.9,False,True,"The image depicts a scene at a bus terminal with people waiting, which aligns with the claim. The visual veracity signals indicate that the image is not AI-generated, and the evidence supports the claim that people frequently wait at bus terminals."
7506,Misinformation,0.9,False,True,"The claim that 'coach parties from Shenzhen arrive and stay until autumn' is directly supported by evidence from a 2015 article, which states this explicitly. Additionally, the image does not provide any conflicting information, and the visual veracity indicates that the image is not AI-generated."
251,Misinformation,0.9,False,True,"The claim that Sameena Jabeen Ahmed received her best newcomer award from actor James Corden is supported by evidence. Specifically, it is confirmed that she received the Best British Newcomer award at the BFI London Film Festival, and James Corden was present at the awards ceremony. This aligns with the claim made in the headline."
ds1760,Not Misinformation,0.9,False,True,"The claim about a 400 km long human chain is supported by historical events, specifically the Baltic Way, which occurred on August 23, 1989, where approximately two million people formed a human chain spanning 675 kilometers across the Baltic states. The image aligns with the context of a human chain event, although it does not provide specific details about the event mentioned in the headline. The visual veracity indicates that the image is not AI-generated, further supporting the authenticity of the claim."
ds5403,Not Misinformation,0.9,False,True,"The image depicts a genuine protest scene related to the topic of impeachment, which aligns with the headline discussing political strategy and public discourse manipulation. The visual veracity indicates that the image is not AI-generated, and the evidence supports the ongoing discussions about impeachment in politics, as well as the role of political elites in shaping public discourse."
ds8604,Misinformation,0.9,False,True,"The image is confirmed to be AI-generated, which directly leads to the classification of misinformation regardless of the claim's content. The visual veracity indicates unnatural anatomy in the zebras, supporting the AI generation conclusion."
ds8578,Not Misinformation,0.6,False,True,"The image depicts a man leaning over the back of a truck, which aligns with the claim. However, the specific location being in front of a Walmart is not definitively confirmed. The visual veracity indicates that the image is genuine and not AI-generated, but the confidence in the claim's accuracy regarding the location is moderate due to lack of clear evidence."
6114,Misinformation,0.9,False,True,"The image is confirmed to be AI-generated, which categorizes it as misinformation regardless of the claim's content. The visual elements do not align with the claim of a mail order Mickey Mouse watch from Russia, further supporting the misinformation label."
8341,Not Misinformation,0.9,False,True,"The Riverside Museum was indeed awarded the European Museum of the Year in 2013, and there is evidence indicating a drop in visitor numbers, likely due to post-pandemic trends affecting many museums. The image does not contradict the claim and is not AI-generated."
1152,Not Misinformation,0.9,False,True,"The image and headline are consistent with the evidence that Howard Stern and Beth Ostrosky attended a recent event together, specifically the North Shore Animal League America's 'Get Your Rescue On' Gala. The visual signals align with the claim, and the evidence supports their attendance at this event."
ds5714,Misinformation,0.9,False,True,"The image is confirmed to be AI-generated with a confidence level of 0.8, which categorically qualifies it as misinformation. Additionally, while Babur's contributions to education are acknowledged in historical contexts, the specific claim about him being a renowned educator paving the way for educational excellence lacks direct evidence and is not substantiated by the sources."
ds9888,Not Misinformation,0.9,False,True,"The image and headline align well with the context of Jerzy Janowicz winning a set on a tiebreak. The scoreboard in the image supports the claim, and there is no evidence suggesting that Janowicz did not win the first set in the context provided. Additionally, the visual veracity indicates that the image is genuine and not AI-generated."
7531,Not Misinformation,0.9,False,True,"The image and claim accurately depict the Occupy protest that occurred at St Paul's Cathedral in London. The evidence confirms that the Occupy London protests took place at this location, including notable incidents such as protesters chaining themselves to the pulpit. The visual veracity indicates that the image is not AI-generated, further supporting the authenticity of the claim."
1795,Not Misinformation,0.9,False,True,"The claim that Justin Fashanu is described as intelligent, witty, honest, and articulate in Nick Baker's 'Forbidden Forward' is supported by evidence from the book and related literature. The book is noted for its detailed research and candid portrayal of Fashanu's life, which aligns with the positive descriptors mentioned. Additionally, the image is confirmed to be a genuine photograph, not AI-generated."
7759,Not Misinformation,0.6,False,True,"The image is confirmed to be a genuine photograph of a power plant, and the claim about Dong Energy's gas-fired power station in Newport aligns with the evidence regarding the operational status and the government's stance on gas as a bridging technology. However, the specific details about the Newport power station and the government's proposals are not fully substantiated."
5697,Misinformation,0.9,False,True,"The image is confirmed to be AI-generated, which directly leads to the classification of the claim as misinformation. Additionally, the claim about NASA revealing a second moon is misleading, as the only recent discovery pertains to a temporary mini-moon, not a permanent second moon or one that is potentially habitable."
3769,Misinformation,0.9,False,True,"The image is confirmed to be AI-generated, which categorically makes the claim misinformation. Additionally, the claim that 'Tangled' is a shoelace is factually incorrect, as 'Tangled' refers to a Disney animated film, not a shoelace."
4905,Not Misinformation,0.9,False,True,"The claim that Lindsay Shookus is not pregnant is supported by multiple sources indicating that there are no credible reports confirming her pregnancy. The evidence suggests that while there have been rumors, they have not been substantiated. Additionally, the image does not depict either Lindsay Shookus or Ben Affleck, further disassociating it from the claim."
6026,Misinformation,0.9,False,True,"The image is confirmed to be AI-generated with a confidence level of 0.8, which directly leads to the classification of the content as misinformation. Additionally, the headline does not align with the context of the image, which depicts a talk show setting without any indication of violence or killing."
5977,Misinformation,0.9,False,True,"The claim about Konidela Production Company emerging as a key player in the Chinese entertainment industry is unsupported by evidence. The company is primarily focused on Indian film production, with no specific information regarding its expansion or involvement in China. The retrieved evidence consistently indicates that Konidela Production Company operates mainly in India and does not have notable projects in China."
104,Not Misinformation,0.9,False,True,"The claim that there are hundreds of commercial airlines globally and that not all of them have inflight connectivity or access to the internet is supported by evidence. Approximately 70% of airlines provide some form of connectivity, while many low-cost and regional airlines still lack Wi-Fi on parts of their fleets. This aligns with the retrieved evidence indicating that not all airlines offer inflight internet access."
ds9954,Misinformation,0.9,False,True,"The claim that Jinyun and Yahong are celebrating in Morecambe Bay is not supported by the evidence. The sources indicate that Jinyun and Yahong were involved in a tragic event where their husbands died while working as cocklepickers in Morecambe Bay, rather than a celebration. Additionally, the image does not provide clear evidence linking the individuals to the claim."
ds9091,Not Misinformation,0.6,False,True,"The claim describes an image that does not match the provided signals, as the image does not depict a colorful umbrella in a black and white city scene. The visual veracity indicates a low confidence in AI generation, and the evidence supports the existence of similar images but does not confirm the specific claim."
ds1846,Misinformation,0.9,False,True,"The claim that a vehicle belonging to Correa's security detail was set on fire by rioting police is misleading. Evidence indicates that it was protesters who set a police car on fire during anti-government demonstrations, not the police setting a vehicle on fire. Additionally, the image does not confirm the specific details about the vehicle's ownership or the context of the incident."
ds2126,Not Misinformation,0.9,False,True,"The image depicts two street signs labeled 'EAST ST', which aligns with the claim about identical street signs. The evidence supports the existence of similar street signs in Swansea, where two identical signs were placed one behind the other, causing confusion among residents. The visual veracity indicates that the image is not AI-generated, further supporting the authenticity of the claim."
ds8631,Misinformation,0.9,False,True,"The image is confirmed to be AI-generated, which directly leads to the classification of misinformation. Additionally, the content of the image does not align with the claim made in the headline, as it features bananas instead of oranges and lacks the described tree and potted plants."
ds6054,Not Misinformation,0.6,False,True,"The claim about dachshunds not working over water is partially supported by evidence indicating that dachshunds are generally not good swimmers due to their physical build. However, the image does not definitively prove or disprove the claim, as it depicts a fictional scenario. The visual veracity indicates that the image is not AI-generated, which supports the claim's validity. The evidence suggests that while dachshunds can swim, they are not typically known for their swimming abilities."
595,Not Misinformation,0.9,False,True,"The image accurately depicts the Cleveland skyline and is consistent with the claim that it was taken from Edgewater Park. The sources confirm that Edgewater Park provides views of the Cleveland skyline, and while specific images from 2012 are not directly mentioned, the context aligns well with the claim. Additionally, the visual veracity indicates that the image is not AI-generated."
ds4857,Not Misinformation,0.9,False,True,"The image does not appear to be AI-generated and depicts a group of people at a dining table, which does not directly relate to the claim about Kourtney Kardashian's pregnancy scare or her interactions with Scott Disick and Younes Bendjima. However, the claim itself is supported by evidence that Kourtney did experience a pregnancy scare and has had complex relationships with both Scott and Younes."
8858,Not Misinformation,0.6,False,True,"The image does not depict a man walking on his back in the snow, but rather a skier in a snowy environment. The description does not match the visual content, indicating a discrepancy between the claim and the image. However, the image is not AI-generated, and the confidence in the misinformation claim is not high enough to classify it as misinformation."
ds4896,Not Misinformation,0.6,False,True,"While the image does not definitively confirm the claim about Nicole Richie pleading with Sofia to end her romance with Scott Disick, there is evidence that Nicole has advised Sofia in the past regarding her public life. However, there is no direct evidence supporting the specific claim made in the headline. The visual context does not provide clear support for the narrative of pleading or intervention."
8916,Not Misinformation,0.6,False,True,"The image shows a white toilet, but it does not depict a black mirror or a tiled floor as described in the headline. The background is primarily black tiles, which does not align with the claim. However, the image is not AI-generated, and there are no definitive signs of misinformation. The connection to the claim is weak, but not outright false."
ds562,Not Misinformation,0.9,False,True,"The claim about Hawaii hosting a Spam festival that attracts around 30,000 attendees each year is supported by multiple reliable sources. The Waikiki Spam Jam is indeed a well-known event in Hawaii, celebrating the local culture surrounding Spam, and the attendance figures are consistently reported across various articles."
ds5647,Misinformation,0.9,False,True,"The claim that the Pfizer CEO secretly admits the COVID-19 vaccine causes permanent brain damage is false. There is no credible evidence supporting this assertion, and multiple sources confirm that the Pfizer CEO has not made such statements. Additionally, claims of permanent brain damage from the vaccine are not widely supported by scientific evidence."
160,Misinformation,0.9,False,True,"The claim about Dorothy the cat being shot is not supported by the evidence. The sources retrieved do not mention any incident involving a cat named Dorothy being shot. Instead, they focus on unrelated topics, including the character Dorothy from 'The Wizard of Oz' and other incidents involving different cats. Additionally, the image does not provide specific confirmation that it depicts Dorothy or her injuries."
ds7704,Not Misinformation,0.6,False,True,"The image does not depict the River Severn winding through Leighton in Shropshire, as it shows a golf course instead. However, the claim that the River Severn flows through Shropshire is accurate. The image's relevance to the claim is low, but it is not AI-generated."
ds451,Misinformation,0.9,False,True,"The claim that Paul Wilson ran away from the scene after hitting Alwyn Pritchard is supported by multiple credible sources. Evidence confirms that Wilson fled the scene after the collision, which resulted in Pritchard's death. The image does not provide any context or details related to the specific subjects or events mentioned in the headline, but the claim itself is accurate based on the retrieved evidence."
ds4380,Misinformation,0.9,False,True,"The claim that Nancy Pelosi is resigning is false. PolitiFact confirmed that the headline from NRTOnline is misleading and that there are no credible reports indicating she plans to step down. Although she has resigned from her leadership position, she remains a member of Congress."
1204,Not Misinformation,0.9,False,True,"The claim about the ambush of police officers in Jalisco is supported by multiple credible sources detailing the incident where 15 police officers were killed. The image aligns with the context of police deployment, and there are no indications of AI generation. The evidence confirms the occurrence of the ambush and the number of casualties."
ds5364,Not Misinformation,0.9,False,True,"The image is a genuine photograph and not AI-generated. The claim about Don Lemon's controversial remarks and the resulting media backlash is supported by multiple credible sources, confirming the context of the headline."
ds8199,Not Misinformation,0.9,False,True,"The claim that the death of former Putin aide at a DC hotel is ruled accidental is supported by multiple credible sources. U.S. authorities have indeed ruled the death of Mikhail Lesin as accidental, attributing it to head injuries sustained from falls after excessive alcohol consumption. This is corroborated by evidence from reputable news outlets."
ds9128,Misinformation,0.9,False,True,"The image is identified as AI-generated with a confidence of 0.8, which indicates manipulation and lack of authenticity. The unusual context and unnatural features of the cow further support this classification."
ds8717,Not Misinformation,0.9,False,True,"The image depicts a bed with a blanket and multiple pillows, which aligns with the claim. The visual veracity indicates that the image is not AI-generated, further supporting the authenticity of the claim."
ds1226,Not Misinformation,0.6,False,True,"The image shows a person carrying belongings out of a flooded area, which aligns with the context of the headline about flood damage in Hoboken. However, there is no specific evidence confirming the identity of the person as Matt Hampton or that the location is indeed his web design office. The visual veracity indicates the image is genuine, but the claim lacks definitive support regarding the individual and specific location."
ds4978,Misinformation,0.9,False,True,"The claim states that Nicole Kidman won for Outstanding Lead Actress in a Limited Series or Movie at the 69th Emmy Awards. While it is true that she won this award, the claim does not specify the year correctly, as the 69th Emmy Awards took place in 2017, and the context of the image does not confirm the specific event or award being referenced. Additionally, the image is confirmed to be genuine and not AI-generated, but the claim itself is misleading due to the lack of specificity regarding the year."
6327,Misinformation,0.9,False,True,"The image is confirmed to be AI-generated with a high confidence level (0.9), which indicates manipulation and lack of authenticity. This directly leads to the classification of the content as misinformation, regardless of the alignment with the headline."
ds1360,Not Misinformation,0.6,False,True,"The image shows a bishop in traditional attire, which aligns with the subject of the headline. However, there is no definitive evidence confirming the specific event of Franz-Peter Tebartz-van Elst walking out of the cathedral on the stated date. The retrieved evidence indicates that he was suspended but does not confirm his presence at the cathedral on that date."
ds3180,Misinformation,0.9,False,True,"The claim that Watertown, Massachusetts is in Vermont is false. Watertown is located in Middlesex County, Massachusetts, and is part of Greater Boston. This is supported by multiple sources confirming its location in Massachusetts, not Vermont."
ds6722,Misinformation,0.9,False,True,"The image is confirmed to be AI-generated, which directly leads to the classification of misinformation regardless of the alignment with the headline. The visual elements described, such as the surreal effects and unnatural features, support this conclusion."
ds4618,Not Misinformation,0.9,False,True,"The claim that Justin Bieber accidentally hit a photographer with his pick-up truck after church service is supported by multiple credible sources. The incident occurred on July 27, 2017, and was widely reported, confirming the details of the accident. The image is not AI-generated, and the context aligns with the claim."
ds2707,Not Misinformation,0.6,False,True,"The claim about two palm trees 'stealing a private moment' and 'giggling' is metaphorical and does not reflect actual behavior of trees, which do not exhibit human-like actions. However, the image does depict palm trees in a way that could be interpreted as intimate, aligning with the claim. The visual veracity indicates that the image is not AI-generated, which supports the conclusion that it is not misinformation."
ds4910,Not Misinformation,0.9,False,True,"The image depicts a genuine scene with a couple and their dogs, aligning with the headline about Gwen Stefani and Blake Shelton's relationship. The evidence supports that they are still in love and enjoying their marriage, with no indication that Gwen has tried to change Blake."
ds1096,Not Misinformation,0.9,False,True,"The image depicts lab technicians in a laboratory setting, which aligns with the context of processing tests. While it does not confirm that they are specifically processing Zika tests at the CDC's dengue branch in San Juan, the evidence supports that Zika tests are processed in Puerto Rico and that the CDC Dengue Branch is involved in related operations. The retrieved evidence confirms the presence of Zika testing in Puerto Rico and the role of the CDC Dengue Branch."
ds803,Misinformation,0.9,False,True,"The claim that Johnny Maurice Avery is accused of shooting Mildred Martin is confirmed by multiple sources indicating that he was indicted for her murder. The image is a mugshot, which aligns with the context of the claim. However, the evidence strongly supports the claim's accuracy, and the image is not AI-generated."
9249,Misinformation,0.9,False,True,"The image is confirmed to be AI-generated, which directly leads to the classification of misinformation regardless of the claim's content. The visual characteristics of the elephants in the image do not align with real elephants, indicating manipulation."
ds4946,Misinformation,0.9,False,True,"The claim about J.J. Watt, Tyler Perry, and Jamie Foxx donating to Texas flood relief lacks substantial evidence. Multiple sources indicate that claims of celebrity donations for Texas flood relief are often exaggerated or false, with no confirmed contributions from the mentioned celebrities. Additionally, the image does not provide specific evidence to support the claim."
1436,Not Misinformation,0.9,False,True,"The claim that musician Buddy Guy arrived at the Kennedy Center Honors reception at the White House is supported by multiple sources confirming his attendance at the event on December 2, 2012. The image is not AI-generated and depicts a formal event consistent with the Kennedy Center Honors."
ds1062,Not Misinformation,0.9,False,True,"The image and claim are relevant to the SafeTrack initiative, specifically regarding the Yellow Line. The image appears to be a genuine photograph, and the information aligns with the historical context of SafeTrack's fourth surge. The evidence supports the claim about the Yellow Line's service disruptions during this period."
ds1686,Not Misinformation,0.9,False,True,The claim about John McCririck's loyalty to Channel 4 Racing is supported by evidence indicating he worked for the broadcaster for 28 years and expressed his dedication to his role. The image is confirmed to be genuine and not AI-generated.
7439,Misinformation,0.9,False,True,"The claim states that President Obama held a campaign event in Roanoke earlier this month, but there is no record of such an event in October 2023. The evidence confirms that the last notable campaign event in Roanoke involving Obama was in 2012, and there are no recent activities reported for October 2023."
8870,Not Misinformation,0.9,False,True,"The image depicts a normal bathroom scene, and there is no indication that it is AI-generated. The claim about a bath towel in a small bathroom aligns with common knowledge about towel storage in such spaces. The evidence supports the idea that bath towels are indeed common in small bathrooms and that there are various arrangements for them."
ds8989,Not Misinformation,0.9,False,True,"The image shows two women near a table with fruit, which aligns with the claim. Additionally, the evidence confirms that two women are indeed sitting by a window, supporting the claim's accuracy. The visual veracity indicates that the image is not AI-generated, further solidifying its authenticity."
7101,Not Misinformation,0.9,False,True,"The claim that Rafael Nadal played against Facundo Bagnis during their second-round match is supported by multiple sources confirming the match details, including the date and the outcome. The image is not AI-generated, and the context aligns with the historical match information."
ds7980,Misinformation,0.9,False,True,"The claim that Japanese fans will have more reason to look forward to hosting the next World Cup in 2019 is false, as Japan did not host the FIFA World Cup in 2019. Instead, Japan hosted the Rugby World Cup in 2019. The image does not provide any evidence that supports the claim about the FIFA World Cup."
ds9213,Misinformation,0.9,False,True,"The image is confirmed to be AI-generated, which directly leads to the classification of the claim as misinformation. The visual veracity assessment indicates a high confidence level that the image does not depict a real airplane in flight, but rather a synthetic creation. This undermines the authenticity of the claim regarding a plane accelerating through the sky."
ds8942,Not Misinformation,0.9,False,True,"The image depicts an old-fashioned kitchen that aligns with the claim of being set up for guests. The description and visual elements are consistent with traditional kitchen aesthetics, which are known to be welcoming and functional. Additionally, the evidence supports the popularity and characteristics of old-fashioned kitchens."
2649,Not Misinformation,0.9,False,True,"The image aligns with the claim of trees growing through old farm equipment, which is a plausible scenario in nature. The visual veracity indicates that the image is not AI-generated, and the context is supported by evidence regarding nature reclaiming old machinery and the presence of abandoned farm equipment in wooded areas."
ds8677,Misinformation,0.9,False,True,"The image is confirmed to be AI-generated with a confidence level of 0.8, which directly leads to the classification of misinformation regardless of the content alignment with the claim. The visual elements described, such as the unnatural arrangement of the orange and spinach, further support this classification."
2915,Not Misinformation,0.9,False,True,"The image shows a restroom map that may be intended for navigation, but it is unclear if it is specifically designed for the blind. The evidence indicates that while tactile maps for the blind are being developed, they are not common. The visual veracity indicates that the image is not AI-generated, supporting the claim's validity."
4752,Misinformation,0.9,False,True,"The image is confirmed to be AI-generated, which directly leads to the classification of misinformation. Additionally, the image does not depict Robert Pattinson or Kristen Stewart, nor does it relate to the claim about buzz cuts, further supporting the misinformation label."
ds8815,Misinformation,0.9,False,True,"The image is AI-generated, depicting a bear's head under a blanket, which is not a realistic scenario. This confirms the claim is misleading as it does not represent a baby blanket or comforter as stated in the headline."
3855,Misinformation,0.9,False,True,"The claim that 'Maximum Overdrive' is only a 1980 romance film is false. 'Maximum Overdrive' is actually a 1986 science fiction action horror film directed by Stephen King. The image is confirmed to be AI-generated, which further supports the classification of the claim as misinformation."
2756,Misinformation,0.9,False,True,"The image is confirmed to be AI-generated with a high confidence level (0.9), which categorically indicates misinformation regardless of the claim's content. Additionally, the claim about the 'tree man' being cured is misleading as recent reports indicate that his condition has returned and he is experiencing severe pain."
ds7291,Not Misinformation,0.9,False,True,"The image depicts Nicky Henderson with Sprinter Sacre, which aligns with the claim about an open day at Seven Barrows in February 2013. Evidence confirms that Nicky Henderson hosted an open day and that Sprinter Sacre was present at Seven Barrows during that time."
ds7399,Not Misinformation,0.9,False,True,"The claim accurately states that Julia Stiles, Paul Greengrass, and Matt Damon were involved with 'The Bourne Ultimatum', which premiered in July 2007. The image does not depict them, but the claim itself is true based on the evidence provided."
9058,Misinformation,0.9,False,True,"The image is confirmed to be AI-generated with a confidence of 0.8, which indicates it does not depict real food accurately. Additionally, the claim about broccoli is not supported by the image, which shows a variety of other foods instead. Therefore, the claim is misleading."
ds2311,Not Misinformation,0.9,False,True,"The image depicts a cat sitting in a bowl, which aligns with the claim. The behavior of cats sitting in small spaces is well-documented and does not suggest any misinformation. Additionally, there are no indications that the image is AI-generated."
ds3931,Misinformation,0.9,False,True,"The claim that Toy Story 2 was produced by DreamWorks is false. Toy Story 2 was produced by Pixar Animation Studios, as confirmed by multiple sources. The image does not change the fact that the claim is incorrect."
ds2471,Not Misinformation,0.9,False,True,"The image depicts a woman sitting on a chair with an umbrella, which aligns with the claim. The visual veracity indicates that the image is not AI-generated, and the evidence supports the existence of similar images in stock photo collections."
9577,Not Misinformation,0.9,False,True,"The claim about Brian and Eileen Maguire stating it was an 'accident waiting to happen' is supported by multiple sources confirming their statements regarding their son's tragic death. The image does not appear to be AI-generated, and the context aligns with the retrieved evidence about the Maguire family's experiences and statements."
ds7360,Not Misinformation,0.9,False,True,"The image depicts Bernie Sanders speaking, which aligns with the claim that he appeals to students on big issues at George Mason University. Evidence confirms that he did indeed hold a town hall meeting at George Mason University on October 28, 2015, where he addressed various political issues relevant to students. The visual veracity indicates that the image is genuine and not AI-generated."
ds8806,Misinformation,0.9,False,True,"The image is confirmed to be AI-generated, featuring anatomical inaccuracies such as elephants with human-like legs, which indicates manipulation rather than a genuine photograph. This directly contradicts the claim of elephants standing on a balcony, as it is not a realistic scenario."
ds9145,Misinformation,0.9,False,True,"The image is confirmed to be AI-generated, which categorically qualifies it as misinformation regardless of the context or details provided in the claim. The visual veracity confidence is high, indicating a strong likelihood that the image is not a genuine photograph."
ds137,Not Misinformation,0.9,False,True,"The image depicts police activity, which aligns with the claim about an arrest related to a building society raid. The retrieved evidence confirms that there were arrests made in connection with a building society raid, specifically mentioning the Nationwide Building Society in Wallsend. Additionally, the visual veracity indicates that the image is not AI-generated, further supporting the authenticity of the claim."
ds5761,Misinformation,0.9,False,True,"The image is confirmed to be AI-generated, which directly leads to the classification of misinformation regardless of the content of the headline. The visual veracity signal indicates a high confidence in the AI-generated nature of the image."
ds2309,Not Misinformation,0.9,False,True,"The image depicts a pizza pie being enjoyed in a cafe-like setting, which aligns with the claim. The visual veracity indicates that the image is not AI-generated, further supporting the authenticity of the claim. Additionally, the evidence confirms the popularity of pizza in cafes and various dining establishments."
7826,Not Misinformation,0.6,False,True,"The image does not depict a woman or a towel, and the claim about a woman returning from Mecca is not supported by the evidence. However, the image is not AI-generated, and there is no definitive evidence to classify it as misinformation. The green flag's significance in Novosasitli is not clearly defined in the sources, and while towels are used during the Hajj, there is no specific mention of them being used for celebrations upon return."
ds8646,Misinformation,0.9,False,True,"The image is confirmed to be AI-generated, which categorically classifies it as misinformation regardless of the relevancy of the content. The visual veracity confidence is high, indicating a strong likelihood that the image does not represent real individuals or a real scene."
ds5661,Misinformation,0.9,False,True,"The image is confirmed to be AI-generated, which directly leads to the classification of the claim as misinformation. Additionally, the claim that dogs can speak three human words is misleading, as current research indicates that while dogs can understand certain words, they do not possess the ability to speak human language in the traditional sense."
ds2066,Not Misinformation,0.9,False,True,"The image depicts a giraffe in a zoo exhibit, which aligns with the claim. The visual veracity indicates that the image is not AI-generated, and the evidence supports the presence of giraffes in zoo exhibits."
1750,Not Misinformation,0.6,False,True,"The image does not appear to be AI-generated, and while the claim about Scarlett Johansson panicking over a band poster is not substantiated by the evidence, there is no definitive proof that the claim is false. The image does not directly support the headline, but it also does not contradict it. The evidence does not provide specific comments from Johansson regarding a band poster, which adds to the uncertainty."
ds5872,Misinformation,0.9,False,True,"The image is confirmed to be AI-generated, which directly leads to the classification of misinformation regardless of the claim's content. The visual manipulation and nonsensical elements in the image further support this classification."
8442,Not Misinformation,0.9,False,True,"The claim accurately describes an event where Ben Stokes was dismissed by Peter Siddle during the Fifth Test of the Ashes series. The evidence confirms that Stokes misjudged a delivery from Siddle, which resulted in his dismissal for 47 runs. This is corroborated by multiple sources, including a specific mention of the event in a gallery from The Guardian and a Wikipedia entry about Ben Stokes."
ds7662,Not Misinformation,0.9,False,True,"The claim about the receding water line of Lake Hodges is supported by multiple credible sources indicating that the water levels are indeed decreasing due to drought conditions and safety regulations. The image, while not directly related to Lake Hodges, does not contradict the claim about the lake's water levels. Additionally, the visual veracity indicates that the image is genuine and not AI-generated."
ds6690,Misinformation,0.9,False,True,"The image is confirmed to be AI-generated, which directly leads to the classification of misinformation regardless of the other signals. The presence of a fictional character like Spider-Man further supports the notion that the image does not represent a real-world scenario."
8225,Not Misinformation,0.9,False,True,"The image does not depict Charles Kennedy, but the claim about him being on the campaign trail in 2005 shortly after the birth of his son Donald is accurate. Charles Kennedy did have a son named Donald, who was born around the time of the 2005 campaign, and he was a significant figure in that election. The evidence supports the claim about his family and campaign involvement during that period."
ds9362,Not Misinformation,0.9,False,True,"The image depicts a surfer riding a white surfboard, which aligns with the claim. Although the shorts are described as red and black, the image shows black and red shorts, which is a minor discrepancy. The visual veracity indicates that the image is not AI-generated, supporting its authenticity."
ds9100,Misinformation,0.9,False,True,"The image is confirmed to be AI-generated, which categorically qualifies it as misinformation regardless of the context or content of the image. The visual characteristics suggest manipulation, and the confidence in AI generation is high."
2273,Not Misinformation,0.9,False,True,"The image depicts a modern bathroom with a white toilet, which aligns with the claim. The description of the bathroom being very simple is partially supported by the evidence regarding simple bathroom features, which emphasize light colors and minimal decor. Additionally, the visual veracity indicates that the image is not AI-generated, further supporting its authenticity."
ds7198,Not Misinformation,0.9,False,True,"The image shows a golfer holding a trophy, which aligns with Rory McIlroy's known victories in the FedEx Cup and Tour Championship. Evidence confirms that McIlroy won the FedEx Cup for the third time on August 28, 2022, and has also won the Tour Championship multiple times, including in 2022. Therefore, the claim about McIlroy celebrating with the trophies is plausible and supported by the evidence."
ds1099,Not Misinformation,0.9,False,True,"The image aligns with the headline about Pakistani rescue workers removing a body from the site of a bombing in Lahore. The context of the scene and the retrieved evidence support the claim, confirming that such incidents have occurred in Lahore, particularly in relation to bombings. The visual veracity indicates that the image is not AI-generated, further supporting the authenticity of the claim."
540,Misinformation,0.9,False,True,"The claim that Serena Williams questioned a call is not supported by the evidence, which indicates that she did not dispute any calls during her matches. Additionally, the claim about her advancing to the final is misleading as her last match was a loss, marking the end of her career. The image is not AI-generated, but the overall context of the claim is false."
3405,Misinformation,0.9,False,True,"The image is confirmed to be AI-generated, which leads to the classification of the claim as misinformation regardless of the accuracy of the headline. The visual veracity confidence is high due to the AI-generated nature of the image."
6581,Misinformation,0.9,False,True,"The image is confirmed to be AI-generated, which directly leads to the classification of misinformation regardless of the other signals. The unusual context of the cat wearing glasses and a jacket further supports this conclusion."
4642,Not Misinformation,0.9,False,True,"The image does not appear to be AI-generated and aligns with the subjects mentioned in the headline, as it depicts a model-like figure that could represent either Cindy Crawford or her daughter Kaia Gerber. Additionally, the retrieved evidence supports the claim about Cindy Crawford discussing her daughter Kaia's modeling future and her relationship with Kendall Jenner."
ds3953,Misinformation,0.9,False,True,"The image is confirmed to be AI-generated, which directly leads to the classification of the claim as misinformation. The visual veracity signal indicates a high confidence that the image is not authentic, as it contains nonsensical text and an overly perfect composition. This undermines the credibility of the claim regarding the Ukrainian Soviet Socialist Republic's representation."
4893,Misinformation,0.9,False,True,"The claim that Mark Wahlberg teased Mel Gibson about his weight and offered to become his personal trainer is supported by evidence, but Gossip Cop indicates that the claim may not be entirely accurate. The image does not depict either individual or provide context for the claim, which further undermines its credibility. Additionally, the claim has been reported in tabloids, which often lack reliability."
ds8357,Not Misinformation,0.9,False,True,"The image does not depict Christian Grey or any related themes from the 'Fifty Shades' series, but rather shows two men near a vending machine, which is unrelated to the claim. Additionally, the character of Christian Grey is known for his non-vanilla tastes, primarily characterized by BDSM preferences, which aligns with the claim that he does not have vanilla tastes. The evidence supports that Christian Grey's character is complex and primarily non-vanilla."
ds9069,Not Misinformation,0.6,False,True,"The image shows a box of doughnuts, which is related to the subject of the headline about doughnuts. However, it does not depict a rack with doughnuts in a glass case, which is a specific detail mentioned in the claim. The visual veracity indicates that the image is not AI-generated, but the relevancy is only partial due to the mismatch in specifics."
4230,Not Misinformation,0.9,False,True,"The image is a genuine photograph of Amber Heard, and the headline accurately reflects her recent comments regarding her marriage to Johnny Depp. Multiple sources confirm that she has discussed the impact of their relationship and the trial on her life, indicating that the claim is substantiated."
ds7600,Not Misinformation,0.6,False,True,"The image depicts a realistic scene of traders monitoring multiple screens, which aligns with the financial context of the claim. While the image does not specifically confirm the gains in Shanghai shares, the retrieved evidence indicates that Shanghai shares have recently seen significant increases, particularly due to positive earnings reports and share repurchase plans. However, the connection to the specific claim about Shanghai shares leading gains in Asia is not definitively established."
6611,Misinformation,0.9,False,True,"The image is confirmed to be AI-generated, featuring surreal elements that do not align with reality, such as human bodies with shark-like heads. This indicates that the image does not accurately represent a real-life scenario of people wearing umbrella hats next to the ocean."
ds7016,Not Misinformation,0.9,False,True,"The claim accurately reflects the events surrounding Oscar Pistorius, who shot Reeva Steenkamp and was tried for murder. The image is confirmed to be genuine and not AI-generated. The evidence supports the timeline and details of the trial and shooting."
ds5610,Misinformation,0.9,False,True,"The image is confirmed to be AI-generated with a confidence of 0.8, which directly leads to the classification of the claim as misinformation. Additionally, the claim about plants communicating telepathically is not scientifically supported, as current research indicates that while plants can communicate through chemical signals, this does not equate to telepathy."
5834,Misinformation,0.9,False,True,"The image is confirmed to be AI-generated, which directly leads to the classification of the claim as misinformation. Additionally, the claim that cats were involved in the design of the iPhone 4 is false, as it was designed by a team at Apple, not by cats."
8196,Not Misinformation,0.9,False,True,"Guy Scott did indeed become the interim president of Zambia after the death of Michael Sata, and he is of Scottish descent. This is supported by multiple reliable sources."
ds9433,Not Misinformation,0.6,False,True,"The image does not depict a big long train with storage containers as described in the headline. However, the claim about long trains carrying storage containers is accurate, as intermodal trains are designed for this purpose. The visual veracity indicates that the image is genuine, and while the relevancy is low, it does not constitute misinformation."
ds6106,Misinformation,0.9,False,True,"The image is confirmed to be AI-generated, which directly leads to the classification of misinformation regardless of the context or claims made in the headline. The surreal nature of the image, depicting a child with a grenade, further supports this classification."
1901,Not Misinformation,0.9,False,True,"The claim about Venice's San Michele island cemetery gaining a pontoon for scattering ashes is supported by evidence of a temporary floating bridge being constructed for All Souls' Day, which facilitates access to the cemetery. Additionally, regulations regarding the scattering of ashes in designated areas, including the cemetery, are confirmed. The image is not AI-generated, further supporting the claim's validity."
ds1009,Not Misinformation,0.9,False,True,"The image depicts two individuals in a court setting, which aligns with the context of the claim regarding Capt Yevgeny Yerofeyev and Sgt Alexander Alexandrov appearing in a Ukrainian court. The evidence confirms that both individuals were indeed tried in Ukraine for their involvement in the conflict, and the image does not appear to be AI-generated."
978,Not Misinformation,0.9,False,True,"The Power Play chairs are indeed designed by Frank Gehry, and the image aligns with the claim about their stylish presence in the Winter Garden. The evidence confirms the design and features of the chairs, as well as their association with Gehry. Additionally, the location of the Winter Garden is accurately referenced."
9323,Not Misinformation,0.6,False,True,"The image does not depict a sink with a cabinet on legs as claimed in the headline. Instead, it features a toilet and a storage unit, which does not match the specifics of the claim. However, the image is not AI-generated, and there is no evidence of manipulation. Therefore, while the claim is inaccurate, it does not qualify as misinformation."
4284,Not Misinformation,0.6,False,True,"The image does not confirm the specific event of Caitlyn Jenner escorting Sophia Hutchins to Nobu Malibu in her purple Porsche, but it does show Caitlyn Jenner, and there is evidence that she was at Nobu with Hutchins. However, the details about the car and the specific event are not fully substantiated."
1972,Not Misinformation,0.6,False,True,"The claim that the new Chrysler 300C is softer looking than the outgoing model is not supported by evidence. Reviews indicate that the Chrysler 300C is characterized by bold styling and a luxurious appearance, rather than a softer look. The image appears to be a genuine photograph of a car, and while it may not align perfectly with the claim, it does not provide definitive evidence of misinformation."
ds3859,Misinformation,0.9,False,True,"The claim states that Korn released 'See You on the Other Side' in 2002, which is incorrect. The album was actually released on December 6, 2005. This is confirmed by multiple sources, including Wikipedia and Genius."
8063,Not Misinformation,0.6,False,True,"While the image shows Taiko drummers, there is no definitive evidence confirming that this specific performance took place at the Deep River festival in Ontario, Canada. The sources do not provide clear information about the festival or the presence of Taiko drummers there. However, the image is not AI-generated, which supports the claim's validity to some extent."
9677,Not Misinformation,0.9,False,True,"The image depicts two cricketers celebrating, which aligns with the context of the headline about Sri Lanka's captain Tillakaratne Dilshan and Kumar Sangakkara. The evidence confirms that they played together and had notable performances, including a match where they celebrated after a significant victory against Bangladesh in the ICC Cricket World Cup 2014/15."
7259,Not Misinformation,0.9,False,True,"The image depicts Bernie Sanders speaking, which aligns with the claim that he spoke in Des Moines, Iowa. The evidence confirms that he has indeed spoken in Des Moines, and the image is not AI-generated."
ds100,Not Misinformation,0.9,False,True,"The image depicts individuals in ice baths, which aligns with the claim about using ice baths for recovery after a physical challenge. The evidence confirms that the Wembley Challenge took place and that ice baths are commonly used for recovery, supporting the claim's context."
ds3706,Not Misinformation,0.9,False,True,"Robert Singer is a well-known television producer, director, and writer, with significant contributions to shows like 'Supernatural' and 'Lois & Clark: The New Adventures of Superman.' The claim that he is incapable of writing is contradicted by his established career in writing and producing. The evidence supports his capabilities as a writer, and there is no credible criticism found regarding his writing skills."
1782,Misinformation,0.9,False,True,"The claim that North Korean workers are currently employed at the South-owned Shinwon clothes company in the Kaesong industrial park is false. The Kaesong Industrial Complex has been closed since 2016 due to political tensions, and North Korean workers are not actively employed there. This is supported by multiple sources indicating the closure and the lack of current operations in the complex."
4300,Not Misinformation,0.9,False,True,"The image is a genuine photograph of Robert Pattinson and Kristen Stewart, aligning with the headline discussing their careers and public perception. There are no indications of AI generation, and the evidence supports their serious standing in the acting industry."
ds9598,Not Misinformation,0.6,False,True,"The image is not AI-generated and depicts a performance that could relate to a Congress event. However, the connection to the specific claim about critics saying the annual Congress is a blessing is not clearly established. The evidence indicates that the current Congress has faced significant criticism, suggesting that the claim may not be universally accepted."
2237,Not Misinformation,0.9,False,True,"The image depicts a large bird flying over a heavily forested area, which aligns with the claim. The visual veracity indicates that the image is not AI-generated, and the evidence supports the presence of large birds in forested areas, such as the Harpy eagle. Additionally, the information about bird species in heavily forested areas corroborates the claim."
8411,Not Misinformation,0.6,False,True,"The image shows a hockey game involving the New York Rangers, which aligns with the claim about Mats Zuccarello scoring. However, the specific event of him scoring is not confirmed by the image alone. The retrieved evidence indicates that Zuccarello has scored for the Rangers in various games, but does not specifically confirm the timing or context of the claim made."
ds9228,Not Misinformation,0.9,False,True,"The image depicts a boat on a canal, which aligns with the claim of a large passenger boat floating down a canal. While the specific size and capacity of the boat are not confirmed, the general concept of large passenger boats operating on canals is supported by evidence. Additionally, the image is confirmed to be realistic and not AI-generated."
ds461,Not Misinformation,0.9,False,True,"The claim that Bill Cosby's lawyers are attempting to get the case thrown out is supported by multiple sources, including a report from FOX 11 which states that Cosby's lawyers are pushing to have the sexual assault charges dismissed based on a previous commitment by a district attorney not to prosecute him. Additionally, the evidence indicates ongoing legal challenges and actions taken by his legal team, confirming the relevance of the claim."
4368,Not Misinformation,0.9,False,True,"The image is a genuine photograph and not AI-generated. The evidence supports the claim that Jennifer Garner and Josh Duhamel are rumored to be dating, and it also indicates that Ben Affleck feels threatened by these rumors. The sources confirm the dating rumors and Affleck's feelings about them."
6660,Misinformation,0.9,False,True,"The image is confirmed to be AI-generated, which violates the definitive rule. Additionally, the claim about a man holding a ping pong paddle under a shelf is not supported by the visual evidence, as the scene depicted is surreal and physically impossible."
ds831,Not Misinformation,0.9,False,True,"The claim that Scott Baio spoke at the Republican National Convention is supported by multiple credible sources confirming his participation in the 2016 RNC. The image aligns with the context of a formal event, and there are no indications of AI generation."
723,Misinformation,0.9,False,True,"The claim states that Reggie Bush scored a touchdown against the Bills, but he did not play for the Dolphins in that game. The evidence indicates that the Dolphins lost to the Bills 48-20 on October 1, 2023, and Reggie Bush is not associated with the Dolphins during that game. Additionally, the image does not confirm the identity of the player as Reggie Bush."
ds4173,Misinformation,0.9,False,True,"The claim that a federal judge granted permission to subpoena Trump is misleading. While there have been instances of subpoenas related to Trump, the specific claim in the headline does not accurately reflect the legal context. A federal judge did not grant a subpoena for Trump himself; rather, rulings have been made regarding third-party subpoenas. This is supported by evidence from PolitiFact, which states that the judge's ruling pertained to document preservation and not a direct subpoena of Trump."
ds9215,Misinformation,0.9,False,True,"The image is confirmed to be AI-generated, which directly leads to the classification of misinformation regardless of the other signals. The unnatural appearance of the cow and the blending of textures further support this conclusion."
ds6725,Misinformation,0.9,False,True,"The image is confirmed to be AI-generated, which categorically classifies it as misinformation regardless of the claim about the fire hydrant's colors. The visual veracity signal indicates a high confidence that the image is not real, as it features impossible scenarios."
1792,Not Misinformation,0.9,False,True,"Ricky Muir was indeed elected as a Senator for Victoria in 2013, representing the Australian Motoring Enthusiast Party, despite receiving a very low percentage of first preference votes (0.51%). This aligns with the claim that he is likely to be an elected senator despite the low vote count. The image is confirmed to be genuine and not AI-generated."
2826,Not Misinformation,0.9,False,True,"The claim about the mug changing color depending on the amount of coffee is plausible, as color-changing mugs do exist and function based on temperature changes. The image appears to be a genuine photo, and there are no indications of AI generation. Additionally, the evidence supports the existence and functionality of color-changing mugs."
ds709,Not Misinformation,0.6,False,True,"While the image shows a Bombardier CRJ700 landing at an airport, the specific details regarding the location (Seattle-Tacoma International Airport) and the time (dusk in September 2015) cannot be confirmed from the image alone. The evidence indicates that Delta Connection did plan to operate flights to Seattle in 2015, but there is no direct confirmation of a CRJ700 landing at that airport during that specific time."
ds3448,Misinformation,0.9,False,True,"The image is confirmed to be AI-generated, which categorizes it as misinformation regardless of the claim about Younger being a town. The visual veracity signal indicates a high confidence that the image is not a real photograph."
ds2474,Not Misinformation,0.9,False,True,"The image accurately depicts boats by a dock in water, which aligns with the claim. The visual veracity indicates that the image is not AI-generated, and the evidence supports the presence of boats at docks in various contexts."
ds2010,Not Misinformation,0.9,False,True,"The image clearly depicts a tennis player serving the ball, which aligns perfectly with the claim. The visual elements confirm the action described in the headline, and there are no indications of AI generation. The evidence supports the authenticity of the scene."
ds1564,Misinformation,0.9,False,True,"The claim that Woody Allen received the Cecil B. DeMille Lifetime Achievement Award in 2023 is false. In fact, Eddie Murphy received this award at the Golden Globes in January 2023, not Woody Allen. This is corroborated by multiple sources."
ds2594,Misinformation,0.9,False,True,"The image is confirmed to be AI-generated, which directly leads to the classification of misinformation regardless of the claim's content. The visual veracity assessment indicates a high confidence level in the AI generation of the image."
2501,Not Misinformation,0.9,False,True,"The image depicts a girl who appears happy while holding a bullfrog, which aligns with the claim. The visual veracity indicates that the image is not AI-generated, and the context of catching bullfrogs is supported by the evidence provided, which discusses techniques for catching bullfrogs and their commonality in various environments."
7697,Not Misinformation,0.6,False,True,"The claim about a draft proposal suggesting two garden cities at Yalding in Kent and Gerrards Cross in Buckinghamshire is supported by evidence from a credible source. The retrieved evidence confirms that there was indeed a proposal for new settlements in these locations, although it does not provide recent updates. However, the image does not specifically depict either location, and the relevancy is only partial. Therefore, while the claim has some basis, the lack of recent confirmation and the general nature of the image lead to a medium confidence level."
ds2926,Not Misinformation,0.6,False,True,"The claim that the icon for debugging tools on the touch bar is a can of bug spray is not supported by evidence. The debugging tool icon is typically represented by a lightning bolt symbol, not a bug spray can. The image does not confirm the specific claim about the icon's appearance. However, the image is not AI-generated, which supports the conclusion that it is not misinformation."
ds1829,Not Misinformation,0.9,False,True,"The image depicts an MRAP vehicle, which is consistent with the claim that US school districts have acquired such vehicles under a Pentagon program. The evidence supports the existence of MRAPs being used by schools, particularly through military surplus programs. The visual veracity indicates that the image is not AI-generated, further supporting the authenticity of the claim."
ds4158,Misinformation,0.9,False,True,"The claim that Hillary Clinton filed for divorce is false. Multiple credible sources confirm that there are no legal filings for divorce by Hillary Clinton in any court, including New York. Reports suggesting a divorce are unfounded and have been debunked as rumors or hoaxes."
ds9891,Not Misinformation,0.9,False,True,"The image depicts a historical gathering that aligns with the theme of 'Pride and Prejudice,' and there is no evidence suggesting it is AI-generated. The claim about the BBC's adaptation is accurate as it refers to the well-known 1995 series, which is confirmed by multiple sources. The image's context and the claim are consistent with the historical and cultural themes of the adaptation."
3477,Misinformation,0.9,False,True,"The image is AI-generated, depicting an octopus in a baseball setting, which is not only surreal but also does not align with the claim about 'Trouble with the Curve' featuring a squid. The film does not include any sea creatures, and the presence of an AI-generated image further confirms the misinformation."
3415,Not Misinformation,0.9,False,True,"The claim that Hezbollah received zero support from Iran is contradicted by multiple sources indicating that Iran has been a key supporter of Hezbollah, providing funding, training, weapons, and political aid. The evidence clearly shows a longstanding relationship between the two entities, with Iran being described as a key patron of Hezbollah."
ds4821,Not Misinformation,0.6,False,True,"While the image is confirmed to be genuine and not AI-generated, the evidence regarding whether Meghan Markle kept her romance with Prince Harry secret from her Suits castmates is inconclusive. Some sources suggest she may have kept it private, but there is no definitive evidence to support the claim. The cast has expressed support for her relationship, indicating that it was not entirely hidden."
ds471,Not Misinformation,0.9,False,True,"The claim accurately describes how the Roboroach technology works, which involves controlling a cockroach's movements through electrodes connected to a smartphone via Bluetooth. The evidence supports the functionality of the Roboroach, confirming it as a real product that operates as described."
ds4939,Not Misinformation,0.6,False,True,"The image shows a woman in high heels, which relates to the claim about stilettos. However, there is no specific evidence linking the individual to knee surgery or confirming the claim about 'Cait'. While high heels are known to cause health issues, the claim lacks direct support regarding the individual mentioned."
1818,Misinformation,0.9,False,True,"The claim that the Opinion Debate section has moved to the Viewspaper is false. The evidence indicates that the Washington Post's opinion section is undergoing an overhaul, but there is no mention of it moving to a platform called Viewspaper. Additionally, there is no specific information provided about an increase in reader letters in the Viewspaper format."
ds4587,Not Misinformation,0.6,False,True,"The claim that Jennifer Aniston didn't spend $100K on a makeover is supported by evidence indicating that while she may have incurred significant expenses during a hotel stay, there is no direct evidence linking this amount to a makeover. Additionally, recent reports about her beauty choices suggest a shift towards a more natural look, rather than a costly makeover. However, the lack of definitive evidence directly addressing the claim leads to a medium confidence level."
ds9253,Not Misinformation,0.9,False,True,"The image accurately depicts a coffee beverage and a cake, which aligns with the claim about food items displayed. The visual elements are consistent with the description, and there are no indications of AI generation. The additional presence of a banana does not negate the overall accuracy of the claim."
ds8003,Misinformation,0.9,False,True,"The claim that a fireworks display in Weymouth marked the opening of the London 2012 Olympics is false. Evidence indicates that Weymouth did not have fireworks specifically for the London 2012 Olympics, and the town's firework displays are typically organized during summer holidays and on November 5th, not for the Olympics. Additionally, the opening ceremony of the London 2012 Olympics featured a different type of celebration, focusing on British culture and history, rather than fireworks in Weymouth."
4557,Not Misinformation,0.6,False,True,"The image does not clearly depict Ruth Negga, and while the headline suggests her rising star status, the connection is weak due to the lack of identifiable visuals. However, the evidence supports her growing popularity and recent projects, indicating that the claim has some basis in reality."
ds8684,Misinformation,0.9,False,True,"The image is confirmed to be AI-generated, which directly leads to the classification of misinformation regardless of the other signals. The unusual fur patterns and colors of the animals further support this conclusion."
