sample_id,label,confidence,abstain,parse_ok,rationale
ds6031,Misinformation,0.9,False,True,"The image is AI-generated, which is confirmed by the visual veracity analysis. The surreal combination of a tank and a floating frog indicates that it does not represent a real declassified image from any military project, including Project Ribbit Thunder. Additionally, the claim about Project Ribbit Thunder being related to military declassifications is misleading, as it is associated with a fictional character from a web series and a cryptocurrency project."
3397,Misinformation,0.8,False,True,"The image is identified as AI-generated, which leads to a classification of misinformation regardless of the claim's content. Additionally, the claim about ownership is incorrect as Planet Hollywood Las Vegas is owned by Caesars Entertainment, not a corporation based in Paris, Texas."
ds2700,Not Misinformation,0.8,False,True,"The image depicts a scaled quail standing on one leg, which is consistent with the behavior of these birds as noted in field observations. The claim aligns with the visual content, and there are no indications of AI generation. The evidence supports the claim about the scaled quail's behavior and diet."
ds4880,Not Misinformation,0.9,False,True,"The image depicts Lindsay Lohan wearing a hijab, which aligns with the claim. Multiple sources confirm that she wore a hijab at the London Modest Fashion Week, and there are discussions about the mixed reactions on social media regarding her appearance. The evidence supports the claim that she wore a hijab and that it sparked mixed feelings online."
ds8852,Not Misinformation,0.7,False,True,"The image shows three teddy bears, which aligns with the claim. However, there is no confirmation of a stuffed cat or that the setting is a bedroom wall, leading to partial alignment. The visual veracity indicates that the image is not AI-generated, supporting the claim's authenticity."
7551,Not Misinformation,0.8,False,True,"The claim about snow falling in Kielder Water, Northumberland, is supported by evidence indicating that snow has indeed fallen across parts of northern England, including Kielder Water. The weather forecast also predicts more snowfall over the weekend. The image aligns with the claim as it depicts a snowy landscape, although it does not confirm the specific location. Overall, the evidence supports the claim."
365,Misinformation,0.8,False,True,"The image is identified as AI-generated, which confirms it as misinformation regardless of the alignment with the headline. The visual veracity signal indicates a high confidence that the image is not real."
ds4717,Misinformation,0.9,False,True,"The claim that Khloe Kardashian was forced by Tristan Thompson to follow a strict pregnancy diet after a binge on cookies and ice cream is supported by multiple sources. Reports indicate that Tristan has indeed influenced Khloe's diet during her pregnancy, particularly after she indulged in junk food. This aligns with the headline's assertion."
4718,Not Misinformation,0.8,False,True,"The claim about Jennifer Lopez potentially taking a break from Alex Rodriguez is supported by evidence of their past breakup and the amicable nature of their split. The image aligns with the subject of the headline, and while it does not provide direct evidence of a current break, the historical context supports the claim. The retrieved evidence confirms their breakup and the reasons behind it, indicating that the claim is plausible."
ds4306,Not Misinformation,0.9,False,True,"The claim accurately reflects Eric Trump's statement regarding his father's tax returns, which he described as 'foolish' to release while under audit. This is supported by multiple credible sources confirming his remarks."
ds1370,Not Misinformation,0.95,False,True,"The image depicts Kris and Bruce Jenner at the Academy of Country Music Awards, which aligns with the claim. The evidence confirms their attendance at the event in 2009."
ds2101,Not Misinformation,0.9,False,True,"The image accurately depicts a table with two wine glasses and a centerpiece, which aligns with the claim. There are no indications that the image is AI-generated, and the visual elements are consistent with typical table settings."
5000,Not Misinformation,0.7,False,True,"The claim about Obama admitting to a secret deal with China to hand over U.S. territory is not substantiated by the evidence. While Obama did engage in diplomatic dealings with China, there is no credible evidence of a secret deal involving the handover of U.S. territory. The image is a genuine photograph and not AI-generated, which supports the claim's visual authenticity. However, the context of the headline does not align with the evidence provided."
ds4724,Not Misinformation,0.8,False,True,"The claim about George and Amal Clooney sleeping in separate bedrooms is not supported by evidence. Reports indicate that while there are rumors about their relationship, they are still together and have adapted to each other's habits. The image does not confirm the claim but shows them together, which aligns with the evidence suggesting they are not separated."
ds6329,Misinformation,0.9,False,True,"The image is AI-generated, depicting an impossible scenario of a man inside a shark, which is not realistic. This aligns with the visual veracity assessment that confirms the image is AI-generated with high confidence. Additionally, the claim about 'What's Eating Gilbert Grape' and 'Arnie vs Sharkasaurus' does not have any factual basis, as there are no scenes involving sharks in the film, and Arnie does not fight a shark."
ds1157,Not Misinformation,0.7,False,True,"The image shows a banner with an image of the pope, which aligns with the claim about a person holding a banner during the pope's procession. However, the specific action of holding a banner during the procession down Fifth Avenue to St. Patrick's Cathedral is not confirmed by the evidence. The pope did visit St. Patrick's Cathedral and had a procession, but the details about the banner are not explicitly supported."
5013,Not Misinformation,0.8,False,True,"The image does not depict Brooke Burke or any specific event related to her dating revelation or divorce, but the headline is supported by evidence regarding her current engagement and past divorce. The visual veracity indicates the image is genuine, and the claims about her dating life and divorce are corroborated by multiple sources."
3983,Misinformation,0.8,False,True,"The image is confirmed to be AI-generated, which is a definitive indicator of misinformation. Additionally, the claim that 'A Good Day to Die Hard' was directed by John Moore in 2008 is incorrect; the film was actually released in 2013. The visual elements of the image do not support the claim and further indicate manipulation."
ds9980,Not Misinformation,0.7,False,True,"The image depicts a child who appears to be smiling, which aligns with the claim about an Iraqi girl. However, the specific context of settling in a field near a Kurdish checkpoint is not clearly supported by the evidence. The situation at Kurdish checkpoints involves significant military and political tensions, and many families are fleeing violence and seeking refuge at these locations, as noted in the evidence."
ds2354,Not Misinformation,0.9,False,True,"The image depicts a big plane flying low on a cloudy sky, which aligns with the claim. There are no indications that the image is AI-generated, and the evidence supports the occurrence of planes flying low due to various factors, including weather conditions. The relevancy and visual veracity signals are strong, indicating that the claim is accurate."
ds9501,Misinformation,0.9,False,True,"The claim that Ford's reelection campaign was brilliant is misleading, as historical evidence indicates that his campaign was ultimately unsuccessful. Ford lost the 1976 presidential election to Jimmy Carter, which contradicts the notion of a 'brilliant' campaign. Additionally, the evidence confirms that Ford faced significant challenges during his campaign, including public cynicism and a tough primary battle against Ronald Reagan. Therefore, the claim does not align with the historical context of Ford's reelection efforts."
ds4,Not Misinformation,0.8,False,True,"The claim that Charlie Hebdo's surviving staff left their Paris offices for a temporary home at Liberation newspaper is supported by evidence indicating that they did indeed move to Liberation after the attacks. The sources confirm that they squatted at Liberation for over six months before moving to a new location. The image, while relevant to the context of the attacks, does not directly confirm the specific event of the relocation but does not contradict it either."
ds3871,Misinformation,0.8,False,True,"The image is AI-generated, which is confirmed by the visual veracity analysis. Additionally, Meghan Markle was born on August 4, 1981, not in July, as stated in the claim."
8830,Not Misinformation,0.7,False,True,"The image depicts a clock, and while it is not confirmed to be hanging against a barn, there are instances of clocks being featured on barns, as noted in the evidence. The visual veracity indicates that the image is not AI-generated, supporting its authenticity. However, the connection to the claim is weak, leading to a moderate confidence level."
ds5053,Not Misinformation,0.8,False,True,"The claim that drinking green tea daily may increase lifespan is supported by studies indicating potential health benefits, including a lower risk of death from various causes, particularly cardiovascular disease. The evidence suggests that while there are positive associations, more research is needed to confirm these benefits definitively."
ds2437,Not Misinformation,0.5,False,True,"The image does not depict an animal food tray or cage, but rather a disc golf basket, which is unrelated to the claim. The visual veracity indicates that the image is genuine, and there are no signs of AI generation. However, the claim about the empty animal food tray is not supported by the image."
ds6090,Misinformation,0.8,False,True,"The image is confirmed to be AI-generated, which categorizes it as misinformation regardless of the claim about Outside Lands being fun. The surreal elements in the image raise significant doubts about its authenticity."
ds742,Not Misinformation,0.8,False,True,"The image depicts a protest scene that aligns with the claim about demonstrators forming a barrier against Trump. However, the evidence does not confirm that demonstrators specifically blocked Trump at Quicken Loans Arena. The protests occurred during the Republican National Convention, but the exact blocking of Trump is not substantiated."
ds1754,Not Misinformation,0.9,False,True,"The image and headline accurately depict Benedict Cumberbatch portraying Julian Assange in the film 'The Fifth Estate.' The evidence confirms that Cumberbatch plays Assange in this biographical thriller, aligning with the claim made in the headline."
4580,Not Misinformation,0.7,False,True,"The image does not appear to be AI-generated and shows three individuals, which could potentially include Kourtney Kardashian and Kylie Jenner. However, there is no definitive evidence that Kourtney explicitly picks Kylie's lip kit over Kim's contour sticks. The context of the claim is not fully supported by the evidence provided."
ds50,Not Misinformation,0.8,False,True,"The claim that Rachael Drouet has still not tracked down the owners of the decorations is supported by evidence from multiple sources. Specifically, the BBC News article confirms that Rachael Drouet has not been able to find the owners of the decorations stolen by her cat, Theo. Additionally, the UPI article discusses Theo's behavior of stealing Christmas decorations, which aligns with the context of the claim."
8392,Not Misinformation,0.9,False,True,"The image does not depict any AI-generated content and is a genuine photograph. The headline accurately reflects the allegations made by Oregon Attorney General Ellen Rosenblum against GNC regarding the sale of supplements containing synthetic chemicals. The evidence supports the claim that GNC was sued for selling products with illegal ingredients, specifically BMPEA and picamilon."
ds7878,Not Misinformation,0.8,False,True,"The image shows individuals wading through flood water, which aligns with the context of a family in a flood situation. The evidence confirms that significant flooding has occurred in Harinagar, Satkhira, due to heavy rainfall, causing damage and displacing families. However, the specific identification of the family as Bangladeshi and their destination as a refuge in Harinagar Satkhira is not confirmed."
ds4278,Misinformation,0.9,False,True,"The claim that Russian mansions seized by Obama were meant as illegal gifts to Sasha and Malia is false. There is no evidence supporting the idea that these mansions were intended as gifts to the Obama daughters. The seized properties were diplomatic compounds related to political actions against Russia, not personal gifts. Additionally, the image does not depict any relevant context to the claim."
ds6954,Misinformation,0.8,False,True,"The image is AI-generated, depicting a surreal scene that does not relate to the subject of Prof Martin Hairer. The visual veracity confidence is high, indicating manipulation. Additionally, the claim about Prof Hairer being an Austrian mathematician is true, but the image's context is misleading."
ds3520,Misinformation,1.0,False,True,Ice-T did not sign with Sire Records at the age of 18 in 1987; he was actually 29 years old at that time. The claim is factually incorrect based on multiple sources confirming his birth date and the year he signed.
7044,Not Misinformation,0.8,False,True,"The image shows a woman who appears to be Hillary Clinton, and there is evidence that she has spoken at rallies in Columbus, Ohio. However, the specific context of the image being from a rally in Columbus is not confirmed. The visual veracity indicates that the image is not AI-generated, supporting its authenticity."
ds9094,Misinformation,0.8,False,True,"The image is identified as AI-generated, which indicates manipulation or generation artifacts, such as nonsensical text. This directly leads to the conclusion that the claim is misinformation, regardless of the relevance of the content."
ds3303,Not Misinformation,0.8,False,True,"The claim that Scandinavia includes Svalbard and Jan Mayen is partially correct. While Svalbard is part of the Kingdom of Norway, it is not considered part of geographical Norway or the Scandinavian region, but rather part of the Nordic region. Jan Mayen is also not traditionally included in Scandinavia, which typically comprises only Norway, Sweden, and Denmark. The evidence supports this distinction."
ds7131,Not Misinformation,0.7,False,True,"The claim about Karen O performing at the ceremony is confirmed, but specific details about her dress and jewels are not verifiable from the evidence provided. The image is not AI-generated, supporting the authenticity of the performance context."
ds7823,Not Misinformation,0.8,False,True,"The claim about the Berlaymont building housing the European Commission is accurate. The image does not depict the Berlaymont building, but the information provided in the evidence confirms the building's identity and purpose. The visual veracity indicates that the image is not AI-generated, which supports the reliability of the claim."
1047,Not Misinformation,0.9,False,True,"The claim that Kentucky Gov. Matt Bevin addressed the Kentucky Chamber of Commerce dinner on January 7, 2016, is supported by multiple sources confirming his attendance and speech at the event. The image shows a man speaking, which aligns with the context of a governor addressing a chamber of commerce dinner. The visual veracity indicates that the image is genuine and not AI-generated."
ds8744,Not Misinformation,0.7,False,True,"The image depicts a shirtless man on a skateboard in mid-air, which aligns with the claim. The visual veracity indicates that the image is not AI-generated, and the context of the skateboarder is plausible. However, the evidence does not confirm the presence of people directly below him, which affects the overall confidence."
ds9896,Not Misinformation,0.7,False,True,"The image does not appear to be AI-generated and shows a man in a suit, which could relate to Alan Johnson. However, the claim about Alan Johnson having a 'bad case' lacks specific evidence or context to confirm any health issues. The retrieved evidence indicates that Alan Johnson is currently in a positive personal situation and there are no recent reports of health issues. Therefore, the claim is not substantiated."
ds3482,Not Misinformation,0.9,False,True,"The claim that 'Gotham City Sirens failed to be published' is inaccurate. Evidence indicates that the series has been published and continues to have new issues released, with ongoing developments as of 2024. The image aligns with the subject matter, showing comic book covers related to 'Gotham City Sirens'."
3081,Misinformation,0.9,False,True,"The claim that 'Story of My Life' was recorded exclusively by a girl band is false. The song is primarily known for being recorded by One Direction, a boy band, and there is no evidence supporting that a girl band recorded it. Additionally, the evidence confirms that One Direction is the group associated with this song."
6149,Misinformation,0.8,False,True,"The image is AI-generated, as indicated by the overly polished appearance and nonsensical text on the book. This aligns with the definitive rule that states if the image is AI-generated, it is classified as misinformation regardless of other signals."
ds6053,Misinformation,0.9,False,True,"The image is AI-generated, depicting a rabbit riding a pink tricycle, which is an unrealistic scenario. The visual veracity signal indicates a high confidence that the image is not real, and the combination of elements in the image does not align with typical rabbit behavior. Therefore, the claim is misleading."
5357,Not Misinformation,0.8,False,True,"The image is a genuine photograph of a person interacting with children in an educational setting, and it does not appear to be AI-generated. The headline discusses a controversial plan by the Education Secretary, which aligns with the retrieved evidence about the administration's education policies and the criticisms surrounding them. The evidence supports the claims made in the headline regarding financial risks and the reactions from critics."
ds3839,Misinformation,0.9,False,True,"The image is AI-generated, which confirms the misinformation status regardless of the claim's content. Additionally, while Dev Patel did star in 'Chappie', the claim incorrectly categorizes it as an animated movie, which it is not in the traditional sense."
7469,Not Misinformation,0.9,False,True,"The image shows Donald Trump speaking, which aligns with the claim about him speaking at a rally. Additionally, evidence confirms that Donald Trump did hold a rally in Bangor, Maine on October 15, 2016, where he addressed various issues. This supports the accuracy of the claim."
ds3252,Misinformation,0.9,False,True,"The claim that 'Little Dorrit' was only published in the 1980s is false. The novel was originally published in serial form between 1855 and 1857, as confirmed by multiple sources. Additionally, the image is identified as AI-generated, which further supports the classification of misinformation."
ds3976,Misinformation,0.8,False,True,"The image is AI-generated, which is a definitive indicator of misinformation. Additionally, the claim that the United States is one of the ABC Islands is factually incorrect, as the ABC Islands (Aruba, Bonaire, and Curaçao) are part of the Kingdom of the Netherlands, not the United States."
9974,Not Misinformation,0.8,False,True,"The image is confirmed to be a genuine photograph, and the headline relates to Kanye West, who is featured in the image. The context of the tweet is not fully visible, but the relevance to Kanye West is strong. There are no indications of AI generation."
4125,Not Misinformation,0.9,False,True,Kevin Hart did appear in a J. Cole music video where he played a role reflecting his real-life cheating scandal. This is supported by multiple sources confirming his participation and the thematic connection to his personal experiences.
ds2506,Not Misinformation,0.8,False,True,"The image shows a building with a protective fence underneath, which aligns with the claim about safety measures for pedestrians. There is evidence that fencing has been installed around buildings in Warsaw to catch falling bricks, supporting the claim. However, the specific incident of bricks falling from this building cannot be confirmed from the image alone."
ds6253,Misinformation,0.9,False,True,"The image is confirmed to be AI-generated, which categorizes it as misinformation regardless of the context or alignment with the headline. The surreal elements and nonsensical text further support this classification."
ds6291,Misinformation,0.9,False,True,"The image is identified as AI-generated, which indicates manipulation and unreliability. The visual veracity assessment confirms that the depiction of a human riding a gazelle is not realistic, further supporting the claim of misinformation."
ds9638,Not Misinformation,0.8,False,True,"The image shows two presenters on YouTube, which aligns with the claim that they discussed a staged story. The evidence confirms that Tania Reza and Enrique Tovar appeared on YouTube to clarify that the incident was staged, supporting the claim. Additionally, the visual veracity indicates that the image is genuine and not AI-generated."
ds994,Not Misinformation,0.9,False,True,"The image depicts performers forming the Olympic rings during a closing ceremony, which aligns with the claim. The evidence supports that the Olympic rings were indeed featured in the closing ceremony of the Paris 2024 Olympics."
ds5728,Not Misinformation,0.9,False,True,"The image features Jenny McCarthy and aligns with the headline about her rise to fame. The context provided by the magazine cover supports the claim about her journey in the entertainment industry. Additionally, the evidence confirms her career milestones and achievements since her debut, particularly noting her rise to fame in the 1990s as a Playboy model and MTV host."
2731,Not Misinformation,0.8,False,True,"The image depicts a toy doll in a car window, which aligns with the innovative take on the 'baby on board' sticker mentioned in the claim. The visual veracity indicates that the image is not AI-generated, and the context of the claim is supported by the evidence regarding the popularity and creativity of 'baby on board' stickers."
ds2331,Not Misinformation,0.9,False,True,"The image depicts a man on a tennis court holding a racquet, which aligns with the claim. The visual veracity indicates that the image is not AI-generated, supporting the authenticity of the claim."
9107,Misinformation,0.8,False,True,"The image is confirmed to be AI-generated, which categorizes it as misinformation regardless of the claim about the silver oven and other appliances. The visual anomalies and technical perfection of the image support this conclusion."
ds3649,Misinformation,1.0,False,True,"The claim that 'An Educated' was created only by journalist Nora Ephron is false. The correct title is 'Educated,' which is a memoir by Tara Westover, not related to Nora Ephron. Multiple sources confirm that Nora Ephron did not create this work."
7187,Not Misinformation,0.9,False,True,"The claim that Supreme Leader Ayatollah Ali Khamenei waved during a meeting in Tehran last September is supported by evidence of his public appearances during that time. Specifically, he attended a religious ceremony on September 17, 2022, where he addressed attendees and waved to the crowd. Additionally, he met with commanders from the Iran-Iraq War on September 21, 2022. The image does not appear to be AI-generated, and the context aligns with the events described."
ds5161,Not Misinformation,0.8,False,True,"The image is not AI-generated and appears to be a genuine photograph. However, the claim about Mike Pence having secret ties to a Russian spy agency is not supported by credible evidence. The sources indicate that there are no direct ties between Pence and Russian espionage, focusing instead on his opposition to Russian aggression and support for NATO allies."
ds4423,Misinformation,1.0,False,True,"The claim that Floyd Mayweather Jr. donated a significant sum to Houston after a hurricane is false. Evidence indicates that he did not make such a donation, specifically a claim of $200 million which has been debunked as fake news. The image does not provide context to support the claim, and the overall narrative is misleading."
8155,Not Misinformation,0.7,False,True,"The claim about Charlie Pierce making a phone call in a wire factory in Ohio in 2012 is not substantiated by the evidence. Charlie Pierce did not work for Mitt Romney, and there is no specific information regarding a phone call in an Ohio wire factory in 2012. The image does not relate to the claim and depicts a disaster scene, which further disconnects it from the context of the claim."
ds7055,Not Misinformation,0.7,False,True,"The image does not appear to be AI-generated and seems to depict a genuine photograph. However, the specific subjects and event mentioned in the headline are not clearly represented in the image. The historical context of the Murray family and their connection to Hampstead Heath in 1947 is supported by evidence, but the image does not confirm the claim about Leeroy Murray and his family."
8165,Not Misinformation,0.8,False,True,"The claim about Emily Cruse Elliott dancing at Club Sizzle during the Blue Ribbon Bacon Fest is supported by evidence indicating that the festival took place and that she performed there. The image shows people dancing, which aligns with the event context. However, the specific identification of Emily Cruse Elliott in the image cannot be confirmed."
1449,Not Misinformation,0.9,False,True,"The claim about Hinchliffe Stadium being opened in 1932, hosting Negro League games, and being abandoned aligns with the historical context and recent renovations. The evidence confirms the stadium's history and its recent reopening after being abandoned for many years."
4647,Not Misinformation,0.8,False,True,"The claim states that Angelina Jolie and Jennifer Aniston did not have a face-to-face meeting, which is supported by evidence indicating that their only meeting occurred in 2004. The image is relevant as it features Angelina Jolie, but does not confirm any meeting with Aniston. The evidence suggests that they did meet, albeit only once, which contradicts the claim. However, the image is not AI-generated, and the overall confidence in the claim's veracity is moderate."
ds4064,Not Misinformation,0.9,False,True,"The image is a genuine photograph of Brad Pitt, and the claim about his net worth aligns with the retrieved evidence, which supports estimates of his net worth being around $300 million to $400 million. The context of the image and headline is relevant and accurate."
ds2877,Not Misinformation,0.8,False,True,"The image shows a decomposing leaf, which aligns with the claim about decomposing leaves found offshore at a local reservoir. The evidence supports the existence of decomposing leaves in such environments, although the specific location of the leaf in the image cannot be confirmed. The visual veracity indicates that the image is genuine and not AI-generated."
7330,Misinformation,0.9,False,True,"The image does not depict Jonathan Jones or the Millennium Bridge in central London, as it shows a group of people in a different setting. Additionally, there is no evidence linking Jonathan Jones to the Millennium Bridge, and the context of the image is unrelated to the claim."
ds5062,Misinformation,1.0,False,True,The claim that the COVID-19 vaccine alters DNA and increases the risk of genetic mutations is false. Multiple reputable sources confirm that COVID-19 vaccines do not alter human DNA and there is no evidence linking them to an increased risk of genetic mutations or cancer.
ds5124,Not Misinformation,0.9,False,True,"The claim that Biden admitted to election fraud is unfounded and based on misinterpretations of his statements. Evidence shows that Biden was discussing measures to combat voter fraud, not admitting to any wrongdoing. The image does not depict Biden or the specific event in question, further indicating a lack of relevance to the claim."
6119,Misinformation,0.8,False,True,"The image is AI-generated, which is confirmed by the visual veracity signal indicating a high confidence level. The surreal elements in the image, such as cartoonish characters and an odd juxtaposition, further support this classification. Additionally, the claim does not align with the content of the image."
5317,Misinformation,1.0,False,True,"The claim that herbal tea from the Amazon rainforest eradicates COVID-19 is misleading and unsupported by scientific evidence. Multiple sources confirm that herbal tea does not cure or prevent COVID-19, and claims to the contrary have been debunked. Additionally, the World Health Organization does not endorse such treatments."
ds8378,Not Misinformation,0.9,False,True,"The claim that Richard Dawkins and Rowan Williams debated the role of religion in the 21st century is accurate. They indeed participated in a debate on January 31, 2013, where the topic was whether religion has a place in the 21st century. The evidence confirms that Dawkins argued against the proposition and ultimately lost the debate, which aligns with the claim."
8719,Misinformation,0.8,False,True,"The image is identified as AI-generated with a high confidence level (0.8), which indicates that it does not represent a real scene. The claim about a pink and green bus is not substantiated by the evidence, as the image does not clearly depict the pink color mentioned in the headline. Therefore, the overall context is misleading."
6563,Misinformation,0.8,False,True,"The image is identified as AI-generated, which confirms it as misinformation regardless of the alignment with the headline. The visual veracity analysis indicates manipulation and inconsistencies in the image, such as unusual lighting effects."
ds3412,Misinformation,1.0,False,True,"The claim that Castlevania came out in Japan in 1990 is false. The original Castlevania game was released in Japan on September 26, 1986. This is supported by multiple sources, including Wikipedia and the Castlevania Wiki, which confirm the correct release date."
966,Misinformation,0.9,False,True,"The claim that Marco Rubio grilled at the Iowa State Fair is not supported by evidence. Multiple sources confirm that there is no record of Rubio grilling at the fair in 2015, despite the event being significant for other candidates. The image may depict a grilling scene, but it does not provide evidence of Rubio's involvement."
ds5156,Not Misinformation,0.7,False,True,"The claim that COVID-19 vaccines cause permanent memory loss is not supported by the evidence. The retrieved sources do not mention any link between COVID-19 vaccines and memory loss. They focus on other side effects and concerns, such as myocarditis and weight loss, but do not address cognitive effects. Additionally, the image does not depict any AI-generated content, which further supports the validity of the claim being assessed."
ds2814,Not Misinformation,0.95,False,True,"The image of the Father's Day note aligns with the claim of it being found in a used bookstore in Knoxville, TN. The context of the note being a placeholder in a fishing book is plausible given the nature of used bookstores. The visual veracity indicates that the image is not AI-generated, supporting the authenticity of the claim."
ds6955,Misinformation,0.8,False,True,"The image is AI-generated, which confirms it as misinformation regardless of the claim's content. Additionally, there is no evidence supporting a long-term association between Henry Kissinger and Sepp Blatter."
ds6481,Not Misinformation,0.9,False,True,"The image depicts Vladimir Putin and Borut Pahor, which aligns with the claim. The context of their meeting in Slovenia is supported by multiple sources confirming their interaction during a ceremony marking the 100th anniversary of the Russian Chapel. Additionally, there are no indications that the image is AI-generated, further supporting its authenticity."
5084,Misinformation,0.8,False,True,"The image is AI-generated, which confirms it as misinformation regardless of the claim's content. Additionally, there is no evidence that the Senate voted to ban independent media, as the sources provided discuss other legislative activities without mentioning such a vote."
ds1963,Not Misinformation,0.8,False,True,"The image depicts heavy traffic on a motorway, which aligns with the claim about heavy traffic on the M5 motorway during a busy Easter getaway. The evidence supports the occurrence of heavy traffic on the M5 during Easter, although the specific image cannot be confirmed as being from the M5 or from a specific Easter getaway. However, the visual veracity indicates that the image is not AI-generated, which strengthens the credibility of the claim."
9347,Not Misinformation,0.8,False,True,"The image depicts a man wearing glasses and a purple scarf, which is similar to the claim of a man wearing glasses and a lavender shirt. While the specific details of the shirt are not fully visible, the overall description aligns with the claim. Additionally, there are no indications that the image is AI-generated."
ds4921,Not Misinformation,0.8,False,True,"The image does not depict Justin Bieber or Kourtney Kardashian, and the context of their relationship is supported by evidence indicating they still communicate. The claims about their friendship and the concerns of Selena Gomez and Younes Bendjima are also substantiated by multiple sources."
3169,Misinformation,0.8,False,True,"The claim that Ian Gillan was born on May 19, 1945, is false; he was actually born on August 19, 1945. Additionally, the image is identified as AI-generated, which further supports the classification of misinformation."
2004,Not Misinformation,0.9,False,True,"The image depicts a basketball game in progress, which aligns with the claim. The visual veracity indicates that the image is not AI-generated, and the evidence supports the existence of basketball games happening currently."
4046,Misinformation,1.0,False,True,"The claim that George H.W. Bush has died at 94 is true, as he passed away on November 30, 2018. The image does not depict the event of his death, but the headline is accurate regarding his death."
8531,Not Misinformation,0.7,False,True,"The image depicts a kitchen area that aligns with the claim of having a decorated interior, as it shows decorative elements. However, the overall size of the kitchen is not fully visible, making it difficult to definitively confirm if it is indeed a smaller kitchen. The visual veracity indicates that the image is not AI-generated, which supports the claim's authenticity."
ds8617,Misinformation,0.8,False,True,"The image is confirmed to be AI-generated, which categorically classifies it as misinformation regardless of the relevance to the claim. The visual veracity confidence is high, indicating clear signs of AI generation."
1052,Not Misinformation,0.9,False,True,"The claim about the iPhone 5C being displayed during an Apple product announcement at the Apple campus in Cupertino, California, and its release date of September 20, 2013, is accurate. The evidence confirms that the iPhone 5C was indeed announced on September 10, 2013, and released on September 20, 2013. The image aligns with the context of the announcement event."
2929,Not Misinformation,0.9,False,True,"The image depicts a nurse with colorful hair, which aligns with the subject of the headline. The evidence supports the claim that the nurse received criticism for her appearance and responded positively, emphasizing that her hair color does not affect her ability to perform her job. The image is confirmed to be a genuine photograph, not AI-generated."
5939,Misinformation,0.8,False,True,"The image is confirmed to be AI-generated, which categorizes it as misinformation regardless of the claim's content. Additionally, the claim about Vic Mensa's roots in Houston is inaccurate, as he was born and raised in Chicago, Illinois."
ds3503,Misinformation,0.8,False,True,"The image is confirmed to be AI-generated, which leads to the classification of the claim as misinformation. Additionally, while the claim states that The Hunger Games are based on a play, it is important to note that the original source material is a series of novels, and the play adaptation is based on those novels, not the other way around."
ds6940,Misinformation,0.8,False,True,"The image is identified as AI-generated, which confirms it as misinformation regardless of the claim's context. The unusual elements in the image, such as the combination of a child reading a book and a skeleton, along with garbled text, support this classification. Additionally, the claim about an Indonesian girl reading a comic book related to trafficking cannot be substantiated with the provided evidence."
ds8840,Misinformation,0.8,False,True,"The image is identified as AI-generated, which confirms it as misinformation regardless of the claim's other details. The claim about the dump truck being on green asphalt is also inaccurate, as the truck is on grass. The visual veracity signal indicates a high confidence in AI generation."
ds4482,Not Misinformation,0.7,False,True,"The image does not provide direct evidence that the San Juan Teamsters did not show up for work to distribute relief supplies. The retrieved evidence indicates that the Teamsters are actively involved in relief efforts and do not support the claim that they skipped work. However, the relevancy of the image to the claim is partial, and the context remains ambiguous."
ds4702,Not Misinformation,0.7,False,True,"The image is a genuine photograph of Gwen Stefani and Blake Shelton, and while there are rumors about her pregnancy, there is no confirmed news. The headline aligns with the image, but the claim about her being pregnant remains speculative without official confirmation."
1231,Not Misinformation,0.7,False,True,"The image shows a player running during pregame warmups, which aligns with the context of the headline. However, the specific identification of Robert Griffin III cannot be confirmed from the evidence provided. The sources mention his history with the Redskins and games played at Raymond James Stadium, but do not confirm his presence during warmups at that location."
4217,Not Misinformation,0.7,False,True,"The image does not appear to be AI-generated, and while the connection to the headline about J.Lo and A-Rod's passionate kisses is weak, there is evidence that they were seen kissing in public, suggesting some level of romantic interaction. However, the overall context indicates that they are no longer together, which contradicts the headline's implication of a rekindled romance."
992,Not Misinformation,0.9,False,True,"The image depicts a flooded area that aligns with the claim about high water overrunning homes and businesses near the Shiawassee River and Shiawassee National Wildlife Refuge in Michigan. The evidence supports the occurrence of flooding in this region due to heavy rainfall, which has affected local properties."
ds6586,Misinformation,0.9,False,True,"The image is AI-generated, depicting a surreal scene with jellyfish in a bedroom, which is not a natural occurrence. This aligns with the visual veracity signal indicating high confidence in AI generation."
ds1582,Misinformation,0.9,False,True,"The claim states that Norway won against England in the European Under-21 Championship, but evidence shows that Norway lost to England with a score of 1-2 in a different match context (FIFA World Cup). Additionally, the image does not confirm the identity of the goalkeeper as Nyland Haskjold, and the match referenced is not the correct event."
ds6549,Misinformation,0.8,False,True,"The image is identified as AI-generated with a confidence of 0.8, which indicates a high likelihood that it is not a real photograph. The presence of surreal elements, such as angel wings, further supports this classification. Therefore, despite the claim about a smiling mother holding her infant being plausible, the AI-generated nature of the image leads to a determination of misinformation."
ds1547,Not Misinformation,0.8,False,True,"The claim that the 105200 hectares of land in Watarrka National Park is under the custodianship of the Martutjarra-Luritja people is partially supported. While the park is indeed recognized for its cultural significance and is under custodianship of traditional owners, the specific mention of the Martutjarra-Luritja people as custodians is not definitively confirmed in the evidence. The park is known to be associated with the Anangu Aboriginal people, which suggests that the claim may not be entirely accurate. However, the Martutjarra-Luritja people are recognized as custodians of land in the region, which adds some validity to the claim."
ds9027,Misinformation,0.8,False,True,"The image is confirmed to be AI-generated, which categorizes it as misinformation regardless of the claim's alignment with the characteristics of Chicago deep dish pizza. The visual veracity indicates that the pizza has an unnatural texture and proportions that are atypical for real food."
ds8208,Not Misinformation,0.7,False,True,"The image depicts a protest that aligns with the claim about activists protesting the Summer Olympics in Brazil. Evidence supports that activists did protest the Olympics, raising concerns about corruption and mismanagement, particularly regarding water pollution and broken promises related to the event. However, the specific connection to the image and the headline is not definitively established, leading to a moderate confidence level."
ds1877,Not Misinformation,0.8,False,True,"The claim about Gordon Taylor settling into his role as chairman of the Professional Footballers Association in November 1978 and later becoming chief executive in 1981 is supported by multiple reliable sources. The evidence confirms both the timeline and the roles he held. The image does not appear to be AI-generated, and while it does not specifically depict the event, it aligns with the context of his professional career."
ds1998,Not Misinformation,0.9,False,True,"The image aligns with the claim about spending cuts likely sparking protests, as it depicts a protest scene with signs against cuts. The evidence supports the assertion that spending cuts lead to protests, particularly in the context of recent events in France where large demonstrations occurred against proposed budget cuts. This is consistent with the claim made in the headline."
578,Not Misinformation,0.8,False,True,"The image shows a person working with a pump in a flooded area, which aligns with the context of trying to keep floodwaters out of a property. While the specific identity of the person as Bob Bailey and the exact location as Clarksville, Mo, cannot be confirmed, the overall scenario is plausible given the recent flooding events in the area. Evidence supports that Clarksville has faced significant flooding from the Mississippi River, which aligns with the claim."
ds4435,Not Misinformation,0.7,False,True,"The claim that Trump is removing Marines from the Navy is not supported by the evidence. The sources indicate that there are no actions taken by Trump regarding the removal of Marines, and discussions are focused on other military-related topics. The image does not appear to be AI-generated and depicts a genuine scene. However, the connection between the image and the claim is ambiguous."
4186,Misinformation,0.8,False,True,"The claim about Katie Holmes reigniting a friendship with James Van Der Beek to make Jamie jealous is misleading. James Van Der Beek has recently passed away, which makes the premise of rekindling a friendship implausible. Additionally, there is no evidence supporting the idea that Jamie is jealous of this nonexistent friendship. The sources indicate that Katie Holmes paid tribute to Van Der Beek after his death, not that they are rekindling a friendship. Furthermore, the context of jealousy is more related to Tom Cruise's feelings about Katie moving on, not Jamie's. Therefore, the claim is not substantiated."
ds5919,Misinformation,1.0,False,True,"The claim that Ares is a nephew of Zeus is incorrect; Ares is actually the son of Zeus and Hera, making him Zeus's child rather than his nephew. This is supported by multiple sources that confirm Ares' lineage as the son of Zeus and Hera."
ds379,Not Misinformation,0.9,False,True,"The claim that three people died during the police raid in Saint-Denis is partially accurate. The evidence indicates that two suspects were killed during the raid, and a woman detonated an explosive device, resulting in her death. Therefore, while the claim states three deaths, it is misleading as it does not clarify the circumstances of the deaths. The image aligns with the context of a police raid, and the evidence supports the occurrence of deaths during the operation."
ds3753,Not Misinformation,0.9,False,True,"The claim that the Icelandic Coast Guard rarely performs a service is contradicted by multiple sources indicating that the Coast Guard is actively involved in various operations, including search and rescue, maritime safety, and law enforcement. The evidence shows that the Coast Guard maintains a continuous watch for emergencies and has increased its surveillance capabilities recently."
ds6032,Not Misinformation,0.9,False,True,"The image depicts a real interaction between an ostrich and a person, which aligns with the claim about the ostrich's table manners. The context of the interaction supports the humorous nature of the claim, as ostriches do not have human-like table manners. Additionally, the visual veracity signal indicates that the image is not AI-generated."
3980,Not Misinformation,0.7,False,True,"The claim that 'Touch My Body is a law' is misleading as it conflates a song title with legal terminology. The evidence indicates that there are laws regarding physical contact, but 'Touch My Body' itself is not a recognized law. The image does not appear to be AI-generated and depicts a courtroom, which is relevant to legal discussions. However, the specific claim lacks factual basis."
ds2845,Not Misinformation,0.7,False,True,"The image shows a premium gas pump, which aligns with the subject of the headline. However, there is no visible indication that it is located in a secluded part of Arkansas or that it has a spider web on it. While the claim about the spider web is not substantiated by any specific news reports, the existence of premium pumps in Arkansas is confirmed. Therefore, the claim is partially true but lacks specific evidence for the spider web and seclusion."
1318,Not Misinformation,0.7,False,True,"The image shows patrons seated at a bar and in rows, which aligns with the context of the headline about relaxing while waiting to play bocce. While the image does not confirm the presence of bocce, it does not contradict the claim either. The evidence supports the idea that bocce can be played in bars, and patrons can relax in such settings."
ds2773,Not Misinformation,0.9,False,True,"The image shows a Bible and a Book of Mormon in a hotel drawer, which aligns with the claim about a hotel in Detroit having these items. This practice is common in many hotels, particularly those affiliated with the Marriott chain, due to their historical ties to the Church of Jesus Christ of Latter-day Saints."
ds8795,Not Misinformation,0.8,False,True,"The image depicts two men in formal attire, likely at night, which aligns with the claim. While it is unclear if they are wearing sunglasses or crossing the street, the context is plausible. The visual veracity indicates that the image is not AI-generated, supporting the authenticity of the claim."
6395,Misinformation,0.9,False,True,"The image is confirmed to be AI-generated, which categorizes it as misinformation regardless of the context or resemblance to Beyoncé. The visual veracity signal indicates a high confidence in the AI generation of the image, and the headline suggests a playful context that does not change the nature of the image itself."
ds5285,Not Misinformation,0.8,False,True,"The image is confirmed to be genuine and not AI-generated. While the claim about Hillary Clinton planning to run for president in 2024 is not supported by her recent statements, which indicate she is not running, the image itself does not mislead regarding her current political status. The evidence shows that Clinton has publicly denied any intention to run for president in 2024 and has criticized Biden's decision to seek reelection."
ds7674,Not Misinformation,0.7,False,True,"The claim about the Highlands attracting 80% of its visitors from other parts of the UK is not directly supported by the evidence provided. While the evidence indicates that the Highlands attract many visitors due to their scenery and culture, it does not specify the exact percentage of visitors from the UK. However, the general context of tourism in the Highlands suggests a significant number of visitors come from within the UK."
2728,Not Misinformation,0.8,False,True,"The claim about an activist facing years in prison for helping migrants aligns with evidence that supports both the existence of such cases and the refusal of jurors to convict in similar situations. Specifically, Scott Daniel Warren faced charges for providing aid to migrants, and jurors could not reach a verdict, reflecting a stance against the criminalization of humanitarian aid. This is corroborated by multiple sources, including The Guardian and GV Wire."
ds8721,Not Misinformation,0.8,False,True,"The image shows a bowl of white rice and broccoli, which aligns with the general context of the headline about a bowl of rice and a vegetable dish. While the specifics mention beef, the absence of beef does not necessarily indicate misinformation, as the image still represents a common meal context. The visual veracity indicates that the image is not AI-generated, supporting the claim's authenticity."
ds9200,Misinformation,0.9,False,True,"The image is identified as AI-generated with high confidence, which confirms it as misinformation regardless of the claim's content. The visual veracity analysis indicates that the dog's anatomy appears distorted, suggesting manipulation typical of AI-generated images."
ds3723,Misinformation,0.8,False,True,"The claim that 'The Originals' began airing on The CW in October of 2005 is false. The series actually premiered on October 3, 2013. Additionally, the image is AI-generated, which further supports the classification of misinformation."
7601,Not Misinformation,0.8,False,True,"The image depicts security personnel in a context that aligns with the events of the July 1, 2016, attack in Dhaka, Bangladesh. The retrieved evidence confirms that security personnel were present at the scene of the attack, which involved gunmen taking hostages at a restaurant. The claim about the event is accurate, and the image supports this context."
9081,Not Misinformation,0.8,False,True,"The image shows a lunch box that includes sandwiches and carrots, which aligns with the claim. However, it does not clearly show a muffin or a salad, leading to partial alignment. The visual veracity indicates that the image is not AI-generated, supporting the authenticity of the claim."
ds2006,Not Misinformation,0.7,False,True,"The image shows people lined up near an airplane, which partially aligns with the claim. However, the visibility of details regarding military uniforms is limited, making it unclear if any individuals are in military attire. The visual veracity indicates that the image is not AI-generated, supporting the authenticity of the scene."
ds6266,Misinformation,0.9,False,True,"The image is confirmed to be AI-generated, depicting an unrealistic scenario of a turkey flying over a cityscape, which does not align with the context of the headline. This indicates that the image is not a genuine representation of reality."
708,Not Misinformation,0.9,False,True,"The image depicts Carmelo Anthony and La La Vazquez Anthony, aligning with the claim about their relationship and the trade rumors from 2011. The evidence supports that La La did not force Carmelo to seek a trade, and the trade to the Knicks was significant in their relationship. The visual veracity indicates the image is genuine."
ds354,Not Misinformation,0.9,False,True,"The claim that Aon was unveiled as the sponsor of Manchester United in July 2010 is supported by evidence indicating that Aon signed a four-year sponsorship deal that began on June 1, 2010, and the new Manchester United home kit featuring Aon's logo was revealed shortly after on July 14, 2010. This aligns with the timeline provided in the claim."
7119,Not Misinformation,0.7,False,True,"The image features Julian Assange, which aligns with the subject of the headline. However, it does not clearly depict the specific event of him at the Ecuadorian embassy or his call regarding the threat of arrest. The evidence indicates that there are no recent statements from Assange calling for the lifting of any arrest threats, focusing instead on his legal troubles and background."
6424,Misinformation,0.9,False,True,"The image is confirmed to be AI-generated, which directly leads to the classification of the claim as misinformation. The depiction of a harpy-like creature does not represent a real event, and the surreal nature of the image further supports this conclusion."
5060,Not Misinformation,0.8,False,True,"The claim that experts warn against using smartphones due to harmful radiation exposure linked to cancer is supported by mixed evidence. While some studies suggest potential risks, the consensus among experts is that there is insufficient evidence to definitively link smartphone radiation to cancer. The image does not appear to be AI-generated and depicts a person using a phone, which is relevant to the claim. However, the connection to cancer risk is not strongly established."
3899,Not Misinformation,0.8,False,True,"The Tenth Doctor is indeed accompanied by Rose Tyler, as she is a well-known companion of both the Ninth and Tenth Doctors. The image shows two characters in a control room, which aligns with the context of Doctor Who, although it does not definitively confirm the specific scene from 'The End of Time.' The evidence supports the claim that Rose Tyler is a companion of the Tenth Doctor."
ds511,Not Misinformation,0.95,False,True,"The image depicts the entrance of Whiskey Down, which is confirmed to be located inside the MGM Grand and offers a wide selection of whiskies. The information aligns with the claim made in the headline."
3537,Misinformation,0.8,False,True,"The image is confirmed to be AI-generated, which leads to a classification of misinformation regardless of the claim's content. Additionally, the claim that action films are a subgenre of martial arts films is misleading, as action films encompass a broader range of themes and styles, while martial arts films specifically focus on martial arts techniques."
ds9777,Not Misinformation,0.8,False,True,"The claim about Des Warren and Ricky Tomlinson being blacklisted for their union activity is supported by evidence indicating their imprisonment and subsequent difficulties in finding work. The image does not appear to be AI-generated, and the historical context aligns with the claim."
5524,Not Misinformation,0.7,False,True,"The claim about Jennifer Aniston sabotaging Brad Pitt's Hollywood comeback is not supported by evidence. The retrieved evidence indicates that their divorce was due to various factors, including career demands and differing views on parenthood, rather than any act of sabotage. Additionally, there are no current reports confirming a significant Hollywood comeback for Brad Pitt that would relate to Aniston's actions."
ds4669,Not Misinformation,0.7,False,True,"The image does not depict Bradley Cooper or Lady Gaga, but the claim about 'A Star Is Born' being a remake is accurate. The film features both actors in lead roles, and the information aligns with the known facts about the film. However, the image's lack of relevance to the headline lowers the confidence slightly."
2169,Not Misinformation,0.8,False,True,"The image shows various items that align with the claim, including shoes, a cap, and an iPod. The visual veracity indicates that the image is not AI-generated, supporting the authenticity of the claim. The evidence confirms the relevance of the items mentioned in the claim."
889,Not Misinformation,0.8,False,True,"The claim about migrants being seen on the shore in Rhodes, Greece, aligns with the current situation reported in various sources. There is evidence of a significant number of migrants on the island, with reports indicating that Rhodes is facing a migrant crisis due to an influx of undocumented migrants. However, the image does not definitively confirm the location as Rhodes, and while it shows a group of people on the shore, it does not provide specific identification of them as migrants. The visual veracity indicates that the image is not AI-generated, which supports the claim's authenticity."
ds4772,Not Misinformation,0.5,False,True,"The claim about Ed Sheeran admitting he was able to bed hot women because of Taylor Swift lacks direct evidence from the retrieved sources. While Ed Sheeran has made comments about Taylor Swift and their friendship, there are no specific quotes or statements regarding his dating life or attributing his success with women to her influence. The evidence suggests a supportive friendship but does not confirm the claim made in the headline."
ds372,Not Misinformation,0.7,False,True,"The image of the rusting emergency vehicle aligns with the historical context of the Jackson State College protests in 1970. While it cannot be definitively confirmed that this specific vehicle was used during the protests, the relevance to the events is strong. The visual veracity indicates that the image is not AI-generated, supporting the claim's authenticity."
6440,Misinformation,0.9,False,True,"The image is confirmed to be AI-generated, depicting a surreal scenario that does not align with reality. The claim about Kim Jong-un taking a smoke break is partially supported by evidence, but the visual veracity indicates that the image itself is not authentic."
ds2864,Not Misinformation,0.7,False,True,"The claim about dye leaking and giving the egg a polka dot appearance is plausible given the evidence of dye leaks affecting water supplies. However, the image does not definitively show that the speckled egg is a result of dye leaking during peeling, as the peeling process is not depicted. The visual veracity indicates that the image is not AI-generated, supporting the authenticity of the claim."
ds9049,Not Misinformation,0.7,False,True,"The image depicts a living room setting with a table and chairs, which aligns with the claim. However, the absence of a fireplace means it does not fully meet the specifics of the claim. The visual veracity indicates that the image is not AI-generated, supporting its authenticity."
1505,Not Misinformation,0.8,False,True,"The claim that business rates have added about 500m to retailers' costs in the past three years is supported by evidence indicating significant increases in business rates impacting retailers. Specifically, one source mentions a £140 million hike to business rates expected next April and another source indicates an additional £242 million in costs. This aligns with the claim of substantial financial impact on retailers due to business rates."
ds1418,Not Misinformation,0.7,False,True,"The image depicts a live music performance with a crowd, which aligns with the context of a music event. However, the specifics of it being a free event featuring Brazilian music stars or the Alternative Olympic Opening Ceremonies are not confirmed. The evidence suggests that alternative Olympic opening ceremonies have occurred, but does not provide details on the specific event mentioned in the claim. Additionally, while Brazilian music events are noted, there is no specific mention of the event in question."
690,Misinformation,0.9,False,True,"The claim that Gus Malzahn is on the sideline during the third quarter is misleading because he is not the head coach of Auburn as of 2023; he was fired in 2020 and is currently the head coach at the University of Central Florida. Therefore, any image claiming to show him in that context is inaccurate."
ds7963,Not Misinformation,0.9,False,True,"The claim that 96 people died at the 1989 FA Cup semifinal at Hillsborough stadium is accurate. The retrieved evidence confirms that 96 people died as a result of the Hillsborough disaster, which occurred during the FA Cup semifinal on April 15, 1989. The evidence also supports the context of the event and the tragic circumstances surrounding it."
ds9935,Not Misinformation,0.8,False,True,"The image does not depict David Cameron celebrating himself, nor does it clearly show him heading to the EU summit in Brussels. However, it is confirmed that David Cameron did attend an EU summit in Brussels, where he interacted with other leaders, which aligns with the context of the claim. The image appears to be genuine and not AI-generated."
4960,Not Misinformation,0.9,False,True,"The image is a well-composed photograph of a couple in a romantic setting, which aligns with the themes of love and beauty mentioned in the headline. Additionally, the context of the relationship between Jennifer Lopez and Alex Rodriguez supports the claim. There are no indications that the image is AI-generated, and the evidence confirms the relevance of the relationship and the themes discussed."
5286,Not Misinformation,0.7,False,True,"While the claim about Biden accepting illegitimate votes is disputed and lacks conclusive evidence, there are reports and discussions around the topic. However, the majority of investigations and lawsuits have found no credible evidence of widespread voter fraud that could have affected the election outcome. The image does not provide any evidence supporting the claim."
ds6300,Misinformation,0.9,False,True,"The image is confirmed to be AI-generated, featuring a cartoon character in a real-life scene, which indicates manipulation and lack of authenticity. This directly leads to the conclusion that the claim is misinformation."
ds9486,Misinformation,0.8,False,True,"The image is AI-generated, as indicated by the unusual anatomical structures and unnatural poses of the cats. This confirms that the image does not accurately represent real striped cats lying with sneakers."
ds252,Not Misinformation,0.9,False,True,"The claim that Dave Lee Travis was one of broadcasting's biggest stars in the 70s and 80s is supported by multiple sources. He was a prominent figure on BBC Radio 1 and hosted 'Top of the Pops', which solidifies his status during that era. The evidence confirms his popularity and significance in British broadcasting during the specified time period."
7904,Not Misinformation,0.7,False,True,"The image does not depict boys from the Mandari tribe or the specific context of fishing in Terekeka, South Sudan. However, the Mandari tribe is primarily focused on pastoralism and agriculture, with no specific mention of fishing by the Nile. The Terekeka fishing community was engaged in traditional fish smoking in September 2012, which aligns with the fishing context but does not confirm the claim about the Mandari tribe. Therefore, while the claim has inaccuracies, it is not entirely misinformation."
ds4659,Not Misinformation,0.8,False,True,"The claim that Kanye West auditioned for American Idol in San Francisco is supported by evidence indicating that he did indeed have a surprise audition during the show's auditions in that city. The image shows Kanye West and Kim Kardashian, which aligns with the claim. However, the specific details about the audition being staged as part of the final season are not confirmed in the evidence."
6609,Misinformation,0.9,False,True,"The image is confirmed to be AI-generated, depicting a scenario that is not physically possible, which aligns with the definitive rule for misinformation. The visual veracity signal indicates a high confidence that the image is AI-generated. Additionally, the evidence supports the notion that while horses can be depicted in unusual scenarios, the specific image in question is not a real photograph but rather a digital creation."
5292,Not Misinformation,0.8,False,True,"The claim that Biden promised to abolish the Second Amendment is false, as he has not made such a promise. Instead, he has indicated a desire to respect the Second Amendment while advocating for stricter gun control measures. The image is a genuine photograph of Biden, and the evidence supports that he has not proposed abolishing the Second Amendment."
5049,Not Misinformation,0.8,False,True,"The image does not appear to be AI-generated, and the content of the headline aligns with the controversies and fan reactions surrounding 'The Bachelorette' rankings. The evidence supports the claim of controversy and biased reviews, as seen in the discussions about manipulation tactics and fan outrage over rankings."
ds8246,Misinformation,0.8,False,True,"The claim that Tony Abbott wants lower taxes despite unveiling a budget with new tax increases is misleading. Evidence suggests that Abbott's stance on taxes has been inconsistent, and some sources argue that he does not genuinely support lower taxes. Additionally, the image does not depict Abbott, which further disconnects it from the claim."
5575,Misinformation,0.8,False,True,"The claim that Bradley Cooper and Lady Gaga were spotted kissing in Italy is not substantiated by any confirmed reports. While they have shared romantic moments, particularly during performances, there is no documented evidence of a kiss in Italy. The sources indicate that they were in Italy for the premiere of 'A Star Is Born' in 2018, but do not confirm any recent romantic interactions."
561,Not Misinformation,0.95,False,True,"The claim that Hurricane Matthew was photographed from the International Space Station on October 3, 2016, is supported by evidence indicating that the hurricane was indeed observed from the ISS during that timeframe. The image aligns with the event described, and the context confirms the occurrence of Hurricane Matthew in 2016."
1970,Not Misinformation,0.9,False,True,The image is a bar graph that directly supports the claim about younger patients being more informed about financial help compared to older patients. The evidence from the Cancer Patient Experience Survey indicates that younger patients may have different experiences and awareness levels regarding financial assistance.
ds1060,Not Misinformation,0.9,False,True,"The image aligns with the claim of a man holding his son during a candlelight vigil in New York, supported by evidence of recent candlelight vigils occurring in the city. The visual veracity indicates that the image is not AI-generated, further supporting the authenticity of the claim."
ds3938,Misinformation,0.9,False,True,"The claim that Northwestern University is a founding member of the Big Ten Conference starting in 1893 is incorrect. The Big Ten Conference was actually founded in 1896, not 1893. While Northwestern is indeed a charter member of the conference, the founding year is a critical detail that makes the claim misleading."
6399,Misinformation,0.8,False,True,"The image is identified as AI-generated, which confirms it as misinformation regardless of the context. The surreal combination of police officers and fictional characters like the Ninja Turtles indicates a lack of authenticity."
6807,Misinformation,0.9,False,True,"The image is AI-generated, depicting a dragon with a bowl of vegetables, which is a surreal and fantastical scenario that does not align with real-world contexts. This indicates that the claim about a large bowl with vegetables and broccoli is misleading."
ds9233,Not Misinformation,0.9,False,True,"The image depicts a scene that aligns with the claim of people waiting for a bus at a terminal. The presence of a bus stop sign and benches supports this context. Additionally, the evidence confirms that people frequently wait at bus terminals, which is consistent with the claim."
7506,Not Misinformation,0.7,False,True,"The image depicts a natural scene that aligns with the Dedham Vale area, and there is evidence supporting the claim that coach parties from Shenzhen visit Dedham Vale, particularly during the spring and summer months. However, the specific timing of their arrival in May is not confirmed by the evidence."
251,Not Misinformation,0.9,False,True,"The claim that Sameena Jabeen Ahmed received her best newcomer award from actor James Corden is supported by evidence indicating that she won the Best British Newcomer award at the 2014 BFI London Film Festival, where James Corden was present as a presenter. The image aligns with this context, showing her receiving an award from him."
ds1760,Not Misinformation,0.8,False,True,"The claim about a 400 km long human chain is partially accurate as it references the Baltic Way, which was a significant historical event where approximately two million people formed a human chain spanning 675 kilometers. However, the image does not provide definitive evidence of the specific event mentioned in the claim, and the details about the number of participants and the length are not confirmed by the image alone."
ds5403,Not Misinformation,0.8,False,True,"The image depicts a protest scene related to impeachment, which aligns with the headline discussing impeachment and political strategy. The visual veracity indicates that the image is not AI-generated, supporting its authenticity. The evidence retrieved confirms that impeachment is a current topic in politics, and there are discussions about the manipulation of public discourse by political elites."
ds8604,Misinformation,0.8,False,True,"The image is AI-generated, as indicated by the unnatural anatomy of the zebras, which suggests manipulation rather than a genuine photograph. This directly leads to the classification of the claim as misinformation, regardless of the relevance of the content."
ds8578,Not Misinformation,0.7,False,True,"The image shows a man leaning over the back of a truck, which aligns with the claim. However, the specific location being in front of a Walmart is not definitively confirmed. The visual veracity indicates that the image is genuine and not AI-generated."
6114,Misinformation,0.8,False,True,"The image is identified as AI-generated, which confirms it as misinformation regardless of the claim about a mail order Mickey Mouse watch from Russia. The visual elements do not align with the claim, and the surreal nature of the image suggests manipulation."
8341,Not Misinformation,0.8,False,True,"The Riverside Museum was indeed awarded the European Museum of the Year in 2013, and there is evidence indicating a drop in visitor numbers, likely due to post-pandemic trends affecting museums. The image does not appear to be AI-generated and depicts a recognizable scene related to the museum."
1152,Not Misinformation,0.9,False,True,"The image depicts two individuals who appear to be Howard Stern and Beth Ostrosky, consistent with the claim that they were in attendance at an event. The evidence supports their recent public appearances together, including attending the North Shore Animal League America Gala."
ds5714,Misinformation,0.8,False,True,"The image is confirmed to be AI-generated, which directly leads to the classification of misinformation regardless of the claim's content. Additionally, while Babur's contributions to education are acknowledged in a broader context, specific educational reforms or direct contributions are not well-documented, further complicating the claim's validity."
ds9888,Not Misinformation,0.8,False,True,"The image shows Jerzy Janowicz celebrating, which aligns with the claim that he took the first set on a tiebreak. However, evidence indicates that Janowicz did not win the first set against Novak Djokovic at the US Open, which contradicts the claim. The context of the match is important, as Janowicz has had matches where he won the first set, but the specific claim about the match against Djokovic is inaccurate."
7531,Not Misinformation,0.8,False,True,"The image depicts a protest scene that aligns with the Occupy movement, and there is substantial evidence confirming that Occupy protests occurred at St Paul's Cathedral in London. The retrieved evidence supports the claim that the Occupy London protest was indeed associated with St Paul's Cathedral, including specific incidents where protesters chained themselves to the pulpit. However, the image does not definitively confirm the specific location, leading to a slightly lower confidence level."
1795,Not Misinformation,0.9,False,True,"The claim that Justin Fashanu is described as intelligent, witty, honest, and articulate in Nick Baker's 'Forbidden Forward' is supported by the evidence that the book provides a detailed and candid portrayal of Fashanu's life. The book is noted for its meticulous research and offers a nuanced view of his character, which aligns with the descriptors in the claim. Additionally, the image is confirmed to be a genuine photograph, further supporting the authenticity of the claim."
7759,Not Misinformation,0.7,False,True,"The image is a genuine photograph of a power plant, and the claim about Dong Energy's gas-fired power station in Newport aligns with the evidence regarding the government's stance on gas as a bridging technology. The operational status of the power station is not confirmed, but the context of gas as a bridging technology is supported by multiple sources."
5697,Misinformation,0.8,False,True,"The image is confirmed to be AI-generated, which directly leads to the classification of misinformation regardless of the claim's content. The claim about NASA revealing a second moon is misleading as there is no permanent second moon, only temporary objects like mini-moons. The visual context does not support the claim of a habitable second moon."
3769,Misinformation,0.8,False,True,"The image is AI-generated, which confirms the misinformation. Additionally, the claim that 'Tangled is a shoelace' is false, as 'Tangled' refers to a Disney animated film, not a shoelace."
4905,Misinformation,0.9,False,True,"The claim that Lindsay Shookus is not pregnant is supported by multiple sources indicating that there are no credible reports confirming her pregnancy. Additionally, the image does not depict either Lindsay Shookus or Ben Affleck, further disassociating it from the claim. The evidence suggests that the rumors about her pregnancy are unverified and likely false."
6026,Misinformation,0.8,False,True,"The image is confirmed to be AI-generated, which directly leads to the classification of misinformation. The visual manipulation is evident, particularly with unnatural elements in the image. Additionally, the headline does not align with the content of the image, further supporting the misinformation claim."
5977,Not Misinformation,0.7,False,True,"The claim about Konidela Production Company emerging as a key player in the Chinese entertainment industry lacks specific evidence to support its involvement in that market. The company is primarily focused on Indian film production, and there is no information indicating its expansion into China. However, the image does not appear to be AI-generated, and the context of the image could relate to a company event, albeit without direct confirmation."
104,Not Misinformation,0.8,False,True,"The claim that there are hundreds of commercial airlines globally and that not all of them have inflight connectivity or access to the internet is supported by evidence. Approximately 70% of airlines provide some form of connectivity, but many low-cost and regional airlines still lack Wi-Fi. This aligns with the retrieved evidence indicating that while many airlines offer inflight internet, it is not universal."
ds9954,Misinformation,0.8,False,True,"The claim that Jinyun and Yahong celebrated in Morecambe Bay is not supported by the evidence. The sources indicate that Jinyun and Yahong were involved in a tragic event where their husbands died while working as cocklepickers in Morecambe Bay, rather than a celebration. Additionally, there is no information linking them to any celebratory event in that location."
ds9091,Not Misinformation,0.7,False,True,"The claim describes a colorful umbrella in a black and white city scene, which aligns with the existence of such artistic images. The evidence supports the idea that colorful umbrellas are often featured in black and white photography, enhancing visual interest. However, the specific image in question does not appear to be AI-generated, and the description does not match the provided image signals."
ds1846,Misinformation,0.9,False,True,"The claim that a vehicle belonging to Correa's security detail was set on fire by rioting police is misleading. Evidence indicates that it was protesters who set a police car on fire during anti-government demonstrations, not police setting a vehicle on fire. Additionally, there is no confirmation that the vehicle in the image is related to Correa's security detail or the specific incident described."
ds2126,Not Misinformation,0.8,False,True,"The image depicts two street signs that are identical, which aligns with the claim about identical street signs. However, the signs are not clearly shown to be pointing in opposite directions, leading to a partial alignment with the claim. The visual veracity indicates that the image is genuine and not AI-generated."
ds8631,Misinformation,0.8,False,True,"The image is AI-generated, which is confirmed by the visual veracity signal indicating a high confidence level. Additionally, the content of the image does not match the claim, as it features bananas instead of oranges and lacks the described tree and potted plants."
ds6054,Not Misinformation,0.7,False,True,"The claim about dachshunds not working over water aligns with their physical capabilities and historical context. While the image shows a dachshund-like dog on water, it does not depict a realistic scenario, and the claim is supported by evidence that dachshunds are generally not good swimmers due to their body structure. The evidence indicates that while some dachshunds can swim, they are not typically inclined to do so. This supports the claim that they do not work over water."
595,Not Misinformation,0.85,False,True,"The image is a genuine photograph of the Cleveland skyline, and the context aligns with the claim that it was taken from Edgewater Park. The evidence supports the existence of views from Edgewater Park that showcase the Cleveland skyline, although specific references to a 2012 photo are not directly confirmed."
ds4857,Not Misinformation,0.9,False,True,"The image does not appear to be AI-generated and depicts a social gathering, which does not directly relate to the claim about Kourtney Kardashian's pregnancy scare or her interactions with Scott Disick and Younes Bendjima. However, the claim itself is supported by evidence indicating that Kourtney has had a pregnancy scare and has been involved with both Scott and Younes in discussions about family. The evidence confirms the context of the claim."
8858,Not Misinformation,0.5,False,True,"The image does not depict a man walking on his back in the snow, but rather a skier in a snowy environment. The description does not match the visual content, indicating a discrepancy. However, the image is not AI-generated, and the confidence in the misinformation claim is not high enough to classify it as misinformation."
ds4896,Not Misinformation,0.7,False,True,"The claim about Nicole Richie pleading with Sofia to end her romance with Scott Disick is not directly supported by the evidence, but there are indications that Nicole has advised Sofia in the past. The image does not appear to be AI-generated, and while the specific event mentioned in the headline is not confirmed, the context of their relationship dynamics is plausible. Therefore, the claim is not definitively false, but lacks strong evidence to fully support it."
8916,Not Misinformation,0.7,False,True,"The image shows a white toilet, but it does not depict a black mirror or a tiled floor as described in the headline. The background is primarily black tiles, which weakens the connection to the claim. However, the image is not AI-generated, and the visual elements align with common bathroom design trends. The evidence supports the idea of black-and-white bathroom designs, but the specific claim about the mirror and floor is not fully accurate."
ds562,Not Misinformation,0.9,False,True,"The claim that 30,000 people gather to celebrate SPAM luncheon meat in Hawaii aligns with the evidence that the Waikiki Spam Jam attracts around 30,000 attendees each year. The event is well-documented and celebrated in Hawaii, confirming the accuracy of the claim."
ds5647,Misinformation,0.9,False,True,"The claim that the Pfizer CEO secretly admits the COVID-19 vaccine causes permanent brain damage is false. There is no credible evidence supporting this assertion, and multiple sources confirm that the CEO has not made such admissions. Additionally, claims of permanent brain damage from the vaccine are not widely supported by scientific evidence."
160,Not Misinformation,0.7,False,True,"While the image shows a cat wearing a cone, which suggests it may have undergone medical treatment, there is no specific evidence confirming that this is Dorothy or that the injuries mentioned in the headline are visible. The retrieved evidence does not provide any information about a cat named Dorothy being shot, and the focus is on unrelated topics. However, there are mentions of pellet gun incidents involving cats in Newport, indicating a broader context of concern for cat safety in the area."
ds7704,Not Misinformation,0.7,False,True,"The image does not depict the River Severn winding through Leighton in Shropshire, as it shows a golf course instead. However, the River Severn does flow through Shropshire, and aerial views of the river in this area are common. The claim is misleading but not entirely false."
ds451,Misinformation,1.0,False,True,"The claim that Paul Wilson ran away from the scene after hitting Alwyn Pritchard is supported by multiple credible sources. Specifically, it is confirmed that Paul Wilson fled the scene after the collision that resulted in Alwyn Pritchard's death. This is corroborated by evidence from both Wales Online and BBC News."
ds4380,Misinformation,1.0,False,True,"The claim that Nancy Pelosi is resigning is false, as confirmed by multiple sources. PolitiFact specifically states that the headline from NRTOnline is misleading and flagged as potentially fabricated. Additionally, while Pelosi has resigned from her leadership position, she has not resigned from Congress, which further contradicts the claim of her resignation. The image is not AI-generated, but the misinformation lies in the headline's claim."
1204,Not Misinformation,0.8,False,True,"The claim about the ambush of police officers in Jalisco is supported by multiple credible sources detailing the incident where 15 police officers were killed. The image aligns with the context of police deployment, and there are no indications of AI generation. The evidence confirms the occurrence of the ambush and the number of casualties."
ds5364,Not Misinformation,0.8,False,True,"The claim discusses Don Lemon's controversial remarks and the resulting media backlash, which aligns with the evidence provided. Don Lemon has indeed made controversial remarks that have stirred outrage, and there is substantial evidence of media backlash against him, including his comments about women over 50 and white men being a terror threat. The image is not AI-generated and appears to be a genuine photograph."
ds8199,Not Misinformation,0.9,False,True,"The claim that the death of former Putin aide Mikhail Lesin at a DC hotel is ruled accidental is supported by multiple credible sources. The evidence confirms that his death was ruled an accident by US authorities, and he died from blunt force injuries after excessive alcohol consumption. The image does not provide context but does not contradict the claim."
ds9128,Misinformation,0.8,False,True,"The image is identified as AI-generated, which indicates that it does not represent a real scene. The visual veracity analysis suggests manipulation and unnatural features in the cow's anatomy and the background, leading to the conclusion that the image is not authentic."
ds8717,Not Misinformation,0.9,False,True,"The image depicts a bed with a blanket and multiple pillows, which aligns with the claim. The visual veracity assessment confirms that the image is not AI-generated, supporting the authenticity of the claim."
ds1226,Not Misinformation,0.7,False,True,"The image shows a person carrying belongings out of a flooded area, which aligns with the context of the headline about flood damage in Hoboken. However, there is no specific evidence confirming the identity of the person as Matt Hampton or that the location is indeed his web design office. The visual veracity indicates the image is genuine, but the claim lacks specific corroboration."
ds4978,Misinformation,0.9,False,True,"The claim states that Nicole Kidman won for Outstanding Lead Actress in a Limited Series or Movie at the 69th Emmy Awards, which is true. However, the image does not confirm this specific event or award, and the context of the image does not match the claim accurately. The evidence confirms that Kidman has won Emmys, but does not specifically validate the claim about the 69th Emmy Awards."
6327,Misinformation,0.9,False,True,"The image is confirmed to be AI-generated, which categorically classifies it as misinformation regardless of the relevance to the claim. The visual veracity analysis indicates clear signs of manipulation, such as a distorted face and unnatural hand positioning."
ds1360,Not Misinformation,0.7,False,True,"The image shows a bishop in traditional attire, which aligns with the subject of the headline. However, there is no definitive evidence confirming the specific event of Franz-Peter Tebartz-van Elst walking out of the cathedral on the stated date. The bishop was suspended but not officially left the office, and the events of August 30, 2013, are not detailed in the retrieved evidence."
ds3180,Misinformation,1.0,False,True,"The claim that Watertown, Massachusetts is in Vermont is false. Watertown is a city located in Middlesex County, Massachusetts, and is part of Greater Boston. The evidence clearly states that Watertown is not in Vermont but in Massachusetts."
ds6722,Misinformation,0.8,False,True,"The image is identified as AI-generated, which confirms it as misinformation regardless of the alignment with the headline. The visual elements, such as the surreal green laser-like effect and unnatural brightness in the eyes, further support this classification."
ds4618,Not Misinformation,0.9,False,True,"The claim that Justin Bieber accidentally hit a photographer with his pick-up truck after church service is supported by multiple credible sources. The incident occurred on July 27, 2017, when Bieber struck a photographer while leaving a Hillsong Church service in Los Angeles. The evidence confirms the details of the event, including the nature of the accident and the context in which it happened."
ds2707,Not Misinformation,0.7,False,True,"The claim about two palm trees 'stealing a private moment' and 'giggling' is metaphorical and does not imply actual behavior of the trees. While the image may evoke a sense of intimacy due to the trees' appearance, it does not depict any human-like actions. The visual veracity indicates that the image is not AI-generated, which supports the claim's validity as a creative interpretation rather than misinformation."
ds4910,Not Misinformation,0.9,False,True,"The image depicts a couple who appear to be Gwen Stefani and Blake Shelton in a cozy setting, which aligns with the headline about their relationship. The evidence supports that they are still in love and enjoying their marriage, with no indications that Gwen has tried to change Blake. Reports indicate they are navigating their relationship positively."
ds1096,Not Misinformation,0.8,False,True,"The image depicts lab technicians in a laboratory setting, which aligns with the context of processing tests. While it does not confirm that they are specifically processing Zika tests at the CDC's dengue branch in San Juan, the evidence supports that Zika tests are processed in Puerto Rico and that the CDC Dengue Branch is involved in related operations. The information about Zika testing and the CDC's focus on dengue is corroborated by multiple sources."
ds803,Misinformation,0.9,False,True,"The claim that Johnny Maurice Avery is accused of shooting Mildred Martin is supported by evidence indicating that he was indeed indicted for her murder. However, the image does not provide sufficient context to confirm the identity of the individual shown, and the sources do not directly link the image to the claim. Therefore, while the claim has some basis in fact, the lack of corroborating evidence regarding the image leads to a classification of misinformation."
9249,Misinformation,0.9,False,True,"The image is AI-generated, featuring surreal characteristics that are not typical for real elephants, which confirms its artificial nature. This directly contradicts the claim of depicting a mother elephant and her baby. Additionally, the details about the elephants being alongside a dry water pool are not verifiable from the evidence provided."
ds4946,Misinformation,0.8,False,True,"The claim about J.J. Watt, Tyler Perry, and Jamie Foxx donating to Texas flood relief lacks substantial evidence. Multiple sources indicate that claims of celebrity donations for Texas flood relief are often exaggerated or false, with no confirmed contributions from the mentioned celebrities. Additionally, the evidence suggests that many posts about celebrity donations were not based on real announcements."
1436,Not Misinformation,0.9,False,True,"The claim that musician Buddy Guy arrived at the Kennedy Center Honors reception at the White House is supported by multiple sources confirming his attendance at the event on December 2, 2012. The image is not AI-generated, and the details align with historical records of the event."
ds1062,Not Misinformation,0.8,False,True,"The image and claim relate to the Yellow Line during SafeTrack's fourth surge, which is accurately described in the evidence. The image is confirmed to be genuine and not AI-generated, and the information aligns with historical data about SafeTrack's impact on the Yellow Line."
ds1686,Not Misinformation,0.9,False,True,"The claim about John McCririck's loyalty to Channel 4 Racing is supported by evidence of his long tenure with the broadcaster and his own statements regarding his dedication. The image is not AI-generated, further supporting the authenticity of the claim."
7439,Misinformation,0.9,False,True,"The claim states that President Obama had a campaign event in Roanoke earlier this month, but there is no record of such an event in October 2023. The evidence indicates that the last notable campaign event in Roanoke involving Obama was in 2012, and there are no recent activities mentioned for October 2023."
8870,Not Misinformation,0.7,False,True,"The image depicts a bathroom scene that aligns with the claim about a bath towel in a small bathroom, even though it does not explicitly show towels hanging over it. The evidence supports the commonality of bath towels in small bathrooms and typical towel arrangements, which reinforces the claim's validity."
ds8989,Not Misinformation,0.8,False,True,"The image shows two women near a table with fruit, which aligns with the claim. However, the specific detail about them sitting next to a window is not definitively confirmed by the evidence. The visual veracity indicates that the image is not AI-generated, supporting the authenticity of the scene."
7101,Not Misinformation,0.9,False,True,"The claim that Rafael Nadal played against Facundo Bagnis during their second-round match is supported by multiple sources confirming the match took place on May 26, 2016, at the French Open, where Nadal won decisively. The image is not AI-generated, and the context aligns with the claim."
ds7980,Misinformation,1.0,False,True,"The claim that Japan hosted the World Cup in 2019 is false. Japan did not host the FIFA World Cup; instead, it hosted the Rugby World Cup in 2019. The FIFA Women's World Cup was held in France during that year. This misinformation is clear from the evidence provided."
ds9213,Misinformation,0.8,False,True,"The image is confirmed to be AI-generated, which directly leads to the classification of the claim as misinformation. The visual veracity indicates a high confidence that the image does not represent a real airplane in flight. Additionally, the claim about a plane accelerating and leaving a tail aligns with factual information about aircraft behavior, but the AI-generated nature of the image undermines its authenticity."
ds8942,Not Misinformation,0.9,False,True,"The image depicts an old-fashioned kitchen setup that aligns with the claim of being set up for guests. The description matches the visual elements of the kitchen, which is characterized by traditional design and a welcoming atmosphere. Additionally, the evidence supports the popularity and functionality of old-fashioned kitchens for gatherings."
2649,Not Misinformation,0.8,False,True,"The image aligns with the claim of trees growing through old farm equipment, which is a plausible scenario in a natural setting. The evidence supports the idea that nature often reclaims abandoned machinery, and the context of the image is consistent with this phenomenon."
ds8677,Misinformation,0.8,False,True,"The image is identified as AI-generated with a high confidence level, which indicates that it does not represent a real photograph of an orange slice with a fork and various fruits on a plate. The visual elements, such as the arrangement of spinach and the unnatural appearance of the orange slice, further support this classification."
2915,Not Misinformation,0.8,False,True,"The image shows a restroom map, which may be intended for navigation. However, it is unclear if the map is specifically designed for the blind, as there are no visible tactile features or braille. The evidence indicates that while tactile restroom maps are being developed, they are not common, and the specific features of the map in the image are not confirmed to assist blind individuals."
4752,Misinformation,0.8,False,True,"The image is confirmed to be AI-generated, which directly leads to the classification of the claim as misinformation. Additionally, the image does not depict Robert Pattinson or Kristen Stewart, nor does it relate to the claim about buzz cuts, further supporting the misinformation label."
ds8815,Misinformation,0.9,False,True,"The image is AI-generated, depicting a bear's head under a blanket, which is not a realistic scenario. This indicates that the image does not accurately represent the claim about a baby blanket and comforter. The visual veracity confidence is high, confirming the AI generation."
3855,Misinformation,0.8,False,True,"The claim that 'Maximum Overdrive' is only a 1980 romance film is false. 'Maximum Overdrive' is actually a 1986 science fiction action horror film directed by Stephen King. Additionally, the image is identified as AI-generated, which further supports the classification of the claim as misinformation."
2756,Misinformation,0.9,False,True,"The image is confirmed to be AI-generated, which categorically classifies the content as misinformation regardless of the claim's context. The visual veracity confidence is high, indicating that the image does not represent a real person but rather a generated depiction."
ds7291,Not Misinformation,0.8,False,True,"The image depicts a man with a horse, which aligns with the claim about Nicky Henderson and Sprinter Sacre. Evidence confirms that Nicky Henderson hosted an open day at Seven Barrows, where Sprinter Sacre was present. The specific event mentioned in the claim is supported by multiple sources."
ds7399,Not Misinformation,0.8,False,True,"The claim about Julia Stiles, Paul Greengrass, and Matt Damon being at the premiere of The Bourne Ultimatum in July 2007 is accurate. The evidence confirms that the premiere took place on July 25, 2007, and both Julia Stiles and Matt Damon attended the event. The image does not depict them, but the claim itself is true."
9058,Misinformation,0.8,False,True,"The image is identified as AI-generated with a high confidence level, indicating it does not represent a real plate of food. The claim about broccoli is therefore misleading as the image does not depict it accurately."
ds2311,Not Misinformation,0.8,False,True,"The image depicts a cat sitting in a bowl, which aligns with the claim. There are no indications that the image is AI-generated, and the behavior of cats sitting in bowls is well-documented. The evidence supports the idea that cats enjoy small spaces, which includes bowls."
ds3931,Misinformation,1.0,False,True,"The claim that Toy Story 2 was produced by DreamWorks is false. Toy Story 2 was produced by Pixar Animation Studios, as confirmed by multiple sources. The image does not change the fact that the claim is incorrect."
ds2471,Not Misinformation,0.95,False,True,"The image aligns with the claim of a woman sitting on a chair with an umbrella, and there are no indications that the image is AI-generated. The visual veracity confidence is low, but the overall evidence supports the authenticity of the image."
9577,Not Misinformation,0.7,False,True,"The image does not appear to be AI-generated and depicts a genuine emotional moment. The claim about Brian and Eileen Maguire relates to their experiences and statements regarding their son, which aligns with the retrieved evidence about their tragic loss and public statements. However, the specific quote in the claim is not directly confirmed by the evidence."
ds7360,Not Misinformation,0.9,False,True,"The image aligns with the claim that Bernie Sanders appeals to students on big issues at George Mason University, as he did hold a town hall meeting there on October 28, 2015, addressing various political issues relevant to students. The evidence confirms his presence and the nature of the event."
ds8806,Misinformation,0.9,False,True,"The image is AI-generated, as indicated by the presence of human-like legs on the elephants, which is anatomically impossible. This suggests manipulation or generation rather than a genuine photograph. Additionally, the claim about elephants standing on a balcony is misleading, as there is no evidence to support that elephants can or do stand on balconies in a natural context."
ds9145,Misinformation,0.8,False,True,"The image is confirmed to be AI-generated, which categorizes it as misinformation regardless of the claim's content. The visual veracity analysis indicates that the image lacks natural imperfections and shows signs of manipulation."
ds137,Not Misinformation,0.8,False,True,"The image depicts police activity, which is relevant to the arrest mentioned in the headline. The retrieved evidence confirms that there were arrests related to a building society raid, specifically mentioning the Nationwide Building Society in Wallsend. However, the image does not provide direct confirmation that the arrest is specifically connected to the building society raid mentioned in the claim."
ds5761,Misinformation,0.8,False,True,"The image is identified as AI-generated, which confirms it as misinformation regardless of the claim's relevance to the Burj Khalifa. The visual veracity assessment indicates a high confidence that the image is not real, which is a definitive indicator of misinformation."
ds2309,Not Misinformation,0.9,False,True,"The image depicts a pizza pie being enjoyed in a cafe-like setting, which aligns with the claim. The visual veracity signals indicate that the image is not AI-generated and appears genuine. Additionally, the evidence supports the popularity of pizza in cafes and various dining establishments."
7826,Not Misinformation,0.5,False,True,"The image does not depict a woman or any clear indication of a return from Mecca, and the evidence does not support the claim made in the headline. However, the image is not AI-generated, and there is no definitive evidence to classify it as misinformation."
ds8646,Misinformation,0.8,False,True,"The image is identified as AI-generated, which is a definitive indicator of misinformation regardless of the claim's alignment with the visual content. The unnatural appearance of the subjects and context supports this classification."
ds5661,Misinformation,0.8,False,True,"The image is AI-generated, which is a definitive indicator of misinformation. Additionally, the claim that dogs can speak three human words is misleading, as research indicates that while dogs can understand certain words, they do not speak in the human sense. The evidence supports that dogs can be trained to communicate using buttons but does not confirm the claim made in the headline."
ds2066,Not Misinformation,0.95,False,True,"The image depicts a giraffe in a zoo exhibit, which aligns with the claim. The visual veracity signals confirm that the image is not AI-generated and accurately represents a giraffe in a zoo setting. Additionally, multiple sources confirm the presence of giraffes in zoo exhibits."
1750,Not Misinformation,0.5,False,True,"The image does not appear to be AI-generated, and while the context of the headline is not fully represented in the image, there is no definitive evidence that contradicts the claim. The sources do not provide specific comments from Scarlett Johansson regarding a band poster, but they do not disprove the claim either."
ds5872,Misinformation,0.8,False,True,"The image is confirmed to be AI-generated, which directly leads to the classification of misinformation regardless of the content of the headline. The visual veracity signal indicates a high confidence in the AI-generated nature of the image. Additionally, the claim about 'stellar performances' is not substantiated by the evidence provided, which focuses more on the character and past portrayals rather than current performances."
8442,Misinformation,1.0,False,True,"The image does not depict Ben Stokes or the specific event described in the headline. However, the claim about Ben Stokes misjudging a delivery from Peter Siddle and being bowled is corroborated by multiple sources, confirming the event occurred during the fifth Test of the Ashes series."
ds7662,Not Misinformation,0.9,False,True,"The claim about the receding water line of Lake Hodges is supported by multiple sources indicating that the water levels are indeed decreasing due to drought conditions and safety regulations. The evidence confirms that Lake Hodges has experienced significant reductions in water levels, with reports of billions of gallons being released to maintain safety standards."
ds6690,Misinformation,0.9,False,True,"The image is confirmed to be AI-generated, which categorizes it as misinformation regardless of the context or elements depicted. The presence of a fictional character like Spider-Man further supports the notion that the image does not represent a real-world scenario accurately."
8225,Not Misinformation,0.8,False,True,"The image does not depict Charles Kennedy, but the claim about him being on the campaign trail in 2005 shortly after the birth of his son Donald is accurate. Charles Kennedy did have a son named Donald, who was mentioned in tributes after his death, and he became a father during the 2005 election campaign."
ds9362,Not Misinformation,0.8,False,True,"The image depicts a surfer riding a white surfboard, which aligns with the claim. However, the specific detail about the shorts being red and black is only partially aligned, as they are described as black and red. The visual veracity indicates that the image is not AI-generated, supporting the authenticity of the claim."
ds9100,Misinformation,0.8,False,True,"The image is confirmed to be AI-generated, which directly leads to the classification of misinformation. The visual elements described, such as the overly perfect and stylized flowers, support this conclusion. Additionally, the claim about a kitchen table is misleading as the image depicts a picnic table."
2273,Not Misinformation,0.8,False,True,"The image depicts a modern bathroom with a white toilet, aligning with the claim. The description of a very simple and modern bathroom is partially supported by the evidence, although the simplicity aspect is not fully confirmed due to limited visibility of the overall context."
ds7198,Not Misinformation,0.8,False,True,"The image shows a golfer holding a trophy, which aligns with the claim that Rory McIlroy celebrates with the FedEx Cup trophy and the Tour Championship trophy. Evidence confirms that McIlroy has won both trophies multiple times, including his recent FedEx Cup win in 2022. However, the image does not definitively identify the golfer as McIlroy or confirm the specific trophy being held."
ds1099,Not Misinformation,0.9,False,True,"The image aligns with the headline's claim about Pakistani rescue workers removing a body from the site of a bombing in Lahore. The context of the scene suggests a genuine response to a tragic event, and there are no indications of AI generation. The evidence supports the occurrence of bombings in Lahore and the involvement of rescue workers in body recovery efforts."
540,Misinformation,0.9,False,True,"The claim that Serena Williams questioned a call is not supported by the evidence, which indicates that she did not dispute any calls during her matches. Additionally, the claim about her advancing to the final is misleading as her last match was a loss, marking the end of her career. The image does not provide context for the claim, and the evidence confirms that she did not question a call."
3405,Misinformation,0.8,False,True,"The image is confirmed to be AI-generated, which leads to the classification of the claim as misinformation regardless of the relevance of the claim itself. The visual veracity assessment indicates a high confidence that the image is not real."
6581,Misinformation,0.8,False,True,"The image is identified as AI-generated, which is a definitive indicator of misinformation regardless of the other signals. The unusual context of a cat wearing glasses and a jacket further supports this classification."
4642,Not Misinformation,0.9,False,True,"The image does not depict Cindy Crawford or her daughter Kaia Gerber, which misaligns with the claim. However, the content of the claim regarding Cindy Crawford discussing her daughter and her modeling future is supported by evidence. Kaia Gerber has been recognized in the modeling industry and has a connection with Kendall Jenner, as noted in various sources."
ds3953,Misinformation,0.8,False,True,"The image is AI-generated, as indicated by the presence of nonsensical text and an overly perfect composition, which raises doubts about its authenticity. This directly leads to the classification of the claim as misinformation, regardless of the historical context provided in the headline."
4893,Not Misinformation,0.7,False,True,"The claim that Mark Wahlberg teased Mel Gibson about his weight and offered to become his personal trainer is supported by evidence indicating that Wahlberg did indeed make comments regarding Gibson's weight during their collaboration on a film. However, the image does not depict either individual or provide context for the claim, which affects the overall confidence in the claim's accuracy. The evidence from sources like People.com confirms the teasing dynamic between Wahlberg and Gibson."
ds8357,Not Misinformation,0.8,False,True,"The image does not depict Christian Grey or Anastasia, nor does it relate to the themes of their relationship. The character of Christian Grey is known for his BDSM preferences, indicating he does not have vanilla tastes, which aligns with the claim. Additionally, the evidence supports that Christian Grey's character is complex and primarily non-vanilla due to his involvement in BDSM."
ds9069,Not Misinformation,0.7,False,True,"The image shows a box of doughnuts, which is related to the subject of the headline about doughnuts. However, it does not depict a rack with doughnuts in a glass case, which is a specific detail mentioned in the claim. The visual veracity indicates that the image is not AI-generated, supporting the claim's authenticity."
4230,Not Misinformation,0.8,False,True,"The image features Amber Heard, who is relevant to the claim about her discussing her marriage to Johnny Depp. While the image does not provide direct evidence of her comments, the retrieved evidence indicates that she has made remarks about the impact of her marriage and the subsequent trial. Additionally, there are reports of her discussing her experiences during their marriage, which aligns with the claim."
ds7600,Not Misinformation,0.8,False,True,"The claim about Shanghai shares heading higher is supported by evidence indicating that shares in Shanghai have seen significant increases, particularly with WuXi AppTec's stock surging after reporting a substantial rise in net profit. Additionally, the overall market is experiencing upward momentum due to supportive monetary policies and anticipated capital inflows. The image, while not directly depicting Shanghai shares, shows a financial context that aligns with the claim."
6611,Misinformation,0.9,False,True,"The image is AI-generated, featuring surreal elements that do not conform to reality, such as human bodies with shark-like heads. This indicates that the image does not accurately represent a real scene of people wearing umbrella hats next to the ocean."
ds7016,Not Misinformation,0.9,False,True,"The claim accurately reflects the events surrounding Oscar Pistorius and the murder of Reeva Steenkamp, including the trial details. The image is confirmed to be genuine and not AI-generated, supporting the authenticity of the claim."
ds5610,Misinformation,0.8,False,True,"The image is AI-generated, which is a definitive indicator of misinformation. Additionally, the claim about plants communicating telepathically is not scientifically supported, as real studies indicate that plants communicate through chemical signals rather than any form of telepathy."
5834,Misinformation,0.8,False,True,"The image is AI-generated, featuring a cat with anthropomorphic traits and a surreal technological background, which indicates manipulation. This aligns with the definitive rule that if the image is AI-generated, it is classified as misinformation. Additionally, the claim that cats were involved in the design of the iPhone 4 is false, as it was designed by Apple, not cats."
8196,Not Misinformation,0.9,False,True,"Guy Scott did become the interim president of Zambia after the death of Michael Sata, and he is of Scottish descent. The evidence supports both claims in the headline."
ds9433,Not Misinformation,0.6,False,True,"The image does not depict a big long train with storage containers as described in the headline, but rather a passenger train. However, the claim about long trains carrying storage containers is valid, as intermodal trains are designed for this purpose. The visual does not align with the claim, but the claim itself is accurate based on the context of freight trains."
ds6106,Misinformation,0.8,False,True,"The image is identified as AI-generated with high confidence, which indicates that it is not a genuine representation of reality. The surreal nature of a child holding a grenade further supports this conclusion. Additionally, the claim about grenades is ambiguous and does not align with the context provided by the image."
1901,Not Misinformation,0.8,False,True,"The claim about Venice's San Michele island cemetery gaining a pontoon for scattering ashes is partially supported by evidence indicating that a floating bridge has been revived for All Souls' Day, facilitating access to the cemetery. However, there is no definitive confirmation that this pontoon is specifically for scattering ashes. The image is not AI-generated, and the cemetery's regulations regarding ashes are well-documented."
ds1009,Not Misinformation,0.8,False,True,"The image depicts two individuals in a court setting, which aligns with the claim about Capt Yevgeny Yerofeyev and Sgt Alexander Alexandrov appearing in a Ukrainian court. The evidence confirms that both individuals were indeed tried in Ukraine for their involvement in the conflict, and the image does not appear to be AI-generated."
978,Not Misinformation,0.8,False,True,"The claim that Frank Gehry designed Power Play chairs is supported by evidence confirming their design and features. The image does not appear to be AI-generated, and the chairs shown align with Gehry's style. However, the specific location of the Winter Garden is not confirmed in the evidence provided."
9323,Not Misinformation,0.7,False,True,"The image does not depict a sink with a cabinet on legs, but rather a toilet and a storage unit. However, the visual veracity indicates that the image is not AI-generated, and the claim about the bathroom setting is somewhat relevant. The evidence supports the existence and benefits of legged bathroom cabinets, which aligns with the topic."
4284,Not Misinformation,0.8,False,True,"The image does not appear to be AI-generated, and there is evidence supporting that Caitlyn Jenner was seen at Nobu Malibu with Sophia Hutchins. However, the specific details about the car and the nature of their relationship are not fully confirmed."
1972,Not Misinformation,0.7,False,True,"The image appears to be a genuine photograph of a Chrysler 300C, and while the claim about it being softer looking than the outgoing model is not supported by evidence, it does not indicate misinformation. The Chrysler 300C is generally described as having bold styling rather than a softer look, which aligns with the evidence found. However, the image does not definitively prove or disprove the claim."
ds3859,Misinformation,1.0,False,True,"The claim that Korn released 'See You on the Other Side' in 2002 is incorrect. The album was actually released on December 6, 2005. This is confirmed by multiple sources, including Wikipedia and Genius."
8063,Not Misinformation,0.7,False,True,"The image shows Taiko drummers, which aligns with the claim about their performance at a festival. However, there is no definitive evidence confirming that this specific performance took place at the Deep River festival in Ontario, Canada. The sources do not provide clear information about the Deep River festival or its events involving Taiko drummers."
9677,Not Misinformation,0.8,False,True,"The image depicts two cricketers celebrating, which aligns with the context of the headline about Sri Lanka's captain Tillakaratne Dilshan and Kumar Sangakkara. The evidence supports that they played together and had notable performances, including celebrations after significant victories. However, the specific event referenced in the claim cannot be definitively confirmed."
7259,Not Misinformation,0.9,False,True,"The image aligns with the claim that Bernie Sanders is speaking in Des Moines, Iowa, and there is strong evidence supporting that he has spoken in Des Moines on various occasions. The visual veracity indicates that the image is not AI-generated, further supporting the authenticity of the claim."
ds100,Not Misinformation,0.8,False,True,"The image depicts individuals in ice baths, which aligns with the claim about using ice baths for recovery after a physical challenge. While the specific event of the Wembley challenge is not confirmed, the context of ice baths for recovery is supported by evidence. The visual veracity indicates the image is not AI-generated, further supporting the claim's validity."
ds3706,Not Misinformation,0.8,False,True,"Robert Singer is a recognized television producer, director, and writer, known for his contributions to shows like 'Supernatural' and 'Lois & Clark: The New Adventures of Superman.' The claim that he is incapable of writing contradicts his established career as a writer in the television industry. The image does not provide evidence against his writing capabilities, and the context suggests he is engaged in writing activities."
1782,Misinformation,0.9,False,True,"The claim that North Korean workers are currently employed at the South-owned Shinwon clothes company in the Kaesong industrial park is misleading. The Kaesong Industrial Complex has been closed since 2016, and North Korean workers are not actively employed there. This contradicts the claim made in the headline."
4300,Not Misinformation,0.9,False,True,"The image is a genuine photograph of Robert Pattinson and Kristen Stewart, aligning with the headline discussing their careers and public perception. The evidence supports that both actors are taken seriously in their careers despite their past relationship overshadowing their achievements."
ds9598,Not Misinformation,0.7,False,True,"The image does not appear to be AI-generated and depicts a performance that could relate to an event like a Congress. While the relevancy is partial, there is no definitive evidence that contradicts the claim that critics say the annual Congress is a blessing. The retrieved evidence discusses the current Congress and critics' opinions, indicating ongoing discussions about Congress's effectiveness."
2237,Not Misinformation,0.9,False,True,"The image depicts a large bird flying over a heavily forested area, which aligns with the claim. The visual veracity indicates that the image is not AI-generated, and the evidence supports the existence of large birds like the Harpy eagle in such environments."
8411,Not Misinformation,0.7,False,True,"The claim about Mats Zuccarello scoring for the New York Rangers is plausible, as he has a history of scoring for the team. However, the specific event mentioned in the claim (scoring to make it 20) is not confirmed by the evidence provided. The image shows a hockey game involving the Rangers, but does not provide specific details about the goal or the score at that moment. Therefore, while the claim is not definitively false, it lacks specific confirmation."
ds9228,Not Misinformation,0.8,False,True,"The image shows a boat on a canal, which aligns with the claim of a large passenger boat floating down a canal. However, the specific details about the boat's size and passenger capacity are not fully visible, making it uncertain if it is indeed a large passenger boat. The visual veracity indicates that the image is not AI-generated, supporting the authenticity of the scene."
ds461,Not Misinformation,0.9,False,True,"The claim that Bill Cosby's lawyers are attempting to get the case thrown out is supported by multiple sources indicating that his legal team is actively pursuing this action based on a previous commitment by a district attorney not to prosecute him. The image of Bill Cosby aligns with the headline as it depicts him in a relevant context. Additionally, the retrieved evidence confirms the ongoing legal efforts by his lawyers."
4368,Not Misinformation,0.8,False,True,"The image does not appear to be AI-generated and depicts Ben Affleck and Jennifer Garner, which is relevant to the context of the claim about dating rumors. The evidence supports the claim that Jennifer Garner and Josh Duhamel are rumored to be dating, and that Ben Affleck feels threatened by these rumors."
6660,Misinformation,0.8,False,True,"The image is confirmed to be AI-generated, depicting a surreal scenario that does not align with the claim of a man holding a ping pong paddle under a shelf. The visual veracity indicates a high confidence that the image is not real."
ds831,Not Misinformation,0.9,False,True,"The claim that Scott Baio spoke at the Republican National Convention is supported by multiple sources confirming his participation in the 2016 RNC. The image aligns with the context of a speaker at a political event, and there are no indications of AI generation."
723,Misinformation,0.9,False,True,"The claim states that Reggie Bush scored a touchdown against the Bills, but he did not play for the Dolphins during the game referenced (October 1, 2023), where the Bills defeated the Dolphins 48-20. Additionally, Reggie Bush's notable touchdowns occurred in different contexts, not specifically against the Bills. Therefore, the claim is misleading."
ds4173,Misinformation,0.9,False,True,"The claim that a federal judge granted permission to subpoena Trump is misleading. A federal judge did not grant a subpoena for Trump himself; rather, there have been rulings regarding subpoenas related to third parties. This is supported by evidence indicating that the judge's ruling was about document preservation and not a direct subpoena of Trump. Additionally, a fact-check confirms that the headline is false."
ds9215,Misinformation,0.8,False,True,"The image is identified as AI-generated, which confirms it as misinformation regardless of the other signals. The unnatural appearance of the cow and the blending of textures further support this conclusion."
ds6725,Misinformation,0.8,False,True,"The image is AI-generated, which is confirmed by the visual veracity signal indicating a confidence of 0.8. The surreal elements in the image, such as the levitating coffee cup and the defying gravity water flow, further support this classification. Additionally, while fire hydrants can be painted in patriotic colors, the AI-generated nature of the image overrides this fact."
1792,Not Misinformation,0.8,False,True,"The claim about Ricky Muir being likely to be an elected senator despite receiving a tiny number of first preference votes is accurate based on historical context. Muir was indeed elected with a very low primary vote of 0.51% in 2013, which is supported by multiple sources. The image is confirmed to be genuine and not AI-generated, further supporting the claim's validity."
2826,Not Misinformation,0.8,False,True,"The claim about the mug changing color depending on the amount of coffee aligns with the existence of color-changing mugs that react to temperature. The image appears to be genuine, and there is no evidence suggesting it is AI-generated. Additionally, the retrieved evidence confirms that color-changing mugs do exist and function based on temperature changes."
ds709,Not Misinformation,0.7,False,True,"The image shows a Bombardier CRJ700 landing, which aligns with the claim about a Delta Connection Bombardier CRJ700. However, the specific details regarding the location (Seattle-Tacoma International Airport) and the time (dusk in September 2015) cannot be confirmed from the image alone. While there is evidence that Delta planned daily flights to Seattle starting in December 2015, there is no specific confirmation of a CRJ700 landing in Seattle in September 2015."
ds3448,Misinformation,0.8,False,True,"The image is confirmed to be AI-generated, which categorizes it as misinformation regardless of the claim about Younger being a town. The visual veracity indicates a high likelihood of digital manipulation, which undermines the authenticity of the image. Additionally, the claim about Younger being a town is not directly supported by the image, as it lacks specific identifying features."
ds2474,Not Misinformation,0.95,False,True,"The image accurately depicts boats by a dock in water, aligning with the claim. The visual veracity indicates that the image is not AI-generated, and the evidence supports the presence of boats at docks in various contexts."
ds2010,Not Misinformation,0.95,False,True,"The image clearly depicts a tennis player serving the ball, which aligns perfectly with the claim. The visual elements confirm the action described in the headline, and there are no indications of AI generation."
ds1564,Misinformation,1.0,False,True,"The claim that Woody Allen received the Cecil B. DeMille Lifetime Achievement Award in 2023 is false. The actual recipient of the award in 2023 was Eddie Murphy, as confirmed by multiple sources. Additionally, there is no evidence supporting that Woody Allen received this award during that year."
ds2594,Misinformation,0.8,False,True,"The image is AI-generated, which is confirmed by the visual veracity analysis indicating unnatural appearances in the fingers and nails. This leads to the conclusion that the claim about nail polish matching a different part of the table depending on light is based on an AI-generated image, which undermines its credibility."
2501,Not Misinformation,0.8,False,True,"The image depicts a girl who appears happy while holding a bullfrog, which aligns with the claim. Although the sources do not confirm a specific instance of a girl catching a bullfrog, they provide relevant information about bullfrogs and techniques for catching them, supporting the plausibility of the scenario. The visual veracity indicates that the image is not AI-generated, further supporting the claim's authenticity."
7697,Not Misinformation,0.7,False,True,"The claim about a draft proposal suggesting two garden cities at Yalding in Kent and Gerrards Cross in Buckinghamshire is supported by evidence from a credible source. The retrieved evidence confirms that there was indeed a proposal for new settlements in these locations, as reported in 2014. Additionally, the image does not appear to be AI-generated, further supporting the validity of the claim."
ds2926,Not Misinformation,0.7,False,True,"The claim that the icon for debugging tools on the touch bar is a can of bug spray is not supported by evidence. The debugging tool icon is typically represented by a lightning bolt symbol, not a bug spray can. The context of debugging tools is clear, and the specific subject from the headline is not confirmed. However, the image is not AI-generated, which supports the conclusion that the claim is not misinformation."
ds1829,Not Misinformation,0.9,False,True,"The image depicts an MRAP vehicle, which aligns with the claim about US school districts acquiring such vehicles under a Pentagon program. The evidence supports that MRAP vehicles are indeed part of military surplus programs accessible to local law enforcement, including school districts."
ds4158,Misinformation,0.9,False,True,"The claim that Hillary Clinton filed for divorce is false, as there are no credible reports or legal filings confirming such an event. Multiple sources indicate that the rumors are unfounded and have been debunked. The image does not change the fact that the headline is misleading."
ds9891,Not Misinformation,0.8,False,True,"The image depicts a gathering that aligns with the theme of 'Pride and Prejudice,' and the signals indicate that it is not AI-generated. The relevance to the BBC adaptation is partial, but the historical context and attire suggest a connection to the themes of the story. The evidence supports the existence of the BBC adaptation and its significance."
3477,Misinformation,0.9,False,True,"The image is AI-generated, depicting an oversized octopus in a baseball setting, which is a surreal and impossible scenario. Additionally, the claim that 'Trouble with the Curve' stars a squid is false, as the film does not feature any squid or octopus. The context of the movie is inaccurately represented."
3415,Misinformation,1.0,False,True,"The claim that Hezbollah received zero support from Iran is false. Evidence indicates that Iran provides Hezbollah with significant funding, training, weapons, and various forms of political and organizational aid. This relationship has been longstanding and is well-documented."
ds4821,Not Misinformation,0.7,False,True,"While there is no definitive evidence that Meghan Markle hid her romance from her Suits castmates, some sources suggest that her relationship with Prince Harry was kept private during her time on the show. However, her co-stars have expressed support and excitement regarding her romance, indicating that they were not completely unaware of it. The evidence does not confirm the claim but also does not entirely dismiss it."
ds471,Not Misinformation,0.9,False,True,"The claim accurately describes how the Roboroach technology works, which involves controlling a cockroach's movements through electrodes connected to a smartphone via Bluetooth. The evidence supports this, confirming that RoboRoach is a real product that allows users to control cockroaches using a smartphone app. Additionally, the image is not AI-generated, further supporting the authenticity of the claim."
ds4939,Not Misinformation,0.7,False,True,"The image shows a woman in high heels, which is relevant to the claim about stilettos. However, there is no direct evidence linking the individual to knee surgery or confirming the claim about 'crippling Cait'. The health risks associated with high heels are well-documented, supporting the context of the claim. The evidence indicates that wearing stilettos can lead to knee injuries and other health issues, but it does not confirm the specific claim about Cait's surgery."
1818,Misinformation,0.9,False,True,"The claim that the Opinion Debate section moves to the Viewspaper is false. The evidence indicates that the Washington Post's opinion section is undergoing an overhaul, but there is no mention of it moving to a platform called Viewspaper. Additionally, the sources do not provide any information about an increase in reader letters in the Viewspaper format. Therefore, the claim is misleading."
ds4587,Not Misinformation,0.7,False,True,"The claim that Jennifer Aniston didn't spend $100K on a makeover is supported by evidence indicating that while she has made headlines for her new look, there is no direct evidence confirming she spent that amount specifically on a makeover. The expenses mentioned relate to her hotel stay rather than cosmetic procedures. Additionally, her recent changes in appearance involve reducing the use of fillers, not a costly makeover."
ds9253,Not Misinformation,0.8,False,True,"The image aligns with the claim as it depicts a coffee beverage and a cake, which are mentioned in the headline. Although there is a banana present that is not mentioned, the main subjects are accurately represented. The visual veracity indicates that the image is not AI-generated, supporting the claim's authenticity."
ds8003,Misinformation,0.8,False,True,"The claim that a fireworks display in Weymouth marked the opening of London 2012 is misleading. Evidence indicates that Weymouth did not have fireworks specifically for the London 2012 Olympics, as the town has a tradition of organizing firework displays during the summer holidays and on November 5th, but not for the Olympics. Additionally, the opening ceremony of the London 2012 Olympics featured a different set of events and performances."
4557,Not Misinformation,0.7,False,True,"The image does not appear to be AI-generated, and there is evidence supporting Ruth Negga's rising popularity and recent projects. The connection to the headline is somewhat weak due to the lack of clear identification of Ruth Negga in the image, but the overall context aligns with her increasing recognition in Hollywood."
ds8684,Misinformation,0.8,False,True,"The image is confirmed to be AI-generated, which directly leads to the classification of misinformation regardless of the other signals. The unusual fur patterns and colors of the animals suggest manipulation, supporting the AI generation claim."
